Category 1,Category 2,Category 3,Category 4,Category 5,Category 6,Category 7,Category 8,Category 9,Category 10
0.2048611111111111,0.4945054945054944,0.7224080267558529,0.1428571428571428,0.3726118852593291,0.6078229046009528,0.5999999999999943,0.3854166666666669,0.4444444444444445,0.1842105263157893
0.2361111111111111,0.6043956043956044,0.8461538461538463,0.2540519601560984,0.4197530864197531,0.839779005524862,1.0,0.39364697503881974,0.42187095020705223,-0.2621940359987984
0.3055555555555554,0.2197802197802197,0.137123745819398,0.1155015197568389,0.0555555555555555,0.3867403314917127,0.3999999999999986,0.395833333333333,0.2345679012345679,0.2368421052631577
0.0381944444444444,0.4945054945054944,0.0535117056856187,0.127659574468085,0.1234567901234568,0.3812154696132597,0.3999999999999986,0.5625,0.41428222909365187,0.4736842105263155
0.0590277777777777,0.3296703296703296,0.3511705685618729,0.127659574468085,0.4567901234567901,0.5193370165745856,0.3999999999999986,0.375,0.1810699588477366,0.263157894736842
0.2256944444444444,0.3516483516483516,0.197324414715719,0.0364741641337386,0.2098765432098765,0.3093922651933701,0.1999999999999957,0.4895833333333335,0.3786008230452675,0.9999999999999998
0.1944444444444444,0.3736263736263736,0.0434782608695652,0.0516717325227963,0.2469135802469136,0.3977900552486188,0.1999999999999957,0.25,0.1975308641975308,0.7105263157894737
0.1388888888888888,0.3846153846153845,0.0301003344481605,0.0790273556231002,0.2345679012345679,0.3756906077348066,0.1999999999999957,0.40625,0.3292181069958848,0.4868421052631577
0.2708333333333333,0.4835164835164834,0.3043478260869565,0.1489361702127659,0.2345679012345679,0.5524861878453039,0.4909408751422113,0.4001733387200639,0.2757201646090534,0.263157894736842
0.14753018410874089,0.3808710216952844,0.0301003344481605,0.033434650455927,0.4444444444444445,0.5013900113102843,0.1999999999999957,0.4166666666666665,0.6172839506172841,0.644736842105263
0.2141135424726993,0.2747252747252747,0.20717427006632744,0.182370820668693,0.28313783976285817,0.477329366719163,0.3999999999999986,0.4895833333333335,0.3786008230452675,0.3157894736842104
0.2152777777777777,0.8131868131868131,-0.018262985247401498,0.0699088145896656,0.23474262119659944,0.44972468883504957,0.1999999999999957,0.5312500000000004,0.3998705847161898,0.8421052631578945
0.16438248852195572,0.3956043956043955,0.8762541806020068,0.0911854103343464,0.24478812129498284,0.4419889502762431,0.7999999999999972,0.46875,0.2633744855967078,0.13820782104446838
0.0833333333333333,0.4505494505494504,0.22804102927049602,0.12829997584417968,0.3703703703703704,0.43646408839779,0.43420166067470994,0.510416666666667,0.6419753086419754,0.394736842105263
0.21654230571695443,0.4615384615384614,0.7224080267558529,0.15085826974449648,0.3518518518518518,0.7458563535911602,0.6489566075127152,0.3997776246879529,0.33893197250803775,0.2105263157894734
0.11810248759184239,0.6923076923076922,0.5129060514980159,0.2139023446425355,0.4320987654320988,0.6586958304125464,0.5999999999999943,0.3333333333333335,0.2757201646090534,0.1184210526315787
0.1805555555555555,0.2857142857142857,0.5451505016722409,0.0577507598784194,0.0,0.2651933701657459,0.3999999999999986,0.3229166666666665,0.1687242798353909,0.5526315789473684
0.0937499999999999,0.325628122855674,0.7892976588628764,0.08145784673336393,0.299987157216993,0.4530386740331492,0.6155933327207886,0.6458333333333335,0.1687242798353909,0.3329194704181683
0.1145833333333333,0.3736263736263736,0.411371237458194,0.0699088145896656,0.557702116723568,0.8950276243093923,0.4535737026975003,0.4583333333333335,0.3639941014408572,0.4342105263157891
0.1597222222222222,0.2857142857142857,0.6588628762541806,0.1306990881458966,0.345679012345679,0.5082872928176796,0.5930904633956642,0.5312500000000004,0.1975308641975308,0.2236842105263157
0.1805555555555555,0.3956043956043955,0.3311036789297659,0.0790273556231002,0.3518518518518518,0.5635359116022101,0.3999999999999986,0.2916666666666669,0.1316872427983539,0.5263157894736841
0.2152777777777777,0.3956043956043955,0.0033444816053511,0.0820668693009118,0.308641975308642,0.5359116022099448,0.1999999999999957,0.3333333333333335,0.1687242798353909,0.7105263157894737
0.20978599138138937,0.3186813186813186,0.0535117056856187,0.0790273556231002,0.2962962962962963,0.3370165745856354,0.0,0.3333333333333335,0.2469135802469136,0.9999999999999998
0.0694444444444444,0.3956043956043955,0.0568561872909699,0.0790273556231002,0.2962962962962963,0.3646408839779005,0.1999999999999957,0.3020833333333335,0.4074074074074074,0.5921052631578945
0.3055555555555554,0.3194674506581794,0.3411371237458194,0.1185410334346504,0.3209876543209877,0.5193370165745856,0.3999999999999986,0.3645833333333335,0.48559670781893,0.2105263157894734
0.0937499999999999,0.7802197802197801,0.8929765886287625,0.1003039513677811,0.154320987654321,0.3812154696132597,0.5999999999999943,0.125,0.3539094650205762,0.263157894736842
0.1493055555555555,0.4379137298159428,0.7056856187290971,0.182370820668693,0.426278328585721,0.6906077348066298,0.6436922461315969,0.3906546495587539,0.3389335177172178,0.1578947368421051
0.2256944444444444,0.3516483516483516,0.3645484949832775,0.1337386018237081,0.2716049382716049,0.4861878453038674,0.3999999999999986,0.3854166666666669,0.1975308641975308,0.1710526315789471
0.0833333333333333,0.3296703296703296,0.0167224080267558,0.0699088145896656,0.1481481481481481,0.1712707182320442,0.1999999999999957,0.28125,0.3662551440329218,0.5263157894736841
0.18772240601045292,0.44138016300196325,1.0,0.17656728147168482,0.5493827160493828,0.8342541436464089,0.7999999999999972,0.3789276695975663,0.3292181069958848,0.00419866667882296
0.1388888888888888,0.41807559912167913,0.6722408026755854,0.1063829787234042,0.3185798973370959,0.585635359116022,0.7999999999999972,0.375,0.3777882007938402,0.04099201385093931
0.1249999999999999,0.6153846153846154,0.7324414715719063,0.1458966565349544,0.3409396824842437,0.5469613259668509,0.5999999999999943,0.2395833333333334,0.3135578366588506,0.29082364424702867
0.1041666666666666,0.5494505494505494,0.4916387959866221,0.0790273556231002,0.6234567901234569,0.7288694121358955,0.5999999999999943,0.395833333333333,0.4197530864197532,0.2396215646198343
0.25,0.40878860230569275,0.0267558528428093,0.1306990881458966,0.2839506172839506,0.6519337016574586,0.3999999999999986,0.5,0.48559670781893,0.394736842105263
0.2152777777777777,0.3186813186813186,0.1070234113712374,0.0425531914893616,0.2839506172839506,0.3535911602209944,0.3999999999999986,0.5416666666666665,0.5267489711934157,0.4984424317617696
0.1875,0.2637362637362637,0.3511705685618729,0.06780111855280646,0.2098765432098765,0.3812154696132597,0.415821044268013,0.614583333333333,0.3662551440329218,0.5263157894736841
0.1249999999999999,0.3516483516483516,0.3411371237458194,0.0516717325227963,0.1049382716049383,0.2651933701657459,0.3999999999999986,0.375,0.4197530864197532,0.4999999999999998
0.2361111111111111,0.3736263736263736,0.2608695652173913,0.1063829787234042,0.2037037037037037,0.40771077185015614,0.3999999999999986,0.510416666666667,0.48559670781893,0.6973684210526316
0.1249999999999999,0.4175824175824175,0.8493854455637604,0.1428571428571428,0.2469135802469136,0.5167205140994549,0.7999999999999972,0.42646504166220595,0.3539094650205762,0.2894736842105261
0.361111111111111,0.2967032967032967,0.14170133855460904,0.1428571428571428,0.1747902365926304,0.3646408839779005,0.3999999999999986,0.4791666666666665,0.3786008230452675,0.1842105263157893
0.2256944444444444,0.3406593406593406,0.0066889632107023,0.11463270030739846,0.4074074074074074,0.5082872928176796,0.1999999999999957,0.1979166666666665,0.1152263374485597,0.605263157894737
0.0833333333333333,0.4065934065934065,0.020066889632107,0.0790273556231002,0.1358024691358025,0.2320441988950276,0.0,0.3333333333333335,0.3415637860082305,0.8157894736842104
0.1145833333333333,0.3406593406593406,0.1605351170568562,0.0273556231003039,0.308641975308642,0.4861878453038674,0.3999999999999986,0.4166666666666665,0.2098765432098766,0.4868421052631577
0.2361111111111111,0.5494505494505494,0.0969899665551839,0.1246200607902735,0.2746936112173432,0.5303867403314918,0.4245388681280692,0.4583333333333335,0.5390946502057613,0.3421052631578947
0.1041666666666666,0.39385379778029433,0.0702341137123745,0.1428571428571428,0.33816293581029516,0.5745856353591161,0.3999999999999986,0.7083333333333335,0.43095436919477603,0.4342105263157891
0.4722222222222221,0.3040539876258589,0.1605351170568562,0.0729483282674772,0.1975308641975308,0.41091004255838953,0.2475918422822757,0.5,0.4444444444444445,0.8157894736842104
0.0138888888888888,0.2967032967032967,0.2140468227424749,0.0577507598784194,0.308641975308642,0.41333690998825495,0.3999999999999986,0.7604166666666665,0.5925925925925928,0.7105263157894737
0.1944444444444444,0.3296703296703296,0.3712374581939799,0.0607902735562309,0.2530864197530864,0.4751381215469613,0.3999999999999986,0.4583333333333335,0.3004115226337449,0.5263157894736841
0.0381944444444444,0.8131868131868131,0.0434782608695652,0.0759878419452887,0.154320987654321,0.425414364640884,0.3999999999999986,0.3434976601645533,0.2880658436213992,0.381578947368421
0.0937499999999999,0.2967032967032967,0.6989966555183947,0.1519756838905775,0.3518518518518518,0.5303867403314918,0.5999999999999943,0.2083333333333334,0.2345679012345679,0.1315789473684208
0.2361111111111111,0.3296703296703296,0.11337370122887619,0.0699088145896656,0.3209876543209877,0.4861878453038674,0.1999999999999957,0.5312500000000004,0.2469135802469136,0.8421052631578945
0.0277777777777777,0.4065934065934065,0.2891297362662823,0.1003039513677811,0.2777777777777778,0.3480662983425414,0.3999999999999986,0.3020833333333335,0.4197530864197532,0.4736842105263155
0.1597222222222222,0.5164835164835164,0.177257525083612,0.0972644376899695,0.7654320987654323,0.5635359116022101,0.26674623384235996,0.177083333333333,0.4732510288065844,0.5789473684210524
0.2361111111111111,0.1758241758241758,0.3311036789297659,0.1094224924012157,0.2283950617283951,0.43195917520093574,0.3999999999999986,0.4166666666666665,0.29719919648451754,0.276315789473684
0.2361111111111111,0.4212184377283056,0.05624872998045377,0.1306990881458966,0.1481481481481481,0.430939226519337,0.1999999999999957,0.375,0.3194315576525223,0.8421052631578945
0.0937499999999999,0.4615384615384614,0.1103678929765886,0.066869300911854,0.2469135802469136,0.2651933701657459,0.1999999999999957,0.5416666666666665,0.2345679012345679,0.644736842105263
0.20521491403649011,0.3186813186813186,0.7692307692307693,0.1185410334346504,0.3706506862057882,0.5911602209944751,0.5999999999999943,0.4583333333333335,0.2880658436213992,0.2236842105263157
0.1904237767194667,0.4065934065934065,0.28885240899896186,0.0729483282674772,0.1975308641975308,0.430939226519337,0.3999999999999986,0.4166666666666665,0.2757201646090534,0.4868421052631577
0.1041666666666666,0.3296703296703296,0.7157190635451506,0.1489361702127659,0.4197530864197531,0.5870741325562303,0.6305963853966703,0.39942645260047904,0.3004115226337449,0.1578947368421051
0.1701388888888888,0.3846153846153845,0.3678929765886287,0.1489361702127659,0.3518518518518518,0.6629834254143647,0.3999999999999986,0.40415106152069236,0.3539094650205762,0.263157894736842
0.25,0.5274725274725274,0.9966555183946488,0.121580547112462,0.4320987654320988,0.8563535911602211,0.7999999999999972,0.38533006351277266,0.3398771914219878,0.1315789473684208
0.5694444444444443,0.2637362637362637,0.0167224080267558,0.0911854103343464,0.16268704748039917,0.47745222680714317,0.3999999999999986,0.6354166666666665,0.1152263374485597,0.4210526315789471
0.1944444444444444,0.3076923076923077,0.0301003344481605,0.0911854103343464,0.0802469135802469,0.2651933701657459,0.3999999999999986,0.5142864923438035,0.5514403292181072,0.5394736842105261
0.0590277777777777,0.4395604395604395,0.22221294626533022,0.0820668693009118,0.1296296296296296,0.3370165745856354,0.3999999999999986,0.7083333333333335,0.2469135802469136,0.5921052631578945
0.3715277777777777,0.3076923076923077,0.3081112563379123,0.12193743736000742,0.3333333333333333,0.5309319432990338,0.3999999999999986,0.4480044379079752,0.3127572016460905,0.4381692612661725
0.392361111111111,0.1978021978021977,0.1337792642140468,0.1428571428571428,0.1296296296296296,0.4861878453038674,0.3999999999999986,0.375,0.3662551440329218,0.4868421052631577
0.2256944444444444,0.3516483516483516,0.7324414715719063,0.0851063829787233,0.0308641975308642,0.2541436464088398,0.3999999999999986,0.3854166666666669,0.1440329218106996,0.7894736842105263
0.2048611111111111,0.2747252747252747,0.1605351170568562,0.1063829787234042,0.2283950617283951,0.3812154696132597,0.3999999999999986,0.3645833333333335,0.2222222222222222,0.5263157894736841
0.0590277777777777,0.3327944981895612,0.5986622073578596,0.0577507598784194,0.3024691358024691,0.3204419889502762,0.3999999999999986,0.395833333333333,0.1440329218106996,0.4868421052631577
0.0694444444444444,0.3956043956043955,0.197324414715719,0.1003039513677811,0.1975308641975308,0.3370165745856354,0.44224652951150517,0.3333333333333335,0.3489719560318978,0.263157894736842
0.4374999999999999,0.26275714611843815,0.0836120401337792,0.1580547112462006,0.1358024691358025,0.3756906077348066,0.3999999999999986,0.4166666666666665,0.2222222222222222,0.2105263157894734
0.1701388888888888,0.2857142857142857,0.939799331103679,0.12432589918026452,0.2530864197530864,0.4751381215469613,0.7999999999999972,0.4166666666666665,0.2098765432098766,0.08268879984866973
0.08867259840831801,0.6153846153846154,0.0033444816053511,0.0972644376899695,0.3580246913580247,0.4806629834254143,0.1999999999999957,0.40625,0.5102880658436215,0.2894736842105261
0.1944444444444444,0.2967032967032967,0.7859531772575251,-0.021711748790766094,0.2345679012345679,0.37237072926569886,0.3999999999999986,0.4270833333333335,0.2757201646090534,0.868421052631579
0.3368055555555555,0.3736263736263736,0.4481605351170569,0.1246200607902735,0.2222222222222222,0.5138121546961326,0.5999999999999943,0.4583333333333335,0.3662551440329218,0.25979466817499663
0.2256944444444444,0.8131868131868131,0.45976221765289976,0.0911854103343464,0.25245323326435043,0.5027624309392266,0.5999999999999943,0.28125,0.3741898685041434,0.1184210526315787
0.3263888888888888,0.3076923076923077,0.3043478260869565,0.027601765349265006,0.1975308641975308,0.3204419889502762,0.3999999999999986,0.40625,0.31691485459527924,0.8026315789473684
0.16446834372456914,0.4835164835164834,0.8026755852842808,0.1519756838905775,0.38572098667869825,0.5995981077130739,0.5999999999999943,0.3854166666666669,0.3662551440329218,0.2105263157894734
0.1701388888888888,0.2967032967032967,0.1806020066889632,0.0607902735562309,0.1481481481481481,0.2541436464088398,0.1999999999999957,0.3980449087622203,0.2098765432098766,0.605263157894737
0.1249999999999999,0.2857142857142857,0.020066889632107,0.0972644376899695,0.2222222222222222,0.6298342541436465,0.1999999999999957,0.2916666666666669,0.1563786008230453,0.5526315789473684
0.6041666666666665,0.2361675853304519,0.2240802675585284,0.0759878419452887,0.1481481481481481,0.430939226519337,0.2664593791325986,0.677083333333333,0.3292181069958848,0.8421052631578945
0.1388888888888888,0.3626373626373626,0.2675585284280937,0.14982065196967065,0.1851851851851852,0.4640883977900553,0.3999999999999986,0.4270833333333335,0.4609053497942388,0.263157894736842
0.1249999999999999,0.4175824175824175,0.1070234113712374,0.4559270516717325,0.0802469135802469,0.2954118181626473,0.1999999999999957,0.2083333333333334,0.5390946502057613,0.5921052631578945
0.3159722222222221,0.2527472527472527,0.2441471571906354,0.1306990881458966,0.1851851851851852,0.5082872928176796,0.3999999999999986,0.4791666666666665,0.1563786008230453,0.4103244582855477
0.5486111111111109,0.0769230769230769,0.3311036789297659,0.1063829787234042,0.2530864197530864,0.5027624309392266,0.4779064334949049,0.5625,0.4609053497942388,0.2894736842105261
0.1388888888888888,0.5054945054945055,0.030084882968844484,0.0577507598784194,0.2283950617283951,0.3755427743881231,0.1999999999999957,0.46875,0.35225012622872265,0.7894736842105263
0.1249999999999999,0.44635340790437283,0.197324414715719,0.2887537993920973,0.1111111111111111,0.3867403314917127,0.3999999999999986,0.28125,0.2757201646090534,0.276315789473684
0.1041666666666666,0.2967032967032967,0.020066889632107,0.0729483282674772,0.1358024691358025,0.2099447513812155,0.1999999999999957,0.3854166666666669,0.1810699588477366,0.644736842105263
0.1041666666666666,0.6483516483516483,0.0033444816053511,0.4650455927051671,0.2962962962962963,0.4475138121546961,0.3999999999999986,0.3020833333333335,0.1975308641975308,0.1842105263157893
0.1145833333333333,0.5714285714285714,0.3043478260869565,0.1185410334346504,0.2098765432098765,0.4143646408839779,0.3999999999999986,0.4583333333333335,0.3415637860082305,0.5092233364717267
0.361111111111111,0.3076923076923077,0.197324414715719,0.1155015197568389,0.2530864197530864,0.44153282115336534,0.3999999999999986,0.40625,0.33753744781406103,0.7368421052631577
0.0763888888888888,0.3186813186813186,0.0,0.1033434650455926,0.1481481481481481,0.2099447513812155,0.1999999999999957,0.510416666666667,0.3292181069958848,0.3289473684210526
0.2638888888888889,0.38541026099480413,0.41148917939031887,0.1185410334346504,0.4259259259259259,0.5911602209944751,0.4593917442125042,0.3333333333333335,0.3662551440329218,0.36685576782442114
0.20779007018204093,0.41875413642086723,0.7157190635451506,0.1489361702127659,0.4197530864197531,0.7430939226519337,0.6441779121399835,0.3995387361075306,0.3004115226337449,0.17225261478844212
0.15991764883262274,0.5494505494505494,0.6688963210702341,0.1489361702127659,0.4138789842296552,0.6795580110497238,0.5999999999999943,0.2604166666666665,0.32462636945804646,0.2105263157894734
0.2708333333333333,0.2637362637362637,0.0568561872909699,0.094224924012158,0.154320987654321,0.4917127071823204,0.3999999999999986,0.5833333333333335,0.1975308641975308,0.5263157894736841
0.1944444444444444,0.3956043956043955,0.7391304347826086,0.121580547112462,0.2716049382716049,0.5524861878453039,0.5999999999999943,0.42903422876092606,0.4320987654320988,0.4473684210526314
0.1944444444444444,0.1538461538461538,0.4180602006688962,0.066869300911854,0.2283950617283951,0.4861878453038674,0.3999999999999986,0.510416666666667,0.2757201646090534,0.263157894736842
0.2110948034904085,0.2417582417582417,0.8494983277591973,0.1155015197568389,0.2962962962962963,0.4530386740331492,0.6085874318103967,0.4583333333333335,0.5761316872427985,0.4210526315789471
0.1145833333333333,0.4395604395604395,-0.05591774342594236,0.0972644376899695,0.6481481481481483,0.5027624309392266,0.1999999999999957,0.5204533297014444,0.946502057613169,0.6304568181696273
0.1944444444444444,0.2637362637362637,0.0836120401337792,0.1063829787234042,0.2222222222222222,0.5414364640883979,0.3999999999999986,0.5,0.4320987654320988,0.4473684210526314
0.1041666666666666,0.3076923076923077,0.0903010033444816,0.06229818729228476,0.1790123456790123,0.2707182320441989,0.3999999999999986,0.5416666666666665,0.4197530864197532,0.605263157894737
0.2256944444444444,0.43125275517497896,0.4280936454849497,0.1519756838905775,0.2777777777777778,0.7734806629834254,0.5999999999999943,0.4302085756416093,0.2757201646090534,0.1721914114893831
0.1875,0.3296703296703296,0.0100334448160535,0.0911854103343464,0.1358024691358025,0.2375690607734806,0.3999999999999986,0.2604166666666665,0.4320987654320988,0.4736842105263155
0.392361111111111,0.2307692307692307,0.1705685618729097,0.0729483282674772,0.0802469135802469,0.287292817679558,0.1999999999999957,0.48543145905704776,0.4074074074074074,0.868421052631579
0.1805555555555555,0.2417582417582417,0.9096989966555185,0.0729483282674772,0.1111111111111111,0.3867403314917127,0.7999999999999972,0.3229166666666665,0.3950617283950618,0.2105263157894734
0.2534722222222222,0.1538461538461538,0.2675585284280937,0.1155015197568389,0.3827160493827161,0.5294678776286041,0.4370903437685215,0.5416666666666665,0.6296296296296298,0.35974521289685313
0.2256944444444444,0.2948632564689081,0.0836120401337792,0.0851063829787233,0.2283950617283951,0.2651933701657459,0.0,0.38322433647384396,0.1687242798353909,0.8421052631578945
0.4930555555555555,0.0109890109890109,0.1003344481605351,0.0729483282674772,0.4444444444444445,0.4088397790055249,0.1999999999999957,0.395833333333333,0.0905349794238682,0.6842105263157896
0.1597222222222222,0.5934065934065934,0.3311036789297659,0.1155015197568389,0.3249666970748143,0.5310441387409167,0.3999999999999986,0.40667002906831795,0.6172839506172841,0.4210526315789471
0.16495504902581806,0.4945054945054944,0.49554196046597293,0.07408460657485173,0.2469135802469136,0.49006609210363195,0.5999999999999943,0.5625,0.7078189300411523,0.5526315789473684
0.1944444444444444,0.2967032967032967,0.5083612040133779,0.0577507598784194,0.1975308641975308,0.3591160220994475,0.3999999999999986,0.4479166666666669,0.1687242798353909,0.4736842105263155
0.1944444444444444,0.5054945054945055,0.17518050445852046,0.155015197568389,0.3024691358024691,0.4530386740331492,0.3999999999999986,0.3854166666666669,0.4609053497942388,0.263157894736842
0.0034722222222222,0.3736263736263736,0.4280936454849497,0.1033434650455926,0.3209876543209877,0.3756906077348066,0.3999999999999986,0.6458333333333335,0.2222222222222222,0.2236842105263157
0.1701388888888888,0.2857142857142857,0.8603579234027705,0.11682583494630328,0.2530864197530864,0.4751381215469613,0.7999999999999972,0.4166666666666665,0.2098765432098766,0.1315789473684208
0.2812499999999999,0.3516483516483516,0.07946369817177584,0.1398176291793313,0.1975308641975308,0.4859015987742546,0.3999999999999986,0.614583333333333,0.4074074074074074,0.1315789473684208
0.1041666666666666,0.4725274725274724,0.3745819397993311,0.1094224924012157,0.2037037037037037,0.48118795889878785,0.5999999999999943,0.4227839628495131,0.4197530864197532,0.1710526315789471
0.1774930117255311,0.3626373626373626,0.217391304347826,0.1185410334346504,0.3271604938271605,0.4419889502762431,0.3999999999999986,0.46580500247004236,0.4320987654320988,0.5263157894736841
0.0694444444444444,0.3296703296703296,0.3478260869565217,0.0911854103343464,0.3024691358024691,0.3425414364640883,0.3999999999999986,0.1666666666666669,0.4444444444444445,0.5263157894736841
0.25,0.4395604395604395,0.3244147157190635,0.0851063829787233,0.2469135802469136,0.4696132596685083,0.3999999999999986,0.2916666666666669,0.0905349794238682,0.6842105263157896
0.1805555555555555,0.5384615384615384,0.3745819397993311,0.1246200607902735,0.4938271604938272,0.6567479141980944,0.5072676283615066,0.4166666666666665,0.2880658436213992,0.2368421052631577
0.1493055555555555,0.2857142857142857,0.0434782608695652,0.155015197568389,0.4197530864197531,0.5138121546961326,0.3999999999999986,0.4166666666666665,0.3539094650205762,0.3289473684210526
0.2048611111111111,0.7362637362637362,0.3913043478260869,0.2304964981238593,0.4197530864197531,0.5745856353591161,0.537542514547219,0.1666666666666669,0.3513506391399128,0.1578947368421051
0.5694444444444443,0.27199033255371874,0.2073578595317725,0.1641337386018236,0.2530864197530864,0.6850828729281768,0.3999999999999986,0.4583333333333335,0.3292181069958848,0.1578947368421051
0.1388888888888888,0.4175824175824175,0.4180602006688962,0.1337386018237081,0.3209876543209877,0.48569650477867227,0.3999999999999986,0.3125000000000004,0.3004115226337449,0.394736842105263
0.1041666666666666,0.3736263736263736,0.020066889632107,0.094224924012158,0.2222222222222222,0.3977900552486188,0.3999999999999986,0.3854166666666669,0.2345679012345679,0.4473684210526314
0.0590277777777777,0.3956043956043955,0.0969899665551839,0.0547112462006079,0.2098765432098765,0.3204419889502762,0.3999999999999986,0.3645833333333335,0.1810699588477366,0.4584170221910803
0.25,0.4615384615384614,0.2976588628762542,0.155015197568389,0.2037037037037037,0.5193370165745856,0.48375549209305946,0.40625,0.2757201646090534,0.276315789473684
0.2604166666666666,0.33374873705990815,0.2876254180602007,0.0607902735562309,0.3271604938271605,0.42903056518055716,0.1999999999999957,0.41833683265690913,0.2345679012345679,0.7894736842105263
0.0694444444444444,0.3296703296703296,0.1070234113712374,0.0729483282674772,0.2530864197530864,0.4198895027624309,0.3999999999999986,0.2916666666666669,0.3415637860082305,0.4210526315789471
0.21840106823308658,0.2417582417582417,0.4648829431438127,0.094224924012158,0.23211098764063834,0.3701657458563536,0.3999999999999986,0.3020833333333335,0.102880658436214,0.4868421052631577
0.1701388888888888,0.4615384615384614,0.3377926421404682,0.1094224924012157,0.4938271604938272,0.7292817679558011,0.3999999999999986,0.4479166666666669,0.3950617283950618,0.263157894736842
0.2048611111111111,0.4505494505494504,0.32703267829919164,0.121580547112462,0.29617154449115113,0.5082872928176796,0.3999999999999986,0.3333333333333335,0.32562758290652893,0.5263157894736841
0.0138888888888888,0.3951005273114644,0.471571906354515,0.1428571428571428,0.5061728395061729,0.5580110497237569,0.3999999999999986,0.35364514301109046,0.2345679012345679,0.2368421052631577
0.18545702584121954,0.4505494505494504,0.0468227424749164,0.0455927051671732,0.2222222222222222,0.4751381215469613,0.1999999999999957,0.28125,0.7242798353909466,0.7894736842105263
0.2334906376364287,0.39319929053046854,0.2006688963210702,0.1675380817761195,0.3209876543209877,0.7403314917127072,0.3999999999999986,0.5937500000000004,0.5761316872427985,0.263157894736842
0.2812499999999999,0.4725274725274724,0.4983277591973245,0.13718392394602158,0.2222222222222222,0.4972375690607734,0.5999999999999943,0.625,0.3004115226337449,0.30447235007122786
0.0590277777777777,0.3186813186813186,0.5117056856187291,0.1155015197568389,0.4691358024691358,0.4861878453038674,0.4289715702582277,0.4479166666666669,0.2222222222222222,0.4868421052631577
0.2152777777777777,0.3817796887649365,0.2040133779264214,0.066869300911854,0.2469135802469136,0.5082872928176796,0.32505082768664084,0.395833333333333,0.2880658436213992,0.605263157894737
0.2604166666666666,0.3626373626373626,0.2040133779264214,0.05131131183170812,0.1358024691358025,0.2541436464088398,0.3999999999999986,0.614583333333333,0.4609053497942388,0.6973684210526316
0.1388888888888888,0.3516483516483516,0.0434782608695652,0.052826287422912094,0.3333333333333333,0.5027624309392266,0.1999999999999957,0.5312500000000004,0.4074074074074074,0.7894736842105263
0.1597222222222222,0.3076923076923077,0.020066889632107,0.094224924012158,0.2345679012345679,0.3701657458563536,0.2783099115080114,0.4166666666666665,0.3411076667369263,0.5394736842105261
0.18151386436801878,0.3666289714500698,0.1605351170568562,0.0820668693009118,0.3580246913580247,0.44566409591603023,0.1999999999999957,0.2916666666666669,0.1975308641975308,0.631578947368421
0.0937499999999999,0.44608939372142475,0.0702341137123745,0.0911854103343464,0.0493827160493827,0.4861878453038674,0.3999999999999986,0.3020833333333335,0.6707818930041154,0.3157894736842104
0.20122820650547954,0.3419111816485423,0.020066889632107,0.1337386018237081,0.3024691358024691,0.4806629834254143,0.1999999999999957,0.666666666666667,0.6049382716049384,0.5789473684210524
0.2152777777777777,0.8131868131868131,0.08481419369367926,0.10223593043916723,0.2530864197530864,0.5359116022099448,0.26359689516704893,0.5312500000000004,0.4032249006756348,0.8421052631578945
0.2604166666666666,0.1648351648351648,0.020066889632107,0.1398176291793313,0.4814814814814815,0.6353591160220995,0.3999999999999986,0.3333333333333335,0.2633744855967078,0.2594954580847395
0.1597222222222222,0.37664684926391834,0.4930727079739951,0.1580547112462006,0.4074074074074074,0.5960080926252231,0.5999999999999943,0.729166666666667,0.40915296105403864,0.3157894736842104
0.1805555555555555,0.3516483516483516,0.294314381270903,0.121580547112462,0.3703703703703704,0.5469613259668509,0.3999999999999986,0.4583333333333335,0.48559670781893,0.5263157894736841
0.1493055555555555,0.4175824175824175,0.4013377926421405,0.1094224924012157,0.3950617283950617,0.6408839779005525,0.3999999999999986,0.395833333333333,0.3539094650205762,0.263157894736842
0.2916666666666666,0.3076923076923077,0.294314381270903,0.0729483282674772,0.3518518518518518,0.5193370165745856,0.3999999999999986,0.5312500000000004,0.3467918566393233,0.631578947368421
0.19055505071323808,0.4505494505494504,0.0167224080267558,0.121580547112462,0.2716049382716049,0.5138121546961326,0.3999999999999986,0.3333333333333335,0.3127572016460905,0.5526315789473684
0.1041666666666666,0.4395604395604395,0.0267558528428093,0.1185410334346504,0.1728395061728395,0.2983425414364641,0.3999999999999986,0.4479166666666669,0.2880658436213992,0.3421052631578947
0.1041666666666666,0.4285714285714285,0.0301003344481605,0.127659574468085,0.1358024691358025,0.5193370165745856,0.3999999999999986,0.25,0.2469135802469136,0.4210526315789471
0.2604166666666666,0.3956043956043955,0.0301003344481605,0.066869300911854,0.0864197530864197,0.4972375690607734,0.3999999999999986,0.3229166666666665,0.3786008230452675,0.3157894736842104
0.21628407449783305,0.3186813186813186,0.3645484949832775,0.0425531914893616,0.23343673319956815,0.4198895027624309,0.3999999999999986,0.395833333333333,0.5514403292181072,0.8421052631578945
0.1944444444444444,0.4505494505494504,0.3460709509689373,0.1063829787234042,0.3950617283950617,0.5193370165745856,0.4254971236245352,0.41426599002411213,0.3415637860082305,0.4360059437782043
0.5937499999999998,0.23599191350337753,0.0231628796717534,0.066869300911854,0.1358024691358025,0.2486187845303867,0.1999999999999957,0.5222353814822854,0.5102880658436215,0.8552631578947365
0.1081312332588662,0.5604395604395603,0.6197212613331056,0.1063829787234042,0.4938271604938272,0.5635359116022101,0.5999999999999943,0.36611816391560004,0.2757201646090534,0.28218035578338685
0.25,0.4835164835164834,0.2976588628762542,0.0364741641337386,0.0555555555555555,0.281767955801105,0.282498749821954,0.21875,0.2222222222222222,0.8026315789473684
0.0833333333333333,0.3076923076923077,0.4816053511705686,0.0911854103343464,0.2222222222222222,0.3756906077348066,0.3999999999999986,0.3645833333333335,0.2880658436213992,0.4999999999999998
0.2812499999999999,0.2967032967032967,0.1270903010033444,0.066869300911854,0.0864197530864197,0.2320441988950276,0.1999999999999957,0.1666666666666669,0.6049382716049384,0.8026315789473684
0.1944444444444444,0.5054945054945055,0.1270903010033444,0.18501487751951348,0.3024691358024691,0.4530386740331492,0.3999999999999986,0.3854166666666669,0.4609053497942388,0.263157894736842
0.1249999999999999,0.3516483516483516,0.2675585284280937,0.0972644376899695,0.1481481481481481,0.3977900552486188,0.37953373665929685,0.4166666666666665,0.4197530864197532,0.5526315789473684
0.1597222222222222,0.3186813186813186,0.3210702341137124,0.0243161094224923,0.2345679012345679,0.3756906077348066,0.3999999999999986,0.375,0.0781893004115226,0.4868421052631577
0.1944444444444444,0.4505494505494504,0.0267558528428093,0.1063829787234042,0.074074074074074,0.425414364640884,0.37653674313928626,0.510416666666667,0.2880658436213992,0.394736842105263
0.1249999999999999,0.2197802197802197,0.8127090301003345,0.1063829787234042,0.3209876543209877,0.3756906077348066,0.5999999999999943,0.3863458504410774,0.3004115226337449,0.1578947368421051
0.0937499999999999,0.2857142857142857,0.2341137123745819,0.094224924012158,0.2345679012345679,0.4751381215469613,0.3999999999999986,0.467765102889943,0.5925925925925928,0.263157894736842
0.1145833333333333,0.5604395604395603,0.8996655518394648,0.1094224924012157,0.2592592592592593,0.4198895027624309,0.7999999999999972,0.4479166666666669,0.3127572016460905,0.1315789473684208
0.1249999999999999,0.3516483516483516,0.4548494983277592,0.094224924012158,0.1604938271604938,0.3646408839779005,0.3999999999999986,0.572916666666667,0.32374970760786104,0.4736842105263155
0.2088295201906535,0.3186813186813186,0.0434782608695652,0.1094224924012157,0.34785518476916744,0.6243093922651933,0.3999999999999986,0.5220628390826962,0.5925925925925928,0.37441146050171503
0.5416666666666665,0.1098901098901098,0.1070234113712374,0.1003039513677811,0.1975308641975308,0.2541436464088398,0.3999999999999986,0.5833333333333335,0.1975308641975308,0.2236842105263157
0.1388888888888888,0.5384615384615384,0.0033444816053511,0.1519756838905775,0.1049382716049383,0.2320441988950276,0.3999999999999986,0.3229166666666665,0.1975308641975308,0.4210526315789471
0.25,0.3516483516483516,-0.0076787170581079645,0.1033434650455926,0.16527609042384758,0.3038674033149171,0.1999999999999957,0.5416666666666665,0.3539094650205762,0.7499999999999998
0.2152777777777777,0.2967032967032967,0.3486178291574676,0.155015197568389,0.2037037037037037,0.5193370165745856,0.3999999999999986,0.4583333333333335,0.3415637860082305,0.7368421052631577
0.0277777777777777,0.5164835164835164,0.0434782608695652,0.2735562310030395,0.308641975308642,0.5414364640883979,0.3999999999999986,0.4583333333333335,0.1687242798353909,0.3157894736842104
0.2361111111111111,0.34772678685977776,0.217391304347826,0.0790273556231002,0.3209876543209877,0.5138121546961326,0.28669969385810823,0.614583333333333,0.2633744855967078,0.7368421052631577
0.2256944444444444,0.2967032967032967,0.2675585284280937,0.0790273556231002,0.1728395061728395,0.3646408839779005,0.3999999999999986,0.572916666666667,0.4074074074074074,0.5263157894736841
0.1249999999999999,0.2637362637362637,0.0301003344481605,0.0972644376899695,0.1234567901234568,0.5469613259668509,0.3999999999999986,0.529098684408236,0.3950617283950618,0.5526315789473684
0.1493055555555555,0.3406593406593406,0.0267558528428093,0.1185410334346504,0.2530864197530864,0.3535911602209944,0.3999999999999986,0.4583333333333335,0.4197530864197532,0.4868421052631577
0.0833333333333333,0.3956043956043955,0.020066889632107,0.1155015197568389,0.0555555555555555,0.2209944751381215,0.3999999999999986,0.90625,0.5925925925925928,0.4999999999999998
0.1597222222222222,0.3296703296703296,0.3745819397993311,0.1320086459116276,0.5308641975308643,0.6850828729281768,0.3999999999999986,0.34375,0.3539094650205762,0.368421052631579
0.3263888888888888,0.4065934065934065,0.4314381270903009,0.1398176291793313,0.2777777777777778,0.5082872928176796,0.5373013272820135,0.40625,0.336383052099176,0.2236842105263157
0.2230422858278369,0.3076923076923077,0.5585284280936456,0.066869300911854,0.2345679012345679,0.38580817139094037,0.3999999999999986,0.28125,0.1975308641975308,0.7631578947368418
0.25,0.4031002716514008,0.4836708188633478,0.15806991808399465,0.5308641975308643,0.7348066298342542,0.5230036104006603,0.4244614178475709,0.3466578987186787,0.263157894736842
0.2152777777777777,0.3296703296703296,0.0769230769230769,0.0851063829787233,0.0493827160493827,0.7348066298342542,0.3999999999999986,0.4479166666666669,0.5102880658436215,0.3289473684210526
0.0833333333333333,0.3076923076923077,0.0468227424749164,0.0972644376899695,0.4197530864197531,0.5524861878453039,0.3999999999999986,0.375,0.2880658436213992,0.381578947368421
0.3715277777777777,0.3626373626373626,0.020066889632107,0.08975503555940122,0.0802469135802469,0.38107898892440795,0.3999999999999986,0.677083333333333,0.2757201646090534,0.605263157894737
0.2361111111111111,0.2857142857142857,0.4013377926421405,0.1398176291793313,0.2469135802469136,0.6243093922651933,0.5999999999999943,0.4895833333333335,0.3699057132776645,0.18400481670396485
0.2048611111111111,0.1648351648351648,0.0167224080267558,0.0547112462006079,0.0802469135802469,0.2651933701657459,0.1999999999999957,0.5416666666666665,0.31455016261257945,0.5921052631578945
0.0590277777777777,0.2967032967032967,0.7859531772575251,0.127659574468085,0.1851851851851852,0.4585635359116022,0.5999999999999943,0.36482831520019027,0.2633744855967078,0.1184210526315787
0.1701388888888888,0.3626373626373626,0.588628762541806,0.1519756838905775,0.3765432098765432,0.430939226519337,0.5999999999999943,0.432580713086118,0.4197530864197532,0.3421052631578947
0.4722222222222221,0.1758241758241758,0.1003344481605351,0.0790273556231002,0.2621994270996616,0.430939226519337,0.0,0.4479166666666669,0.3950617283950618,0.9078947368421052
0.1944444444444444,0.4285714285714285,0.0301003344481605,0.0607902735562309,0.3703703703703704,0.5027624309392266,0.0,0.3333333333333335,0.5390946502057613,0.8552631578947365
0.0,0.3186813186813186,0.0167224080267558,0.0759878419452887,0.345679012345679,0.4751381215469613,0.3999999999999986,0.4166666666666665,0.4197530864197532,0.4736842105263155
0.1597222222222222,0.2747252747252747,0.0301003344481605,0.0577507598784194,0.2716049382716049,0.3480662983425414,0.1999999999999957,0.5416666666666665,0.2757201646090534,0.5394736842105261
0.1249999999999999,0.2857142857142857,0.4280936454849497,0.0486322188449848,0.1728395061728395,0.3756906077348066,0.3999999999999986,0.2395833333333334,0.2345679012345679,0.5921052631578945
0.3263888888888888,0.3289332154771265,0.6454849498327759,0.0699088145896656,0.4691358024691358,0.6542893985247455,0.5886754691524814,0.4329784484952365,0.3415637860082305,0.2368421052631577
0.1041666666666666,0.4065934065934065,0.2876254180602007,0.0486322188449848,0.1790123456790123,0.36424616256069964,0.3999999999999986,0.614583333333333,0.3751793831780563,0.7368421052631577
0.3159722222222221,0.5934065934065934,0.0301003344481605,0.4984802431610942,0.32352016214196266,0.600469040329736,0.3999999999999986,0.3700471768464335,0.3950617283950618,0.1710526315789471
0.21498821091656486,0.4015492648319926,0.7926421404682275,0.1366244863100738,0.49448000574333995,0.7955801104972376,0.5999999999999943,0.4895833333333335,0.32632625520829717,0.24560611762658324
0.19117917077278795,0.4285714285714285,0.29491787084674653,0.10126087740067745,0.3165590860277131,0.5414364640883979,0.3999999999999986,0.4479166666666669,0.4074074074074074,0.5394736842105261
0.1249999999999999,0.2527472527472527,0.8829431438127091,0.1185410334346504,0.3290480584687982,0.5488873865683257,0.7999999999999972,0.3333333333333335,0.3004115226337449,0.1315789473684208
0.25,0.3076923076923077,0.0301003344481605,0.0729483282674772,0.1975308641975308,0.3646408839779005,0.3999999999999986,0.510416666666667,0.4444444444444445,0.4473684210526314
0.1701388888888888,0.2417582417582417,0.2307692307692307,0.0820668693009118,0.1728395061728395,0.4419889502762431,0.3999999999999986,0.5312500000000004,0.1152263374485597,0.368421052631579
0.2256944444444444,0.5714285714285714,0.0468227424749164,0.0547112462006079,0.0246913580246913,0.1878453038674033,0.3999999999999986,0.3229166666666665,0.2633744855967078,0.4210526315789471
0.2256944444444444,0.3516483516483516,0.020066889632107,0.0364741641337386,0.1481481481481481,0.5745856353591161,0.3999999999999986,0.3020833333333335,0.4074074074074074,0.3157894736842104
0.1597222222222222,0.2307692307692307,0.0367892976588628,0.1063829787234042,0.154320987654321,0.3591160220994475,0.3999999999999986,0.5416666666666665,0.4732510288065844,0.5263157894736841
0.1493055555555555,0.2417582417582417,0.5284280936454849,0.1003039513677811,0.1975308641975308,0.2596685082872928,0.3999999999999986,0.125,0.1687242798353909,0.2894736842105261
0.25,0.26871421343344376,0.2842809364548495,0.0182370820668692,0.3209876543209877,0.3425414364640883,0.1999999999999957,0.4791666666666665,0.1152263374485597,0.7368421052631577
0.0694444444444444,0.3956043956043955,0.3946488294314382,0.0516717325227963,0.345679012345679,0.3701657458563536,0.3999999999999986,0.3854166666666669,0.2345679012345679,0.7631578947368418
0.2293553063073468,0.3736263736263736,0.6053511705685619,0.0577507598784194,0.2592592592592593,0.6132596685082873,0.5999999999999943,0.452744832789619,0.3127572016460905,0.4473684210526314
0.1701388888888888,0.5604395604395603,0.0969899665551839,0.1094224924012157,0.1975308641975308,0.4218219615018508,0.3999999999999986,0.25,0.3539094650205762,0.5526315789473684
0.0590277777777777,0.3626373626373626,0.0367892976588628,0.0699088145896656,0.1111111111111111,0.3204419889502762,0.3999999999999986,0.3854166666666669,0.2469135802469136,0.2894736842105261
0.0937499999999999,0.4285714285714285,0.0100334448160535,0.066869300911854,0.0987654320987654,0.2209944751381215,0.1999999999999957,0.5416666666666665,0.1975308641975308,0.868421052631579
0.1249999999999999,0.3516483516483516,0.5117056856187291,0.1033434650455926,0.5000000000000001,0.701657458563536,0.5999999999999943,0.3645833333333335,0.3950617283950618,0.263157894736842
0.0937499999999999,0.4175824175824175,0.042807614166393004,0.033434650455927,0.2283950617283951,0.3480662983425414,0.1999999999999957,0.3645833333333335,0.1975308641975308,0.5921052631578945
0.1944444444444444,0.3296703296703296,0.1237458193979933,0.0911854103343464,0.1790123456790123,0.3867403314917127,0.3999999999999986,0.40520058490400646,0.2633744855967078,0.1052631578947365
0.2361111111111111,0.1978021978021977,0.6302780147745655,0.0972644376899695,0.5679012345679013,0.7845303867403315,0.579331072959809,0.3854166666666669,0.2345679012345679,0.1578947368421051
0.1944444444444444,0.2417582417582417,0.6421404682274248,0.0911854103343464,0.4012345679012346,0.5100803895781476,0.3999999999999986,0.46875,0.2633744855967078,0.49639359121291177
0.1493055555555555,0.2967032967032967,0.0535117056856187,0.1306990881458966,0.3986809066378727,0.6629834254143647,0.3488668159459929,0.46875,0.3539094650205762,0.3781737767155471
0.3159722222222221,0.3076923076923077,0.4481605351170569,0.0790273556231002,0.14899231925276352,0.2983425414364641,0.3999999999999986,0.3229166666666665,0.1563786008230453,0.7105263157894737
0.2812499999999999,0.6373626373626372,0.7591973244147158,0.1063829787234042,0.3271604938271605,0.3867403314917127,0.5999999999999943,0.395833333333333,0.3662551440329218,0.40998788047628415
0.2048611111111111,0.3626373626373626,0.0033444816053511,0.0972644376899695,0.1481481481481481,0.3922651933701658,0.1999999999999957,0.4583333333333335,0.3539094650205762,0.5921052631578945
0.0937499999999999,0.3296703296703296,0.6421404682274248,0.13508252661169948,0.3827160493827161,0.5551895127888806,0.6028658344512655,0.3854166666666669,0.3415637860082305,0.1842105263157893
0.2361111111111111,0.5384615384615384,0.0468227424749164,0.0607902735562309,0.345679012345679,0.3646408839779005,0.1999999999999957,0.3229166666666665,0.3004115226337449,0.7894736842105263
0.1944444444444444,0.6153846153846154,0.0468227424749164,0.4954407294832827,0.3827160493827161,0.6352879962215388,0.46788531838678454,0.365617388074153,0.4073785597765719,0.037078222331291544
0.1145833333333333,0.3296703296703296,0.4214046822742474,0.0790273556231002,0.3703703703703704,0.430939226519337,0.3999999999999986,0.4166666666666665,0.2098765432098766,0.4473684210526314
0.0694444444444444,0.8131868131868131,0.32564928783417096,0.127659574468085,0.27705670591634535,0.47492188450390155,0.3999999999999986,0.510416666666667,0.2222222222222222,0.7631578947368418
0.0937499999999999,0.2857142857142857,0.6187290969899666,0.121580547112462,0.3950617283950617,0.5027624309392266,0.5999999999999943,0.39488359432796494,0.1687242798353909,0.1578947368421051
0.0937499999999999,0.2747252747252747,0.0301003344481605,0.1306990881458966,0.3209876543209877,0.3535911602209944,0.3999999999999986,0.75,0.5637860082304527,0.4342105263157891
0.0833333333333333,0.3956043956043955,0.6588628762541806,0.1489361702127659,0.5740740740740742,0.5635359116022101,0.7999999999999972,0.6458333333333335,0.43089575228757815,0.1842105263157893
0.1701388888888888,0.5384615384615384,0.1270903010033444,0.0486322188449848,0.2098765432098765,0.281767955801105,0.3999999999999986,0.2916666666666669,0.1152263374485597,0.5789473684210524
0.048611111111111,0.5384615384615384,0.0367892976588628,0.0607902735562309,0.1234567901234568,0.4088397790055249,0.3999999999999986,0.2916666666666669,0.2222222222222222,0.394736842105263
0.0937499999999999,0.2307692307692307,0.0066889632107023,0.0699088145896656,0.7160493827160495,0.5469613259668509,0.3999999999999986,0.572916666666667,0.2469135802469136,0.0
0.0,0.3186813186813186,0.0167224080267558,0.0759878419452887,0.345679012345679,0.4751381215469613,0.3999999999999986,0.4166666666666665,0.4197530864197532,0.4736842105263155
0.3715277777777777,0.3379608504224969,0.4046822742474917,0.1519756838905775,0.4753086419753087,0.6308189658626947,0.4391737702187238,0.40625,0.1687242798353909,0.3556440841756324
0.0833333333333333,0.5054945054945055,0.23432509704296128,0.1022626821467351,0.2839506172839506,0.5524861878453039,0.3999999999999986,0.5937500000000004,0.3972960132888008,0.5394736842105261
0.2152777777777777,0.2417582417582417,0.2976588628762542,0.1489361702127659,0.345679012345679,0.4939683321650006,0.3999999999999986,0.375,0.3121875411542112,0.368421052631579
0.6041666666666665,0.1318681318681318,0.0167224080267558,0.0,0.0123456790123456,0.0,0.3999999999999986,0.5520833333333335,0.1687242798353909,0.9605263157894736
0.1249999999999999,0.395179051400411,0.8829431438127091,0.12908922607640821,0.2839506172839506,0.3977900552486188,0.7999999999999972,0.3333333333333335,0.3004115226337449,0.1315789473684208
0.08540596019603094,0.6813186813186812,0.5820603827836037,0.1185410334346504,0.5246913580246915,0.6187845303867403,0.5999999999999943,0.40625,0.3539094650205762,0.2883161902554515
0.1313369122273449,0.4218270277022453,0.3578595317725752,0.1246200607902735,0.0802469135802469,0.2430939226519337,0.5999999999999943,0.3125000000000004,0.8024691358024693,0.2894736842105261
0.1388888888888888,0.5054945054945055,0.2976588628762542,0.0790273556231002,0.1234567901234568,0.3628275371699466,0.3999999999999986,0.34375,0.7242798353909466,0.644736842105263
0.1701388888888888,0.4285714285714285,0.0301003344481605,0.0243161094224923,0.0802469135802469,0.2044198895027624,0.30322664403198285,0.4895833333333335,0.35990555707982985,0.5789473684210524
0.19337710568737396,0.3296703296703296,0.2842809364548495,0.09892243997715154,0.2345679012345679,0.4033149171270718,0.3999999999999986,0.4791666666666665,0.3662551440329218,0.4727799570238007
0.3437499999999999,0.1428571428571428,0.0301003344481605,0.094224924012158,0.074074074074074,0.3479472560366422,0.3999999999999986,0.5312500000000004,0.3786008230452675,0.4342105263157891
0.18985903849691577,0.37374937933642605,0.2955925941292064,0.1164967193180095,0.27397847021195576,0.46678931509150523,0.4169068801179838,0.4317459694574918,0.33977580096712756,0.4292053721881306
0.2152777777777777,0.1758241758241758,0.1806020066889632,0.0547112462006079,0.2839506172839506,0.3314917127071823,0.1999999999999957,0.5416666666666665,0.29457059511717265,0.6578947368421051
0.0,0.3186813186813186,0.0167224080267558,0.0759878419452887,0.345679012345679,0.4751381215469613,0.3999999999999986,0.4166666666666665,0.4197530864197532,0.3741541467076941
0.16697383895786597,0.2747252747252747,0.35089494817499073,0.1246200607902735,0.4691358024691358,0.4640883977900553,0.3999999999999986,0.40625,0.1975308641975308,0.3421052631578947
0.1145833333333333,0.3186813186813186,0.0434782608695652,0.0729483282674772,0.2222222222222222,0.3977900552486188,0.3999999999999986,0.5416666666666665,0.3539094650205762,0.5263157894736841
0.0590277777777777,0.3516483516483516,0.6254180602006689,0.0759878419452887,0.1296296296296296,0.5359116022099448,0.5999999999999943,0.1458333333333334,0.1687242798353909,0.1710526315789471
0.0833333333333333,0.3296703296703296,0.6421404682274248,0.1702127659574467,0.1358024691358025,0.5911602209944751,0.5999999999999943,0.4113372273757584,0.3786008230452675,0.1710526315789471
0.0937499999999999,0.6593406593406592,0.1705685618729097,0.0820668693009118,0.0308641975308642,0.4088397790055249,0.3999999999999986,0.177083333333333,0.4732510288065844,0.4210526315789471
0.2604166666666666,0.4835164835164834,0.1806020066889632,0.1185410334346504,0.4012345679012346,0.5157719186838545,0.1999999999999957,0.2604166666666665,0.6954732510288067,0.6640698811070083
0.2354744469099364,0.2417582417582417,0.0535117056856187,0.0729483282674772,0.2469135802469136,0.3867403314917127,0.1999999999999957,0.5833333333333335,0.2757201646090534,0.8026315789473684
0.15683269786457715,0.5384615384615384,0.0301003344481605,0.4468085106382979,0.4074074074074074,0.5082872928176796,0.3999999999999986,0.3333333333333335,0.3415637860082305,0.1710526315789471
0.6527777777777777,0.0659340659340659,0.3210702341137124,0.1003039513677811,0.0555555555555555,0.2707182320441989,0.3999999999999986,0.666666666666667,0.2757201646090534,0.381578947368421
0.0937499999999999,0.3626373626373626,0.4983277591973245,0.1732522796352583,0.5000000000000001,0.4530386740331492,0.3999999999999986,0.125,0.2345679012345679,0.1842105263157893
0.1493055555555555,0.1978021978021977,0.31438127090301,0.1155015197568389,0.2530864197530864,0.5524861878453039,0.5999999999999943,0.529244389128343,0.4320987654320988,0.3157894736842104
0.2152777777777777,0.3956043956043955,0.3210702341137124,0.12306131635570174,0.345679012345679,0.5481806826473326,0.47292455283163737,0.7083333333333335,0.39721684852752936,0.381578947368421
0.4305555555555555,0.2417582417582417,0.0535117056856187,0.1155015197568389,0.2345679012345679,0.48770008344658194,0.3999999999999986,0.625,0.4074074074074074,0.4210526315789471
0.0937499999999999,0.3800541321383327,0.5384615384615384,0.08208035050241531,0.32517763356666207,0.5195780367460221,0.5637076997123012,0.7395833333333335,0.7078189300411523,0.4210526315789471
0.25,0.3296703296703296,0.1170568561872909,0.0790273556231002,0.2449964054780259,0.4198895027624309,0.1999999999999957,0.5416666666666665,0.327514486695488,0.894736842105263
0.3055555555555554,0.3736263736263736,0.4013377926421405,0.16313269742505443,0.345679012345679,0.5878542276672687,0.5999999999999943,0.3645833333333335,0.3786008230452675,0.2105263157894734
0.2708333333333333,0.3186813186813186,0.725752508361204,0.13069710414541258,0.3144238909770175,0.6132596685082873,0.7999999999999972,0.47945291694736614,0.4609053497942388,0.1578947368421051
0.2604166666666666,0.5384615384615384,0.3478260869565217,0.15024616588185466,0.2930837725936275,0.5421286358044413,0.47984548743804845,0.4166666666666665,0.4979423868312758,0.381578947368421
0.17708507067268633,0.3846153846153845,0.0301003344481605,0.0911854103343464,0.1790123456790123,0.430939226519337,0.3999999999999986,0.2291666666666669,0.5925925925925928,0.4210526315789471
0.1493055555555555,0.4175824175824175,0.3846153846153846,0.1003039513677811,0.4444444444444445,0.6519337016574586,0.3999999999999986,0.4583333333333335,0.3004115226337449,0.2105263157894734
0.1597222222222222,0.4505494505494504,0.0535117056856187,0.0820668693009118,0.4074074074074074,0.5690607734806631,0.1999999999999957,0.5312500000000004,0.2098765432098766,0.7368421052631577
0.0833333333333333,0.3516483516483516,0.3411371237458194,0.1185410334346504,0.1234567901234568,0.3646408839779005,0.3999999999999986,0.6458333333333335,0.2757201646090534,0.4210526315789471
0.1249999999999999,0.3076923076923077,0.5986622073578596,0.1489361702127659,0.54320987654321,0.4861878453038674,0.5999999999999943,0.25,0.0905349794238682,0.2105263157894734
0.1493055555555555,0.4055030550360174,0.8929943460120084,0.09848102217984772,0.3950617283950617,0.6408839779005525,0.7999999999999972,0.572916666666667,0.2469135802469136,0.276315789473684
0.281698433559442,0.6252801027971779,0.4013377926421405,0.8389057750759878,0.2098765432098765,0.5136468270346273,0.3999999999999986,0.375,0.2633744855967078,0.381578947368421
0.2048611111111111,0.2747252747252747,0.0301003344481605,0.0699088145896656,0.2283950617283951,0.3812154696132597,0.0,0.3333333333333335,0.2633744855967078,0.8759124238381513
0.1701388888888888,0.4615384615384614,0.4749163879598662,0.1063829787234042,0.2283950617283951,0.4751381215469613,0.3999999999999986,0.4166666666666665,0.3127572016460905,0.1842105263157893
0.18250630803065146,0.34568588506685927,0.27292740456647097,0.1033434650455926,0.4567901234567901,0.5734105954598343,0.3999999999999986,0.6458333333333335,0.37845670095325423,0.4473684210526314
0.2708333333333333,0.4285714285714285,0.0033444816053511,0.1003039513677811,0.1049382716049383,0.1878453038674033,0.3999999999999986,0.21875,0.0658436213991769,0.4210526315789471
0.142986027814909,0.37115363011265645,0.0301003344481605,0.094224924012158,0.4444444444444445,0.4972375690607734,0.3999999999999986,0.4270833333333335,0.3004115226337449,0.3421052631578947
0.2812499999999999,0.37067419073381835,0.5183946488294314,0.1094224924012157,0.2716049382716049,0.4585635359116022,0.3999999999999986,0.3333333333333335,0.1316872427983539,0.631578947368421
0.0590277777777777,0.3296703296703296,0.31438127090301,0.08502940541921752,0.3333333333333333,0.4833991563582803,0.4458481588436023,0.8333333333333335,0.3004115226337449,0.4456440298121774
0.0833333333333333,0.5054945054945055,0.5506317369355735,0.1337386018237081,0.2962962962962963,0.3977900552486188,0.5999999999999943,0.395833333333333,0.3539094650205762,0.3421052631578947
0.1388888888888888,0.3516483516483516,0.411371237458194,0.155015197568389,0.3703703703703704,0.6464088397790055,0.3999999999999986,0.39473921730203854,0.2222222222222222,0.3289473684210526
0.1944444444444444,0.4175824175824175,0.0635451505016722,0.1337386018237081,0.1728395061728395,0.5359116022099448,0.1999999999999957,0.375,0.3786008230452675,0.5394736842105261
0.0590277777777777,0.3956043956043955,0.0434782608695652,0.1003039513677811,0.0864197530864197,0.1878453038674033,0.3999999999999986,0.45391659508091653,0.4074074074074074,0.4868421052631577
0.2048611111111111,0.4835164835164834,0.1505016722408026,0.6382978723404255,0.5987654320987655,0.6353591160220995,0.3999999999999986,0.3118461625910964,0.1975308641975308,-0.03541726523484101
0.1493055555555555,0.5384615384615384,0.2675585284280937,0.1398176291793313,0.1851851851851852,0.4033149171270718,0.3999999999999986,0.4665691788794035,0.9876543209876546,0.4342105263157891
0.2916666666666666,0.3296703296703296,0.2876254180602007,0.094224924012158,0.3827160493827161,0.4751381215469613,0.1999999999999957,0.4166666666666665,0.0493827160493827,0.9736842105263156
0.2152777777777777,0.3626373626373626,0.1438127090301003,0.0820668693009118,0.2839506172839506,0.5303867403314918,0.1999999999999957,0.4166666666666665,0.1810699588477366,0.7631578947368418
0.2604166666666666,0.3076923076923077,0.7424749163879599,0.1185410334346504,0.4143231763858851,0.6906077348066298,0.5999999999999943,0.4211027560211057,0.3004115226337449,0.263157894736842
0.20112359446178874,0.3186813186813186,0.0735785953177257,0.0790273556231002,0.1851851851851852,0.3314917127071823,0.1999999999999957,0.3125000000000004,0.2757201646090534,0.6578947368421051
0.1145833333333333,0.4175824175824175,0.0735785953177257,0.0455927051671732,0.308641975308642,0.3425414364640883,0.3999999999999986,0.4895833333333335,0.2222222222222222,0.5394736842105261
0.1493055555555555,0.2087912087912087,0.2240802675585284,0.10011065247098672,0.2100038135831332,0.3314917127071823,0.3999999999999986,0.875,0.4444444444444445,0.3421052631578947
0.0833333333333333,0.3296703296703296,0.0167224080267558,0.0699088145896656,0.1481481481481481,0.1712707182320442,0.1999999999999957,0.28125,0.3662551440329218,0.5263157894736841
0.1145833333333333,0.2307692307692307,0.2307692307692307,0.2917933130699088,0.154320987654321,0.3480662983425414,0.3999999999999986,0.3229166666666665,0.3004115226337449,0.276315789473684
0.1249999999999999,0.3516483516483516,0.0434782608695652,0.1094224924012157,0.308641975308642,0.4033149171270718,0.3999999999999986,0.2395833333333334,0.2757201646090534,0.4342105263157891
0.1493055555555555,0.3186813186813186,0.4983277591973245,0.127659574468085,0.154320987654321,0.3480662983425414,0.3999999999999986,0.375,0.1563786008230453,0.263157894736842
0.5034722222222221,0.24235722534099652,0.515332140610766,0.0729483282674772,0.2037037037037037,0.4530386740331492,0.5999999999999943,0.46042063960495977,0.3662551440329218,0.1842105263157893
0.1597222222222222,0.5274725274725274,0.0735785953177257,0.1003039513677811,0.2098765432098765,0.5635359116022101,0.5999999999999943,0.4270833333333335,0.4487330200060991,0.2894736842105261
0.0937499999999999,0.3781250151719674,0.0301003344481605,0.1155015197568389,0.1604938271604938,0.292817679558011,0.1999999999999957,0.4166666666666665,0.3662551440329218,0.644736842105263
0.0277777777777777,0.3186813186813186,0.6989966555183947,0.10621941912099526,0.2530864197530864,0.3093922651933701,0.5999999999999943,0.4166666666666665,0.2098765432098766,0.2368421052631577
0.1388888888888888,0.2637362637362637,0.7157190635451506,0.1398176291793313,0.1358024691358025,0.3093922651933701,0.5999999999999943,0.4166666666666665,0.3539094650205762,0.276315789473684
0.0937499999999999,0.3846153846153845,0.0468227424749164,0.0790273556231002,0.2530864197530864,0.3314917127071823,0.3999999999999986,0.4583333333333335,0.4074074074074074,0.4868421052631577
0.2361111111111111,0.2857142857142857,0.6153846153846154,0.1063829787234042,0.1790123456790123,0.7182320441988951,0.3999999999999986,0.41929854241147724,0.4609053497942388,0.3289473684210526
0.1701388888888888,0.4505494505494504,0.0735785953177257,0.1246200607902735,0.2222222222222222,0.4402575750178033,0.3999999999999986,0.21875,0.2757201646090534,0.3421052631578947
0.2361111111111111,0.3516483516483516,0.2140468227424749,0.0972644376899695,0.3643005394681669,0.6464088397790055,0.3999999999999986,0.4583333333333335,0.4074074074074074,0.5263157894736841
0.1445383504834176,0.37009344714566905,0.7958773964818004,0.15708383487308492,0.54320987654321,0.6187845303867403,0.7999999999999972,0.625,0.39369347746933764,0.03172322368818015
0.4201388888888888,0.0,0.1588632565476879,0.1793313069908814,0.0493827160493827,0.3425414364640883,0.3999999999999986,0.8333333333333335,0.2222222222222222,0.400905976019093
0.0590277777777777,0.3296703296703296,0.6889632107023411,0.1489361702127659,0.2530864197530864,0.5801104972375691,0.5999999999999943,0.1666666666666669,0.2757201646090534,0.1184210526315787
0.0590277777777777,0.4835164835164834,0.21309799836240423,0.1033434650455926,0.1851851851851852,0.3646408839779005,0.44356066097070607,0.3645833333333335,0.683127572016461,0.394736842105263
0.0694444444444444,0.4175824175824175,0.0367892976588628,0.066869300911854,0.2098765432098765,0.3756906077348066,0.3999999999999986,0.4895833333333335,0.39906484921886287,0.459311703593796
0.0138888888888888,0.3186813186813186,0.5083612040133779,0.0911854103343464,0.3209876543209877,0.3204419889502762,0.3999999999999986,0.4270833333333335,0.1975308641975308,0.3157894736842104
0.17302568865496387,0.3829380763220049,0.354515050167224,0.12279387721877837,0.4691358024691358,0.5776611722465139,0.3999999999999986,0.4479166666666669,0.33772828277554123,0.42310793355834814
0.0833333333333333,0.4945054945054944,0.1906354515050167,0.1155015197568389,0.4506172839506173,0.5745856353591161,0.3999999999999986,0.4459302294231605,0.38708040062774357,0.5526315789473684
0.2604166666666666,0.2087912087912087,0.2675585284280937,0.0972644376899695,0.1604938271604938,0.4972375690607734,0.4591034890394013,0.395833333333333,0.5267489711934157,0.3289473684210526
0.2152777777777777,0.3626373626373626,0.6421404682274248,0.0972644376899695,0.4753086419753087,0.5801104972375691,0.5999999999999943,0.44039643987773247,0.4320987654320988,0.3157894736842104
0.1145833333333333,0.32315400190631205,0.0033444816053511,0.0851063829787233,0.2962962962962963,0.4088397790055249,0.1999999999999957,0.4791666666666665,0.3004115226337449,0.4473684210526314
0.1388888888888888,0.2747252747252747,0.8829431438127091,0.1155015197568389,0.1049382716049383,0.3646408839779005,0.5999999999999943,0.395833333333333,0.2469135802469136,0.2105263157894734
0.2048611111111111,0.3296703296703296,0.0167224080267558,0.0303951367781155,0.1481481481481481,0.3646408839779005,0.0,0.572916666666667,0.1975308641975308,0.8421052631578945
0.2361111111111111,0.2747252747252747,0.0468227424749164,0.0729483282674772,0.2839506172839506,0.4640883977900553,0.3999999999999986,0.5070747138843589,0.3539094650205762,0.4868421052631577
0.2604166666666666,0.2747252747252747,0.2140468227424749,0.0851063829787233,0.1111111111111111,0.4088397790055249,0.3999999999999986,0.5833333333333335,0.6296296296296298,0.8026315789473684
0.9999999999999998,0.5054945054945055,0.0301003344481605,0.1155015197568389,0.1666117165993577,0.6408839779005525,0.38508927527270664,0.4613406910651701,0.3453135711271019,0.381578947368421
0.048611111111111,0.3186813186813186,0.0267558528428093,0.0547112462006079,0.0617283950617284,0.1988950276243093,0.3999999999999986,0.5833333333333335,0.2098765432098766,0.368421052631579
0.0381944444444444,0.3296703296703296,0.2441471571906354,0.1094224924012157,0.1975308641975308,0.3480662983425414,0.3999999999999986,0.5520833333333335,0.2880658436213992,0.2236842105263157
0.2152777777777777,0.2417582417582417,0.6531254639334916,0.1246200607902735,0.4506172839506173,0.6629834254143647,0.5999999999999943,0.3333333333333335,0.2222222222222222,0.2236842105263157
0.0694444444444444,0.4395604395604395,0.7357859531772576,0.1185410334346504,0.31106414346201705,0.5359116022099448,0.7999999999999972,0.475626196970489,0.7242798353909466,0.1842105263157893
0.15895395039958204,0.35594111310900367,0.3578595317725752,0.1246200607902735,0.5185185185185186,0.6256054461738116,0.3999999999999986,0.375,0.3127572016460905,0.1710526315789471
0.3715277777777777,0.5384615384615384,0.3678929765886287,0.1094224924012157,0.3249832010207655,0.585635359116022,0.3999999999999986,0.3645833333333335,0.1810699588477366,0.1184210526315787
0.1597222222222222,0.3186813186813186,0.3578595317725752,0.1246200607902735,0.2962962962962963,0.5414364640883979,0.5999999999999943,0.65625,0.1975308641975308,0.276315789473684
0.07886630630929915,0.3956043956043955,0.0367892976588628,0.0577507598784194,0.5925925925925927,0.4088397790055249,0.1999999999999957,0.4791666666666665,1.0,0.7105263157894737
0.1145833333333333,0.3736263736263736,0.5919732441471572,0.0911854103343464,0.4320987654320988,0.531229226592737,0.3999999999999986,0.28125,0.102880658436214,0.394736842105263
0.392361111111111,0.1978021978021977,0.1337792642140468,0.1428571428571428,0.23046725791422693,0.4861878453038674,0.3999999999999986,0.5123457192343448,0.3662551440329218,0.4868421052631577
0.1249999999999999,0.2087912087912087,0.0167224080267558,0.1762917933130698,0.39680564765777526,0.6629834254143647,0.3999999999999986,0.3020833333333335,0.3539094650205762,0.263157894736842
0.1388888888888888,0.5054945054945055,0.0100334448160535,0.1428571428571428,0.0555555555555555,0.2265193370165745,0.3999999999999986,0.2083333333333334,0.3415637860082305,0.1842105263157893
0.1388888888888888,0.2967032967032967,0.4816053511705686,0.1458966565349544,0.5925925925925927,0.4530386740331492,0.3999999999999986,0.40625,0.2222222222222222,0.381578947368421
0.048611111111111,0.5164835164835164,0.5652173913043479,0.0759878419452887,0.3827160493827161,0.430939226519337,0.3999999999999986,0.3195613104206073,0.1440329218106996,0.4342105263157891
0.0138888888888888,0.3626373626373626,0.1103678929765886,0.1063829787234042,0.154320987654321,0.2320441988950276,0.1999999999999957,0.4166666666666665,0.1152263374485597,0.8552631578947365
0.1493055555555555,0.3736263736263736,0.236084691411597,0.1185410334346504,0.5123456790123457,0.765193370165746,0.3999999999999986,0.5416666666666665,0.4609053497942388,0.2894736842105261
0.4270833333333333,0.3516483516483516,0.2341137123745819,0.1033434650455926,0.1296296296296296,0.3425414364640883,0.3999999999999986,0.437208697811331,0.2880658436213992,0.4736842105263155
0.13322780644184976,0.6043956043956044,0.3913043478260869,0.19919399292654427,0.37716421020969537,0.5763404503146434,0.3999999999999986,0.32643881822648985,0.3539094650205762,0.2105263157894734
0.1041666666666666,0.4175824175824175,0.711569510508397,0.13090552866910976,0.4012345679012346,0.585635359116022,0.7999999999999972,0.572916666666667,0.7736625514403294,0.1578947368421051
0.2256944444444444,0.4175824175824175,0.5183946488294314,0.0607902735562309,0.4197530864197531,0.4751381215469613,0.3999999999999986,0.41145400462607284,0.30350475235864705,0.644736842105263
0.3159722222222221,0.3644405507145019,0.7922093972873814,0.1637939174286974,0.28212092924927545,0.5580110497237569,0.7999999999999972,0.41925703969377726,0.34281748619361185,0.0456371116351415
0.1249999999999999,0.2637362637362637,0.2040133779264214,0.1063829787234042,0.3024691358024691,0.5469613259668509,0.3999999999999986,0.25,0.0658436213991769,0.605263157894737
0.0833333333333333,0.3296703296703296,-0.04700325510879522,0.0607902735562309,0.1728395061728395,0.2320441988950276,0.1999999999999957,0.46875,0.3786008230452675,0.5789473684210524
0.2048611111111111,0.38005853061504125,0.1170568561872909,0.14695565433585678,0.3703703703703704,0.4972375690607734,0.4174578428945145,0.5312500000000004,0.683127572016461,0.3421052631578947
0.1604430545016211,0.3626373626373626,0.17882987873887274,0.0790273556231002,0.2283950617283951,0.3701657458563536,0.3999999999999986,0.5520833333333335,0.4609053497942388,0.368421052631579
0.1145833333333333,0.2967032967032967,0.9264214046822744,0.1003039513677811,0.3209876543209877,0.4972375690607734,0.7999999999999972,0.5416666666666665,0.1687242798353909,0.1184210526315787
0.1597222222222222,0.3076923076923077,0.6092943213052091,0.1458966565349544,0.4320987654320988,0.7182320441988951,0.5999999999999943,0.375,0.1975308641975308,0.1710526315789471
0.4270833333333333,0.2527472527472527,0.3110367892976589,0.0729483282674772,0.0308641975308642,0.34464720272131666,0.3999999999999986,0.4674521008407654,0.3292181069958848,0.5526315789473684
0.2256944444444444,0.3076923076923077,0.0367892976588628,0.0820668693009118,0.0802469135802469,0.3977900552486188,0.3999999999999986,0.4853275236007075,0.3662551440329218,0.4210526315789471
0.2916666666666666,0.4051470841794491,0.4013377926421405,0.1496135385637749,0.2777777777777778,0.7569060773480663,0.5526221945686998,0.5625,0.48559670781893,0.276315789473684
0.0833333333333333,0.2417582417582417,0.2508361204013378,0.0820668693009118,0.0617283950617284,0.2762430939226519,0.3999999999999986,0.677083333333333,0.2757201646090534,0.7368421052631577
0.1701388888888888,0.4065934065934065,0.2508361204013378,0.0425531914893616,0.2345679012345679,0.3480662983425414,0.1999999999999957,0.3125000000000004,0.1316872427983539,0.8026315789473684
0.1805555555555555,0.2857142857142857,0.1438127090301003,0.2006079027355623,0.1975308641975308,0.2154696132596685,0.2582355584224229,0.34375,0.1975308641975308,0.605263157894737
0.0694444444444444,0.3736263736263736,0.0367892976588628,0.270516717325228,0.3271604938271605,0.4585635359116022,0.3999999999999986,0.4895833333333335,0.3415637860082305,0.26424268359372316
0.2604166666666666,0.3736263736263736,0.6321070234113713,0.121580547112462,0.037037037037037,0.1104972375690607,0.3999999999999986,0.4270833333333335,0.2222222222222222,0.644736842105263
0.1145833333333333,0.3104705715872096,0.12099602579567126,0.1185410334346504,0.28671871478662797,0.4736329760679766,0.3999999999999986,0.8645833333333335,0.4294742542855988,0.368421052631579
0.4930555555555555,0.3296703296703296,0.3913043478260869,0.0455927051671732,0.0987654320987654,0.2209944751381215,0.3999999999999986,0.4228694766765871,0.1687242798353909,0.6578947368421051
0.0833333333333333,0.4065934065934065,0.020066889632107,0.1246200607902735,0.0308641975308642,0.3093922651933701,0.3999999999999986,0.4166666666666665,0.3786008230452675,0.368421052631579
0.2604166666666666,0.4395604395604395,0.3913043478260869,0.1155015197568389,0.54320987654321,0.585635359116022,0.3999999999999986,0.395833333333333,0.32089713178005264,0.263157894736842
0.1493097528277047,0.5494505494505494,0.6688963210702341,0.1489361702127659,0.3621754963104865,0.5907516703142659,0.5999999999999943,0.3571821049070509,0.33490228689033885,0.2105263157894734
0.1701388888888888,0.3186813186813186,0.0100334448160535,0.066869300911854,0.2037037037037037,0.3149171270718232,0.1999999999999957,0.614583333333333,0.2757201646090534,0.7499999999999998
0.0416666666666666,0.5384615384615384,0.2441471571906354,0.121580547112462,0.4259259259259259,0.5347772142231976,0.37980594018500713,0.4033036942995969,0.36807800900257914,0.4868421052631577
0.2708333333333333,0.5824175824175823,0.4983277591973245,0.1398176291793313,0.2839506172839506,0.5193370165745856,0.5999999999999943,0.3229166666666665,0.35178097322455226,0.2368421052631577
0.3368055555555555,0.2417582417582417,0.2140468227424749,0.1337386018237081,0.3827160493827161,0.5684456929298087,0.3999999999999986,0.3854166666666669,0.5102880658436215,0.2105263157894734
0.1388888888888888,0.2747252747252747,0.0301003344481605,0.1246200607902735,0.3333333333333333,0.4861836594828736,0.3999999999999986,0.6458333333333335,0.4074074074074074,0.381578947368421
0.2048611111111111,0.2747252747252747,0.5250836120401338,0.0911854103343464,0.2469135802469136,0.4033149171270718,0.3999999999999986,0.5416666666666665,0.1440329218106996,0.368421052631579
0.0833333333333333,0.3296703296703296,0.020066889632107,0.1155015197568389,0.3827160493827161,0.696132596685083,0.3999999999999986,0.2916666666666669,0.1975308641975308,0.2236842105263157
0.2361111111111111,0.2527472527472527,0.471571906354515,0.0455927051671732,0.1975308641975308,0.3977900552486188,0.3999999999999986,0.4166666666666665,0.3950617283950618,0.7368421052631577
0.0034722222222222,0.3736263736263736,0.6339481196763967,0.094224924012158,0.3209876543209877,0.3812154696132597,0.5999999999999943,0.3229166666666665,0.4732510288065844,0.5263157894736841
0.392361111111111,0.46766169291546267,0.2113040042337479,0.4650455927051671,0.3827160493827161,0.6093619340833065,0.3999999999999986,0.3854166666666669,0.3127572016460905,0.3421052631578947
0.5034722222222221,0.3211007099240522,0.5867552001499439,0.1641337386018236,0.4320987654320988,0.6740331491712708,0.5999999999999943,0.4583333333333335,0.3246678333293838,0.2368421052631577
0.1388888888888888,0.3406593406593406,0.197324414715719,0.1155015197568389,0.3271604938271605,0.4766583299224596,0.38244054326717225,0.5416666666666665,0.5390946502057613,0.4868421052631577
0.18822748294536826,0.3974240496429433,0.7792642140468228,0.14420091639544197,0.37282546972881625,0.6132596685082873,0.6622800972156055,0.39062354463539284,0.3207173769227207,0.1710526315789471
0.3715277777777777,0.3981422212181861,0.6053511705685619,0.1489361702127659,0.54320987654321,0.7348066298342542,0.5999999999999943,0.3020833333333335,0.3203140959715359,0.263157894736842
0.1249999999999999,0.8131868131868131,0.1003344481605351,0.1063829787234042,0.3271604938271605,0.4917127071823204,0.1999999999999957,0.5416666666666665,0.2345679012345679,0.7368421052631577
0.1493055555555555,0.2637362637362637,0.2186360553254631,0.1185410334346504,0.2222222222222222,0.2983425414364641,0.3999999999999986,0.5416666666666665,0.2633744855967078,0.3289473684210526
0.048611111111111,0.4615384615384614,0.0468227424749164,0.1094224924012157,0.3827160493827161,0.5303867403314918,0.3999999999999986,0.4676927046011529,0.48559670781893,0.4210526315789471
0.1145833333333333,0.4065934065934065,0.1270903010033444,0.0273556231003039,0.1481481481481481,0.2541436464088398,0.1999999999999957,0.625,0.3127572016460905,0.6973684210526316
0.1041666666666666,0.4395604395604395,0.0568561872909699,0.0060790273556231,0.1481481481481481,0.3204419889502762,0.1999999999999957,0.5937500000000004,0.4197530864197532,0.7105263157894737
0.15849995493903493,0.4395604395604395,0.020066889632107,0.2188449848024316,0.3271604938271605,0.4198895027624309,0.3999999999999986,0.5520833333333335,0.3127572016460905,0.368421052631579
0.1701388888888888,0.5494505494505494,0.5652173913043479,0.0547112462006079,0.1851851851851852,0.4174189361501782,0.3999999999999986,0.46875,0.3415637860082305,0.6203547569075081
0.1041666666666666,0.3296703296703296,0.0033444816053511,0.0212765957446808,0.0123456790123456,0.0662983425414364,0.1999999999999957,0.4479166666666669,0.1687242798353909,0.6973684210526316
0.1597222222222222,0.4065934065934065,0.6789297658862877,0.1641337386018236,0.4074074074074074,0.6685082872928177,0.5999999999999943,0.25,0.2757201646090534,0.1842105263157893
0.1597222222222222,0.3421719272894866,0.3645484949832775,0.1185410334346504,0.4259259259259259,0.5661690454756121,0.3999999999999986,0.4166666666666665,0.2880658436213992,0.2105263157894734
0.25,0.2307692307692307,0.0100334448160535,0.1398176291793313,0.3024691358024691,0.5082872928176796,0.3999999999999986,0.375,0.2880658436213992,0.2368421052631577
0.1597222222222222,0.41986876340929785,0.0969899665551839,0.127659574468085,0.1790123456790123,0.4475138121546961,0.3999999999999986,0.46954028520037844,0.3950617283950618,0.5526315789473684
0.1041666666666666,0.4835164835164834,0.0100334448160535,0.1519756838905775,0.1790123456790123,0.3701657458563536,0.3999999999999986,0.3333333333333335,0.1152263374485597,0.5526315789473684
0.1597222222222222,0.5384615384615384,0.4381270903010033,0.1063829787234042,0.2345679012345679,0.6408839779005525,0.5999999999999943,0.572916666666667,0.41057747402622435,0.3421052631578947
0.1701388888888888,0.3406593406593406,0.1505016722408026,0.0425531914893616,0.1604938271604938,0.3314917127071823,0.1999999999999957,0.25,0.3127572016460905,0.7105263157894737
0.2152777777777777,0.410523352509095,0.3946488294314382,0.1458966565349544,0.37798370328813813,0.6519337016574586,0.5115121143431441,0.44545053031425924,0.4609053497942388,0.2927325658456692
0.2162593432584364,0.2637362637362637,0.020066889632107,0.1063829787234042,0.1481481481481481,0.3370165745856354,0.3999999999999986,0.510416666666667,0.2469135802469136,0.4999999999999998
0.24011640651850158,0.1538461538461538,0.4013377926421405,0.066869300911854,0.2716049382716049,0.461573788239146,0.46539237552142043,0.75,0.35810809204541366,0.43318473790374606
0.1388888888888888,0.3846153846153845,0.5083612040133779,0.1003039513677811,0.4259259259259259,0.4751381215469613,0.5999999999999943,0.46875,0.3127572016460905,0.2105263157894734
0.2812499999999999,0.3846153846153845,0.4180602006688962,0.0851063829787233,0.22394041681879895,0.4198895027624309,0.3999999999999986,0.25,0.28628348645339197,0.7631578947368418
0.4270833333333333,0.5384615384615384,0.3311036789297659,0.1033434650455926,0.2222222222222222,0.5293167749800363,0.3999999999999986,0.4583333333333335,0.1316872427983539,0.3421052631578947
0.1388888888888888,0.3186813186813186,0.1237458193979933,0.033434650455927,0.1358024691358025,0.287292817679558,0.1999999999999957,0.4895833333333335,0.3662551440329218,0.5526315789473684
0.1493055555555555,0.4505494505494504,0.4214046822742474,0.0790273556231002,0.2222222222222222,0.5082872928176796,0.3999999999999986,0.4583333333333335,0.5102880658436215,0.3289473684210526
0.1944444444444444,0.2857142857142857,0.0468227424749164,0.10102059181186662,0.2592592592592593,0.4419889502762431,0.3999999999999986,0.65625,0.3539094650205762,0.4736842105263155
0.1493055555555555,0.3076923076923077,0.5719063545150502,0.11409591278660222,0.2592592592592593,0.5635359116022101,0.5999999999999943,0.5416666666666665,0.3548680649516936,0.263157894736842
0.1597222222222222,0.3186813186813186,0.0167224080267558,0.1914893617021276,0.3024691358024691,0.4198895027624309,0.3999999999999986,0.572916666666667,0.4609053497942388,0.5263157894736841
0.0381944444444444,0.4175824175824175,0.0100334448160535,0.0972644376899695,0.1604938271604938,0.2596685082872928,0.1999999999999957,0.2916666666666669,0.4074074074074074,0.5921052631578945
0.12550871654446577,0.5384615384615384,0.6153846153846154,0.1246200607902735,0.3950617283950617,0.4917127071823204,0.5449980285929162,0.3649969437888393,0.3310590111126701,0.35230240910633703
0.15449439620386785,0.4835164835164834,0.4314381270903009,0.16649426092985076,0.4074074074074074,0.5635359116022101,0.3999999999999986,0.3577947194193728,0.3292181069958848,0.276315789473684
0.1041666666666666,0.2967032967032967,0.5384615384615384,0.0851063829787233,0.2222222222222222,0.4419889502762431,0.3999999999999986,0.3645833333333335,0.2757201646090534,0.4342105263157891
0.1597222222222222,0.3076923076923077,0.725752508361204,0.1458966565349544,0.4320987654320988,0.7182320441988951,0.5999999999999943,0.375,0.1975308641975308,0.1710526315789471
0.2916666666666666,0.769230769230769,0.4315790467791793,0.20732673452206377,0.154320987654321,0.5414364640883979,0.5999999999999943,0.34394584947340834,0.3804609209205444,0.2236842105263157
0.18780102060144965,0.4012198978506167,0.8025246000913699,0.13817514387275248,0.33465668621736067,0.6043575998204782,0.7999999999999972,0.510416666666667,0.37265187285341395,0.1315789473684208
0.1739428294760599,0.3406593406593406,0.34461082345467825,0.0547112462006079,0.3209876543209877,0.4419889502762431,0.3999999999999986,0.3333333333333335,0.3415637860082305,0.4868421052631577
0.2152777777777777,0.5164835164835164,0.24441953875504047,0.1246200607902735,0.3950617283950617,0.6519337016574586,0.3999999999999986,0.4270833333333335,0.2880658436213992,0.263157894736842
0.1388888888888888,0.7472527472527473,0.5451505016722409,0.1185410334346504,0.32846949454785557,0.5582880767575636,0.5156435553827712,0.25,0.1975308641975308,0.4004700892664709
0.18098202271831496,0.7142857142857142,0.4749163879598662,0.2310030395136778,0.074074074074074,0.5469613259668509,0.3999999999999986,0.2916666666666669,0.3292181069958848,0.2368421052631577
0.1944444444444444,0.3406593406593406,0.0702341137123745,0.1155015197568389,0.2098765432098765,0.7292817679558011,0.3999999999999986,0.46875,0.5390946502057613,0.35961755665980655
0.0833333333333333,0.4511332159261461,0.8829431438127091,0.1458966565349544,0.35243420344349674,0.5863010269911112,0.7999999999999972,0.39411682156813965,0.3004115226337449,0.1710526315789471
0.1493055555555555,0.4945054945054944,0.1605351170568562,0.09695094127021615,0.154320987654321,0.430939226519337,0.3999999999999986,0.7604166666666665,0.3415637860082305,0.5526315789473684
0.1805555555555555,0.4065934065934065,0.0033444816053511,0.0425531914893616,0.074074074074074,0.143646408839779,0.0,0.5312500000000004,0.1316872427983539,0.894736842105263
0.1041666666666666,0.3406593406593406,0.0434782608695652,0.0851063829787233,0.2592592592592593,0.3867403314917127,0.1999999999999957,0.4895833333333335,0.2098765432098766,0.6973684210526316
0.18922716844778636,0.37792712410423074,0.4481605351170569,0.11905233684367811,0.2961207143718001,0.4969488432094044,0.48542405627399,0.4190350224006802,0.3307397686473509,0.37197709580027977
0.1597222222222222,0.4285714285714285,0.9698996655518396,0.0851063829787233,0.3271604938271605,0.5303867403314918,0.7999999999999972,0.3856212612868514,0.32563080554021173,0.13810661434111882
0.2708333333333333,0.2747252747252747,0.2575250836120402,0.066869300911854,0.22227461411204896,0.4033149171270718,0.3999999999999986,0.1979166666666665,0.5637860082304527,0.394736842105263
0.0933340195328351,0.8021978021978021,0.0100334448160535,0.4346504559270517,0.4567901234567901,0.5138121546961326,0.36741883226368444,0.3333333333333335,0.0905349794238682,0.2105263157894734
0.1041666666666666,0.4395604395604395,0.24958458050264148,0.0820668693009118,0.2716049382716049,0.3535911602209944,0.3999999999999986,0.677083333333333,0.3539094650205762,0.5921052631578945
0.1041666666666666,0.4395604395604395,0.3678929765886287,0.066869300911854,0.4012345679012346,0.6077348066298343,0.3880917028186116,0.4583333333333335,0.3483862515326158,0.5921052631578945
0.5659722222222221,0.1098901098901098,0.0301003344481605,0.1914893617021276,0.21946326971817282,0.5303867403314918,0.3999999999999986,0.4479166666666669,0.3292181069958848,0.3072187556342709
0.2361111111111111,0.6813186813186812,0.5250836120401338,0.20574891543268903,0.28154137147688785,0.5248618784530387,0.5999999999999943,0.3249607316087791,0.2757201646090534,0.1578947368421051
0.1249999999999999,0.3516483516483516,0.0735785953177257,0.0516717325227963,0.2777777777777778,0.39116702680401755,0.1999999999999957,0.5,0.4732510288065844,0.6842105263157896
0.1944444444444444,0.3626373626373626,0.020066889632107,0.0911854103343464,0.1111111111111111,0.3204419889502762,0.1999999999999957,0.3229166666666665,0.2098765432098766,0.644736842105263
0.2361111111111111,0.3296703296703296,0.0568561872909699,0.0699088145896656,0.3209876543209877,0.4861878453038674,0.1999999999999957,0.5312500000000004,0.2469135802469136,0.8421052631578945
0.0277777777777777,0.2417582417582417,0.6354515050167223,0.155015197568389,0.1790123456790123,0.6353591160220995,0.3999999999999986,0.5520833333333335,0.29903760220434283,0.644736842105263
0.2256944444444444,0.41255477333884005,0.2289232308888573,0.1580547112462006,0.4012345679012346,0.7513812154696132,0.3999999999999986,0.5625,0.4320987654320988,0.394736842105263
0.1388888888888888,0.5494505494505494,0.5117056856187291,0.1033434650455926,0.4814814814814815,0.4475138121546961,0.3999999999999986,0.125,0.3004115226337449,0.1842105263157893
0.3368055555555555,0.3437495331520998,0.5351170568561873,0.1306990881458966,0.617283950617284,0.7582195544050468,0.5753283036452511,0.4263208202463021,0.3004115226337449,0.1184210526315787
0.1701388888888888,0.6373626373626372,0.3779264214046822,0.0972644376899695,0.4938271604938272,0.6243093922651933,0.5999999999999943,0.3229166666666665,0.3961909414542957,0.24975899078182662
0.18709701967688847,0.3956043956043955,0.0434782608695652,0.0851063829787233,0.2093708242481725,0.4198895027624309,0.3999999999999986,0.4895833333333335,0.3292181069958848,0.5263157894736841
0.0694444444444444,0.3736263736263736,0.0635451505016722,0.094224924012158,0.2962962962962963,0.3701657458563536,0.1999999999999957,0.4791666666666665,0.2880658436213992,0.8552631578947365
0.2882953560929571,0.2967032967032967,0.3209151150242892,0.13333412019497856,0.0802469135802469,0.6519337016574586,0.530210735712809,0.49729779568725885,0.5102880658436215,0.2795867850072222
0.048611111111111,0.4285714285714285,0.0535117056856187,0.1033434650455926,0.154320987654321,0.5469613259668509,0.3999999999999986,0.7395833333333335,0.3127572016460905,0.3421052631578947
0.1597222222222222,0.1978021978021977,0.0301003344481605,0.1489361702127659,0.0864197530864197,0.4640883977900553,0.3999999999999986,0.3645833333333335,0.2469135802469136,0.263157894736842
0.2048611111111111,0.3516483516483516,0.2675585284280937,0.094224924012158,0.1111111111111111,0.3756906077348066,0.3999999999999986,0.2916666666666669,0.4609053497942388,0.5526315789473684
0.1493055555555555,0.3296703296703296,0.020066889632107,0.0820668693009118,0.074074074074074,0.3093922651933701,0.1999999999999957,0.21875,0.1687242798353909,0.7894736842105263
0.1493055555555555,0.3846153846153845,0.020066889632107,0.0851063829787233,0.1604938271604938,0.5745856353591161,0.3359839032001978,0.34375,0.3292181069958848,0.4473684210526314
0.24631837107593024,0.3736263736263736,0.07262635055096128,0.1063829787234042,0.35310992404308017,0.5911602209944751,0.16602109940174115,0.4895833333333335,0.33255481095312367,0.9210526315789472
0.1319444444444444,0.2637362637362637,0.4816053511705686,0.1428571428571428,0.4691358024691358,0.4751381215469613,0.3999999999999986,0.4166666666666665,0.2098765432098766,0.381578947368421
0.3159722222222221,0.2637362637362637,0.1003344481605351,0.0121580547112462,0.1604938271604938,0.2541436464088398,0.1999999999999957,0.2916666666666669,0.1810699588477366,0.605263157894737
0.1249999999999999,0.7912087912087911,0.16022149504936573,0.2320336344340275,0.2530864197530864,0.5801104972375691,0.3999999999999986,0.375,0.1687242798353909,0.2105263157894734
0.1388888888888888,0.3076923076923077,0.471571906354515,0.053734632034111746,0.1975308641975308,0.4088397790055249,0.43114159809219726,0.510416666666667,0.3212197698856342,0.5789473684210524
0.23386750431409314,0.2857142857142857,0.4314381270903009,0.0911854103343464,0.3271604938271605,0.6298342541436465,0.3999999999999986,0.4166666666666665,0.3004115226337449,0.3289473684210526
0.1805555555555555,0.2747252747252747,0.2675585284280937,0.0851063829787233,0.4074074074074074,0.5303867403314918,0.3999999999999986,0.510416666666667,0.1975308641975308,0.2368421052631577
0.0277777777777777,0.40543509525318905,0.21072309066784461,0.0759878419452887,0.2469135802469136,0.2430939226519337,0.3999999999999986,0.4583333333333335,0.6954732510288067,0.5789473684210524
0.17885065297575428,0.2967032967032967,0.2040133779264214,0.127659574468085,0.1728395061728395,0.3204419889502762,0.3999999999999986,0.3333333333333335,0.3127572016460905,0.263157894736842
0.20196333558817078,0.2527472527472527,0.294314381270903,0.0911854103343464,0.2839506172839506,0.4861878453038674,0.3999999999999986,0.4270833333333335,0.5514403292181072,0.3421052631578947
0.1145833333333333,0.3736263736263736,0.5919732441471572,0.1033434650455926,0.2839506172839506,0.7458563535911602,0.5811926665176413,0.3333333333333335,0.3539094650205762,0.276315789473684
0.3055555555555554,0.2527472527472527,0.3043478260869565,0.127659574468085,0.1296296296296296,0.3370165745856354,0.3999999999999986,0.34375,0.4197530864197532,0.5526315789473684
0.18569896304853695,0.4615384615384614,0.3511705685618729,0.0425531914893616,0.4012345679012346,0.6077348066298343,0.3999999999999986,0.2916666666666669,0.1152263374485597,0.5921052631578945
0.2152777777777777,0.1868131868131868,0.1070234113712374,0.094224924012158,0.1790123456790123,0.4198895027624309,0.3999999999999986,0.2604166666666665,0.3004115226337449,0.1710526315789471
0.1944444444444444,0.2857142857142857,0.0568561872909699,0.1246200607902735,0.0802469135802469,0.2762430939226519,0.3999999999999986,0.395833333333333,0.1975308641975308,0.2368421052631577
0.20878936518575741,0.2857142857142857,0.6254180602006689,0.1155015197568389,0.3765432098765432,0.6187845303867403,0.5999999999999943,0.34375,0.3119705096328369,0.1710526315789471
0.1249999999999999,0.5384615384615384,0.1605351170568562,0.1003039513677811,0.19112843634773324,0.3480662983425414,0.3999999999999986,0.34375,0.2098765432098766,0.4342105263157891
0.21895460010232326,0.3296703296703296,0.2575250836120402,0.1063829787234042,0.3333333333333333,0.5524861878453039,0.3999999999999986,0.8125000000000004,0.2345679012345679,0.4473684210526314
0.2256944444444444,0.3406593406593406,0.0066889632107023,0.0273556231003039,0.4074074074074074,0.5082872928176796,0.1999999999999957,0.1979166666666665,0.1152263374485597,0.605263157894737
0.1701388888888888,0.3626373626373626,0.0367892976588628,0.1185410334346504,0.345679012345679,0.5745856353591161,0.3999999999999986,0.375,0.3799913631944207,0.4342105263157891
0.2256944444444444,0.2987028398306437,0.4849498327759197,0.094224924012158,0.0617283950617284,0.3294426203737367,0.3999999999999986,0.677083333333333,0.3212673547482189,0.5921052631578945
0.4999999999999999,0.2857142857142857,0.197324414715719,0.1398176291793313,0.1234567901234568,0.425414364640884,0.3999999999999986,0.4791666666666665,0.3004115226337449,0.1842105263157893
0.20982627865271974,0.3626373626373626,0.6421404682274248,0.1489361702127659,0.345679012345679,0.585635359116022,0.5999999999999943,0.6458333333333335,0.2469135802469136,0.2644717689980993
0.4201388888888888,0.3186813186813186,0.177257525083612,0.0455927051671732,0.1358024691358025,0.3314917127071823,0.3999999999999986,0.2604166666666665,0.1975308641975308,0.7631578947368418
0.1249999999999999,0.27789137523104207,0.0535117056856187,0.1519756838905775,0.1975631317548726,0.3425414364640883,0.3999999999999986,1.0,0.4444444444444445,0.394736842105263
0.22597552868568538,0.2637362637362637,0.2441471571906354,0.0759878419452887,0.2530864197530864,0.35544686046793816,0.1999999999999957,0.375,0.2710202572295467,0.8552631578947365
0.2604166666666666,0.3846153846153845,0.0535117056856187,0.1003039513677811,0.0493827160493827,0.5745856353591161,0.1999999999999957,0.3645833333333335,0.2345679012345679,0.7105263157894737
0.1388888888888888,0.5444040375545928,0.7123745819397993,0.1354642986582656,0.3518518518518518,0.5780146384054794,0.7999999999999972,0.0,0.2633744855967078,0.2894736842105261
0.1388888888888888,0.3516483516483516,0.0568561872909699,0.0851063829787233,0.308641975308642,0.3977900552486188,0.1999999999999957,0.5520833333333335,0.34390016150776515,0.6578947368421051
0.0833333333333333,0.4065934065934065,0.0267558528428093,0.094224924012158,0.1049382716049383,0.3149171270718232,0.1999999999999957,0.3125000000000004,0.4979423868312758,0.7105263157894737
0.1319444444444444,0.4175824175824175,0.020066889632107,0.2127659574468085,0.3703703703703704,0.4419889502762431,0.3999999999999986,0.44182259841767413,0.3917097296918265,0.3188532193195158
0.2152777777777777,0.2967032967032967,0.5785953177257526,0.0516717325227963,0.1604938271604938,0.3204419889502762,0.3999999999999986,0.21875,0.1975308641975308,0.644736842105263
0.361111111111111,0.3076923076923077,0.5986622073578596,0.12378977884105975,0.3265314540526416,0.6022099447513812,0.5662321744978325,0.5416666666666665,0.3302417471404331,0.30577042941561083
0.2319690387829632,0.3186813186813186,0.588628762541806,0.0759878419452887,0.154320987654321,0.3597203017841354,0.3999999999999986,0.4166666666666665,0.1440329218106996,0.6842105263157896
0.1597222222222222,0.3076923076923077,0.3444816053511705,0.0516717325227963,0.0987654320987654,0.2486187845303867,0.3999999999999986,0.2083333333333334,0.1810699588477366,0.605263157894737
0.1938944215562568,0.44419910868236,0.822742474916388,0.2127659574468085,0.3209876543209877,0.5447765127506423,0.5999999999999943,0.28125,0.3539094650205762,0.3157894736842104
0.09827825690623286,0.3186813186813186,0.411371237458194,0.16873062712787681,1.0,0.7292817679558011,0.3999999999999986,0.1666666666666669,0.1975308641975308,0.25675535980276243
0.2187160866765641,0.1648351648351648,0.3110367892976589,0.1155015197568389,0.1975308641975308,0.3756906077348066,0.3999999999999986,0.25,0.4609053497942388,0.3289473684210526
0.0277777777777777,0.4327710449384905,0.4548494983277592,0.1702127659574467,0.308641975308642,0.425414364640884,0.5999999999999943,0.4583333333333335,0.3789804843261131,0.276315789473684
0.361111111111111,0.3516483516483516,0.0301003344481605,0.121580547112462,0.0617283950617284,0.34931932423185574,0.3999999999999986,0.3333333333333335,0.2345679012345679,0.5921052631578945
0.0833333333333333,0.8131868131868131,0.5919732441471572,0.1813333344821743,0.4259259259259259,0.5801104972375691,0.5782670874100159,0.31151626303632685,0.36900365720559475,0.30317282601305706
0.1701388888888888,0.4725274725274724,0.5852842809364548,0.1440286371029273,0.4197530864197531,0.617643497997566,0.5999999999999943,0.5,0.4197530864197532,0.263157894736842
0.1249999999999999,0.3296703296703296,0.4314381270903009,0.0364741641337386,0.1234567901234568,0.3977900552486188,0.3999999999999986,0.25,0.1440329218106996,0.5113463801211193
0.2152777777777777,0.3516483516483516,0.0267558528428093,0.1428571428571428,0.2037037037037037,0.6353591160220995,0.3999999999999986,0.5416666666666665,0.2633744855967078,0.368421052631579
0.1249999999999999,0.2747252747252747,-0.12452519973942583,0.127659574468085,0.25046318312381727,0.3899396912550297,0.1999999999999957,0.666666666666667,0.5102880658436215,0.5394736842105261
0.2916666666666666,0.31816257043101714,0.1638795986622073,0.0486322188449848,0.308641975308642,0.4419889502762431,0.1999999999999957,0.510416666666667,0.2098765432098766,0.8157894736842104
0.2256944444444444,0.2527472527472527,0.0635451505016722,0.1945288753799392,0.2222222222222222,0.4530386740331492,0.3999999999999986,0.3645833333333335,0.5102880658436215,0.3157894736842104
0.361111111111111,0.3076923076923077,0.5585284280936456,0.066869300911854,0.2345679012345679,0.41936853338200986,0.3999999999999986,0.28125,0.1975308641975308,0.7631578947368418
0.2916666666666666,0.3516483516483516,0.0434782608695652,0.0547112462006079,0.3209876543209877,0.3370165745856354,0.1999999999999957,0.6354166666666665,0.4197530864197532,0.8157894736842104
0.1249999999999999,0.3186813186813186,0.0033444816053511,0.0729483282674772,0.2592592592592593,0.287292817679558,0.1999999999999957,0.3854166666666669,0.1687242798353909,0.5394736842105261
0.1317038499693934,0.7252747252747253,0.8060200668896321,0.1155015197568389,0.1975308641975308,0.49706489011984917,0.5999999999999943,0.3131290404514297,0.3539094650205762,0.39254293614125296
0.2048611111111111,0.6043956043956044,0.14342124645792736,0.16444326788640867,0.21104318098219807,0.3977900552486188,0.3999999999999986,0.375,0.6049382716049384,0.394736842105263
0.1493055555555555,0.3736263736263736,0.0167224080267558,0.0729483282674772,0.3827160493827161,0.4042941654097131,0.0,0.5520833333333335,0.1152263374485597,0.894736842105263
0.0590277777777777,0.2417582417582417,0.0434782608695652,0.1003039513677811,0.2777777777777778,0.3535911602209944,0.1999999999999957,0.4791666666666665,0.1152263374485597,0.5921052631578945
0.0937499999999999,0.4494134310372263,0.7324414715719063,0.1094224924012157,0.3024691358024691,0.6740331491712708,0.5999999999999943,0.34375,0.3539094650205762,0.2680106603746589
0.19493575209882846,0.3186813186813186,0.6688963210702341,0.09226842095736064,0.2678692142710016,0.4419889502762431,0.5743524578443923,0.5625,0.32879490260322375,0.3564124887235437
0.19979466586371333,0.3076923076923077,0.3133635434099737,0.1063829787234042,0.4074074074074074,0.5338830364991782,0.3999999999999986,0.5833333333333335,0.2757201646090534,0.4736842105263155
0.2152777777777777,0.5494505494505494,0.6053511705685619,0.1094224924012157,0.2962962962962963,0.5420826119376354,0.5598447765913783,0.2916666666666669,0.3950617283950618,0.3481727745569878
0.8263888888888887,0.5384615384615384,0.4632872034241135,0.0516717325227963,0.308641975308642,0.6408839779005525,0.468971427565239,0.4583333333333335,0.1687242798353909,0.4736842105263155
0.1944444444444444,0.40229034348387493,0.7859531772575251,0.0790273556231002,0.3069372193151225,0.4530386740331492,0.3999999999999986,0.4270833333333335,0.2757201646090534,0.868421052631579
0.1041666666666666,0.3516483516483516,0.1170568561872909,0.0607902735562309,0.2320203578921422,0.3977900552486188,0.3999999999999986,0.614583333333333,0.5925925925925928,0.4898206788716595
0.2256944444444444,0.2857142857142857,0.0735785953177257,0.1306990881458966,0.2098765432098765,0.5745856353591161,0.36605299517433115,0.5937500000000004,0.3127572016460905,0.4210526315789471
0.7499999999999998,0.5494505494505494,0.0367892976588628,0.1094224924012157,0.144548989537361,0.4530386740331492,0.1999999999999957,0.4074373537094445,0.3292181069958848,0.644736842105263
0.1805555555555555,0.2857142857142857,0.3946488294314382,0.1003039513677811,0.3358653178154786,0.5130867396806014,0.3999999999999986,0.65625,0.5390946502057613,0.3157894736842104
0.1249999999999999,0.38111328333193584,0.5518394648829432,0.1489361702127659,0.9012345679012348,0.6132596685082873,0.46234535391428927,0.39397031658726345,0.3237117068357377,0.31789810081366376
0.1805555555555555,0.2087912087912087,0.3110367892976589,0.1094224924012157,0.7901234567901236,0.6077348066298343,0.3999999999999986,0.40625,0.3296179337891893,0.368421052631579
0.2708333333333333,0.25503839132107253,0.020066889632107,0.0547112462006079,0.0617283950617284,0.2885128356797166,0.1999999999999957,0.677083333333333,0.2469135802469136,0.6842105263157896
0.3055555555555554,0.3186813186813186,0.6856187290969901,0.121580547112462,0.4074074074074074,0.6574585635359116,0.5999999999999943,0.427702221894128,0.3150928330384714,0.263157894736842
0.2152777777777777,0.3296703296703296,0.020066889632107,0.0547112462006079,0.1851851851851852,0.3038674033149171,0.0,0.5416666666666665,0.2222222222222222,0.9736842105263156
0.1145833333333333,0.3406593406593406,0.2775919732441472,0.09024519379422549,0.2222222222222222,0.3591160220994475,0.39672598857348274,0.5,0.3539094650205762,0.4868421052631577
0.1493055555555555,0.5164835164835164,0.7795147284794435,0.1834822201305815,0.3663071270819603,0.6422902368901391,0.7999999999999972,0.3860079145882655,0.37074116383930855,0.018546858170982006
0.1805555555555555,0.3296703296703296,0.0735785953177257,0.0820668693009118,0.2777777777777778,0.43646408839779,0.1999999999999957,0.15625,0.0905349794238682,0.605263157894737
0.1978873911060333,0.3456927540640067,0.9063545150501672,0.10152139316185933,0.3388901992796415,0.5524861878453039,0.6876551165236391,0.572916666666667,0.32631298674783044,0.263157894736842
0.3368055555555555,0.0,0.0434782608695652,0.1732522796352583,0.2777777777777778,0.281767955801105,0.25963632561303157,0.5,0.29688666068628033,0.4868421052631577
0.1041666666666666,0.2857142857142857,0.6354515050167223,0.1155015197568389,0.4753086419753087,0.4861878453038674,0.3999999999999986,0.37220435847450606,0.1563786008230453,0.45620284384449744
0.2152777777777777,0.3516483516483516,0.0301003344481605,0.066869300911854,0.2345679012345679,0.5524861878453039,0.3999999999999986,0.2083333333333334,0.2469135802469136,0.4342105263157891
0.1493055555555555,0.2967032967032967,0.0568561872909699,0.121580547112462,0.308641975308642,0.585635359116022,0.3999999999999986,0.84375,0.4074074074074074,0.3421052631578947
0.0590277777777777,0.3736263736263736,0.0,0.0547112462006079,0.1975308641975308,0.2430939226519337,0.3999999999999986,0.4895833333333335,0.3662551440329218,0.4734083932628771
0.1805555555555555,0.2857142857142857,0.588628762541806,0.1398176291793313,0.3568358680948174,0.5966850828729282,0.5999999999999943,0.3645833333333335,0.48559670781893,0.3157894736842104
0.0590277777777777,0.2967032967032967,0.7859531772575251,0.127659574468085,0.1851851851851852,0.4585635359116022,0.5999999999999943,0.1666666666666669,0.2633744855967078,0.1184210526315787
0.1388888888888888,0.2637362637362637,0.0434782608695652,0.0820668693009118,0.2469135802469136,0.3867403314917127,0.1999999999999957,0.4583333333333335,0.3662551440329218,0.5921052631578945
0.17468065732947138,0.4505494505494504,0.7715153008911206,0.127659574468085,0.3706912731564663,0.6629834254143647,0.7999999999999972,0.5520833333333335,0.39202444605991105,0.06712376112660712
0.1805555555555555,0.3736263736263736,0.5183946488294314,0.17598099187431393,0.3827160493827161,0.8011049723756907,0.5999999999999943,0.2916666666666669,0.2345679012345679,0.11775897855045525
0.1249999999999999,0.3076923076923077,0.3678929765886287,0.1033434650455926,0.4506172839506173,0.6077348066298343,0.3999999999999986,0.375,0.31914476635371786,0.3421052631578947
0.1493055555555555,0.3946441479348376,0.0100334448160535,0.1337386018237081,0.2716049382716049,0.4972375690607734,0.3999999999999986,0.46426529516519127,0.39512049973889374,0.3421052631578947
0.20025198145663975,0.4505494505494504,0.0802675585284281,0.0729483282674772,0.1604938271604938,0.4972375690607734,0.3999999999999986,0.3125000000000004,0.3786008230452675,0.5263157894736841
0.0659722222222222,0.2637362637362637,0.0167224080267558,0.1306990881458966,0.1851851851851852,0.3480662983425414,0.3999999999999986,0.5520833333333335,0.3127572016460905,0.37932683393591204
0.1805555555555555,0.1648351648351648,0.0367892976588628,0.1489361702127659,0.2716049382716049,0.430939226519337,0.3999999999999986,0.375,0.2880658436213992,0.1315789473684208
0.2708333333333333,0.0439560439560439,0.020066889632107,0.1641337386018236,0.1728395061728395,0.3591160220994475,0.3999999999999986,0.5,0.4074074074074074,0.2105263157894734
0.1701388888888888,0.3296703296703296,0.3745819397993311,0.1246200607902735,0.3024691358024691,0.472979653514856,0.3999999999999986,0.25,0.4609053497942388,0.3421052631578947
0.1597222222222222,0.2967032967032967,0.4414715719063545,0.0911854103343464,0.2839506172839506,0.430939226519337,0.3999999999999986,0.5,0.1440329218106996,0.4856712659136522
0.1944444444444444,0.2417582417582417,0.5719063545150502,0.0790273556231002,0.2037037037037037,0.5138121546961326,0.3999999999999986,0.25,0.1316872427983539,0.4473684210526314
0.0833333333333333,0.38368256095679776,0.4816053511705686,0.0911854103343464,0.2222222222222222,0.3756906077348066,0.3999999999999986,0.3645833333333335,0.2880658436213992,0.4999999999999998
0.17738273778791266,0.6153846153846154,0.7941005511266077,0.23154748898266359,0.5857755902710033,1.0,0.7999999999999972,0.37729889432387914,0.39179181191624346,-0.07345657767544278
0.1041666666666666,0.2857142857142857,0.7424749163879599,0.1094224924012157,0.27667819852489545,0.4198895027624309,0.6487041783038203,0.45005450048498563,0.6049382716049384,0.2368421052631577
0.12232703968738398,0.5054945054945055,0.32234984964550223,0.11548413454846997,0.6543209876543211,0.6519337016574586,0.3690385641117419,0.4330057010436288,0.48559670781893,0.5526315789473684
0.2152777777777777,0.3186813186813186,0.0769230769230769,0.0820668693009118,0.0493827160493827,0.34377540350798697,0.3999999999999986,0.4270833333333335,0.5102880658436215,0.3289473684210526
0.1597222222222222,0.3736263736263736,0.3090317957126398,0.0607902735562309,0.2592592592592593,0.4530386740331492,0.3999999999999986,0.4583333333333335,0.1975308641975308,0.4473684210526314
0.3819444444444443,0.0769230769230769,0.0167224080267558,0.0577507598784194,0.0617283950617284,0.4419889502762431,0.1999999999999957,0.2291666666666669,0.0658436213991769,0.4868421052631577
0.1701388888888888,0.2967032967032967,0.0367892976588628,0.094224924012158,0.1358024691358025,0.3812154696132597,0.3999999999999986,0.5833333333333335,0.5102880658436215,0.4342105263157891
0.1249999999999999,0.4285714285714285,0.2775919732441472,0.0759878419452887,0.345679012345679,0.4806629834254143,0.1999999999999957,0.3645833333333335,0.1316872427983539,0.7894736842105263
0.2256944444444444,0.2857142857142857,0.3478260869565217,0.127659574468085,0.2839506172839506,0.5414364640883979,0.5999999999999943,0.46161059825981754,0.2633744855967078,0.18491051862759367
0.1805555555555555,0.8131868131868131,0.0367892976588628,0.0790273556231002,0.2037037037037037,0.48857506315152077,0.3999999999999986,0.5833333333333335,0.3292181069958848,0.5526315789473684
0.0937499999999999,0.4505494505494504,0.0167224080267558,0.094224924012158,0.2962962962962963,0.4861878453038674,0.1999999999999957,0.177083333333333,0.2469135802469136,0.5921052631578945
0.2152777777777777,0.4065934065934065,0.0267558528428093,0.1306990881458966,0.1111111111111111,0.3149171270718232,0.3999999999999986,0.5520833333333335,0.5102880658436215,0.3421052631578947
0.2152777777777777,0.3601461977247036,0.3511705685618729,0.1398176291793313,0.2592592592592593,0.5082872928176796,0.3999999999999986,0.4166666666666665,0.3950617283950618,0.3157894736842104
0.2152777777777777,0.3626373626373626,0.0702341137123745,0.1003039513677811,0.2345679012345679,0.430939226519337,0.1999999999999957,0.5520833333333335,0.2469135802469136,0.7894736842105263
0.3090277777777777,0.2747252747252747,0.29661804086672144,0.0607902735562309,0.2962962962962963,0.4088397790055249,0.3999999999999986,0.4479166666666669,0.5267489711934157,0.5526315789473684
0.25,0.4160130375436931,0.8168128997593214,0.1792306397539928,0.34772986536340755,0.6351318842354015,0.7999999999999972,0.3125000000000004,0.3353745633208062,0.00781701885667574
0.1944444444444444,0.2417582417582417,0.3478260869565217,0.0972644376899695,0.1975308641975308,0.5414364640883979,0.3999999999999986,0.666666666666667,0.5390946502057613,0.3157894736842104
0.4479166666666666,0.3054551864048266,0.1806020066889632,0.1891459755469525,0.2962962962962963,0.5690607734806631,0.45216192038702463,0.4479166666666669,0.2469135802469136,0.1842105263157893
0.1145833333333333,0.6593406593406592,0.0702341137123745,0.1155015197568389,0.3703703703703704,0.5690607734806631,0.3999999999999986,0.3020833333333335,0.4074074074074074,0.419122498643418
0.1249999999999999,0.2417582417582417,0.8461538461538463,0.11139818213576365,0.3024691358024691,0.3646408839779005,0.5999999999999943,0.4791666666666665,0.2811042839516142,0.1710526315789471
0.0833333333333333,0.4065934065934065,0.0367892976588628,0.1033434650455926,0.1111111111111111,0.3425414364640883,0.3999999999999986,0.4166666666666665,0.3539094650205762,0.431746167438853
0.2152777777777777,0.2417582417582417,0.0301003344481605,0.1155015197568389,0.1111111111111111,0.4585635359116022,0.3999999999999986,0.3333333333333335,0.7078189300411523,0.4210526315789471
0.1869726896700314,0.37484771924836124,0.0568561872909699,0.0547112462006079,0.2530864197530864,0.3977900552486188,0.1999999999999957,0.48518038242061085,0.5637860082304527,0.7894736842105263
0.25,0.3432361373846749,0.0535117056856187,0.0607902735562309,0.3827160493827161,0.5469613259668509,0.3999999999999986,0.6354166666666665,0.3950617283950618,0.5263157894736841
0.1388888888888888,0.2197802197802197,0.5652173913043479,0.1063829787234042,0.3518518518518518,0.4419889502762431,0.3999999999999986,0.21875,0.3662551440329218,0.2894736842105261
0.2048611111111111,0.4395604395604395,0.9966555183946488,0.1033434650455926,0.2777777777777778,0.5359116022099448,0.7999999999999972,0.1979166666666665,0.2899204081500434,0.1578947368421051
0.19723152184023077,0.3346034805153566,0.6053511705685619,0.121580547112462,0.35225629126039004,0.5148825076161332,0.3999999999999986,0.4479166666666669,0.3004115226337449,0.368421052631579
0.1868419998399537,0.4175824175824175,0.4448160535117057,0.1063829787234042,0.2716049382716049,0.430939226519337,0.3999999999999986,0.2291666666666669,0.0905349794238682,0.5263157894736841
0.1493055555555555,0.4285714285714285,0.0367892976588628,0.1428571428571428,0.31015138473375486,0.5414364640883979,0.3999999999999986,0.4583333333333335,0.3786008230452675,0.2236842105263157
0.2256944444444444,0.2967032967032967,0.4280936454849497,0.08933572141965379,0.4506172839506173,0.5359116022099448,0.3999999999999986,0.3333333333333335,0.1975308641975308,0.5263157894736841
0.17969536745322495,0.3528862069340172,0.9230769230769232,0.127659574468085,0.30358131178709824,0.4917127071823204,0.7281675521299305,0.4583333333333335,0.31251820309374045,0.1315789473684208
0.13196230015280838,0.4395604395604395,0.745819397993311,0.1003039513677811,0.345679012345679,0.4392265193370165,0.7999999999999972,0.40551007542973655,0.2345679012345679,0.1842105263157893
0.2812499999999999,0.5824175824175823,0.6454849498327759,0.1914819806255443,0.5000000000000001,0.4751381215469613,0.5999999999999943,0.2083333333333334,0.3083868555679402,0.1842105263157893
0.0833333333333333,0.3296703296703296,0.0635451505016722,0.0851063829787233,0.3024691358024691,0.6629834254143647,0.3999999999999986,0.5520833333333335,0.1810699588477366,0.7368421052631577
0.09888192549929146,0.5934065934065934,0.6454849498327759,0.1246200607902735,0.4938271604938272,0.5607734806629834,0.5999999999999943,0.3125000000000004,0.344119364399493,0.2765043653823731
0.1388888888888888,0.3736263736263736,0.0267558528428093,0.0425531914893616,0.1728395061728395,0.3701657458563536,0.1999999999999957,0.5833333333333335,0.1810699588477366,0.8157894736842104
0.1493055555555555,0.36436610136105113,0.554947957004422,0.0729483282674772,0.3595674412710805,0.6022099447513812,0.5999999999999943,0.4479166666666669,0.2757201646090534,0.1710526315789471
0.1145833333333333,0.4835164835164834,0.24799754259964774,0.0790273556231002,0.0617283950617284,0.3977900552486188,0.3999999999999986,0.4968176498150364,0.6172839506172841,0.8421052631578945
0.2152777777777777,0.3956043956043955,0.197324414715719,0.1428571428571428,0.2345679012345679,0.707182320441989,0.4333397958768802,0.625,0.4004448390644575,0.4210526315789471
0.22579732808120292,0.3516483516483516,0.411371237458194,0.155015197568389,0.3703703703703704,0.6464088397790055,0.3999999999999986,0.4270833333333335,0.2222222222222222,0.3289473684210526
0.1493055555555555,0.2417582417582417,0.0367892976588628,0.0851063829787233,0.2962962962962963,0.5414364640883979,0.3999999999999986,0.6354166666666665,0.4197530864197532,0.3289473684210526
0.1041666666666666,0.4065934065934065,0.0367892976588628,0.1246200607902735,0.2098765432098765,0.43646408839779,0.3999999999999986,0.395833333333333,0.3786008230452675,0.4868421052631577
0.1145833333333333,0.4065934065934065,0.0434782608695652,0.1246200607902735,0.16061348817830343,0.3093922651933701,0.3999999999999986,0.40625,0.3292181069958848,0.4999999999999998
0.1805555555555555,0.2637362637362637,0.2040133779264214,0.2948328267477204,0.2777777777777778,0.430939226519337,0.4106782399437514,0.395833333333333,0.3415637860082305,0.276315789473684
0.1701388888888888,0.3736263736263736,0.31438127090301,0.0547112462006079,0.154320987654321,0.5580110497237569,0.3999999999999986,0.3333333333333335,0.3539094650205762,0.4473684210526314
0.1041666666666666,0.3736263736263736,0.4648829431438127,0.0972644376899695,0.46348446970316726,0.701657458563536,0.3999999999999986,0.3854166666666669,0.2757201646090534,0.42059636672279316
0.1944444444444444,0.3296703296703296,0.2408026755852842,0.1428571428571428,0.345679012345679,0.5524861878453039,0.40887391170409876,0.44579599431974437,0.3292181069958848,0.37504630497056374
0.1145833333333333,0.4395604395604395,0.020066889632107,0.0911854103343464,0.2962962962962963,0.3535911602209944,0.3999999999999986,0.4583333333333335,0.4074074074074074,0.4868421052631577
0.25,0.3516483516483516,0.0100334448160535,0.0972644376899695,0.3024691358024691,0.4033149171270718,0.1999999999999957,0.3125000000000004,0.1810699588477366,0.7368421052631577
0.392361111111111,0.2857142857142857,0.1003344481605351,0.1003039513677811,0.2098765432098765,0.2651933701657459,0.1999999999999957,0.614583333333333,0.3662551440329218,0.6973684210526316
0.048611111111111,0.3076923076923077,0.1906354515050167,0.0547112462006079,0.0987654320987654,0.3535911602209944,0.3999999999999986,0.4791666666666665,0.3004115226337449,0.4210526315789471
0.2152777777777777,0.4395604395604395,0.0535117056856187,0.0516717325227963,0.1728395061728395,0.4088397790055249,0.3999999999999986,0.3854166666666669,0.2098765432098766,0.4999999999999998
0.2592988611271595,0.2857142857142857,0.8829431438127091,0.1306990881458966,0.1234567901234568,0.5082872928176796,0.5999999999999943,0.25,0.2398987073726625,0.29203968362716903
0.2048611111111111,0.5714285714285714,0.21728458671467238,0.0729483282674772,0.3209876543209877,0.6740331491712708,0.3999999999999986,0.4895833333333335,0.4732510288065844,0.4210526315789471
0.2152777777777777,0.34822220581687735,0.2608695652173913,0.1063829787234042,0.2345679012345679,0.4198895027624309,0.3999999999999986,0.40625,0.3662551440329218,0.381578947368421
0.1701388888888888,0.3626373626373626,0.0167224080267558,0.0486322188449848,0.3580246913580247,0.3756906077348066,0.1999999999999957,0.5833333333333335,0.2633744855967078,0.6998526494051582
0.1249999999999999,0.6263736263736263,0.0301003344481605,0.6778115501519756,0.2107458096497003,0.3149171270718232,0.3279287971030523,0.31491032772037275,0.35582019062916315,0.3421052631578947
0.170091225124163,0.5384615384615384,0.4013377926421405,0.1185410334346504,0.4259259259259259,0.6629834254143647,0.4673724637407322,0.46875,0.2222222222222222,0.394736842105263
0.2708333333333333,0.2197802197802197,0.2608695652173913,0.0729483282674772,0.1296296296296296,0.3922651933701658,0.3999999999999986,0.5625,0.2633744855967078,0.368421052631579
0.4930555555555555,0.1648351648351648,0.4816053511705686,0.0607902735562309,0.1358024691358025,0.4198895027624309,0.3999999999999986,0.5833333333333335,0.2772821341769609,0.381578947368421
0.2293167739309417,0.3626373626373626,0.0802675585284281,0.1033434650455926,0.2098765432098765,0.4198895027624309,0.1999999999999957,0.572916666666667,0.2757201646090534,0.8026315789473684
0.1493055555555555,0.2967032967032967,0.0301003344481605,0.1519756838905775,0.2530864197530864,0.5193370165745856,0.3971050921199879,0.4583333333333335,0.4320987654320988,0.263157894736842
0.1805555555555555,0.2637362637362637,0.6321070234113713,0.1063829787234042,0.3765432098765432,0.3977900552486188,0.5999999999999943,0.2916666666666669,0.4320987654320988,0.2554981397870364
0.2708333333333333,0.8131868131868131,0.0100334448160535,0.20742118251949354,0.1296296296296296,0.4475138121546961,0.3999999999999986,0.375,0.4089821228978446,0.381578947368421
0.15129188446012537,0.3736263736263736,0.2608695652173913,0.0759878419452887,0.2469135802469136,0.2651933701657459,0.3999999999999986,0.4270833333333335,0.3004115226337449,0.605263157894737
0.2812499999999999,0.2197802197802197,0.0434782608695652,0.8966565349544072,0.1790123456790123,0.4751381215469613,0.607305410050192,0.3645833333333335,0.5267489711934157,-0.47353537607940677
0.1145833333333333,0.6043956043956044,0.7391304347826086,0.1398176291793313,0.2592592592592593,0.5469613259668509,0.5999999999999943,0.32009310874785557,0.2757201646090534,0.2105263157894734
0.1493055555555555,0.4065934065934065,0.0535117056856187,0.0607902735562309,0.0308641975308642,0.1878453038674033,0.1999999999999957,0.5416666666666665,0.1440329218106996,0.7368421052631577
0.3055555555555554,0.41020709860321136,0.4280936454849497,0.1648265232228876,0.4102578057906666,0.7403314917127072,0.5537321378600408,0.46623640332174593,0.5637860082304527,0.2368421052631577
0.1041666666666666,0.3296703296703296,0.2709030100334447,0.0729483282674772,0.2716049382716049,0.5193370165745856,0.5999999999999943,0.6979166666666665,0.4323995908974898,0.0789473684210524
0.2604166666666666,0.2747252747252747,0.2976588628762542,0.0759878419452887,0.2962962962962963,0.3425414364640883,0.3999999999999986,0.44486710502974847,0.0,0.7368421052631577
0.3368055555555555,0.3736263736263736,0.2073578595317725,0.12977177923338315,0.1358024691358025,0.430939226519337,0.3999999999999986,0.4895833333333335,0.2469135802469136,0.4210526315789471
0.2150329632218873,0.8571428571428571,0.3627290397630513,0.1003039513677811,0.154320987654321,0.8839779005524862,0.49962445527580535,0.3884853893421337,0.4197530864197532,0.5263157894736841
0.1249999999999999,0.3626373626373626,0.0702341137123745,0.1337386018237081,0.1049382716049383,0.2430939226519337,0.3999999999999986,0.4479166666666669,0.2345679012345679,0.4473684210526314
0.111111111111111,0.1758241758241758,0.62876254180602,0.1306990881458966,0.2345679012345679,0.3867403314917127,0.3999999999999986,0.625,0.1975308641975308,0.4930371260159086
0.1388888888888888,0.2857142857142857,0.2913033754492365,0.1428571428571428,0.3703703703703704,0.6298342541436465,0.3999999999999986,0.375,0.3415637860082305,0.3515541084514252
0.1701388888888888,0.2527472527472527,0.2307692307692307,0.0729483282674772,0.3765432098765432,0.5524861878453039,0.3821332476789988,0.47406138869179615,0.3441147501905001,0.4342105263157891
0.15005241895222737,0.3516483516483516,0.0434782608695652,0.1094224924012157,0.2962962962962963,0.3093922651933701,0.1999999999999957,0.46875,0.934156378600823,0.7631578947368418
0.5312499999999999,0.2438707246142784,0.3377926421404682,0.1063829787234042,0.2592592592592593,0.4972375690607734,0.4953694457981151,0.572916666666667,0.4444444444444445,0.2894736842105261
0.0694444444444444,0.3186813186813186,0.0836120401337792,0.0547112462006079,0.4074074074074074,0.3977900552486188,0.1999999999999957,0.2916666666666669,0.1316872427983539,0.8552631578947365
0.1249999999999999,0.3956043956043955,0.0301003344481605,0.1489361702127659,0.2965886502014162,0.5248618784530387,0.3999999999999986,0.4479166666666669,0.3950617283950618,0.4210526315789471
0.5138888888888887,0.4285714285714285,0.3220308676002435,0.04634624406051341,0.1750186502571997,0.45076545793260137,0.3999999999999986,0.5095272171953176,0.5761316872427985,0.8421052631578945
0.3159722222222221,0.3360961376446193,0.1003344481605351,0.0851063829787233,0.3024691358024691,0.6519337016574586,0.3999999999999986,0.6354166666666665,0.3539094650205762,0.42880457785385273
0.2152777777777777,0.3626373626373626,0.1438127090301003,0.0699088145896656,0.1851851851851852,0.3867403314917127,0.1999999999999957,0.4479166666666669,0.2757201646090534,0.7091313472448244
0.1388888888888888,0.3626373626373626,0.0100334448160535,0.1033434650455926,0.3580246913580247,0.3646408839779005,0.1999999999999957,0.2916666666666669,0.5514403292181072,0.4868421052631577
0.15396357856240547,0.4945054945054944,0.19002794220013547,0.121580547112462,0.4074074074074074,0.6519337016574586,0.3999999999999986,0.4479166666666669,0.3950617283950618,0.1842105263157893
0.2256944444444444,0.3626373626373626,0.6354515050167223,0.0851063829787233,0.2530864197530864,0.3867403314917127,0.3999999999999986,0.2916666666666669,0.5514403292181072,0.4210526315789471
0.1388888888888888,0.2637362637362637,0.1638795986622073,0.1094224924012157,0.2777777777777778,0.4696132596685083,0.3999999999999986,0.5223507727552162,0.5390946502057613,0.5789473684210524
0.1944444444444444,0.4065934065934065,0.4448160535117057,0.08498960317239732,0.1111111111111111,0.2430939226519337,0.3999999999999986,0.3020833333333335,0.4074074074074074,0.5394736842105261
0.4583333333333332,0.0659340659340659,0.1003344481605351,0.1337386018237081,0.2283950617283951,0.4759813678848962,0.3999999999999986,0.5009559866277713,0.2633744855967078,0.2236842105263157
0.1597222222222222,0.5274725274725274,0.620583647205359,0.1063829787234042,0.6234567901234569,0.739920508840123,0.5999999999999943,0.4895833333333335,0.3127572016460905,0.263157894736842
0.1423611111111111,0.2967032967032967,0.5852842809364548,0.0577507598784194,0.2592592592592593,0.45008996818178804,0.3999999999999986,0.3229166666666665,0.3539094650205762,0.2368421052631577
0.1249999999999999,0.2417582417582417,0.020066889632107,0.0851063829787233,0.0246913580246913,0.4198895027624309,0.1999999999999957,0.34375,0.1810699588477366,0.5526315789473684
0.12400418072296929,0.3956043956043955,0.0267558528428093,0.0790273556231002,0.308641975308642,0.3922651933701658,0.3999999999999986,0.5,0.946502057613169,0.4622224305125366
0.1249999999999999,0.3736263736263736,0.020066889632107,0.0790273556231002,0.2469135802469136,0.3149171270718232,0.1999999999999957,0.4723635517503997,0.6707818930041154,0.631578947368421
0.5937499999999998,0.3296703296703296,0.015085622755841577,0.0577507598784194,0.1296296296296296,0.2430939226519337,0.180275047934227,0.40625,0.48559670781893,0.8552631578947365
0.0590277777777777,0.3296703296703296,0.0969899665551839,0.1033434650455926,0.2592592592592593,0.292817679558011,0.262857163706909,0.1458333333333334,0.3127572016460905,0.5526315789473684
0.0937499999999999,0.3296703296703296,0.6421404682274248,0.1398176291793313,0.3827160493827161,0.8066298342541437,0.5999999999999943,0.3854166666666669,0.3415637860082305,0.1842105263157893
0.1701388888888888,0.5384615384615384,0.2341137123745819,0.094224924012158,0.1358024691358025,0.3314917127071823,0.3999999999999986,0.375,0.1440329218106996,0.368421052631579
0.1597222222222222,0.3076923076923077,0.4916387959866221,0.1458966565349544,0.4444444444444445,0.4419889502762431,0.3999999999999986,0.4583333333333335,0.1563786008230453,0.4999999999999998
0.1805555555555555,0.3565005762943504,0.3745819397993311,0.121580547112462,0.6049382716049384,0.6850828729281768,0.3999999999999986,0.4791666666666665,0.3392743921581247,0.263157894736842
0.361111111111111,0.2637362637362637,0.31438127090301,0.155015197568389,0.308641975308642,0.5635359116022101,0.43905573972417145,0.4479166666666669,0.2345679012345679,0.3289473684210526
0.25,0.3956043956043955,0.0969899665551839,0.1306990881458966,0.1975308641975308,0.425414364640884,0.1999999999999957,0.5520833333333335,0.33172913812298144,0.6740770247118048
0.0590277777777777,0.5384615384615384,0.0267558528428093,0.0820668693009118,0.2037037037037037,0.3425414364640883,0.3999999999999986,0.46875,0.4444444444444445,0.4473684210526314
0.19018925549638255,0.3996436809585122,0.8294314381270903,0.11883550660861893,0.4004538822207102,0.6298342541436465,0.5999999999999943,0.3951040127056208,0.4074074074074074,0.29266688278571895
0.0694444444444444,0.4214912098271633,0.0836120401337792,0.1398176291793313,0.4814814814814815,0.5555386726817373,0.33310015212377375,0.4386538534289222,0.3761550381106933,0.42888960077810045
0.2604166666666666,0.3737963389470824,0.0267558528428093,0.155015197568389,0.3127817353497311,0.5911602209944751,0.3999999999999986,0.4574772243411541,0.3127572016460905,0.2894736842105261
0.1388888888888888,0.4285714285714285,0.0367892976588628,0.1398176291793313,0.1975308641975308,0.3535911602209944,0.3999999999999986,0.4166666666666665,0.3127572016460905,0.5394736842105261
0.15544344388092254,0.441292955249903,0.5919732441471572,0.16949879758442188,0.5246913580246915,0.6686075619293214,0.5999999999999943,0.28125,0.332354434396257,0.17027336623719247
0.0937499999999999,0.4285714285714285,0.020066889632107,0.0790273556231002,0.2469135802469136,0.2762430939226519,0.3999999999999986,0.40625,0.3539094650205762,0.4342105263157891
0.2083333333333332,0.3809591047089266,0.0735785953177257,0.1246200607902735,0.1296296296296296,0.4530386740331492,0.3999999999999986,0.4583333333333335,0.5925925925925928,0.3421052631578947
0.1041666666666666,0.4175824175824175,0.0267558528428093,0.0729483282674772,0.2839506172839506,0.3425414364640883,0.0,0.3645833333333335,0.3786008230452675,0.8157894736842104
0.17671491745297235,0.3956043956043955,0.0702341137123745,0.1063829787234042,0.3703703703703704,0.4972375690607734,0.3999999999999986,0.49298785554219937,0.39610504165526117,0.5921052631578945
0.13388858971582376,0.5384615384615384,0.3478260869565217,0.1094224924012157,0.4814814814814815,0.5935962642052304,0.3999999999999986,0.3333333333333335,0.34128891173650167,0.445579813780626
0.0833333333333333,0.3406593406593406,0.0434782608695652,0.1246200607902735,0.2777777777777778,0.430939226519337,0.3892189509147676,0.8125000000000004,0.5761316872427985,0.4210526315789471
0.1597222222222222,0.3626373626373626,0.0702341137123745,0.0273556231003039,0.1234567901234568,0.2992490261717182,0.1999999999999957,0.5,0.2880658436213992,0.7499999999999998
0.0937499999999999,0.4285714285714285,0.020066889632107,0.0790273556231002,0.2469135802469136,0.2762430939226519,0.3999999999999986,0.40625,0.3539094650205762,0.4342105263157891
0.1249999999999999,0.3626373626373626,0.0635451505016722,0.1094224924012157,0.2345679012345679,0.3314917127071823,0.3999999999999986,0.48894742897551585,0.4197530864197532,0.5921052631578945
0.048611111111111,0.3076923076923077,0.7424749163879599,0.1306990881458966,0.2222222222222222,0.5082872928176796,0.5999999999999943,0.21875,0.2098765432098766,0.1710526315789471
0.1388888888888888,0.4285714285714285,0.7157190635451506,0.155015197568389,0.3827160493827161,0.6685082872928177,0.5999999999999943,0.2395833333333334,0.3292181069958848,0.20820998778910005
0.1249999999999999,0.4505494505494504,0.31438127090301,0.0729483282674772,0.3024691358024691,0.3867403314917127,0.3999999999999986,0.4166666666666665,0.3004115226337449,0.605263157894737
0.3472222222222222,0.2087912087912087,0.3244147157190635,0.0972644376899695,0.4938271604938272,0.5138121546961326,0.3999999999999986,0.46875,0.31377531639625955,0.3421052631578947
0.1319444444444444,0.4395604395604395,0.1806020066889632,0.0577507598784194,0.2222222222222222,0.3977900552486188,0.1999999999999957,0.791666666666667,0.1687242798353909,0.8421052631578945
0.1597222222222222,0.4945054945054944,0.0802675585284281,0.1094224924012157,0.308641975308642,0.3977900552486188,0.1999999999999957,0.40625,0.3292181069958848,0.6842105263157896
0.2256944444444444,0.5384615384615384,0.7792642140468228,0.12328154679688932,0.0864197530864197,0.3977900552486188,0.7999999999999972,0.4166666666666665,0.36267301082650105,0.263157894736842
0.2604166666666666,0.1758241758241758,0.3311036789297659,0.0820668693009118,0.1975308641975308,0.3867403314917127,0.3999999999999986,0.677083333333333,0.2880658436213992,0.3421052631578947
0.1249999999999999,0.2197802197802197,0.8127090301003345,0.1063829787234042,0.3209876543209877,0.3756906077348066,0.5999999999999943,0.4583333333333335,0.3004115226337449,0.1578947368421051
0.2048611111111111,0.2527472527472527,0.0167224080267558,0.1063829787234042,0.2962962962962963,0.6243093922651933,0.1999999999999957,0.510416666666667,0.1440329218106996,0.6842105263157896
0.25,0.3516483516483516,0.3913043478260869,0.0851063829787233,0.0555555555555555,0.0883977900552486,0.1999999999999957,0.4583333333333335,0.24662086830844177,0.8157894736842104
0.4027777777777777,0.3186813186813186,0.7491638795986623,0.0364741641337386,0.1604938271604938,0.4861878453038674,0.3999999999999986,0.375,0.3292181069958848,0.6973684210526316
0.20706227546800343,0.6905725361781652,0.41464914143633386,1.0,0.5285044782408426,0.8901015627835464,0.8234966495596217,0.26711019491097016,0.42276766276187333,-0.7246048623199453
0.2795551249634285,0.2857142857142857,0.4849498327759197,0.1580547112462006,0.2530864197530864,0.6298342541436465,0.3999999999999986,0.2916666666666669,0.2469135802469136,0.4999999999999998
0.0694444444444444,0.3186813186813186,0.2240802675585284,0.0516717325227963,0.1851851851851852,0.3591160220994475,0.1999999999999957,0.3854166666666669,0.1440329218106996,0.7499999999999998
0.16989606451809544,0.4065934065934065,0.0267558528428093,0.0790273556231002,0.3518518518518518,0.4198895027624309,0.1999999999999957,0.4270833333333335,0.3662551440329218,0.7631578947368418
0.4479166666666666,0.2637362637362637,0.0702341137123745,0.03813280795763202,0.0987654320987654,0.5303867403314918,0.1999999999999957,0.5294455787829173,0.48559670781893,0.868421052631579
0.1493055555555555,0.4395604395604395,0.7792642140468228,0.1443913130666693,0.6481481481481483,0.6906077348066298,0.6105193722373208,0.38119769655557717,0.3226228008747809,0.2368421052631577
0.4930555555555555,0.1868131868131868,0.3946488294314382,0.094224924012158,0.0864197530864197,0.1823204419889502,0.3999999999999986,0.3333333333333335,0.0905349794238682,0.263157894736842
0.1805555555555555,0.2747252747252747,0.0535117056856187,0.0972644376899695,0.0555555555555555,0.3646408839779005,0.3999999999999986,0.3333333333333335,0.4074074074074074,0.1710526315789471
0.1701388888888888,0.1648351648351648,0.020066889632107,0.1398176291793313,0.2716049382716049,0.4198895027624309,0.3999999999999986,0.3333333333333335,0.3004115226337449,0.1315789473684208
0.0833333333333333,0.5384615384615384,0.0167224080267558,0.0699088145896656,0.2098765432098765,0.42380042615968117,0.3999999999999986,0.25,0.5925925925925928,0.4210526315789471
0.1493055555555555,0.3186813186813186,0.0635451505016722,0.033434650455927,0.1358024691358025,0.2762430939226519,0.1999999999999957,0.4895833333333335,0.2880658436213992,0.7894736842105263
0.6666666666666664,0.1098901098901098,0.6521739130434783,0.1063829787234042,0.25273028618947885,0.57693666721405,0.598899099330493,0.34375,0.3539094650205762,0.1842105263157893
0.4583333333333332,0.2857142857142857,0.2608695652173913,0.0851063829787233,0.2037037037037037,0.4419889502762431,0.1999999999999957,0.3645833333333335,0.0493827160493827,0.868421052631579
0.1597222222222222,0.4285714285714285,0.0702341137123745,0.07289460074939468,0.2283950617283951,0.4198895027624309,0.1999999999999957,0.510416666666667,0.3425623538553251,0.7368421052631577
0.2361111111111111,0.2857142857142857,0.0367892976588628,0.1519756838905775,0.1234567901234568,0.4806629834254143,0.3999999999999986,0.4791666666666665,0.1687242798353909,0.4736842105263155
0.2152777777777777,0.3186813186813186,0.1070234113712374,0.0425531914893616,0.2839506172839506,0.3535911602209944,0.3999999999999986,0.5416666666666665,0.5267489711934157,0.5789473684210524
0.1701388888888888,0.2637362637362637,0.4481605351170569,0.1063829787234042,0.4320987654320988,0.5193370165745856,0.3999999999999986,0.5416666666666665,0.1975308641975308,0.2368421052631577
0.2152777777777777,0.5384615384615384,0.0434782608695652,0.1094224924012157,0.2345679012345679,0.3314917127071823,0.39545037465616334,0.625,0.4732510288065844,0.381578947368421
0.15133674564298244,0.5054945054945055,0.3485434110863553,0.16800817277546973,0.32172397846450773,0.5538082818554652,0.5329957776134215,0.4166666666666665,0.5761316872427985,0.2368421052631577
0.1944444444444444,0.2747252747252747,0.6454849498327759,0.1428571428571428,0.40314104218752045,0.6574585635359116,0.5999999999999943,0.42106470507534166,0.2633744855967078,0.1710526315789471
0.1493055555555555,0.3736263736263736,0.2073578595317725,0.094224924012158,0.3333333333333333,0.5524861878453039,0.3999999999999986,0.4479166666666669,0.4732510288065844,0.4473684210526314
0.2361111111111111,0.3846153846153845,0.22406462783335918,0.127659574468085,0.0493827160493827,0.5635359116022101,0.3999999999999986,0.4791666666666665,0.2469135802469136,0.4736842105263155
0.1944444444444444,0.4615384615384614,0.0535117056856187,0.0607902735562309,0.2283950617283951,0.4233251099246002,0.3999999999999986,0.3333333333333335,0.2098765432098766,0.5921052631578945
0.1249999999999999,0.3516483516483516,0.2709030100334447,0.1428571428571428,0.308641975308642,0.5193370165745856,0.3999999999999986,0.458866587256224,0.4444444444444445,0.4868421052631577
0.1701388888888888,0.1978021978021977,0.2539552864187519,0.0729483282674772,0.1296296296296296,0.4585635359116022,0.3999999999999986,0.5520833333333335,0.1563786008230453,0.381578947368421
0.1493055555555555,0.4065934065934065,0.2842809364548495,0.0486322188449848,0.2962962962962963,0.3985962928978949,0.1999999999999957,0.4270833333333335,0.1440329218106996,0.7631578947368418
0.2048611111111111,0.3516483516483516,0.0301003344481605,0.0303951367781155,0.1234567901234568,0.1325966850828729,0.1999999999999957,0.5833333333333335,0.1563786008230453,0.605263157894737
0.1493055555555555,0.5164835164835164,0.0267558528428093,0.12060940124485169,0.1296296296296296,0.4419889502762431,0.3999999999999986,0.4270833333333335,0.3976857710281676,0.5263157894736841
0.2152777777777777,0.4945054945054944,0.1438127090301003,0.6382978723404255,0.6049382716049384,0.6243093922651933,0.3999999999999986,0.3316073245628608,0.3531105334960948,-0.02181268568920025
0.15663790192445526,0.3626373626373626,0.0468227424749164,0.13854735687566688,0.5308641975308643,0.5635359116022101,0.32383124481846415,0.5520833333333335,0.38694363464030485,0.4210526315789471
0.4583333333333332,0.3412866649749435,0.3779264214046822,0.0790273556231002,0.1728395061728395,0.585635359116022,0.3550254529089679,0.5,0.3127572016460905,0.7368421052631577
0.3472222222222222,0.2197802197802197,0.22844446556639558,0.1641337386018236,0.1049382716049383,0.5801104972375691,0.3999999999999986,0.3125000000000004,0.2222222222222222,0.2368421052631577
0.1701388888888888,0.2857142857142857,0.0735785953177257,0.0759878419452887,0.14811502884953226,0.2265193370165745,0.1999999999999957,0.3645833333333335,0.3292181069958848,0.7236842105263157
0.15211965473664088,0.5384615384615384,0.3745819397993311,0.0759878419452887,0.1604938271604938,0.3093922651933701,0.3999999999999986,0.3987465982888885,0.33244570834531667,0.6973684210526316
0.0381944444444444,0.5384615384615384,0.2709030100334447,0.1398176291793313,0.1604938271604938,0.3977900552486188,0.3999999999999986,0.5833333333333335,0.1687242798353909,0.2368421052631577
0.1617018710911072,0.5384615384615384,0.5117056856187291,0.121580547112462,0.3019309455322827,0.5444079288293955,0.5999999999999943,0.5416666666666665,0.3907876765151463,0.381578947368421
0.14280796651772787,0.4655109951884665,0.33683752537612494,0.17096992425152985,0.30299134794931004,0.5138121546961326,0.5340243199205373,0.25,0.7613168724279836,0.2105263157894734
0.1145833333333333,0.5384615384615384,0.0535117056856187,0.0851063829787233,0.345679012345679,0.5193370165745856,0.1999999999999957,0.5520833333333335,0.2757201646090534,0.8026315789473684
0.4166666666666666,0.3516483516483516,0.06624879968696717,0.0273556231003039,0.1604938271604938,0.4088397790055249,0.1999999999999957,0.395833333333333,0.3950617283950618,0.8157894736842104
0.1041666666666666,0.4175824175824175,0.0100334448160535,0.0820668693009118,0.154320987654321,0.2320441988950276,0.3999999999999986,0.4583333333333335,0.1810699588477366,0.5263157894736841
0.1597222222222222,0.35504736948095683,0.0468227424749164,0.121580547112462,0.1975308641975308,0.4198895027624309,0.3999999999999986,0.5937500000000004,0.48559670781893,0.368421052631579
0.1701388888888888,0.2087912087912087,0.3946488294314382,0.1306990881458966,0.4197530864197531,0.6519337016574586,0.3999999999999986,0.40625,0.3786008230452675,0.2894736842105261
0.3368055555555555,0.0549450549450549,0.0367892976588628,0.1732522796352583,0.1234567901234568,0.4033149171270718,0.3999999999999986,0.4583333333333335,0.4320987654320988,0.2105263157894734
0.1249999999999999,0.3956043956043955,0.2508361204013378,0.0547112462006079,0.2283950617283951,0.3480662983425414,0.3999999999999986,0.45109891664318036,0.3127572016460905,0.6578947368421051
0.3472222222222222,0.3674412476203569,0.4481605351170569,0.155015197568389,0.2731641842456821,0.5536261808619783,0.5999999999999943,0.3854166666666669,0.3447921055832769,0.2236842105263157
0.15803949628648506,0.3516483516483516,0.0434782608695652,0.1398176291793313,0.3703703703703704,0.5138121546961326,0.3999999999999986,0.5312500000000004,0.6954732510288067,0.276315789473684
0.3263888888888888,0.21720269249619978,0.0468227424749164,0.0759878419452887,0.3024691358024691,0.2707182320441989,0.25453772334955327,0.8020833333333335,0.3292181069958848,0.6639740822683637
0.2361111111111111,0.39556314581583907,0.0468227424749164,0.0790273556231002,0.3580246913580247,0.5176009793103913,0.3999999999999986,0.2916666666666669,0.3292181069958848,0.4342105263157891
0.14598507761284318,0.5384615384615384,0.2073578595317725,0.0790273556231002,0.1234567901234568,0.3480662983425414,0.4076287516489122,0.5,0.5925925925925928,0.5407442019908633
0.25,0.4505494505494504,0.0635451505016722,0.0486322188449848,0.0987654320987654,0.2541436464088398,0.1999999999999957,0.4459050385419716,0.5267489711934157,0.7631578947368418
0.0694444444444444,0.2967032967032967,0.0367892976588628,0.0820668693009118,0.1481481481481481,0.3204419889502762,0.3999999999999986,0.677083333333333,0.2469135802469136,0.5263157894736841
0.1249999999999999,0.5824175824175823,0.7658862876254181,0.1337386018237081,0.1604938271604938,0.4640883977900553,0.5999999999999943,0.2083333333333334,0.1563786008230453,0.2368421052631577
0.3368055555555555,0.4052516400601602,0.8833765615519342,0.1428571428571428,0.30105273419797685,0.6022099447513812,0.7999999999999972,0.4166666666666665,0.3415637860082305,0.2894736842105261
0.2361111111111111,0.35437912666797555,0.822742474916388,0.1458966565349544,0.2777777777777778,0.6077348066298343,0.5999999999999943,0.5,0.4074074074074074,0.1842105263157893
0.16547327536671896,0.4035131377715888,0.0267558528428093,0.1458966565349544,0.2910992635036842,0.5248618784530387,0.4326991275364267,0.5312500000000004,0.7489711934156379,0.276315789473684
0.2256944444444444,0.3076923076923077,0.0301003344481605,0.0759878419452887,0.2098765432098765,0.3535911602209944,0.0,0.25,0.2222222222222222,0.9078947368421052
0.21531826127738452,0.2197802197802197,0.2675585284280937,0.1702127659574467,0.4074074074074074,0.5344010796960403,0.3999999999999986,0.4166666666666665,0.2757201646090534,0.3157894736842104
0.3055555555555554,0.1538461538461538,0.1638795986622073,0.1641337386018236,0.19886752919185127,0.3756906077348066,0.3999999999999986,0.3229166666666665,0.1440329218106996,0.2105263157894734
0.1388888888888888,0.3296703296703296,-0.0095969010341031,0.0699088145896656,0.1111111111111111,0.2983425414364641,0.1999999999999957,0.510416666666667,0.2222222222222222,0.6578947368421051
0.1597222222222222,0.5604395604395603,0.3846153846153846,0.19604300925710738,0.4814814814814815,0.6574585635359116,0.3999999999999986,0.4583333333333335,0.34909481779295803,0.2105263157894734
0.0833333333333333,0.2087912087912087,0.257220087284783,0.1155015197568389,0.4506172839506173,0.5524861878453039,0.40058347821292656,0.5520833333333335,0.5637860082304527,0.4342105263157891
0.2256944444444444,0.3736263736263736,0.3511705685618729,0.1580547112462006,0.32275120861366213,0.6022099447513812,0.5999999999999943,0.677083333333333,0.5102880658436215,0.21178013145144037
0.15601648847863855,0.8131868131868131,0.20185124115431935,0.5562310030395136,0.3745583584409744,0.6289461516632096,0.4540066039940872,0.2916666666666669,0.3004115226337449,0.2105263157894734
0.1946364754054393,0.46059859135092973,0.5618729096989967,0.15234064330252117,0.4814814814814815,0.7845303867403315,0.5999999999999943,0.3854166666666669,0.4320987654320988,0.263157894736842
0.2604166666666666,0.3956043956043955,0.4314381270903009,0.0547112462006079,0.345679012345679,0.430939226519337,0.3999999999999986,0.510416666666667,0.1563786008230453,0.6842105263157896
0.0937499999999999,0.3406593406593406,0.0434782608695652,0.1702127659574467,0.2345679012345679,0.5966850828729282,0.3999999999999986,0.5833333333333335,0.2757201646090534,0.644736842105263
0.25,0.1538461538461538,0.2140468227424749,0.1337386018237081,0.2037037037037037,0.4246856545338488,0.3999999999999986,0.4583333333333335,0.3292181069958848,0.2368421052631577
0.0937499999999999,0.3846153846153845,0.6789297658862877,0.0851063829787233,0.3827160493827161,0.3977900552486188,0.3999999999999986,0.25,0.5267489711934157,0.4736842105263155
0.0937499999999999,0.3626373626373626,0.0267558528428093,0.0607902735562309,0.1604938271604938,0.281767955801105,0.1999999999999957,0.3333333333333335,0.5102880658436215,0.7499999999999998
0.1249999999999999,0.2967032967032967,0.0434782608695652,0.1519756838905775,0.3518518518518518,0.3204419889502762,0.3999999999999986,0.5312500000000004,0.2757201646090534,0.3289473684210526
0.2048611111111111,0.5274725274725274,0.20563766793292088,0.14244709267752292,0.2777777777777778,0.6187845303867403,0.3999999999999986,0.4166666666666665,0.5390946502057613,0.4473684210526314
0.1597222222222222,0.3076923076923077,0.536508447353629,0.11763576116229606,0.35932465274190584,0.6077348066298343,0.5999999999999943,0.6458333333333335,0.2633744855967078,0.263157894736842
0.1041666666666666,0.3406593406593406,0.3511705685618729,0.1398176291793313,0.2469135802469136,0.7403314917127072,0.3999999999999986,0.5416666666666665,0.4732510288065844,0.4210526315789471
0.2916666666666666,0.3736263736263736,0.1270903010033444,0.0516717325227963,0.3271604938271605,0.5580110497237569,0.1999999999999957,0.2604166666666665,0.1316872427983539,0.7631578947368418
0.1944444444444444,0.5604395604395603,0.3779264214046822,0.19217968847422956,0.3827160493827161,0.5833906689777179,0.3999999999999986,0.34218425213667425,0.3257832961420994,0.2368421052631577
0.1805555555555555,0.355050817892946,0.20343309283496352,0.121580547112462,0.3518518518518518,0.6464088397790055,0.3999999999999986,0.46875,0.3127572016460905,0.1710526315789471
0.1388888888888888,0.2747252747252747,0.0434782608695652,0.0790273556231002,0.2098765432098765,0.4861878453038674,0.3999999999999986,0.5416666666666665,0.4074074074074074,0.394736842105263
0.2604166666666666,0.3296703296703296,0.0535117056856187,0.1094224924012157,0.345679012345679,0.4861878453038674,0.3999999999999986,0.25,0.2880658436213992,0.4868421052631577
0.1701388888888888,0.3736263736263736,0.2976588628762542,0.0729483282674772,0.20370963920868584,0.3259668508287293,0.3999999999999986,0.46875,0.2345679012345679,0.2105263157894734
0.1666666666666666,0.7142857142857142,0.020066889632107,0.2279635258358662,0.1234567901234568,0.4640883977900553,0.3999999999999986,0.4479166666666669,0.2469135802469136,0.2368421052631577
0.12292889663096174,0.3956043956043955,0.0535117056856187,0.0972644376899695,0.2962962962962963,0.292817679558011,0.2964752628698819,0.5,0.9876543209876546,0.6842105263157896
0.2152777777777777,0.7802197802197801,0.11298499163305625,0.5106382978723404,0.345679012345679,0.5082872928176796,0.3999999999999986,0.3333333333333335,0.2469135802469136,0.18047124302324213
0.1145833333333333,0.3076923076923077,0.1003344481605351,0.0699088145896656,0.2962962962962963,0.3093922651933701,0.22778842717378905,0.25,0.2633744855967078,0.6578947368421051
0.2256944444444444,0.2857142857142857,0.2140468227424749,0.0820668693009118,0.2777777777777778,0.5082872928176796,0.3999999999999986,0.4583333333333335,0.2345679012345679,0.4210526315789471
0.1854361970054333,0.4175824175824175,0.5842965639232767,0.155015197568389,0.4320987654320988,0.6740331491712708,0.5999999999999943,0.3333333333333335,0.2757201646090534,0.1710526315789471
0.2361111111111111,0.4175824175824175,0.2107023411371237,0.0699088145896656,0.1991087474889903,0.3093922651933701,0.1999999999999957,0.6458333333333335,0.2469135802469136,0.6578947368421051
0.3055555555555554,0.3736263736263736,0.4013377926421405,0.1337386018237081,0.345679012345679,0.5801104972375691,0.5999999999999943,0.4545373557172868,0.3786008230452675,0.2105263157894734
0.2708333333333333,0.3389118469180453,0.3210702341137124,0.0729483282674772,0.2777777777777778,0.4033149171270718,0.3999999999999986,0.4408490276310414,0.2222222222222222,0.605263157894737
0.3263888888888888,0.4615384615384614,0.2876254180602007,0.182370820668693,0.3209876543209877,0.5646049126989976,0.3999999999999986,0.375,0.4074074074074074,0.2368421052631577
0.19851769610198342,0.34837386832080297,0.2775919732441472,0.0729483282674772,0.3950617283950617,0.49143684672948545,0.3053935149586139,0.729166666666667,0.4609053497942388,0.7894736842105263
0.3437499999999999,0.20302531166494178,0.0434782608695652,0.0911854103343464,0.2037037037037037,0.287292817679558,0.3999999999999986,0.75,0.2345679012345679,0.3421052631578947
0.1249999999999999,0.3076923076923077,0.0735785953177257,0.094224924012158,0.1790123456790123,0.4198895027624309,0.3999999999999986,0.4270833333333335,0.3292181069958848,0.4342105263157891
0.1388888888888888,0.4395604395604395,0.4849498327759197,0.0790273556231002,0.1790123456790123,0.287292817679558,0.3999999999999986,0.28125,0.2469135802469136,0.4342105263157891
0.4722222222222221,0.1586842211235352,0.282615222264519,0.0547112462006079,0.2222222222222222,0.2762430939226519,0.3999999999999986,0.40625,0.1152263374485597,0.1842105263157893
0.1493055555555555,0.2857142857142857,0.3946488294314382,0.1428571428571428,0.3703703703703704,0.5146406225557196,0.3999999999999986,0.375,0.3539094650205762,0.263157894736842
0.2256944444444444,0.4065934065934065,0.2876254180602007,0.1337386018237081,0.0864197530864197,0.5635359116022101,0.3999999999999986,0.4791666666666665,0.2098765432098766,0.4443199334116508
0.2604166666666666,0.4285714285714285,0.2341137123745819,0.05608289628186827,0.3518518518518518,0.5635359116022101,0.3999999999999986,0.5416666666666665,0.37876469816915004,0.7631578947368418
0.2361111111111111,0.3516483516483516,0.4013377926421405,0.1033434650455926,0.2469135802469136,0.3480662983425414,0.3999999999999986,0.4791666666666665,0.31530336166713,0.5526315789473684
0.1388888888888888,0.4065934065934065,0.33023495222634885,0.127659574468085,0.4753086419753087,0.5138121546961326,0.3999999999999986,0.125,0.3415637860082305,0.2236842105263157
0.2361111111111111,0.3626373626373626,0.4849498327759197,0.066869300911854,0.16743208722769293,0.292817679558011,0.3999999999999986,0.34375,0.2633744855967078,0.7105263157894737
0.15488070091742592,0.4615384615384614,0.0802675585284281,0.1398176291793313,0.2037037037037037,0.3812154696132597,0.3999999999999986,0.25,0.2633744855967078,0.3421052631578947
0.2361111111111111,0.4217426028796652,0.483572750354706,0.121580547112462,0.4624542428371685,0.8011049723756907,0.569932602977751,0.46875,0.5102880658436215,0.2368421052631577
0.2381359238882089,0.34146252103173425,0.0267558528428093,0.1641337386018236,0.3333333333333333,0.7127071823204421,0.4492254374040403,0.8020833333333335,0.3662551440329218,0.2105263157894734
0.3472222222222222,0.1538461538461538,0.5284280936454849,0.1155015197568389,0.1296296296296296,0.3093922651933701,0.44728388404965336,0.4583333333333335,0.1316872427983539,0.4736842105263155
0.1388888888888888,0.3981341197097759,0.3578595317725752,0.094224924012158,0.3950617283950617,0.5193370165745856,0.3999999999999986,0.40167513876327127,0.0493827160493827,0.5921052631578945
0.1041666666666666,0.3846153846153845,0.2842809364548495,0.0425531914893616,0.0617283950617284,0.1104972375690607,0.3999999999999986,0.0625,0.3786008230452675,0.4999999999999998
0.2239098452484931,0.2637362637362637,0.3511705685618729,0.1063829787234042,0.154320987654321,0.3756906077348066,0.3999999999999986,0.614583333333333,0.33275323444228555,0.4342105263157891
0.2256944444444444,0.3296703296703296,0.0033444816053511,0.1094224924012157,0.1111111111111111,0.3646408839779005,0.3999999999999986,0.2083333333333334,0.337995040823026,0.368421052631579
0.0277777777777777,0.4175824175824175,0.0535117056856187,0.1155015197568389,0.24044430023322733,0.40165784465014753,0.3999999999999986,0.5520833333333335,0.8806584362139919,0.644736842105263
0.3715277777777777,0.34355999902211987,0.5304760354334184,0.15425039222917486,0.2901350507720507,0.5696995673966709,0.5999999999999943,0.4331738466020517,0.33378595214749085,0.2105263157894734
0.1145833333333333,0.4395604395604395,0.0468227424749164,0.0607902735562309,0.3765432098765432,0.4530386740331492,0.3999999999999986,0.6458333333333335,0.3415637860082305,0.605263157894737
0.1388888888888888,0.4615384615384614,0.3511705685618729,0.1063829787234042,0.4444444444444445,0.6574585635359116,0.3999999999999986,0.4583333333333335,0.3292181069958848,0.2236842105263157
0.3159722222222221,0.2637362637362637,0.0100334448160535,0.121580547112462,0.0493827160493827,0.3977900552486188,0.3999999999999986,0.25,0.102880658436214,0.368421052631579
0.1388888888888888,0.3736263736263736,0.05598851131972843,0.0425531914893616,0.1728395061728395,0.3701657458563536,0.1999999999999957,0.5833333333333335,0.1810699588477366,0.8157894736842104
0.1805555555555555,0.3296703296703296,0.6521739130434783,0.12379595084325415,0.5493827160493828,0.5524861878453039,0.5999999999999943,0.40625,0.3539094650205762,0.276315789473684
0.1597222222222222,0.3516483516483516,0.6086956521739131,0.0972644376899695,0.3333333333333333,0.430939226519337,0.3999999999999986,0.46875,0.3950617283950618,0.4210526315789471
0.1388888888888888,0.3516483516483516,0.0267558528428093,0.11273367992607267,0.4691358024691358,0.3756906077348066,0.24795032938881012,0.34375,0.4197530864197532,0.5517091890915504
0.2326388888888888,0.2967032967032967,0.040133779264214,0.0455927051671732,0.1049382716049383,0.2209944751381215,0.1999999999999957,0.5937500000000004,0.2222222222222222,0.6842105263157896
0.1944444444444444,0.3186813186813186,0.1003344481605351,0.0851063829787233,0.1975308641975308,0.3535911602209944,0.1999999999999957,0.5520833333333335,0.2345679012345679,0.631578947368421
0.1597222222222222,0.3165713007231941,0.7892976588628764,0.0911854103343464,0.2098765432098765,0.47740298068091097,0.5999999999999943,0.7083333333333335,0.5390946502057613,0.276315789473684
0.1493055555555555,0.3626373626373626,0.6153846153846154,0.1155015197568389,0.2345679012345679,0.48550107444492885,0.5999999999999943,0.5833333333333335,0.2222222222222222,0.263157894736842
0.0590277777777777,0.5384615384615384,0.020066889632107,0.1458966565349544,0.1296296296296296,0.5138121546961326,0.3999999999999986,0.46875,0.3127572016460905,0.5526315789473684
0.1944444444444444,0.2967032967032967,0.12549494652283694,0.0577507598784194,0.2964997596640146,0.4751381215469613,0.1999999999999957,0.40625,0.2469135802469136,0.7894736842105263
0.16408447559411432,0.42991025596848076,0.5284280936454849,0.14535742593368658,0.4691358024691358,0.6291221088936798,0.5999999999999943,0.375,0.35608514304027394,0.263157894736842
0.1805555555555555,0.3405565013966356,0.1375978882489634,0.0547112462006079,0.2592592592592593,0.4039295907629856,0.2821837599703437,0.5833333333333335,0.3539094650205762,0.6973684210526316
0.1701388888888888,0.3626373626373626,0.8701685130146344,0.1246200607902735,0.3916342131144389,0.6795580110497238,0.7999999999999972,0.43859441445352504,0.35307764882838827,0.1842105263157893
0.2361111111111111,0.5494505494505494,0.32870981801272686,0.1185410334346504,0.27924286334775916,0.5066661072317857,0.4303443397683454,0.3333333333333335,0.339199825529222,0.4476389597461723
0.5138888888888887,0.22472379684495503,0.0735785953177257,0.094224924012158,0.1049382716049383,0.2430939226519337,0.3999999999999986,0.5520833333333335,0.6707818930041154,0.381578947368421
0.1597222222222222,0.2417582417582417,0.1337792642140468,0.121580547112462,0.3209876543209877,0.5524861878453039,0.3999999999999986,0.40625,0.3539094650205762,0.4342105263157891
0.17455787895527955,0.3967324825917595,0.6321070234113713,0.1449312600251185,0.4506172839506173,0.6209193754252742,0.5883965844361483,0.4166666666666665,0.33434993741257557,0.2236842105263157
0.0590277777777777,0.4065934065934065,0.0367892976588628,0.0820668693009118,0.2037037037037037,0.3646408839779005,0.3999999999999986,0.614583333333333,0.3539094650205762,0.3157894736842104
0.1701388888888888,0.3516483516483516,0.0267558528428093,0.121580547112462,0.1728395061728395,0.2430939226519337,0.1999999999999957,0.21875,0.3004115226337449,0.6973684210526316
0.1944444444444444,0.3736263736263736,0.6956521739130435,0.0972644376899695,0.32898105863176874,0.5524861878453039,0.5999999999999943,0.400051668554487,0.2222222222222222,0.3289473684210526
0.1145833333333333,0.3956043956043955,0.9264214046822744,0.1155015197568389,0.2469135802469136,0.5360243939101437,0.7999999999999972,0.5,0.3477694915088365,0.11395316246212417
0.3055555555555554,0.3076923076923077,0.07291521269281365,0.1033434650455926,0.1234567901234568,0.2099447513812155,0.1999999999999957,0.4583333333333335,0.3127572016460905,0.9078947368421052
0.2604166666666666,0.2857142857142857,0.5083612040133779,0.0972644376899695,0.4012345679012346,0.5745856353591161,0.3999999999999986,0.3333333333333335,0.1563786008230453,0.631578947368421
0.2881944444444443,0.0879120879120879,0.6789297658862877,0.0972644376899695,0.2839506172839506,0.4861878453038674,0.5999999999999943,0.677083333333333,0.2098765432098766,0.3289473684210526
0.3368055555555555,0.0109890109890109,0.2842809364548495,0.121580547112462,0.1481481481481481,0.2209944751381215,0.3999999999999986,0.4270833333333335,0.2469135802469136,0.3421052631578947
0.1041666666666666,0.4505494505494504,0.4448160535117057,0.1063829787234042,0.3950617283950617,0.5745856353591161,0.3999999999999986,0.3854166666666669,0.4609053497942388,0.3157894736842104
0.1597222222222222,0.40214693900646803,0.8561872909698997,0.121580547112462,0.3950617283950617,0.6013491659658092,0.6795568635341545,0.39436936506406733,0.3786008230452675,0.20449884921315842
0.1145833333333333,0.3076923076923077,0.0367892976588628,0.1306990881458966,0.3580246913580247,0.4861878453038674,0.3999999999999986,0.46875,0.2469135802469136,0.368421052631579
0.1597222222222222,0.2857142857142857,0.6254180602006689,0.1246200607902735,0.4135802469135802,0.4033149171270718,0.5999999999999943,0.41316272431990775,0.2880658436213992,0.2368421052631577
0.1350776163882791,0.5494505494505494,0.6053511705685619,0.13205752563466452,0.2640671360040861,0.430939226519337,0.5537350438918826,0.2916666666666669,0.3950617283950618,0.35210619420444544
0.2812499999999999,0.5714285714285714,0.4983277591973245,0.17364262009415643,0.2222222222222222,0.4751381215469613,0.5999999999999943,0.3598952461840147,0.2222222222222222,0.2368421052631577
0.17487011077297132,0.2637362637362637,0.3484982102802389,0.1398176291793313,0.5246913580246915,0.5138121546961326,0.3999999999999986,0.4583333333333335,0.32699571106121667,0.4210526315789471
0.2381164257800853,0.3296703296703296,0.4660267693241757,0.14902481924386654,0.3827160493827161,0.7403314917127072,0.5458698562085342,0.44817092949936527,0.349562548359071,0.22895236625152549
0.05996489352642673,1.0,0.34419640809454727,0.20654533240707282,0.3528878215311215,0.6084646594105141,0.504508623661765,0.2986387862309148,0.4112246881150766,0.3651357170413249
0.3159722222222221,0.33444705440169764,0.2140468227424749,0.0820668693009118,0.3518518518518518,0.4696132596685083,0.3999999999999986,0.46875,0.2633744855967078,0.5526315789473684
0.0833333333333333,0.4285714285714285,0.35362117241817265,0.12983835405038624,0.3518518518518518,0.5414364640883979,0.461825893385986,0.41730205477622123,0.35555854669673614,0.35815636183990274
0.2048611111111111,0.3296703296703296,0.4448160535117057,0.1306990881458966,0.1851851851851852,0.5745856353591161,0.3999999999999986,0.4791666666666665,0.4320987654320988,0.5789473684210524
0.1617237711944759,0.2637362637362637,0.9096989966555185,0.1185410334346504,0.3271604938271605,0.3701657458563536,0.7999999999999972,0.34375,0.2880658436213992,0.1578947368421051
0.0833333333333333,0.36199709414581527,0.3846153846153846,0.1306990881458966,0.25982198586155475,0.4419889502762431,0.5999999999999943,0.510416666666667,0.2757201646090534,0.1184210526315787
0.1249999999999999,0.2747252747252747,0.8729096989966556,0.127659574468085,0.345679012345679,0.4696132596685083,0.7999999999999972,0.5416666666666665,0.35115445441484194,0.1315789473684208
0.0590277777777777,0.2967032967032967,0.7859531772575251,0.127659574468085,0.1851851851851852,0.4585635359116022,0.5999999999999943,0.1666666666666669,0.2633744855967078,0.1184210526315787
0.0833333333333333,0.4175824175824175,0.3913043478260869,0.1246200607902735,0.345679012345679,0.6077348066298343,0.3999999999999986,0.5416666666666665,0.3499382490367182,0.3157894736842104
0.1701388888888888,0.3736263736263736,0.2976588628762542,0.127659574468085,0.2777777777777778,0.5635359116022101,0.3999999999999986,0.4270833333333335,0.6172839506172841,0.605263157894737
0.1041666666666666,0.4285714285714285,0.0100334448160535,0.0972644376899695,0.33289178433763456,0.5303867403314918,0.21658055857262512,0.3333333333333335,0.2633744855967078,0.6842105263157896
0.392361111111111,0.2637362637362637,0.2846278079852462,0.11858709468682,0.23904125035962503,0.4699706151244035,0.3999999999999986,0.3333333333333335,0.4320987654320988,0.4341237011269648
0.1249999999999999,0.2637362637362637,0.217391304347826,0.2735562310030395,0.2283950617283951,0.4143646408839779,0.3999999999999986,0.2916666666666669,0.3004115226337449,0.1052631578947365
0.1145833333333333,0.3736263736263736,0.3846153846153846,0.1519756838905775,0.1358024691358025,0.3314917127071823,0.3999999999999986,0.25,0.4732510288065844,0.2368421052631577
0.048611111111111,0.3736263736263736,0.5652173913043479,0.127659574468085,0.1851851851851852,0.3149171270718232,0.5999999999999943,0.4583333333333335,0.3415637860082305,0.3421052631578947
0.2916666666666666,0.3406593406593406,0.2073578595317725,0.0851063829787233,0.0061728395061728,0.430939226519337,0.3999999999999986,0.1666666666666669,0.6419753086419754,0.7105263157894737
0.048611111111111,0.3076923076923077,0.7424749163879599,0.1306990881458966,0.2222222222222222,0.4386874655327029,0.5999999999999943,0.21875,0.27328734370177477,0.1710526315789471
0.2048611111111111,0.5740539894005449,0.4714137119282445,0.6504559270516717,0.5987654320987655,0.8387001214890527,0.7052985376137051,0.3277750285834848,0.3907059782734552,-0.3296638408889596
0.1388888888888888,0.2747252747252747,0.3812709030100334,0.1003039513677811,0.1111111111111111,0.3591160220994475,0.3999999999999986,0.442341933867787,0.4979423868312758,0.394736842105263
0.15785790754394308,0.45271993534458455,0.020066889632107,0.143139721900988,0.1790123456790123,0.425414364640884,0.3999999999999986,0.3333333333333335,0.8395061728395062,0.4049017881779057
0.1805555555555555,0.3076923076923077,0.0,0.0364741641337386,0.2222222222222222,0.430939226519337,0.1999999999999957,0.2604166666666665,0.1563786008230453,0.7631578947368418
0.15900251211573552,0.4175824175824175,0.0969899665551839,0.0699088145896656,0.0617283950617284,0.2154696132596685,0.1999999999999957,0.375,0.2971638983640824,0.4868421052631577
0.1249999999999999,0.2417582417582417,0.5212502700600916,0.1063829787234042,0.3024691358024691,0.3646408839779005,0.5999999999999943,0.4791666666666665,0.3292181069958848,0.1710526315789471
0.2361111111111111,0.4021597488047134,0.5956728403482632,0.0972644376899695,0.3703703703703704,0.6629834254143647,0.5999999999999943,0.4384822752376208,0.34762837570033356,0.3421052631578947
0.2604166666666666,0.3296703296703296,0.4581939799331104,0.1138430710151993,0.2592592592592593,0.6187845303867403,0.3999999999999986,0.395833333333333,0.2757201646090534,0.4210526315789471
0.2361111111111111,0.4285714285714285,0.1337792642140468,0.3495440729483283,0.1790123456790123,0.4751381215469613,0.3999999999999986,0.3333333333333335,0.2880658436213992,0.2105263157894734
0.1145833333333333,0.34818740739300097,0.0301003344481605,0.1155015197568389,0.1975308641975308,0.2044198895027624,0.3999999999999986,0.45212721045606863,0.3292181069958848,0.434472435715348
0.1041666666666666,0.3296703296703296,0.2073578595317725,0.0972644376899695,0.308641975308642,0.5082872928176796,0.3999999999999986,0.40625,0.1563786008230453,0.381578947368421
0.1249999999999999,0.5384615384615384,0.2775919732441472,0.0547112462006079,0.2345679012345679,0.430939226519337,0.3999999999999986,0.6354166666666665,0.1687242798353909,0.5789473684210524
0.1701388888888888,0.3076923076923077,0.4581939799331104,0.0516717325227963,0.0864197530864197,0.4088397790055249,0.3681331365357341,0.4166666666666665,0.1440329218106996,0.7105263157894737
0.25,0.3516483516483516,0.5518394648829432,0.0790273556231002,0.1851851851851852,0.3977900552486188,0.3999999999999986,0.395833333333333,0.1440329218106996,0.5435760850906091
0.1041666666666666,0.3406593406593406,0.0100334448160535,0.0607902735562309,0.1604938271604938,0.2320441988950276,0.27693863166702715,0.4791666666666665,0.3786008230452675,0.5789473684210524
0.1041666666666666,0.3296703296703296,0.10616742696792292,0.0607902735562309,0.154320987654321,0.1712707182320442,0.34589992860232455,0.666666666666667,0.4197530864197532,0.5263157894736841
0.2152777777777777,0.3956043956043955,0.4916387959866221,0.1003039513677811,0.32489735295976385,0.585635359116022,0.5999999999999943,0.4354659543194939,0.3662551440329218,0.2236842105263157
0.1701388888888888,0.3406593406593406,0.11514131733506833,0.066869300911854,0.2777777777777778,0.3646408839779005,0.1999999999999957,0.2291666666666669,0.2633744855967078,0.6842105263157896
0.1944444444444444,0.3736263736263736,0.2040133779264214,0.1428571428571428,0.1604938271604938,0.4419889502762431,0.3999999999999986,0.4479166666666669,0.3004115226337449,0.6973684210526316
0.17445084540588082,0.4175824175824175,0.6387959866220736,0.0729483282674772,0.15798321409003235,0.2320441988950276,0.3999999999999986,0.34375,0.4444444444444445,0.8552631578947365
0.0937499999999999,0.4175824175824175,0.2307692307692307,0.0212765957446808,0.1604938271604938,0.2651933701657459,0.1999999999999957,0.3020833333333335,0.1687242798353909,0.7894736842105263
0.15888054283540962,0.34759589684615044,0.0301003344481605,0.0972644376899695,0.308641975308642,0.4806629834254143,0.3999999999999986,0.572916666666667,0.6419753086419754,0.263157894736842
0.2152777777777777,0.4051863061237886,0.4581939799331104,0.1155015197568389,0.3615432040565837,0.6519337016574586,0.5999999999999943,0.3854166666666669,0.3292181069958848,0.21165704741733893
0.2256944444444444,0.5164835164835164,0.14146915304511237,0.16930879132105925,0.3580246913580247,0.4917127071823204,0.3999999999999986,0.4498355406236456,0.6954732510288067,0.3421052631578947
0.2916666666666666,0.2527472527472527,0.4648829431438127,0.1519756838905775,0.4259259259259259,0.5745856353591161,0.4717204601589967,0.46875,0.2469135802469136,0.3421052631578947
0.20311495756324854,0.5384615384615384,0.3953598135340443,0.13453495607269364,0.4320987654320988,0.7845303867403315,0.44239437333950754,0.3333333333333335,0.3786008230452675,0.4736842105263155
0.4166666666666666,0.3956043956043955,0.1438127090301003,0.0577507598784194,0.2345679012345679,0.4271691994747925,0.1999999999999957,0.3854166666666669,0.1975308641975308,0.7368421052631577
0.2916666666666666,0.2527472527472527,0.4648829431438127,0.1519756838905775,0.4259259259259259,0.56934067654056,0.3999999999999986,0.46875,0.2469135802469136,0.3421052631578947
0.0833333333333333,0.4505494505494504,0.7157190635451506,0.0911854103343464,0.2860546126809953,0.43646408839779,0.5999999999999943,0.510416666666667,0.6419753086419754,0.394736842105263
0.0833333333333333,0.33999481168220197,0.0836120401337792,0.1246200607902735,0.2962962962962963,0.4707106354604423,0.3998299311886409,0.8125000000000004,0.4340957148325537,0.394736842105263
0.2604166666666666,0.3406593406593406,0.8327759197324416,0.1306990881458966,0.1481481481481481,0.4972375690607734,0.5999999999999943,0.3125000000000004,0.4074074074074074,0.1842105263157893
0.21378554938120378,0.3076923076923077,0.5191574316966325,0.1246200607902735,0.2345679012345679,0.5082872928176796,0.5999999999999943,0.4583333333333335,0.34401176482108675,0.2423630744055152
0.1041666666666666,0.38105511936301384,0.2748440399822139,0.1063829787234042,0.3887912123402564,0.6243093922651933,0.3999999999999986,0.677083333333333,0.2757201646090534,0.4868421052631577
0.1249999999999999,0.4175824175824175,0.7491638795986623,0.1428571428571428,0.2469135802469136,0.425414364640884,0.6249727563663685,0.4583333333333335,0.3539094650205762,0.2894736842105261
0.1493055555555555,0.2857142857142857,0.0468227424749164,0.0699088145896656,0.4814814814814815,0.5059996667149698,0.1999999999999957,0.4270833333333335,0.7613168724279836,0.6842105263157896
0.2604166666666666,0.5054945054945055,-0.07674716883392341,0.09775337548333712,0.154320987654321,0.3093922651933701,0.1999999999999957,0.5312500000000004,0.5102880658436215,0.7202623438776424
0.0590277777777777,0.2747252747252747,0.0267558528428093,0.0729483282674772,0.2098765432098765,0.4143646408839779,0.3999999999999986,0.5,0.4197530864197532,0.5921052631578945
0.1493055555555555,0.3186813186813186,0.6889632107023411,0.0759878419452887,0.4197530864197531,0.4530386740331492,0.3999999999999986,0.4166666666666665,0.26238397584354944,0.4473684210526314
0.2048611111111111,0.1758241758241758,0.0301003344481605,0.0851063829787233,0.9876543209876544,0.8259668508287293,0.3999999999999986,0.395833333333333,0.3127572016460905,0.3421052631578947
0.0381944444444444,0.3888460789083535,0.0033444816053511,0.0820668693009118,0.1604938271604938,0.3093922651933701,0.3999999999999986,0.4895833333333335,0.2633744855967078,0.4999999999999998
0.5381944444444443,0.2180911522857282,0.3311036789297659,0.1094224924012157,0.2777777777777778,0.5027624309392266,0.3999999999999986,0.572916666666667,0.4444444444444445,0.2894736842105261
0.2361111111111111,0.3626373626373626,0.0903010033444816,0.1337386018237081,0.4414962757954449,0.770718232044199,0.37584520319726133,0.395833333333333,0.3698584045191628,0.3421052631578947
0.1701388888888888,0.3076923076923077,0.0468227424749164,0.1033434650455926,0.1790123456790123,0.3204419889502762,0.1999999999999957,0.3854166666666669,0.2757201646090534,0.7894736842105263
0.3715277777777777,0.2637362637362637,0.5551839464882944,0.0607902735562309,0.3209876543209877,0.5745856353591161,0.3999999999999986,0.375,0.2633744855967078,0.5083489737903619
0.048611111111111,0.3186813186813186,0.2240802675585284,0.155015197568389,0.2098765432098765,0.3480662983425414,0.3999999999999986,0.7395833333333335,0.2757201646090534,0.381578947368421
0.1597222222222222,0.3516483516483516,0.0033444816053511,0.0729483282674772,0.308641975308642,0.3812154696132597,0.1999999999999957,0.5416666666666665,0.4609053497942388,0.4868421052631577
0.048611111111111,0.3626373626373626,0.2073578595317725,0.1580547112462006,0.2345679012345679,0.3977900552486188,0.3999999999999986,0.65625,0.2098765432098766,0.4211505724231094
0.1544645371657395,0.5384615384615384,0.3678929765886287,0.1094224924012157,0.2966971346042292,0.48621056191679196,0.3999999999999986,0.39986254513680985,0.4197530864197532,0.5263157894736841
0.3472222222222222,0.3736263736263736,0.0836120401337792,0.0303951367781155,0.2592592592592593,0.3204419889502762,0.1999999999999957,0.4583333333333335,0.1975308641975308,0.8421052631578945
0.2256944444444444,0.3186813186813186,0.0301003344481605,0.0820668693009118,0.2530864197530864,0.430939226519337,0.1999999999999957,0.375,0.1687242798353909,0.7368421052631577
0.1805555555555555,0.3516483516483516,0.3258234482260915,0.08223597675721511,0.3703703703703704,0.6740331491712708,0.361124612633838,0.46875,0.2098765432098766,0.5921052631578945
0.1145833333333333,0.3516483516483516,0.0735785953177257,0.0820668693009118,0.2098765432098765,0.4806629834254143,0.3999999999999986,0.4479166666666669,0.4444444444444445,0.3421052631578947
0.0138888888888888,0.4175824175824175,0.0033444816053511,0.0729483282674772,0.2777777777777778,0.2762430939226519,0.1999999999999957,0.0729166666666669,0.4197530864197532,0.6973684210526316
0.2152777777777777,0.8131868131868131,0.2040133779264214,0.0972644376899695,0.2777777777777778,0.5469613259668509,0.3999999999999986,0.4583333333333335,0.2880658436213992,0.3289473684210526
0.0833333333333333,0.3296703296703296,0.6421404682274248,0.1702127659574467,0.1358024691358025,0.5911602209944751,0.5999999999999943,0.25,0.3786008230452675,0.18578325360298442
0.2916666666666666,0.4195667153669967,0.30849909830387917,0.15794251310380675,0.44133397041166156,0.7596685082872929,0.3999999999999986,0.34375,0.3539094650205762,0.3623213358909014
0.17403011556655032,0.3846153846153845,0.8255910962213908,0.1489361702127659,0.2345679012345679,0.3922651933701658,0.7999999999999972,0.5,0.3539094650205762,0.276315789473684
0.1249999999999999,0.3516483516483516,0.2938349994551723,0.1094224924012157,0.2222222222222222,0.3934127607812421,0.3999999999999986,0.3333333333333335,0.48559670781893,0.5789473684210524
0.0833333333333333,0.4615384615384614,0.2307692307692307,0.0790273556231002,0.037037037037037,0.2430939226519337,0.3999999999999986,0.40625,0.3786008230452675,0.644736842105263
0.4027777777777777,0.7142857142857142,0.4013377926421405,0.224195578981773,0.30460350968292194,0.6298342541436465,0.5360052823319759,0.321730441090542,0.1563786008230453,0.2105263157894734
0.1701388888888888,0.4395604395604395,0.0167224080267558,0.1003039513677811,0.0555555555555555,0.1823204419889502,0.3999999999999986,0.15625,0.3539094650205762,0.4473684210526314
0.1249999999999999,0.3846153846153845,0.2508361204013378,0.1428571428571428,0.2839506172839506,0.6353591160220995,0.3999999999999986,0.3333333333333335,0.3539094650205762,0.394736842105263
0.2361111111111111,0.4615384615384614,0.0267558528428093,0.1155015197568389,0.0987654320987654,0.6464088397790055,0.3999999999999986,0.3333333333333335,0.3292181069958848,0.276315789473684
0.1493055555555555,0.4505494505494504,0.9096989966555185,0.1155015197568389,0.28767413089057337,0.4972375690607734,0.7999999999999972,0.3824978037492261,0.33558800212063794,0.11513987621768307
0.048611111111111,0.5384615384615384,0.0167224080267558,0.121580547112462,0.154320987654321,0.3204419889502762,0.3999999999999986,0.4270833333333335,0.3292181069958848,0.2105263157894734
0.0590277777777777,0.4835164835164834,0.0301003344481605,0.1033434650455926,0.1851851851851852,0.3646408839779005,0.3999999999999986,0.3645833333333335,0.683127572016461,0.394736842105263
0.1597222222222222,0.2637362637362637,0.0535117056856187,0.06947333979155146,0.21677856932305264,0.4088397790055249,0.3999999999999986,0.46875,0.6172839506172841,0.5921052631578945
0.2248436686320331,0.4568152372557631,0.2976588628762542,0.2401215805471124,0.46549395083895784,0.845303867403315,0.5999999999999943,0.6458333333333335,0.44359982615116933,0.2105263157894734
0.17611608009891605,0.34696499348196697,0.2040133779264214,0.0607902735562309,0.22869717030234776,0.4033149171270718,0.40734870873843737,0.625,0.6584362139917695,0.5118019149489297
0.1597222222222222,0.2967032967032967,0.2073578595317725,0.0607902735562309,0.2345679012345679,0.2983425414364641,0.3999999999999986,0.2604166666666665,0.1316872427983539,0.6973684210526316
0.0694444444444444,0.3736263736263736,0.2976588628762542,0.1003039513677811,0.1111111111111111,0.3701657458563536,0.3999999999999986,0.25,0.2222222222222222,0.4868421052631577
0.2708333333333333,0.3516483516483516,0.3770344304316146,0.066869300911854,0.2222222222222222,0.3756906077348066,0.3999999999999986,0.375,0.5514403292181072,0.8552631578947365
0.2110118113883748,0.3846153846153845,0.7324414715719063,0.121580547112462,0.2716049382716049,0.6187845303867403,0.5999999999999943,0.3020833333333335,0.3127572016460905,0.1578947368421051
0.3055555555555554,0.3511322724842912,0.3511705685618729,0.16517919709009513,0.28966456971486754,0.5419993454565003,0.5120070276386233,0.43129182284547046,0.34437578798541635,0.2105263157894734
0.1145833333333333,0.3650763286882896,0.0434782608695652,0.11087175573112022,0.5185185185185186,0.4033149171270718,0.2557594669140758,0.442479517220757,0.3662551440329218,0.551213182949505
0.1249999999999999,0.2857142857142857,0.4481605351170569,0.0486322188449848,0.28450122234340525,0.4088397790055249,0.2974913266678391,0.3125000000000004,0.1440329218106996,0.7894736842105263
0.5034722222222221,0.27285200806911625,0.4916387959866221,0.0820668693009118,0.2962962962962963,0.5414364640883979,0.5999999999999943,0.4732237736171018,0.3786008230452675,0.2368421052631577
0.1249999999999999,0.4615384615384614,0.0568561872909699,0.1337386018237081,0.0617283950617284,0.281767955801105,0.3999999999999986,0.5416666666666665,0.3415637860082305,0.6578947368421051
0.1493055555555555,0.4505494505494504,0.9096989966555185,0.14403535644826332,0.3024691358024691,0.5895703729651114,0.7999999999999972,0.5520833333333335,0.2098765432098766,0.09404107864036682
0.21404236996119702,0.3296703296703296,0.31438127090301,0.1033434650455926,0.3333333333333333,0.5248618784530387,0.3999999999999986,0.8333333333333335,0.3004115226337449,0.4970241268776386
0.13781314058170757,0.3846153846153845,0.3244147157190635,0.0577507598784194,0.3518518518518518,0.3867403314917127,0.3999999999999986,0.0729166666666669,0.4074074074074074,0.5263157894736841
0.1701388888888888,0.3736263736263736,0.0267558528428093,0.1155015197568389,0.0308641975308642,0.0662983425414364,0.3999999999999986,0.5312500000000004,0.5267489711934157,0.4210526315789471
0.2001494517025169,0.3406593406593406,0.26320125748410234,0.094224924012158,0.3703703703703704,0.5801104972375691,0.3999999999999986,0.5312500000000004,0.4444444444444445,0.4473684210526314
0.2812499999999999,0.29230097354224394,0.0535117056856187,0.0425531914893616,0.2469135802469136,0.3370165745856354,0.1999999999999957,0.572916666666667,0.4732510288065844,0.73211344243483
0.1249999999999999,0.4175824175824175,0.5083612040133779,0.1580547112462006,0.2098765432098765,0.3259668508287293,0.5999999999999943,0.375,0.3127572016460905,0.3421052631578947
0.0277777777777777,0.2967032967032967,0.2040133779264214,0.2310030395136778,0.2592592592592593,0.39354637854033636,0.3999999999999986,0.46875,0.35832510735551115,0.5394736842105261
0.1249999999999999,0.4876265947305919,0.42043572435436644,0.3708206686930091,0.3716846513792219,0.6081399266066323,0.5999999999999943,0.3744318590095035,0.3712884419887775,0.024560276922419688
0.1493055555555555,0.3296703296703296,0.5016722408026756,0.1975683890577507,0.345679012345679,0.6187845303867403,0.5693365253125091,0.41608078006007276,0.3004115226337449,0.1578947368421051
0.1493055555555555,0.2804924663525089,0.294314381270903,0.0577507598784194,0.2592592592592593,0.43646408839779,0.3999999999999986,0.7395833333333335,0.2345679012345679,0.4210526315789471
0.2048611111111111,0.2967032967032967,0.0468227424749164,0.0364741641337386,0.0864197530864197,0.2430939226519337,0.1999999999999957,0.4583333333333335,0.3144662784481991,0.8026315789473684
0.0937499999999999,0.3516483516483516,0.28954038452096814,0.0972644376899695,0.1975308641975308,0.2430939226519337,0.3999999999999986,0.1666666666666669,0.4444444444444445,0.4342105263157891
0.20201584271111972,0.3736263736263736,0.4916387959866221,0.13695034843460788,0.3679072948173647,0.6187845303867403,0.5278880455040051,0.4246903699116077,0.3391901125452859,0.2901798289697104
0.2916666666666666,0.3626373626373626,0.020066889632107,0.0516717325227963,0.0864197530864197,0.2596685082872928,0.1999999999999957,0.5937500000000004,0.1975308641975308,0.644736842105263
0.25,0.2417582417582417,0.2341137123745819,0.1185410334346504,0.1790123456790123,0.5193370165745856,0.3999999999999986,0.4583333333333335,0.33207865625371746,0.394736842105263
0.1944444444444444,0.3736263736263736,0.4314381270903009,0.121580547112462,0.2469135802469136,0.3701657458563536,0.3999999999999986,0.4895833333333335,0.4074074074074074,0.5080033067857759
0.1388888888888888,0.3956043956043955,0.8762541806020068,0.0911854103343464,0.2839506172839506,0.4419889502762431,0.7999999999999972,0.3916127339316937,0.2633744855967078,0.1315789473684208
0.1701388888888888,0.3736263736263736,0.725752508361204,0.1884498480243161,0.2716049382716049,0.6574585635359116,0.5999999999999943,0.3229166666666665,0.3950617283950618,0.1842105263157893
0.09729026423056611,0.6813186813186812,0.5250836120401338,0.1094224924012157,0.30896834838601595,0.5248618784530387,0.5999999999999943,0.326276275643339,0.2757201646090534,0.1315789473684208
0.2256944444444444,0.3862209897794131,0.0033444816053511,0.1094224924012157,0.1111111111111111,0.3646408839779005,0.3999999999999986,0.2083333333333334,0.2098765432098766,0.368421052631579
0.1041666666666666,0.3626373626373626,0.0468227424749164,0.127659574468085,0.2098765432098765,0.6187845303867403,0.3999999999999986,0.40625,0.2633744855967078,0.34016230885798304
0.1701388888888888,0.3406593406593406,0.0735785953177257,0.11628677173472574,0.2222222222222222,0.430939226519337,0.3999999999999986,0.572916666666667,0.5390946502057613,0.4291280657077641
0.2708333333333333,0.4395604395604395,0.294314381270903,0.0911854103343464,0.2716049382716049,0.45748558512066356,0.3999999999999986,0.4248832930640759,0.1440329218106996,0.6842105263157896
0.1701388888888888,0.2967032967032967,0.8334951706339262,0.121580547112462,0.4074074074074074,0.6319911900951171,0.7999999999999972,0.43438434872191134,0.34702609568175063,0.029827326404996857
0.1944444444444444,0.3296703296703296,0.4013377926421405,0.0455927051671732,0.2839506172839506,0.3756906077348066,0.3027656889966422,0.25,0.26130532746428325,0.7499999999999998
0.1145833333333333,0.3076923076923077,0.14548018169685434,0.0729483282674772,0.1728395061728395,0.3701657458563536,0.3999999999999986,0.5833333333333335,0.5390946502057613,0.381578947368421
0.0937499999999999,0.3186813186813186,0.020066889632107,0.1155015197568389,0.2222222222222222,0.2983425414364641,0.1999999999999957,0.4583333333333335,0.3950617283950618,0.5789473684210524
0.1041666666666666,0.2967032967032967,0.471571906354515,0.0820668693009118,0.1358024691358025,0.3480662983425414,0.3999999999999986,0.4003391389769041,0.2886352639677153,0.4342105263157891
0.1701388888888888,0.36584917272453044,0.3411371237458194,0.10331666385213578,0.2098765432098765,0.4640883977900553,0.47153096564616637,0.5833333333333335,0.48559670781893,0.4210526315789471
0.1944444444444444,0.4505494505494504,0.3311036789297659,0.1155015197568389,0.4691358024691358,0.6740331491712708,0.3999999999999986,0.3854166666666669,0.3369930216591265,0.2368421052631577
0.2149081394197145,0.4175824175824175,0.3779264214046822,0.1094224924012157,0.4259259259259259,0.7292817679558011,0.3999999999999986,0.4166666666666665,0.3004115226337449,0.4203863566328029
0.1388888888888888,0.4429684318487357,0.3377926421404682,0.0820668693009118,0.5000000000000001,0.8287292817679559,0.3999999999999986,0.3125000000000004,0.1440329218106996,0.38241024567845017
0.3055555555555554,0.3484351014265696,0.4816053511705686,0.094224924012158,0.27896576653489863,0.5444832937943668,0.5999999999999943,0.510416666666667,0.4979423868312758,0.2829079659043523
0.0034722222222222,0.5384615384615384,0.197324414715719,0.121580547112462,0.2037037037037037,0.4530386740331492,0.3999999999999986,0.4791666666666665,0.2469135802469136,0.4473684210526314
0.1249999999999999,0.4945054945054944,0.7157190635451506,0.0851063829787233,0.4197530864197531,0.6505801029254852,0.7999999999999972,0.2916666666666669,0.3004115226337449,0.048670862503737866
0.1041666666666666,0.4615384615384614,0.0367892976588628,0.0972644376899695,0.2716049382716049,0.4198895027624309,0.3999999999999986,0.3645833333333335,0.3415637860082305,0.5921052631578945
0.12661005960820676,0.4065934065934065,0.28160360287088587,0.09403074444461945,0.5555555555555557,0.4696132596685083,0.31893542367402566,0.42038500443896115,0.3311245216710975,0.5921052631578945
0.0833333333333333,0.2417582417582417,0.0367892976588628,0.1033434650455926,0.3518518518518518,0.5303867403314918,0.3999999999999986,0.4270833333333335,0.3292181069958848,0.381578947368421
0.2812499999999999,0.4065934065934065,0.2140468227424749,0.0212765957446808,0.3024691358024691,0.4254504193530097,0.1999999999999957,0.3333333333333335,0.3415637860082305,0.8157894736842104
0.0694444444444444,0.3516483516483516,0.0367892976588628,0.127659574468085,0.1234567901234568,0.3314917127071823,0.3999999999999986,0.3854166666666669,0.4609053497942388,0.263157894736842
0.2048611111111111,0.5824175824175823,0.0468227424749164,0.094224924012158,0.3209876543209877,0.6685082872928177,0.3865484366728938,0.5,0.4732510288065844,0.4210526315789471
0.1701388888888888,0.4725274725274724,0.4314381270903009,0.2431610942249239,0.3950617283950617,0.5911602209944751,0.5999999999999943,0.125,0.3539094650205762,0.09085368169826158
0.1041666666666666,0.3516483516483516,0.2240802675585284,0.0091185410334346,0.2345679012345679,0.3314917127071823,0.3999999999999986,0.25,0.2098765432098766,0.5263157894736841
0.25,0.2637362637362637,0.8160535117056856,0.1094224924012157,0.2345679012345679,0.5027624309392266,0.6685485009759278,0.42646164132011904,0.3786008230452675,0.2105263157894734
0.2048611111111111,0.5714285714285714,0.2611335857776291,0.1246200607902735,0.2801703113522407,0.49935030497065047,0.3999999999999986,0.39655724425856775,0.3662551440329218,0.476359344096614
0.5312499999999999,0.2197802197802197,0.5117056856187291,0.2522796352583586,0.1234567901234568,0.3093922651933701,0.5999999999999943,0.4282604405081557,0.2222222222222222,0.2368421052631577
0.3159722222222221,0.2307692307692307,0.5284280936454849,0.2948328267477204,0.0864197530864197,0.2983425414364641,0.5999999999999943,0.2916666666666669,0.3127572016460905,0.2236842105263157
0.0937499999999999,0.2967032967032967,0.6989966555183947,0.14398340779590407,0.3518518518518518,0.5303867403314918,0.5999999999999943,0.2083333333333334,0.2345679012345679,0.1315789473684208
0.20709102263926688,0.3724973365132658,0.4013377926421405,0.127659574468085,0.4074074074074074,0.6850828729281768,0.3999999999999986,0.4166666666666665,0.3292181069958848,0.263157894736842
0.3472222222222222,0.3186813186813186,0.177257525083612,0.0577507598784194,0.2345679012345679,0.3314917127071823,0.1999999999999957,0.25,0.1152263374485597,0.8421052631578945
0.0937499999999999,0.3956043956043955,0.0568561872909699,0.0759878419452887,0.2283950617283951,0.3149171270718232,0.3999999999999986,0.395833333333333,0.4074074074074074,0.4868421052631577
0.3715277777777777,0.3116300558933729,0.0635451505016722,0.14131989255549723,0.1481481481481481,0.6243093922651933,0.43547551724991357,0.791666666666667,0.4444444444444445,0.3421052631578947
0.0833333333333333,0.43031651090487966,0.6086956521739131,0.1398176291793313,0.30190682198695906,0.4751381215469613,0.5999999999999943,0.3125000000000004,0.3950617283950618,0.24688527203005173
0.19634819011051646,0.334144523876119,0.3244147157190635,0.0790273556231002,0.3580246913580247,0.5138121546961326,0.3999999999999986,0.5833333333333335,0.2757201646090534,0.4868421052631577
0.0937499999999999,0.3846153846153845,0.0367892976588628,0.0820668693009118,0.2839506172839506,0.3535911602209944,0.1999999999999957,0.4166666666666665,0.5925925925925928,0.6973684210526316
0.2152777777777777,0.3186813186813186,0.8595317725752509,0.11546975389757978,0.24298534860296106,0.4585635359116022,0.7999999999999972,0.40625,0.1975308641975308,0.1710526315789471
0.3159722222222221,0.3406593406593406,0.1003344481605351,0.1428571428571428,0.2037037037037037,0.46218540090360344,0.3999999999999986,0.677083333333333,0.4444444444444445,0.4342105263157891
0.1041666666666666,0.2637362637362637,0.0301003344481605,0.0699088145896656,0.5185185185185186,0.5176083545814856,0.1999999999999957,0.8020833333333335,0.4320987654320988,0.7499999999999998
0.1209539320820387,0.5384615384615384,0.5652173913043479,0.0759878419452887,0.4506172839506173,0.6376654182963173,0.5999999999999943,0.3333333333333335,0.4074074074074074,0.1578947368421051
0.19360039020971984,0.3736263736263736,0.1705685618729097,0.15324657132845212,0.1790123456790123,0.430939226519337,0.3999999999999986,0.4479166666666669,0.3786008230452675,0.2894736842105261
0.0590277777777777,0.3296703296703296,0.0301003344481605,0.1762917933130698,0.2592592592592593,0.5745856353591161,0.3999999999999986,0.3645833333333335,0.2469135802469136,0.5986842105263157
0.1597222222222222,0.3626373626373626,0.0903010033444816,0.1398176291793313,0.0802469135802469,0.34781338745871926,0.3999999999999986,0.15625,0.3292181069958848,0.263157894736842
0.0833333333333333,0.5384615384615384,0.0367892976588628,0.0972644376899695,0.3024691358024691,0.4419889502762431,0.3999999999999986,0.2916666666666669,0.3415637860082305,0.3157894736842104
0.3263888888888888,0.3406593406593406,0.0033444816053511,0.121580547112462,0.1728395061728395,0.585635359116022,0.3999999999999986,0.4583333333333335,0.7078189300411523,0.263157894736842
0.3055555555555554,0.3186813186813186,0.0836120401337792,0.425531914893617,0.1049382716049383,0.3038674033149171,0.3999999999999986,0.4166666666666665,0.48559670781893,0.21404798669602254
0.0138888888888888,0.5384615384615384,0.020066889632107,0.1003039513677811,0.3333333333333333,0.5524861878453039,0.3999999999999986,0.375,0.4058867036689631,0.2894736842105261
0.2361111111111111,0.6703296703296703,0.4710515968343096,0.0972644376899695,0.5246913580246915,0.6813399114512305,0.48508796139569604,0.25,0.4074074074074074,0.4014116802345878
0.1388888888888888,0.3076923076923077,0.0568561872909699,0.1155015197568389,0.2530864197530864,0.3425414364640883,0.1999999999999957,0.375,0.102880658436214,0.6973684210526316
0.3159722222222221,0.2527472527472527,0.3311036789297659,0.1059384603527205,0.2222222222222222,0.44168133593288705,0.3999999999999986,0.4404829743207135,0.2469135802469136,0.4342105263157891
0.0937499999999999,0.3626373626373626,0.1806020066889632,0.0851063829787233,0.3827160493827161,0.4530386740331492,0.1999999999999957,0.40625,0.2469135802469136,0.5789473684210524
0.2048611111111111,0.0549450549450549,0.0,0.0851063829787233,0.074074074074074,0.0718232044198895,0.3999999999999986,0.5833333333333335,0.1563786008230453,0.2105263157894734
0.2048611111111111,0.1538461538461538,0.334448160535117,0.1094224924012157,0.3950617283950617,0.6132596685082873,0.3999999999999986,0.46875,0.2469135802469136,0.1710526315789471
