,Age,BMI,Height,Weight,Length_of_Stay,Alvarado_Score,Paedriatic_Appendicitis_Score,Appendix_Diameter,Body_Temperature,WBC_Count,Neutrophil_Percentage,RBC_Count,Hemoglobin,RDW,Thrombocyte_Count,CRP,Sex-is_female,Sex-is_male,Appendix_on_US-is_yes,Appendix_on_US-is_no,Migratory_Pain-is_no,Migratory_Pain-is_yes,Lower_Right_Abd_Pain-is_yes,Lower_Right_Abd_Pain-is_no,Contralateral_Rebound_Tenderness-is_yes,Contralateral_Rebound_Tenderness-is_no,Coughing_Pain-is_no,Coughing_Pain-is_yes,Nausea-is_no,Nausea-is_yes,Loss_of_Appetite-is_yes,Loss_of_Appetite-is_no,Neutrophilia-is_no,Neutrophilia-is_yes,Ketones_in_Urine-is_++,Ketones_in_Urine-is_no,Ketones_in_Urine-is_+++,Ketones_in_Urine-is_+,RBC_in_Urine-is_+,RBC_in_Urine-is_no,RBC_in_Urine-is_++,RBC_in_Urine-is_+++,WBC_in_Urine-is_no,WBC_in_Urine-is_+,WBC_in_Urine-is_+++,WBC_in_Urine-is_++,Dysuria-is_no,Dysuria-is_yes,Stool-is_normal,Stool-is_constipation,Stool-is_diarrhea,"Stool-is_constipation, diarrhea",Peritonitis-is_no,Peritonitis-is_local,Peritonitis-is_generalized,Psoas_Sign-is_yes,Psoas_Sign-is_no,Ipsilateral_Rebound_Tenderness-is_no,Ipsilateral_Rebound_Tenderness-is_yes,US_Performed-is_yes,US_Performed-is_no,Free_Fluids-is_no,Free_Fluids-is_yes,Appendix_Wall_Layers-is_intact,Appendix_Wall_Layers-is_raised,Appendix_Wall_Layers-is_upset,Appendix_Wall_Layers-is_partially raised,Surrounding_Tissue_Reaction-is_yes,Surrounding_Tissue_Reaction-is_no,Pathological_Lymph_Nodes-is_yes,Pathological_Lymph_Nodes-is_no
0,12.68,16.9,148.0,37.0,3.0,4.0,3.0,7.1,37.0,7.7,68.2,5.27,14.8,12.2,254.0,0.0,1.0,0.0,1.0,0.0,1.0,0.0,1.0,0.0,1.0,0.0,1.0,0.0,1.0,0.0,1.0,0.0,1.0,0.0,1.0,0.0,0.0,0.0,1.0,0.0,0.0,0.0,1.0,0.0,0.0,0.0,1.0,0.0,1.0,0.0,0.0,0.0,1.0,0.0,0.0,1.0,0.0,1.0,0.0,1.0,0.0,1.0,0.0,1.0,0.0,0.0,0.0,1.0,0.0,1.0,0.0
1,14.1,31.9,147.0,69.5,2.0,5.0,4.0,7.596999047286596,36.9,8.1,64.8,5.26,15.7,12.7,151.0,3.0,0.0,1.0,0.0,1.0,0.0,1.0,1.0,0.0,1.0,0.0,1.0,0.0,1.0,0.0,1.0,0.0,1.0,0.0,0.0,1.0,0.0,0.0,0.0,1.0,0.0,0.0,1.0,0.0,0.0,0.0,0.0,1.0,1.0,0.0,0.0,0.0,1.0,0.0,0.0,1.0,0.0,1.0,0.0,1.0,0.0,1.0,0.0,0.6150231606755088,0.34272288325191336,0.004694545210453427,0.0375594515078197,0.8215766794264839,0.17842332504007596,0.765306125511861,0.23469387448468526
2,14.14,23.3,163.0,62.0,4.0,5.0,3.0,7.864903111320288,36.6,13.2,74.8,3.98,11.4,12.2,300.0,3.0,1.0,0.0,0.0,1.0,1.0,0.0,1.0,0.0,1.0,0.0,1.0,0.0,1.0,0.0,0.0,1.0,1.0,0.0,0.0,1.0,0.0,0.0,0.0,1.0,0.0,0.0,1.0,0.0,0.0,0.0,1.0,0.0,0.0,1.0,0.0,0.0,1.0,0.0,0.0,1.0,0.0,1.0,0.0,1.0,0.0,1.0,0.0,0.6150231393966828,0.3427228524029551,0.004694638026087272,0.037559410247078096,0.8215766691247841,0.17842333582580838,0.7653061489224977,0.23469384957381945
3,16.37,20.6,165.0,56.0,3.0,7.0,6.0,7.195974040026243,36.0,11.4,63.0,4.64,13.6,13.2,258.0,0.0,1.0,0.0,0.0,1.0,0.0,1.0,1.0,0.0,0.0,1.0,1.0,0.0,0.0,1.0,1.0,0.0,1.0,0.0,0.0,1.0,0.0,0.0,0.0,1.0,0.0,0.0,1.0,0.0,0.0,0.0,0.0,1.0,1.0,0.0,0.0,0.0,1.0,0.0,0.0,1.0,0.0,1.0,0.0,1.0,0.0,1.0,0.0,0.6150232837760978,0.3427227749168459,0.0046948868194897075,0.03755908006886244,0.8215766904811417,0.1784233133289912,1.0,0.0
4,11.08,16.9,163.0,45.0,3.0,5.0,6.0,7.0,36.9,8.1,44.0,4.44,12.6,13.6,311.0,0.0,1.0,0.0,1.0,0.0,1.0,0.0,1.0,0.0,1.0,0.0,0.0,1.0,0.0,1.0,1.0,0.0,1.0,0.0,0.0,1.0,0.0,0.0,0.0,1.0,0.0,0.0,1.0,0.0,0.0,0.0,1.0,0.0,0.0,1.0,0.0,0.0,1.0,0.0,0.0,1.0,0.0,1.0,0.0,1.0,0.0,1.0,0.0,0.6150236699329986,0.3427229501042317,0.0046949805524579835,0.037558382153038306,0.8215766741279751,0.17842333061192284,1.0,0.0
5,11.05,30.7,121.0,45.0,3.0,6.0,7.0,8.007949686650171,36.9,9.5,71.4,4.96,12.5,13.3,249.0,63.0,0.0,1.0,0.0,1.0,0.0,1.0,1.0,0.0,1.0,0.0,0.0,1.0,0.0,1.0,1.0,0.0,1.0,0.0,1.0,0.0,0.0,0.0,0.0,1.0,0.0,0.0,1.0,0.0,0.0,0.0,1.0,0.0,0.0,0.0,1.0,0.0,1.0,0.0,0.0,1.0,0.0,1.0,0.0,1.0,0.0,1.0,0.0,0.6150231535448358,0.3427228843987823,0.004694759365584944,0.03755923916214787,0.8215765713408287,0.17842343881271516,0.765306275162998,0.23469371712164544
6,8.98,19.4,140.0,38.5,3.0,5.0,6.0,7.157092506523534,36.7,10.0,69.1,4.77,12.7,12.6,337.0,9.0,1.0,0.0,0.0,1.0,1.0,0.0,1.0,0.0,1.0,0.0,0.0,1.0,0.0,1.0,1.0,0.0,1.0,0.0,0.0,1.0,0.0,0.0,0.0,1.0,0.0,0.0,0.0,1.0,0.0,0.0,1.0,0.0,1.0,0.0,0.0,0.0,1.0,0.0,0.0,1.0,0.0,1.0,0.0,1.0,0.0,1.0,0.0,0.6150231367175397,0.3427228825964297,0.004694888483263715,0.03755912497924618,0.8215766659145795,0.17842333923178155,0.7653062808947106,0.23469371079034518
7,7.9,15.7,131.0,26.7,3.0,7.0,6.0,3.7,37.3,20.9,76.0,4.61,13.4,12.0,350.0,20.0,0.0,1.0,1.0,0.0,1.0,0.0,1.0,0.0,0.0,1.0,1.0,0.0,1.0,0.0,1.0,0.0,0.0,1.0,0.0,0.0,1.0,0.0,1.0,0.0,0.0,0.0,1.0,0.0,0.0,0.0,1.0,0.0,1.0,0.0,0.0,0.0,1.0,0.0,0.0,0.0,1.0,1.0,0.0,1.0,0.0,0.0,1.0,0.6150233268537997,0.34272295465604086,0.004695129562565903,0.03755859581972654,0.8215767160979426,0.17842328637912963,1.0,0.0
8,14.34,14.9,174.0,45.5,3.0,4.0,4.0,8.0,37.1,5.8,47.2,4.78,12.9,12.6,220.0,0.0,0.0,1.0,1.0,0.0,1.0,0.0,1.0,0.0,0.0,1.0,1.0,0.0,0.0,1.0,1.0,0.0,1.0,0.0,0.0,1.0,0.0,0.0,0.0,1.0,0.0,0.0,1.0,0.0,0.0,0.0,1.0,0.0,1.0,0.0,0.0,0.0,1.0,0.0,0.0,0.0,1.0,1.0,0.0,1.0,0.0,1.0,0.0,1.0,0.0,0.0,0.0,1.0,0.0,0.765306100012808,0.23469390109054744
9,11.87,15.7,147.0,34.0,2.0,8.0,9.0,9.0,38.0,17.1,80.5,4.75,13.2,12.1,319.0,17.0,0.0,1.0,1.0,0.0,0.0,1.0,1.0,0.0,0.0,1.0,0.0,1.0,1.0,0.0,1.0,0.0,0.0,1.0,0.0,1.0,0.0,0.0,0.0,1.0,0.0,0.0,1.0,0.0,0.0,0.0,1.0,0.0,1.0,0.0,0.0,0.0,1.0,0.0,0.0,0.0,1.0,1.0,0.0,1.0,0.0,1.0,0.0,1.0,0.0,0.0,0.0,1.0,0.0,0.7653062234870968,0.2346937711036906
10,16.28,20.5,174.0,62.2,3.0,4.227015375028348,5.828894931097563,7.086713162609163,36.6,8.2,64.34757113690173,4.14,11.7,12.7,225.0,1.0,1.0,0.0,0.0,1.0,1.0,0.0,1.0,0.0,0.0,1.0,0.0,1.0,1.0,0.0,1.0,0.0,0.5086207092580743,0.49137928970785205,0.0,1.0,0.0,0.0,0.0,1.0,0.0,0.0,1.0,0.0,0.0,0.0,0.0,1.0,0.0,0.0,1.0,0.0,1.0,0.0,0.0,1.0,0.0,1.0,0.0,1.0,0.0,1.0,0.0,0.6150233756342764,0.342722870464079,0.004694637308668592,0.037559136929074755,0.0,1.0,0.7653061519767805,0.23469384633441703
11,9.4,16.6,141.0,33.0,2.0,9.0,7.0,8.150941065896529,37.4,16.1,86.3,5.06,13.7,12.9,232.0,6.0,0.0,1.0,0.0,1.0,1.0,0.0,1.0,0.0,1.0,0.0,1.0,0.0,0.0,1.0,1.0,0.0,0.0,1.0,0.0,0.0,1.0,0.0,1.0,0.0,0.0,0.0,1.0,0.0,0.0,0.0,1.0,0.0,1.0,0.0,0.0,0.0,1.0,0.0,0.0,0.0,1.0,1.0,0.0,1.0,0.0,0.5718518516551359,0.42814814835898196,0.6150231696804168,0.34272290522224347,0.004694740667443353,0.03755921718569477,0.821576790333989,0.17842320822248203,1.0,0.0
12,12.48,22.1,131.0,38.0,3.0,5.0,4.0,6.165505872702862,36.5,6.0,49.9,4.33,12.5,12.9,250.0,0.0,1.0,0.0,0.0,1.0,0.0,1.0,1.0,0.0,1.0,0.0,1.0,0.0,1.0,0.0,1.0,0.0,1.0,0.0,0.0,1.0,0.0,0.0,0.0,1.0,0.0,0.0,1.0,0.0,0.0,0.0,1.0,0.0,1.0,0.0,0.0,0.0,1.0,0.0,0.0,1.0,0.0,1.0,0.0,1.0,0.0,1.0,0.0,0.615023126856566,0.3427228400649863,0.004694796125320422,0.037559275412852644,0.8215766796767214,0.17842332476790812,0.7653061639990575,0.23469383388402842
13,15.98,19.7,164.0,53.0,4.0,8.0,8.0,9.0,36.5,17.0,91.0,4.1,12.2,11.9,245.0,5.0,1.0,0.0,1.0,0.0,1.0,0.0,1.0,0.0,1.0,0.0,0.0,1.0,0.0,1.0,1.0,0.0,0.0,1.0,0.08303886846922948,0.57773851242333,0.2102473542010006,0.12897526503754153,0.15535714112258325,0.7642857155463546,0.028571424842646187,0.05178571866061599,0.8621908146318962,0.08833923334856508,0.019434630278147846,0.030035320967400914,1.0,0.0,1.0,0.0,0.0,0.0,1.0,0.0,0.0,0.0,1.0,1.0,0.0,1.0,0.0,1.0,0.0,0.6150235984132519,0.3427230317005756,0.004694580129419368,0.037558785059085276,0.8215767844496358,0.17842321444458997,0.7653061449442516,0.2346938538787593
14,14.93,25.0,165.0,68.0,3.0,3.0,3.0,9.0,36.2,7.3,64.4,4.24,13.6,11.7,245.0,0.0,1.0,0.0,1.0,0.0,1.0,0.0,1.0,0.0,0.0,1.0,1.0,0.0,1.0,0.0,1.0,0.0,1.0,0.0,0.0,1.0,0.0,0.0,0.0,1.0,0.0,0.0,0.0,1.0,0.0,0.0,1.0,0.0,0.0,0.0,1.0,0.0,1.0,0.0,0.0,0.0,1.0,1.0,0.0,1.0,0.0,1.0,0.0,1.0,0.0,0.0,0.0,0.8215766023314407,0.1784234061527623,0.765306267604442,0.2346937247145049
15,13.39,17.5,153.0,40.7,3.0,6.0,6.0,8.5,38.1,6.8,73.7,5.19,14.1,12.4,267.0,7.0,1.0,0.0,1.0,0.0,0.0,1.0,1.0,0.0,0.0,1.0,1.0,0.0,0.0,1.0,1.0,0.0,1.0,0.0,0.0,0.0,1.0,0.0,0.0,1.0,0.0,0.0,1.0,0.0,0.0,0.0,1.0,0.0,1.0,0.0,0.0,0.0,1.0,0.0,0.0,0.0,1.0,1.0,0.0,1.0,0.0,0.0,1.0,0.6150234645706101,0.3427229679565654,0.004694954171676424,0.03755861313519504,1.0,0.0,1.0,0.0
16,17.24,33.1,163.0,88.0,3.0,3.0,5.0,9.3,36.1,6.5,57.9,4.93,14.2,12.8,271.0,4.0,1.0,0.0,1.0,0.0,0.0,1.0,1.0,0.0,0.0,1.0,0.0,1.0,1.0,0.0,0.0,1.0,1.0,0.0,0.0,1.0,0.0,0.0,0.0,1.0,0.0,0.0,1.0,0.0,0.0,0.0,1.0,0.0,1.0,0.0,0.0,0.0,1.0,0.0,0.0,0.0,1.0,1.0,0.0,1.0,0.0,1.0,0.0,0.6150238495988496,0.3427230385704789,0.004695007028230003,0.03755806808035134,0.8215766278497091,0.17842337930075491,0.7653058793598843,0.23469413349614643
17,10.58,18.6,152.0,43.0,3.0,8.0,6.0,9.0,36.0,13.4,84.1,4.96,13.6,12.4,250.0,1.0,1.0,0.0,1.0,0.0,1.0,0.0,1.0,0.0,1.0,0.0,1.0,0.0,0.0,1.0,1.0,0.0,0.0,1.0,0.0,0.0,0.0,1.0,0.0,1.0,0.0,0.0,1.0,0.0,0.0,0.0,1.0,0.0,1.0,0.0,0.0,0.0,1.0,0.0,0.0,0.0,1.0,1.0,0.0,1.0,0.0,1.0,0.0,1.0,0.0,0.0,0.0,1.0,0.0,0.7653061914520498,0.23469380489791491
18,14.74,22.9,155.0,55.0,4.0,3.0,3.0,5.0,36.3,8.0,69.3,4.94,14.0,12.1,191.0,1.0,0.0,1.0,1.0,0.0,0.0,1.0,1.0,0.0,0.0,1.0,1.0,0.0,1.0,0.0,0.0,1.0,1.0,0.0,0.0,1.0,0.0,0.0,0.0,1.0,0.0,0.0,1.0,0.0,0.0,0.0,1.0,0.0,1.0,0.0,0.0,0.0,1.0,0.0,0.0,0.0,1.0,1.0,0.0,1.0,0.0,0.0,1.0,0.615023349058673,0.34272297221471015,0.004694919098071293,0.037558769961654526,1.0,0.0,0.7653062324856518,0.23469376182361945
19,16.66,21.5,174.0,65.0,5.0,6.0,7.0,9.0,36.6,6.6,53.3,5.31,15.8,11.9,254.0,3.0,0.0,1.0,1.0,0.0,0.0,1.0,1.0,0.0,1.0,0.0,0.0,1.0,0.0,1.0,1.0,0.0,1.0,0.0,0.0,0.0,0.0,1.0,0.0,1.0,0.0,0.0,1.0,0.0,0.0,0.0,1.0,0.0,1.0,0.0,0.0,0.0,1.0,0.0,0.0,1.0,0.0,1.0,0.0,1.0,0.0,0.0,1.0,0.6150233893696704,0.34272308788613104,0.0046945634723108975,0.03755896920263968,0.8215766870452477,0.17842331700729586,0.7653062241287432,0.23469377054175455
20,11.18,16.7,151.0,37.9,3.0,8.0,7.0,8.290727548890988,38.4,18.0,85.0,4.43,13.1,12.3,298.0,31.0,1.0,0.0,0.0,1.0,1.0,0.0,1.0,0.0,0.0,1.0,1.0,0.0,0.0,1.0,1.0,0.0,0.0,1.0,0.0,0.0,0.0,1.0,1.0,0.0,0.0,0.0,1.0,0.0,0.0,0.0,1.0,0.0,1.0,0.0,0.0,0.0,1.0,0.0,0.0,1.0,0.0,1.0,0.0,1.0,0.0,1.0,0.0,0.6150231330896592,0.34272293004478016,0.0046940965317829875,0.0375598920311645,0.8215766738251229,0.17842333088404383,0.7653062211691051,0.23469377353458354
21,13.6,20.9,150.0,47.0,3.0,1.0,1.0,7.1238967519556535,36.6,9.0,70.2,4.45,12.4,12.1,254.0,0.0,1.0,0.0,0.0,1.0,1.0,0.0,0.0,1.0,0.0,1.0,1.0,0.0,1.0,0.0,1.0,0.0,1.0,0.0,0.0,1.0,0.0,0.0,0.0,1.0,0.0,0.0,1.0,0.0,0.0,0.0,1.0,0.0,0.0,1.0,0.0,0.0,1.0,0.0,0.0,0.0,1.0,1.0,0.0,1.0,0.0,0.0,1.0,0.6150231543648901,0.34272283715683693,0.004694655935671754,0.037559392818379944,0.8215769095420167,0.1784230828080854,0.765306216379283,0.2346937786275779
22,13.89,18.0,149.0,40.0,4.0,2.571980128227991,2.4603470512276795,7.502599627573507,37.0,10.6,68.97610783801252,4.79,13.5,12.9,330.0,77.0,0.0,1.0,0.0,1.0,1.0,0.0,0.0,1.0,0.0,1.0,1.0,0.0,1.0,0.0,1.0,0.0,0.5086206972223839,0.49137930212659997,0.0,1.0,0.0,0.0,1.0,0.0,0.0,0.0,1.0,0.0,0.0,0.0,1.0,0.0,0.0,0.0,1.0,0.0,1.0,0.0,0.0,0.0,1.0,1.0,0.0,1.0,0.0,1.0,0.0,0.6150232603367416,0.34272287527309253,0.004694282034826913,0.037559622137858906,0.8215769090917129,0.17842308325210054,1.0,0.0
23,15.92,21.9,180.0,71.0,2.0,2.0,2.0,7.0,37.0,5.2,62.0,4.69,14.3,11.7,197.0,1.0,0.0,1.0,1.0,0.0,1.0,0.0,1.0,0.0,0.0,1.0,1.0,0.0,1.0,0.0,0.0,1.0,1.0,0.0,0.0,1.0,0.0,0.0,0.0,1.0,0.0,0.0,1.0,0.0,0.0,0.0,1.0,0.0,1.0,0.0,0.0,0.0,1.0,0.0,0.0,0.0,1.0,1.0,0.0,1.0,0.0,1.0,0.0,1.0,0.0,0.0,0.0,0.0,1.0,0.7653059095983041,0.23469410147624892
24,13.26,24.2,160.0,62.0,2.0,2.0,4.0,6.0,36.0,7.4,53.0,4.48,12.9,12.3,266.0,1.0,1.0,0.0,1.0,0.0,1.0,0.0,1.0,0.0,0.0,1.0,0.0,1.0,1.0,0.0,0.0,1.0,1.0,0.0,0.0,1.0,0.0,0.0,0.0,1.0,0.0,0.0,1.0,0.0,0.0,0.0,1.0,0.0,1.0,0.0,0.0,0.0,1.0,0.0,0.0,1.0,0.0,1.0,0.0,1.0,0.0,1.0,0.0,0.61502368685393,0.3427229669348887,0.004694849336693396,0.03755848131600115,0.8215765555227688,0.1784234554470897,0.765306056668777,0.23469394678575928
25,8.69,16.0,139.0,31.0,4.0,8.0,8.0,7.7,37.3,10.7,56.0,4.15,12.2,11.8,284.0,89.0,1.0,0.0,1.0,0.0,1.0,0.0,1.0,0.0,1.0,0.0,0.0,1.0,0.0,1.0,1.0,0.0,1.0,0.0,1.0,0.0,0.0,0.0,0.0,1.0,0.0,0.0,0.0,1.0,0.0,0.0,1.0,0.0,0.0,1.0,0.0,0.0,1.0,0.0,0.0,0.0,1.0,1.0,0.0,1.0,0.0,1.0,0.0,0.6150236983293556,0.34272288727027267,0.00469467943872226,0.0375587262820668,1.0,0.0,0.765306222588057,0.2346937721456408
26,17.82,18.225839556083713,170.78284754114162,52.0,2.0,4.0,6.0,5.0,37.0,9.4,53.9,4.48,14.2,12.3,241.0,3.0,1.0,0.0,1.0,0.0,1.0,0.0,1.0,0.0,0.0,1.0,0.0,1.0,0.0,1.0,1.0,0.0,1.0,0.0,0.0,0.0,1.0,0.0,0.0,1.0,0.0,0.0,1.0,0.0,0.0,0.0,1.0,0.0,1.0,0.0,0.0,0.0,1.0,0.0,0.0,0.0,1.0,1.0,0.0,1.0,0.0,0.0,1.0,0.6150236279119077,0.3427228918978149,0.004695346619250418,0.03755811483788363,0.8215766565319877,0.17842334896285017,0.7653061257098058,0.23469387378338757
27,10.51,17.8,150.0,40.0,3.0,7.0,8.0,7.7,36.3,16.1,84.5,4.55,13.2,11.5,332.0,0.0,1.0,0.0,1.0,0.0,1.0,0.0,1.0,0.0,0.0,1.0,0.0,1.0,0.0,1.0,1.0,0.0,0.0,1.0,0.0,1.0,0.0,0.0,0.0,1.0,0.0,0.0,1.0,0.0,0.0,0.0,1.0,0.0,1.0,0.0,0.0,0.0,1.0,0.0,0.0,0.0,1.0,1.0,0.0,1.0,0.0,1.0,0.0,0.0,1.0,0.0,0.0,1.0,0.0,0.7653061327394419,0.23469386667528103
28,13.54,17.4,166.0,48.0,3.0,5.0,6.0,6.0,36.8,6.4,49.8,4.51,12.5,11.9,286.0,0.0,1.0,0.0,1.0,0.0,1.0,0.0,1.0,0.0,1.0,0.0,0.0,1.0,0.0,1.0,1.0,0.0,1.0,0.0,0.0,1.0,0.0,0.0,0.0,1.0,0.0,0.0,1.0,0.0,0.0,0.0,0.0,1.0,1.0,0.0,0.0,0.0,1.0,0.0,0.0,1.0,0.0,1.0,0.0,1.0,0.0,1.0,0.0,0.6150235961492613,0.34272300574977843,0.004694563630886606,0.037558831635285395,0.8215766644439705,0.17842334080219713,0.7653061505684249,0.2346938478965097
29,15.7,25.5,175.0,78.0,3.0,2.0,2.0,8.0,37.0,6.9,57.0,5.3,15.8,12.2,223.0,15.0,0.0,1.0,1.0,0.0,1.0,0.0,1.0,0.0,0.0,1.0,1.0,0.0,1.0,0.0,0.0,1.0,1.0,0.0,0.0,1.0,0.0,0.0,1.0,0.0,0.0,0.0,1.0,0.0,0.0,0.0,1.0,0.0,1.0,0.0,0.0,0.0,1.0,0.0,0.0,0.0,1.0,1.0,0.0,1.0,0.0,1.0,0.0,0.6150236572697463,0.3427230389015006,0.004694519873894021,0.037558776026262786,0.8215766299460272,0.17842337710592782,0.7653058980891757,0.23469411363451143
30,10.55,18.1,141.0,36.0,3.0,6.0,7.0,9.0,37.4,11.0,73.2,4.67,13.4,13.4,279.0,40.0,0.0,1.0,1.0,0.0,1.0,0.0,1.0,0.0,0.0,1.0,0.0,1.0,1.0,0.0,1.0,0.0,1.0,0.0,0.0,1.0,0.0,0.0,0.0,1.0,0.0,0.0,1.0,0.0,0.0,0.0,1.0,0.0,1.0,0.0,0.0,0.0,0.0,1.0,0.0,0.0,1.0,1.0,0.0,1.0,0.0,1.0,0.0,0.6150236973798036,0.3427230257574274,0.004695058751141845,0.03755819207316846,0.8215768390582446,0.17842315690656563,0.7653061578495556,0.23469384033195861
31,10.36,16.3,138.0,31.0,3.0,7.0,6.0,10.0,38.3,16.7,73.5,4.83,13.3,11.8,239.0,24.0,1.0,0.0,1.0,0.0,1.0,0.0,1.0,0.0,0.0,1.0,1.0,0.0,0.0,1.0,1.0,0.0,1.0,0.0,0.0,1.0,0.0,0.0,0.0,1.0,0.0,0.0,1.0,0.0,0.0,0.0,1.0,0.0,1.0,0.0,0.0,0.0,1.0,0.0,0.0,0.0,1.0,1.0,0.0,1.0,0.0,1.0,0.0,0.6150235481776682,0.342723016068181,0.004694603993135038,0.03755883102838742,0.8215767810039347,0.17842321804481553,0.7653061377194751,0.23469386148263427
32,5.33,17.4,127.0,28.0,4.0,9.0,8.0,3.5,38.3,33.6,83.6,4.3,11.9,12.0,393.0,72.0,0.0,1.0,1.0,0.0,0.0,1.0,1.0,0.0,0.0,1.0,1.0,0.0,0.0,1.0,1.0,0.0,0.0,1.0,1.0,0.0,0.0,0.0,0.0,1.0,0.0,0.0,1.0,0.0,0.0,0.0,1.0,0.0,1.0,0.0,0.0,0.0,1.0,0.0,0.0,0.316400572641619,0.683599427775946,1.0,0.0,1.0,0.0,0.571851857128105,0.42814814258961953,0.6150232483525926,0.34272290372042535,0.004694957158428381,0.03755891200365635,0.8215765651432175,0.1784234453147473,0.7653063097182675,0.23469368036598315
33,11.4,18.947703374962,151.72607029167398,45.0,3.0,10.0,8.0,7.0,38.8,11.3,91.0,4.56,13.2,12.6,268.0,35.0,0.0,1.0,1.0,0.0,0.0,1.0,1.0,0.0,1.0,0.0,1.0,0.0,0.0,1.0,1.0,0.0,0.0,1.0,0.0,1.0,0.0,0.0,0.0,1.0,0.0,0.0,1.0,0.0,0.0,0.0,1.0,0.0,1.0,0.0,0.0,0.0,1.0,0.0,0.0,1.0,0.0,1.0,0.0,1.0,0.0,1.0,0.0,1.0,0.0,0.0,0.0,0.0,1.0,0.765306120451062,0.23469387942161934
34,7.84,23.2,136.0,43.0,4.0,8.0,7.0,9.231393257376157,37.9,18.8,80.0,4.35,11.1,12.9,285.0,136.0,1.0,0.0,0.0,1.0,1.0,0.0,1.0,0.0,0.0,1.0,1.0,0.0,0.0,1.0,1.0,0.0,0.0,1.0,1.0,0.0,0.0,0.0,0.0,0.0,1.0,0.0,1.0,0.0,0.0,0.0,1.0,0.0,1.0,0.0,0.0,0.0,1.0,0.0,0.0,0.0,1.0,1.0,0.0,1.0,0.0,0.5718518592392221,0.42814814037412374,0.6150233844510691,0.342722728778877,0.004694300353385694,0.03755962342607777,0.8215765613442545,0.17842344930880516,0.7653060344901671,0.23469397021988891
35,5.71,13.794353440321174,123.29321060092006,19.5,2.0,9.0,8.0,7.0,38.4,11.6,90.6,4.34,11.7,12.4,126.0,4.0,0.0,1.0,1.0,0.0,0.0,1.0,1.0,0.0,0.0,1.0,1.0,0.0,0.0,1.0,1.0,0.0,0.0,1.0,0.0,0.0,1.0,0.0,1.0,0.0,0.0,0.0,1.0,0.0,0.0,0.0,1.0,0.0,1.0,0.0,0.0,0.0,1.0,0.0,0.0,0.0,1.0,1.0,0.0,1.0,0.0,0.0,1.0,1.0,0.0,0.0,0.0,0.0,1.0,1.0,0.0
36,14.15,18.928966208375133,161.03079632253048,50.0,3.0,8.0,7.0,7.948910748350913,36.0,11.9,78.3,4.33,12.6,13.1,189.0,0.0,0.0,1.0,0.0,1.0,0.0,1.0,1.0,0.0,0.0,1.0,1.0,0.0,0.0,1.0,1.0,0.0,0.0,1.0,0.0,1.0,0.0,0.0,0.0,1.0,0.0,0.0,1.0,0.0,0.0,0.0,1.0,0.0,1.0,0.0,0.0,0.0,1.0,0.0,0.0,0.0,1.0,1.0,0.0,1.0,0.0,0.0,1.0,0.615023108842402,0.3427228204958124,0.004694893540636236,0.03755921552040242,0.8215767176955859,0.17842328460140766,1.0,0.0
37,7.9,15.3,132.5,26.5,3.0,4.0,4.0,6.0,37.1,6.5,29.7,4.7,13.0,11.7,246.0,0.0,1.0,0.0,1.0,0.0,1.0,0.0,1.0,0.0,0.0,1.0,1.0,0.0,0.0,1.0,1.0,0.0,1.0,0.0,0.0,1.0,0.0,0.0,0.0,1.0,0.0,0.0,0.0,0.0,1.0,0.0,1.0,0.0,1.0,0.0,0.0,0.0,1.0,0.0,0.0,0.0,1.0,1.0,0.0,1.0,0.0,1.0,0.0,0.6150237849786704,0.3427229164689858,0.004695418008804797,0.03755784462140421,0.8215767526852115,0.178423247930808,1.0,0.0
38,13.38,17.7,163.0,47.0,3.0,9.0,8.0,9.0,37.7,12.3,79.6,4.42,12.9,12.6,305.0,18.0,0.0,1.0,1.0,0.0,0.0,1.0,1.0,0.0,0.0,1.0,1.0,0.0,0.0,1.0,1.0,0.0,0.0,1.0,0.0,1.0,0.0,0.0,0.0,1.0,0.0,0.0,1.0,0.0,0.0,0.0,1.0,0.0,0.0,0.0,1.0,0.0,1.0,0.0,0.0,0.0,1.0,1.0,0.0,1.0,0.0,1.0,0.0,1.0,0.0,0.0,0.0,0.821576658087292,0.1784233474150414,0.7653062448065888,0.23469374861311287
39,15.9,19.910473775787292,167.1402480057584,54.0,3.0,4.0,4.0,6.5,37.0,5.4,54.0,4.91,14.6,13.6,225.0,4.0,1.0,0.0,1.0,0.0,1.0,0.0,1.0,0.0,0.0,1.0,1.0,0.0,0.0,1.0,1.0,0.0,1.0,0.0,0.0,1.0,0.0,0.0,0.0,0.0,1.0,0.0,1.0,0.0,0.0,0.0,1.0,0.0,0.0,1.0,0.0,0.0,1.0,0.0,0.0,1.0,0.0,1.0,0.0,1.0,0.0,1.0,0.0,0.6150238807508402,0.3427227368053296,0.004694575614448859,0.03755879596016054,0.0,1.0,0.7653058838546671,0.2346941284018329
40,15.89,19.6,175.0,60.0,2.0,6.0,5.0,6.0,36.3,11.8,77.5,4.5,12.1,14.2,284.0,42.0,1.0,0.0,0.0,1.0,0.0,1.0,1.0,0.0,0.0,1.0,1.0,0.0,1.0,0.0,0.0,1.0,0.0,1.0,0.08303886963202223,0.5777385183805483,0.2102473487522677,0.12897526309802332,0.15535713463268497,0.7642857186283218,0.028571427294672214,0.05178571989335501,0.862190815307593,0.08833922559995677,0.019434628670745302,0.030035330066368826,1.0,0.0,0.0,0.0,1.0,0.0,0.0,1.0,0.0,0.0,1.0,1.0,0.0,1.0,0.0,0.0,1.0,0.6150232667881201,0.3427228390164708,0.004695024912703016,0.03755889001250523,0.8215767023571511,0.1784233008468189,1.0,0.0
41,10.13,17.2,132.0,30.0,3.0,8.0,9.0,7.828637218032574,36.5,13.7,81.3,5.06,11.4,15.1,312.0,0.0,0.0,1.0,0.0,1.0,0.0,1.0,1.0,0.0,0.0,1.0,0.0,1.0,0.0,1.0,1.0,0.0,0.0,1.0,0.0,0.0,1.0,0.0,1.0,0.0,0.0,0.0,1.0,0.0,0.0,0.0,1.0,0.0,1.0,0.0,0.0,0.0,1.0,0.0,0.0,1.0,0.0,1.0,0.0,1.0,0.0,0.0,1.0,0.6150230787084803,0.34272292449858344,0.004695279685877463,0.03755874165751372,0.8215767031751703,0.178423299965775,0.7653061840311414,0.23469381274016798
42,3.79,15.1,106.0,17.0,3.0,5.0,6.0,5.5,36.9,16.0,91.3,4.46,11.8,12.6,351.0,2.0,0.0,1.0,1.0,0.0,1.0,0.0,0.0,1.0,0.0,1.0,0.0,1.0,0.0,1.0,1.0,0.0,0.0,1.0,0.08303887268567633,0.5777385115821699,0.2102473552321018,0.12897526031196793,0.15535715630716906,0.7642857140393509,0.02857141672483976,0.05178571216492722,0.8621908127799691,0.08833922369834801,0.019434639343351323,0.030035323829169736,1.0,0.0,1.0,0.0,0.0,0.0,1.0,0.0,0.0,0.0,1.0,1.0,0.0,1.0,0.0,1.0,0.0,0.6150236622914198,0.3427229560193119,0.0046949372077199625,0.03755842906414175,0.8215768603507523,0.17842313453818326,0.765306229847398,0.23469376438927336
43,9.49,16.2,129.0,27.0,3.0,3.0,3.0,5.5,36.6,6.2,36.7,4.43,12.0,12.3,263.0,0.0,0.0,1.0,1.0,0.0,0.0,1.0,1.0,0.0,0.0,1.0,1.0,0.0,1.0,0.0,0.0,1.0,1.0,0.0,0.08303886646870262,0.5777385302009392,0.21024733594459277,0.12897526721477992,0.15535714065883033,0.7642857194181408,0.028571423309477595,0.05178571667157106,0.8621908051889302,0.08833921479978335,0.01943463568947723,0.03003534518778672,1.0,0.0,1.0,0.0,0.0,0.0,1.0,0.0,0.0,0.0,1.0,1.0,0.0,1.0,0.0,0.0,1.0,0.6150233720302671,0.3427229508973759,0.004694946296289748,0.037558739388564355,1.0,0.0,0.7653061405271564,0.23469385855936353
44,16.83,17.7,178.0,56.0,3.0,6.0,7.0,6.985241811417291,37.2,5.5,66.9,4.77,14.8,13.6,199.0,0.0,1.0,0.0,0.0,1.0,0.0,1.0,1.0,0.0,1.0,0.0,0.0,1.0,0.0,1.0,1.0,0.0,1.0,0.0,0.0,0.0,0.0,1.0,0.0,1.0,0.0,0.0,1.0,0.0,0.0,0.0,0.0,1.0,0.0,1.0,0.0,0.0,1.0,0.0,0.0,1.0,0.0,1.0,0.0,1.0,0.0,1.0,0.0,0.6150234063423732,0.34272284669984565,0.00469452272453863,0.03755924634464114,0.8215767014984672,0.17842330178422627,0.765306226025122,0.23469376856758883
45,12.16,24.6,160.0,63.0,3.0,5.0,4.0,8.03257521017861,37.4,11.5,74.3,4.81,13.9,12.1,233.0,22.0,0.0,1.0,0.0,1.0,1.0,0.0,1.0,0.0,0.0,1.0,1.0,0.0,1.0,0.0,0.0,1.0,1.0,0.0,0.0,1.0,0.0,0.0,0.0,1.0,0.0,0.0,1.0,0.0,0.0,0.0,1.0,0.0,1.0,0.0,0.0,0.0,1.0,0.0,0.0,0.0,1.0,1.0,0.0,1.0,0.0,1.0,0.0,0.6150232638806712,0.3427228603461636,0.004694736871374672,0.0375591658748039,0.8215766302890586,0.17842337667513541,0.7653061200269455,0.23469388005256575
46,11.38,22.1,141.0,44.2,3.0,4.0,4.0,9.0,36.6,6.3,42.2,4.36,12.5,11.7,339.0,1.0,0.0,1.0,1.0,0.0,1.0,0.0,1.0,0.0,0.0,1.0,1.0,0.0,0.0,1.0,1.0,0.0,1.0,0.0,0.0,0.0,0.0,1.0,0.0,1.0,0.0,0.0,1.0,0.0,0.0,0.0,1.0,0.0,1.0,0.0,0.0,0.0,1.0,0.0,0.0,0.0,1.0,1.0,0.0,1.0,0.0,1.0,0.0,1.0,0.0,0.0,0.0,0.0,1.0,0.7653059875361885,0.23469401958238834
47,13.57,21.8,153.0,51.0,3.0,5.0,6.0,5.8,36.6,8.4,53.8,4.4,12.7,12.4,289.0,0.0,1.0,0.0,0.0,1.0,1.0,0.0,1.0,0.0,1.0,0.0,0.0,1.0,0.0,1.0,1.0,0.0,1.0,0.0,0.0830388702019732,0.5777385186405356,0.21024734273166024,0.12897526838701168,0.15535714568566172,0.764285714613518,0.028571432273640784,0.05178570708435226,0.8621908158812597,0.08833923014599998,0.019434628740696014,0.03003532458891711,1.0,0.0,1.0,0.0,0.0,0.0,0.0,1.0,0.0,1.0,0.0,1.0,0.0,1.0,0.0,1.0,0.0,0.6150233217251744,0.3427229462954686,0.004695040739702061,0.03755870150540497,0.8215767109215514,0.17842329187574857,1.0,0.0
48,15.72,20.245803013335184,161.95115621459308,52.0,3.0,4.0,3.0,7.112228455754742,36.8,11.3,68.9,4.64,12.9,11.8,408.0,2.0,1.0,0.0,0.0,1.0,1.0,0.0,1.0,0.0,0.0,1.0,1.0,0.0,1.0,0.0,0.0,1.0,1.0,0.0,0.0,1.0,0.0,0.0,0.0,1.0,0.0,0.0,1.0,0.0,0.0,0.0,1.0,0.0,1.0,0.0,0.0,0.0,1.0,0.0,0.0,1.0,0.0,1.0,0.0,1.0,0.0,1.0,0.0,0.6150231380536351,0.3427228495230653,0.004694628374723009,0.03755942544099655,0.821576650512378,0.1784233553286364,0.7653061709414372,0.23469382615570344
49,12.06,17.4,157.0,43.0,3.0,2.0,4.0,6.6,36.2,8.7,48.0,4.98,14.0,12.1,316.0,0.0,1.0,0.0,1.0,0.0,1.0,0.0,1.0,0.0,0.0,1.0,0.0,1.0,1.0,0.0,0.0,1.0,1.0,0.0,0.0,1.0,0.0,0.0,1.0,0.0,0.0,0.0,0.0,1.0,0.0,0.0,0.0,1.0,1.0,0.0,0.0,0.0,1.0,0.0,0.0,1.0,0.0,1.0,0.0,1.0,0.0,0.0,1.0,0.0,1.0,0.0,0.0,1.0,0.0,1.0,0.0
50,16.8,37.0,162.0,97.0,2.0,7.0,6.0,8.52404079024774,37.6,10.9,69.6,4.69,13.0,12.1,265.0,12.0,1.0,0.0,0.0,1.0,0.0,1.0,1.0,0.0,0.0,1.0,1.0,0.0,1.0,0.0,1.0,0.0,1.0,0.0,0.0,1.0,0.0,0.0,0.0,1.0,0.0,0.0,1.0,0.0,0.0,0.0,0.0,1.0,0.0,0.0,1.0,0.0,1.0,0.0,0.0,0.0,1.0,1.0,0.0,1.0,0.0,1.0,0.0,0.6150233184600153,0.34272289792601096,0.004694816961369086,0.03755898514689371,0.8215765603237337,0.1784234503221941,0.7653061420883647,0.23469385680426536
51,3.99,14.4,101.5,14.5,2.0,7.0,6.0,7.651327016128532,37.4,18.4,71.9,4.23,11.9,12.7,337.0,42.0,0.0,1.0,0.0,1.0,1.0,0.0,1.0,0.0,0.0,1.0,1.0,0.0,0.0,1.0,1.0,0.0,1.0,0.0,1.0,0.0,0.0,0.0,0.0,0.0,1.0,0.0,1.0,0.0,0.0,0.0,1.0,0.0,1.0,0.0,0.0,0.0,1.0,0.0,0.0,0.0,1.0,1.0,0.0,1.0,0.0,1.0,0.0,0.615023424039663,0.3427226230146987,0.004694689180256062,0.03755929172679617,0.8215766043140798,0.17842340404285417,1.0,0.0
52,7.2,14.1,125.0,22.0,3.0,7.0,6.0,8.5,36.6,16.5,83.1,5.07,14.3,12.6,313.0,17.0,1.0,0.0,1.0,0.0,1.0,0.0,1.0,0.0,0.0,1.0,1.0,0.0,0.0,1.0,1.0,0.0,0.0,1.0,1.0,0.0,0.0,0.0,0.0,1.0,0.0,0.0,1.0,0.0,0.0,0.0,1.0,0.0,1.0,0.0,0.0,0.0,1.0,0.0,0.0,0.0,1.0,1.0,0.0,1.0,0.0,1.0,0.0,1.0,0.0,0.0,0.0,0.8215766469698113,0.17842335915193686,0.7653060389184665,0.23469396551992316
53,10.01,24.1,155.0,58.1,2.0,7.0,7.0,7.826419832157946,38.0,8.3,75.5,4.93,13.7,12.0,296.0,5.0,0.0,1.0,0.0,1.0,0.0,1.0,1.0,0.0,0.0,1.0,1.0,0.0,0.0,1.0,1.0,0.0,0.0,1.0,0.0,1.0,0.0,0.0,0.0,1.0,0.0,0.0,1.0,0.0,0.0,0.0,1.0,0.0,0.0,0.0,1.0,0.0,0.0,1.0,0.0,0.0,1.0,1.0,0.0,1.0,0.0,1.0,0.0,0.6150232393815319,0.34272297491574266,0.004694661463520267,0.03755915024436107,0.8215766422147767,0.1784233641633346,0.7653061282962614,0.23469387129769748
54,9.18,14.5,144.0,30.0,2.0,7.0,8.0,15.0,37.0,14.9,93.4,4.57,14.2,12.1,242.0,12.0,0.0,1.0,1.0,0.0,1.0,0.0,1.0,0.0,0.0,1.0,0.0,1.0,0.0,1.0,1.0,0.0,0.0,1.0,0.08303887410030986,0.5777385081745832,0.21024736217124473,0.12897525525310027,0.1553571373089554,0.7642857184175673,0.028571417677806132,0.051785727128440096,0.8621908090924173,0.0883392277726337,0.0194346212065174,0.030035342136171095,1.0,0.0,1.0,0.0,0.0,0.0,1.0,0.0,0.0,0.0,1.0,1.0,0.0,1.0,0.0,0.0,1.0,0.6150235648221714,0.3427230386915803,0.004694243675553489,0.037559159728077995,0.8215769024885958,0.1784230901930246,0.7653061374168005,0.2346938618720258
55,11.88,20.7,154.0,48.5,2.0,5.0,3.0,7.768923404875181,36.8,11.0,73.7,4.4,13.2,12.8,262.0,56.0,1.0,0.0,0.0,1.0,1.0,0.0,1.0,0.0,1.0,0.0,1.0,0.0,1.0,0.0,0.0,1.0,1.0,0.0,1.0,0.0,0.0,0.0,1.0,0.0,0.0,0.0,1.0,0.0,0.0,0.0,1.0,0.0,1.0,0.0,0.0,0.0,1.0,0.0,0.0,0.0,1.0,1.0,0.0,1.0,0.0,1.0,0.0,0.6150233926773867,0.3427227824191713,0.004694336312277225,0.037559520814239744,0.8215766785108942,0.17842332594977606,0.7653060267165346,0.23469397833388417
56,10.58,17.3,140.0,34.0,3.0,5.0,4.0,7.400520568041335,37.8,11.1,71.7,5.08,13.1,12.6,395.0,47.0,0.0,1.0,0.0,1.0,1.0,0.0,1.0,0.0,0.0,1.0,1.0,0.0,1.0,0.0,0.0,1.0,1.0,0.0,0.0,1.0,0.0,0.0,0.0,1.0,0.0,0.0,1.0,0.0,0.0,0.0,1.0,0.0,1.0,0.0,0.0,0.0,1.0,0.0,0.0,0.0,1.0,1.0,0.0,1.0,0.0,0.0,1.0,0.6150232120369057,0.34272285208472497,0.00469483695928008,0.037559128122293894,0.0,1.0,1.0,0.0
57,6.9,12.9,115.0,16.7,3.0,4.0,3.0,5.0,37.0,10.0,83.5,4.5,12.6,11.9,359.0,0.0,1.0,0.0,1.0,0.0,1.0,0.0,0.0,1.0,1.0,0.0,1.0,0.0,0.0,1.0,1.0,0.0,0.0,1.0,0.0,1.0,0.0,0.0,1.0,0.0,0.0,0.0,0.0,0.0,0.0,1.0,1.0,0.0,0.0,1.0,0.0,0.0,0.0,1.0,0.0,0.0,1.0,1.0,0.0,1.0,0.0,1.0,0.0,0.6150237975128101,0.3427229929621367,0.004694195269118184,0.037559006205510004,0.8215770901593488,0.1784228926858088,0.7653059389011672,0.2346940705706706
58,17.79,18.4,173.0,55.0,2.0,5.0,6.0,7.642650910754892,37.0,6.8,77.9,5.03,14.6,12.0,171.0,35.0,0.0,1.0,0.0,1.0,1.0,0.0,1.0,0.0,1.0,0.0,0.0,1.0,1.0,0.0,1.0,0.0,0.0,1.0,0.0,0.0,0.0,1.0,0.0,1.0,0.0,0.0,1.0,0.0,0.0,0.0,1.0,0.0,0.0,0.0,1.0,0.0,1.0,0.0,0.0,1.0,0.0,1.0,0.0,1.0,0.0,1.0,0.0,0.6150231274282631,0.3427229794350436,0.00469402724494028,0.03755991784590684,0.821576629814914,0.17842337725383106,0.7653063701587219,0.23469361684261048
59,8.5,19.4,140.0,38.0,3.0,8.0,7.0,6.2,37.6,12.2,83.3,5.05,13.7,12.0,286.0,4.0,0.0,1.0,1.0,0.0,1.0,0.0,1.0,0.0,0.0,1.0,1.0,0.0,0.0,1.0,1.0,0.0,0.0,1.0,0.0,1.0,0.0,0.0,0.0,1.0,0.0,0.0,1.0,0.0,0.0,0.0,1.0,0.0,0.0,0.0,1.0,0.0,1.0,0.0,0.0,0.0,1.0,1.0,0.0,1.0,0.0,1.0,0.0,0.6150234889439378,0.34272298081076713,0.004694780296462864,0.03755875145078513,0.8215765938624914,0.17842341500774106,0.7653062979154577,0.2346936928215172
60,17.66,26.2,167.0,73.0,3.0,3.0,3.0,6.61694327691567,36.7,6.7,47.4,4.4,13.3,12.1,292.0,1.0,1.0,0.0,0.0,1.0,1.0,0.0,1.0,0.0,0.0,1.0,1.0,0.0,1.0,0.0,1.0,0.0,1.0,0.0,0.0,1.0,0.0,0.0,0.0,0.0,0.0,1.0,0.0,1.0,0.0,0.0,1.0,0.0,1.0,0.0,0.0,0.0,1.0,0.0,0.0,0.0,1.0,1.0,0.0,1.0,0.0,0.5718518559181931,0.4281481438623601,0.6150231169779081,0.34272289458384186,0.0046949135756232385,0.0375591076155134,0.8215764852468168,0.17842352942149842,0.7653061329026123,0.2346938665377445
61,11.05,33.3,145.0,69.8,3.0,5.0,3.0,7.109321084798692,36.6,12.0,50.5,4.54,13.2,12.2,531.0,5.0,0.0,1.0,0.0,1.0,1.0,0.0,0.0,1.0,1.0,0.0,1.0,0.0,0.0,1.0,1.0,0.0,1.0,0.0,0.0,1.0,0.0,0.0,0.0,1.0,0.0,0.0,0.0,1.0,0.0,0.0,1.0,0.0,0.0,1.0,0.0,0.0,1.0,0.0,0.0,0.0,1.0,1.0,0.0,1.0,0.0,0.0,1.0,0.6150230504027614,0.34272274515866175,0.004695076993227021,0.03755916954672944,0.8215767347201635,0.17842326681666576,0.7653061672906334,0.23469383030922997
62,4.39,19.6,106.0,22.0,2.0,5.0,4.0,4.5,36.9,16.79,77.7,4.65,12.2,12.3,314.0,6.0,1.0,0.0,1.0,0.0,1.0,0.0,1.0,0.0,0.0,1.0,1.0,0.0,1.0,0.0,0.0,1.0,0.0,1.0,0.08303888318349872,0.577738508314314,0.21024734380020682,0.12897526414457594,0.15535714838927506,0.7642857144605921,0.028571430231351447,0.05178570642463021,0.8621908103652309,0.0883392286613146,0.019434632385683992,0.03003532835424161,1.0,0.0,1.0,0.0,0.0,0.0,1.0,0.0,0.0,0.31640057798789434,0.6835994221472115,1.0,0.0,1.0,0.0,1.0,0.0,0.61502367288281,0.34272294334258935,0.004694974869676627,0.037558392847595545,0.0,1.0,1.0,0.0
63,16.31,30.8,183.0,103.0,3.0,6.0,7.0,8.0,36.9,5.8,54.4,5.02,14.8,11.6,341.0,1.0,0.0,1.0,1.0,0.0,0.0,1.0,1.0,0.0,1.0,0.0,0.0,1.0,0.0,1.0,1.0,0.0,1.0,0.0,0.0,0.0,0.0,1.0,0.0,1.0,0.0,0.0,1.0,0.0,0.0,0.0,1.0,0.0,0.0,0.0,1.0,0.0,0.0,1.0,0.0,1.0,0.0,1.0,0.0,1.0,0.0,1.0,0.0,0.0,1.0,0.0,0.0,0.8215765646477784,0.17842344582782899,0.7653060537933607,0.23469394957056922
64,15.83,25.2,153.0,59.0,3.0,7.0,6.0,12.0,36.7,12.8,77.9,4.33,10.1,15.9,310.0,83.0,1.0,0.0,1.0,0.0,0.0,1.0,1.0,0.0,0.0,1.0,1.0,0.0,0.0,1.0,1.0,0.0,0.0,1.0,0.0,0.0,0.0,1.0,0.0,0.0,0.0,1.0,0.0,0.0,0.0,1.0,1.0,0.0,1.0,0.0,0.0,0.0,1.0,0.0,0.0,0.0,1.0,1.0,0.0,1.0,0.0,1.0,0.0,1.0,0.0,0.0,0.0,1.0,0.0,0.0,1.0
65,14.66,29.8,169.0,85.0,3.0,4.0,4.0,7.195160881802579,36.4,8.5,51.5,4.55,12.9,12.5,261.0,1.0,1.0,0.0,0.0,1.0,1.0,0.0,1.0,0.0,0.0,1.0,1.0,0.0,0.0,1.0,1.0,0.0,1.0,0.0,0.0,1.0,0.0,0.0,0.0,1.0,0.0,0.0,1.0,0.0,0.0,0.0,1.0,0.0,1.0,0.0,0.0,0.0,1.0,0.0,0.0,1.0,0.0,1.0,0.0,1.0,0.0,1.0,0.0,0.6150232407265461,0.34272286214557746,0.004695088300002426,0.03755882848886738,0.8215764813335108,0.1784235335400971,0.7653059802861577,0.23469402708953113
66,10.51,14.1,153.0,33.0,3.0,4.0,6.0,4.0,37.1,8.0,45.4,5.03,14.6,11.9,265.0,0.0,1.0,0.0,1.0,0.0,1.0,0.0,1.0,0.0,0.0,1.0,0.0,1.0,0.0,1.0,1.0,0.0,1.0,0.0,1.0,0.0,0.0,0.0,0.0,1.0,0.0,0.0,1.0,0.0,0.0,0.0,1.0,0.0,1.0,0.0,0.0,0.0,1.0,0.0,0.0,1.0,0.0,1.0,0.0,1.0,0.0,0.5718518573421305,0.4281481423679331,0.6150236181862533,0.342722915260392,0.00469484607364834,0.03755861343754874,0.821576507235688,0.1784235062852524,0.7653061557471194,0.23469384255681647
67,14.57,24.9,150.0,56.0,2.0,4.0,5.0,5.9,36.1,7.4,60.3,4.77,13.2,13.2,330.0,1.0,1.0,0.0,1.0,0.0,1.0,0.0,1.0,0.0,1.0,0.0,0.0,1.0,1.0,0.0,1.0,0.0,1.0,0.0,0.0,1.0,0.0,0.0,0.0,1.0,0.0,0.0,1.0,0.0,0.0,0.0,1.0,0.0,1.0,0.0,0.0,0.0,1.0,0.0,0.0,1.0,0.0,1.0,0.0,1.0,0.0,1.0,0.0,0.6150235814551621,0.34272297118792916,0.004694978375947567,0.037558458401265815,0.8215766711462884,0.17842333372780095,0.7653061584400406,0.23469383974789515
68,12.27,19.6,172.0,58.0,3.0,4.0,3.0,9.0,36.6,14.7,72.2,4.72,13.7,11.9,318.0,9.0,1.0,0.0,1.0,0.0,1.0,0.0,1.0,0.0,0.0,1.0,1.0,0.0,1.0,0.0,0.0,1.0,1.0,0.0,0.08303886872545108,0.5777385243121362,0.21024733885134772,0.12897526800057157,0.15535713994732114,0.7642857147618672,0.028571431764899402,0.05178571363727158,0.8621908019785398,0.0883392290460775,0.019434621791314277,0.030035347899826315,1.0,0.0,1.0,0.0,0.0,0.0,1.0,0.0,0.0,0.0,1.0,1.0,0.0,1.0,0.0,0.0,1.0,0.0,1.0,0.0,0.0,0.8215767560774517,0.17842324431053846,0.7653061123342328,0.23469388809117753
69,9.1,14.512052440614262,131.96826755011807,25.0,3.0,7.0,5.0,8.028796431638154,37.6,16.4,88.6,4.8,13.5,11.8,368.0,6.0,0.0,1.0,0.0,1.0,1.0,0.0,0.0,1.0,1.0,0.0,1.0,0.0,0.0,1.0,1.0,0.0,0.0,1.0,0.0,0.0,1.0,0.0,0.0,1.0,0.0,0.0,1.0,0.0,0.0,0.0,1.0,0.0,1.0,0.0,0.0,0.0,1.0,0.0,0.0,0.0,1.0,1.0,0.0,1.0,0.0,0.0,1.0,0.6150231085130617,0.342722838022136,0.004694594288484177,0.0375595037157308,0.8215770032139338,0.1784229842698446,1.0,0.0
70,11.3,16.0,152.0,37.0,3.0,2.0,2.0,6.0,36.7,8.6,66.1,5.44,14.4,12.5,263.0,0.0,1.0,0.0,1.0,0.0,1.0,0.0,1.0,0.0,0.0,1.0,1.0,0.0,1.0,0.0,0.0,1.0,1.0,0.0,0.0,1.0,0.0,0.0,0.0,1.0,0.0,0.0,1.0,0.0,0.0,0.0,1.0,0.0,0.0,1.0,0.0,0.0,1.0,0.0,0.0,0.0,1.0,1.0,0.0,1.0,0.0,1.0,0.0,0.6150237378465829,0.3427229594913056,0.004694898581171558,0.03755838353184504,0.0,1.0,0.7653059906385767,0.2346940163020359
71,8.47,21.0,138.0,40.0,2.0,7.0,6.0,8.648599229707454,36.9,17.7,89.6,6.44,15.0,15.0,317.0,35.0,0.0,1.0,0.0,1.0,1.0,0.0,1.0,0.0,0.0,1.0,1.0,0.0,0.0,1.0,1.0,0.0,0.0,1.0,0.0,0.0,1.0,0.0,0.0,1.0,0.0,0.0,1.0,0.0,0.0,0.0,1.0,0.0,0.0,1.0,0.0,0.0,1.0,0.0,0.0,0.0,1.0,1.0,0.0,1.0,0.0,1.0,0.0,0.6150232627606949,0.3427228791333533,0.00469560051704665,0.03755826099580273,0.8215766736726705,0.17842333104194086,0.7653060786848686,0.23469392372856668
72,15.66,20.1,164.0,54.0,2.0,3.0,3.0,6.0,37.0,6.0,53.8,4.25,12.5,13.9,250.0,0.0,1.0,0.0,1.0,0.0,1.0,0.0,1.0,0.0,0.0,1.0,1.0,0.0,1.0,0.0,1.0,0.0,1.0,0.0,0.0,0.0,0.0,1.0,0.0,1.0,0.0,0.0,0.0,1.0,0.0,0.0,1.0,0.0,1.0,0.0,0.0,0.0,0.0,1.0,0.0,1.0,0.0,1.0,0.0,1.0,0.0,1.0,0.0,1.0,0.0,0.0,0.0,0.8215766071460383,0.1784234011205199,0.7653062333530678,0.2346937608249272
73,12.7,17.3,165.0,46.5,3.0,4.0,4.0,6.6,36.7,8.4,62.7,4.93,14.6,12.3,264.0,6.0,1.0,0.0,1.0,0.0,1.0,0.0,1.0,0.0,0.0,1.0,1.0,0.0,0.0,1.0,1.0,0.0,1.0,0.0,0.0,1.0,0.0,0.0,0.0,1.0,0.0,0.0,1.0,0.0,0.0,0.0,1.0,0.0,1.0,0.0,0.0,0.0,1.0,0.0,0.0,0.0,1.0,1.0,0.0,1.0,0.0,1.0,0.0,0.6150236094563732,0.34272292037169405,0.004694937739238458,0.037558523310180725,0.8215766921172247,0.17842331165939618,0.7653061307629039,0.23469386879823118
74,10.49,15.8,140.0,31.0,3.0,8.0,8.0,8.089730481016446,37.9,15.9,88.0,4.35,13.3,11.2,269.0,2.0,0.0,1.0,0.0,1.0,1.0,0.0,1.0,0.0,1.0,0.0,0.0,1.0,1.0,0.0,1.0,0.0,0.0,1.0,0.0,0.0,0.0,1.0,0.0,1.0,0.0,0.0,1.0,0.0,0.0,0.0,1.0,0.0,1.0,0.0,0.0,0.0,1.0,0.0,0.0,1.0,0.0,1.0,0.0,1.0,0.0,1.0,0.0,0.6150230754238436,0.3427229776495081,0.004694106611265125,0.03755989356447875,0.8215767579263339,0.17842324235244955,1.0,0.0
75,12.68,17.15846545936602,151.08885428921448,39.0,3.0,4.0,5.0,6.5,37.1,7.3,59.7,4.34,12.7,12.4,218.0,0.0,1.0,0.0,1.0,0.0,1.0,0.0,1.0,0.0,1.0,0.0,0.0,1.0,1.0,0.0,1.0,0.0,1.0,0.0,0.0,1.0,0.0,0.0,0.0,1.0,0.0,0.0,1.0,0.0,0.0,0.0,1.0,0.0,1.0,0.0,0.0,0.0,1.0,0.0,0.0,1.0,0.0,1.0,0.0,1.0,0.0,1.0,0.0,0.6150235257910748,0.34272300183172966,0.004694609175216358,0.03755886549152265,0.8215767323543104,0.1784232692875123,0.7653062185719319,0.23469377632127275
76,13.98,20.6,172.0,60.9,3.0,5.0,4.0,7.0,36.7,8.36,79.8,4.84,14.9,14.6,247.0,30.0,0.0,1.0,1.0,0.0,0.0,1.0,1.0,0.0,1.0,0.0,1.0,0.0,1.0,0.0,0.0,1.0,0.0,1.0,0.08303886703888352,0.5777385215006132,0.21024734812945745,0.1289752632615807,0.15535712971036408,0.7642857202002685,0.02857142183820227,0.05178572917778346,0.8621908123033137,0.08833921830891156,0.019434623254900196,0.03003534654558826,1.0,0.0,1.0,0.0,0.0,0.0,1.0,0.0,0.0,0.0,1.0,1.0,0.0,1.0,0.0,0.0,1.0,1.0,0.0,0.0,0.0,0.8215767557993635,0.1784232446485543,1.0,0.0
77,17.79,17.8,164.0,48.0,4.0,6.0,5.0,6.0,37.5,15.5,81.8,4.79,13.9,12.2,176.0,5.0,1.0,0.0,1.0,0.0,1.0,0.0,1.0,0.0,0.0,1.0,1.0,0.0,1.0,0.0,0.0,1.0,0.0,1.0,0.0,1.0,0.0,0.0,0.0,1.0,0.0,0.0,1.0,0.0,0.0,0.0,1.0,0.0,1.0,0.0,0.0,0.0,1.0,0.0,0.0,0.0,1.0,1.0,0.0,1.0,0.0,0.0,1.0,1.0,0.0,0.0,0.0,1.0,0.0,1.0,0.0
78,9.39,15.3,139.8,30.0,3.0,3.0,5.0,6.176167188582993,36.9,6.0,51.2,4.33,12.4,12.6,190.0,24.0,1.0,0.0,0.0,1.0,0.0,1.0,1.0,0.0,0.0,1.0,0.0,1.0,1.0,0.0,0.0,1.0,1.0,0.0,0.0,1.0,0.0,0.0,0.0,1.0,0.0,0.0,1.0,0.0,0.0,0.0,1.0,0.0,1.0,0.0,0.0,0.0,1.0,0.0,0.0,1.0,0.0,1.0,0.0,1.0,0.0,0.0,1.0,0.6150232529652011,0.3427228902573636,0.004694722795436035,0.0375591614007349,0.8215766902005652,0.1784233136837552,1.0,0.0
79,15.83,19.1,168.0,54.0,2.0,2.0,2.0,6.6017981683107525,37.1,8.1,60.9,4.66,13.2,12.9,306.0,0.0,1.0,0.0,0.0,1.0,1.0,0.0,1.0,0.0,0.0,1.0,1.0,0.0,1.0,0.0,0.0,1.0,1.0,0.0,0.0,1.0,0.0,0.0,0.0,1.0,0.0,0.0,1.0,0.0,0.0,0.0,1.0,0.0,1.0,0.0,0.0,0.0,1.0,0.0,0.0,0.0,1.0,1.0,0.0,0.0,1.0,0.5718513794982163,0.4281486453236999,0.6150383982988425,0.34271205063883714,0.004751828236828959,0.037495664131382056,0.8215822645962294,0.17841745449668156,0.7653060525003835,0.23469394290750878
80,8.73,14.9,132.0,26.0,3.0,4.0,3.0,6.0,36.6,8.1,62.0,4.47,12.9,11.8,210.0,0.0,1.0,0.0,1.0,0.0,0.0,1.0,1.0,0.0,1.0,0.0,1.0,0.0,1.0,0.0,0.0,1.0,1.0,0.0,0.0,1.0,0.0,0.0,0.0,1.0,0.0,0.0,1.0,0.0,0.0,0.0,1.0,0.0,1.0,0.0,0.0,0.0,1.0,0.0,0.0,1.0,0.0,1.0,0.0,1.0,0.0,0.0,1.0,0.6150233775872069,0.3427229728497124,0.004694474454788877,0.037559194892998526,0.8215767844438757,0.1784232144807858,1.0,0.0
81,8.16,16.8,140.0,33.0,2.0,5.0,4.0,7.75735043616254,36.2,21.7,77.1,4.74,13.0,12.7,385.0,0.0,0.0,1.0,0.0,1.0,1.0,0.0,0.0,1.0,0.0,1.0,1.0,0.0,0.0,1.0,1.0,0.0,0.0,1.0,0.0,1.0,0.0,0.0,0.0,1.0,0.0,0.0,1.0,0.0,0.0,0.0,1.0,0.0,0.0,0.0,1.0,0.0,1.0,0.0,0.0,1.0,0.0,1.0,0.0,1.0,0.0,0.0,1.0,0.6150229744906023,0.342722805380518,0.0046946154895813885,0.03755966242503306,0.8215767964573366,0.17842320182445515,0.7653063256167933,0.23469366356348442
82,14.23,20.20749259517649,163.62219380258855,54.0,4.0,5.0,4.0,9.0,36.5,6.6,50.4,4.73,14.3,12.3,228.0,0.0,0.0,1.0,1.0,0.0,1.0,0.0,1.0,0.0,1.0,0.0,1.0,0.0,0.0,1.0,1.0,0.0,1.0,0.0,0.0,1.0,0.0,0.0,0.0,1.0,0.0,0.0,1.0,0.0,0.0,0.0,1.0,0.0,1.0,0.0,0.0,0.0,0.0,1.0,0.0,0.0,1.0,1.0,0.0,1.0,0.0,0.0,1.0,0.615023464593735,0.34272304656779395,0.004694929380256618,0.0375585565498886,0.8215768312523809,0.17842316508921263,1.0,0.0
83,15.09,18.7,192.0,69.0,2.0,4.0,3.0,7.882829324935795,37.1,8.7,76.8,4.98,13.5,12.7,188.0,33.0,0.0,1.0,0.0,1.0,1.0,0.0,0.0,1.0,1.0,0.0,1.0,0.0,0.0,1.0,1.0,0.0,0.0,1.0,0.0,1.0,0.0,0.0,0.0,1.0,0.0,0.0,1.0,0.0,0.0,0.0,1.0,0.0,0.0,0.0,1.0,0.0,1.0,0.0,0.0,0.0,1.0,1.0,0.0,1.0,0.0,0.0,1.0,0.6150231245203361,0.34272286858935896,0.004694173088367504,0.03755988816584477,0.8215768244673656,0.1784231723595473,0.7653062072229897,0.2346937880922848
84,12.1,19.1,160.0,49.0,2.0,3.0,3.0,6.549265264135777,35.6,8.1,57.7,4.73,13.1,12.6,277.0,2.0,1.0,0.0,0.0,1.0,1.0,0.0,1.0,0.0,0.0,1.0,1.0,0.0,1.0,0.0,1.0,0.0,1.0,0.0,0.0,1.0,0.0,0.0,0.0,1.0,0.0,0.0,1.0,0.0,0.0,0.0,1.0,0.0,0.0,1.0,0.0,0.0,0.0,0.0,1.0,1.0,0.0,1.0,0.0,1.0,0.0,1.0,0.0,0.6150231862182296,0.34272282309583324,0.004694800529462362,0.03755922374895038,0.8215766883275215,0.1784233156256656,0.7653060397177724,0.23469396457374025
85,15.37,18.3,181.0,60.0,2.0,8.0,7.0,7.0,36.9,19.2,92.3,5.16,15.6,12.2,353.0,1.0,0.0,1.0,1.0,0.0,0.0,1.0,1.0,0.0,0.0,1.0,1.0,0.0,0.0,1.0,1.0,0.0,0.0,1.0,0.08303886681614936,0.5777385110145098,0.2102473562542776,0.12897526620538435,0.1553571386421363,0.764285717928028,0.028571428845809765,0.05178571470550131,0.8621908214377433,0.08833922082064283,0.019434612608248636,0.030035344963904698,1.0,0.0,1.0,0.0,0.0,0.0,1.0,0.0,0.0,0.0,1.0,1.0,0.0,1.0,0.0,1.0,0.0,1.0,0.0,0.0,0.0,0.821576701732647,0.178423301508967,0.765306192456251,0.234693803720463
86,9.18,20.5,145.0,43.0,2.0,7.0,5.0,9.0,36.8,17.7,69.27033796305358,5.02,12.9,13.6,265.0,21.0,0.0,1.0,1.0,0.0,1.0,0.0,1.0,0.0,1.0,0.0,1.0,0.0,0.0,1.0,1.0,0.0,1.0,0.0,0.0,1.0,0.0,0.0,0.0,1.0,0.0,0.0,1.0,0.0,0.0,0.0,1.0,0.0,1.0,0.0,0.0,0.0,1.0,0.0,0.0,1.0,0.0,1.0,0.0,1.0,0.0,1.0,0.0,1.0,0.0,0.0,0.0,1.0,0.0,0.7653061712775728,0.23469382611830547
87,10.59,16.8,140.0,33.0,3.0,6.0,6.0,9.0,37.3,10.1,69.5,4.65,12.1,12.7,366.0,32.0,0.0,1.0,1.0,0.0,1.0,0.0,1.0,0.0,1.0,0.0,0.0,1.0,1.0,0.0,0.0,1.0,1.0,0.0,0.0,1.0,0.0,0.0,0.0,1.0,0.0,0.0,1.0,0.0,0.0,0.0,1.0,0.0,1.0,0.0,0.0,0.0,1.0,0.0,0.0,0.0,1.0,1.0,0.0,1.0,0.0,1.0,0.0,1.0,0.0,0.0,0.0,1.0,0.0,1.0,0.0
88,16.29,18.6,175.0,57.0,3.0,7.0,6.0,8.0,36.7,13.8,82.5,4.49,12.7,12.1,236.0,0.0,1.0,0.0,1.0,0.0,0.0,1.0,1.0,0.0,0.0,1.0,1.0,0.0,1.0,0.0,1.0,0.0,0.0,1.0,0.0,0.0,0.0,1.0,1.0,0.0,0.0,0.0,0.0,1.0,0.0,0.0,1.0,0.0,1.0,0.0,0.0,0.0,0.0,1.0,0.0,1.0,0.0,1.0,0.0,1.0,0.0,1.0,0.0,0.6150232866437967,0.34272306509476325,0.00469414986632577,0.03755952868803747,0.8215767402353829,0.17842326097569883,0.7653063053911597,0.23469368482294595
89,8.83,17.06818368348178,139.3084894600078,33.8,3.0,8.0,8.0,10.0,37.3,12.0,81.1,5.26,13.4,14.6,267.0,7.0,0.0,1.0,1.0,0.0,0.0,1.0,1.0,0.0,1.0,0.0,0.0,1.0,1.0,0.0,0.0,1.0,0.0,1.0,0.0,1.0,0.0,0.0,0.0,1.0,0.0,0.0,1.0,0.0,0.0,0.0,1.0,0.0,1.0,0.0,0.0,0.0,1.0,0.0,0.0,0.0,1.0,1.0,0.0,1.0,0.0,0.5718518471911571,0.428148153048166,0.6150236627773853,0.34272304484629224,0.004694656526767815,0.03755862241827701,0.8215768048141334,0.17842319304375276,0.7653060846320427,0.23469391755857139
90,9.49,14.6,136.0,27.0,3.0,9.0,9.0,11.0,37.2,15.6,82.1,4.3,11.8,12.6,196.0,3.0,0.0,1.0,1.0,0.0,0.0,1.0,1.0,0.0,0.0,1.0,0.0,1.0,0.0,1.0,1.0,0.0,0.0,1.0,0.0,0.0,1.0,0.0,0.0,1.0,0.0,0.0,1.0,0.0,0.0,0.0,1.0,0.0,1.0,0.0,0.0,0.0,1.0,0.0,0.0,0.0,1.0,0.0,1.0,1.0,0.0,0.0,1.0,0.6150232963979694,0.3427229363152601,0.004695181759883482,0.03755859407353401,1.0,0.0,0.7653062118015308,0.23469378356545878
91,6.29,13.9,120.0,20.0,2.0,10.0,10.0,7.868296417988615,38.3,19.1,79.7,4.9,12.7,12.2,221.0,1.0,0.0,1.0,0.0,1.0,0.0,1.0,1.0,0.0,1.0,0.0,0.0,1.0,0.0,1.0,1.0,0.0,0.0,1.0,0.0,1.0,0.0,0.0,0.0,1.0,0.0,0.0,1.0,0.0,0.0,0.0,1.0,0.0,1.0,0.0,0.0,0.0,1.0,0.0,0.0,0.0,1.0,1.0,0.0,1.0,0.0,1.0,0.0,0.6150232432079419,0.34272300532681144,0.004694583352086057,0.03755919341535219,0.8215767427994836,0.17842325826636285,0.76530613457891,0.23469386471978182
92,6.76,15.5,122.0,22.9,3.0,7.0,8.0,5.0,37.4,19.7,75.5,4.77,13.4,12.2,330.0,1.0,1.0,0.0,1.0,0.0,0.0,1.0,1.0,0.0,0.0,1.0,0.0,1.0,1.0,0.0,0.0,1.0,0.0,1.0,0.08303887150910916,0.5777385169851401,0.2102473449422707,0.12897526645350432,0.1553571453250968,0.7642857108339396,0.028571434615421554,0.05178570904292479,0.8621908177230238,0.08833922046358567,0.019434632414658592,0.030035329026637303,1.0,0.0,1.0,0.0,0.0,0.0,1.0,0.0,0.0,0.0,1.0,0.0,1.0,1.0,0.0,0.0,1.0,0.615023500783464,0.34272294760902167,0.004695114662439326,0.03755843040135276,0.8215766903008541,0.17842331353111884,1.0,0.0
93,10.78,17.1,145.0,36.0,2.0,6.0,5.0,3.5,37.4,5.9,54.6,4.68,13.1,12.0,287.0,0.0,1.0,0.0,1.0,0.0,1.0,0.0,1.0,0.0,1.0,0.0,1.0,0.0,0.0,1.0,1.0,0.0,1.0,0.0,0.0,1.0,0.0,0.0,0.0,1.0,0.0,0.0,0.0,1.0,0.0,0.0,1.0,0.0,1.0,0.0,0.0,0.0,1.0,0.0,0.0,0.0,1.0,1.0,0.0,1.0,0.0,0.571851856903997,0.42814814283186564,1.0,0.0,0.0,0.0,0.8215765919560831,0.17842341706340625,0.765306235948595,0.23469375804915704
94,17.72,22.7,178.0,72.0,3.0,8.0,7.0,6.0,36.5,14.7,80.9,5.99,15.6,13.7,225.0,0.0,0.0,1.0,1.0,0.0,0.0,1.0,1.0,0.0,0.0,1.0,1.0,0.0,0.0,1.0,1.0,0.0,0.0,1.0,1.0,0.0,0.0,0.0,0.0,1.0,0.0,0.0,1.0,0.0,0.0,0.0,1.0,0.0,1.0,0.0,0.0,0.0,1.0,0.0,0.0,0.0,1.0,1.0,0.0,1.0,0.0,0.5718518536457489,0.42814814625896014,1.0,0.0,0.0,0.0,0.82157652248144,0.17842349017367187,0.7653060331989016,0.23469397150841687
95,9.53,16.6,132.0,29.0,3.0,9.0,8.0,7.9074027960280695,37.7,17.6,81.0,4.67,12.5,12.6,339.0,0.0,0.0,1.0,0.0,1.0,0.0,1.0,1.0,0.0,0.0,1.0,1.0,0.0,0.0,1.0,1.0,0.0,0.0,1.0,0.0,1.0,0.0,0.0,0.0,1.0,0.0,0.0,1.0,0.0,0.0,0.0,1.0,0.0,0.0,1.0,0.0,0.0,1.0,0.0,0.0,1.0,0.0,1.0,0.0,1.0,0.0,0.5718518548890433,0.4281481449532566,0.6150230299747415,0.3427228835385442,0.004694623243074902,0.037559511052572936,0.8215766652598276,0.1784233398765238,0.7653062198878131,0.23469377491588794
96,6.39,15.7,110.0,18.5,3.0,7.0,6.0,8.4,37.0,15.5,89.6,4.5,12.9,12.1,304.0,3.0,0.0,1.0,1.0,0.0,1.0,0.0,1.0,0.0,1.0,0.0,1.0,0.0,1.0,0.0,1.0,0.0,0.0,1.0,1.0,0.0,0.0,0.0,0.0,1.0,0.0,0.0,1.0,0.0,0.0,0.0,1.0,0.0,1.0,0.0,0.0,0.0,1.0,0.0,0.0,0.0,1.0,0.0,1.0,1.0,0.0,1.0,0.0,1.0,0.0,0.0,0.0,1.0,0.0,0.7653061905111022,0.23469380594290623
97,6.64,16.0,125.0,24.5,3.0,5.0,4.0,7.841922504059891,37.9,16.3,80.8,4.98,13.5,12.1,328.0,26.0,1.0,0.0,0.0,1.0,1.0,0.0,0.0,1.0,0.0,1.0,1.0,0.0,1.0,0.0,1.0,0.0,0.0,1.0,0.0,0.0,0.0,1.0,0.0,1.0,0.0,0.0,0.0,0.0,1.0,0.0,1.0,0.0,1.0,0.0,0.0,0.0,0.0,0.0,1.0,0.0,1.0,1.0,0.0,1.0,0.0,1.0,0.0,0.6150234261003051,0.3427228480924066,0.004694615135229174,0.03755912909360426,0.8215770887645096,0.17842289413047596,0.7653062574897804,0.23469373532240134
98,11.22,14.9,142.0,30.0,3.0,6.0,6.0,7.0,36.8,15.1,86.2,4.26,12.1,12.3,314.0,0.0,0.0,1.0,1.0,0.0,1.0,0.0,1.0,0.0,1.0,0.0,0.0,1.0,1.0,0.0,0.0,1.0,0.0,1.0,0.0,1.0,0.0,0.0,0.0,1.0,0.0,0.0,1.0,0.0,0.0,0.0,1.0,0.0,1.0,0.0,0.0,0.0,1.0,0.0,0.0,1.0,0.0,1.0,0.0,1.0,0.0,1.0,0.0,0.6150234363794634,0.34272301587081977,0.004694360988582558,0.037559201895084215,1.0,0.0,0.7653062458672972,0.23469374762501893
99,11.96,15.9,144.0,33.0,2.0,3.0,5.0,5.8124144646864,37.3,6.7,48.4,4.23,11.7,12.3,199.0,1.0,1.0,0.0,0.0,1.0,1.0,0.0,1.0,0.0,0.0,1.0,0.0,1.0,1.0,0.0,0.0,1.0,1.0,0.0,0.08303887258166631,0.57773852609344,0.21024733443707033,0.12897526648133917,0.15535714770967401,0.7642857155224212,0.0285714285656391,0.05178570773397928,0.8621908110598576,0.0883392222042666,0.01943464833956332,0.03003531801750292,1.0,0.0,1.0,0.0,0.0,0.0,1.0,0.0,0.0,1.0,0.0,1.0,0.0,1.0,0.0,1.0,0.0,0.6150233499093242,0.34272287925267875,0.0046945834618192794,0.03755921080578306,0.8215765638761051,0.17842344664638332,0.7653061148410467,0.23469388555619597
100,11.95,18.7,162.0,49.0,3.0,7.0,6.0,8.570416602260938,36.0,16.7,90.0,4.84,12.7,12.4,236.0,0.0,0.0,1.0,0.0,1.0,1.0,0.0,1.0,0.0,0.0,1.0,1.0,0.0,0.0,1.0,1.0,0.0,0.0,1.0,1.0,0.0,0.0,0.0,1.0,0.0,0.0,0.0,1.0,0.0,0.0,0.0,1.0,0.0,1.0,0.0,0.0,0.0,1.0,0.0,0.0,0.0,1.0,1.0,0.0,1.0,0.0,0.0,1.0,0.6150230405884429,0.34272287975300053,0.004694518187969621,0.03755961230964777,0.8215766407707009,0.1784233656563987,0.7653061396354848,0.234693859445831
101,12.98,20.2,159.0,51.0,4.0,7.0,5.0,9.0,37.2,13.3,74.5,4.96,13.8,12.5,292.0,47.0,1.0,0.0,1.0,0.0,1.0,0.0,1.0,0.0,1.0,0.0,1.0,0.0,0.0,1.0,1.0,0.0,1.0,0.0,0.0,1.0,0.0,0.0,0.0,1.0,0.0,0.0,1.0,0.0,0.0,0.0,1.0,0.0,1.0,0.0,0.0,0.0,1.0,0.0,0.0,1.0,0.0,1.0,0.0,1.0,0.0,0.0,1.0,1.0,0.0,0.0,0.0,0.8215767630371991,0.17842323696963203,0.7653061908891112,0.2346938054744987
102,14.71,18.5,174.0,56.0,2.0,8.0,7.0,7.0,39.8,10.1,93.7,4.11,12.3,12.4,198.0,15.0,1.0,0.0,1.0,0.0,0.0,1.0,1.0,0.0,0.0,1.0,1.0,0.0,1.0,0.0,1.0,0.0,0.0,1.0,0.08303887078968342,0.577738514406047,0.2102473548951631,0.12897525972675228,0.15535713544443008,0.7642857191752175,0.02857143682120611,0.05178570865872123,0.862190810991476,0.08833921485601437,0.019434639297541523,0.030035335137986507,1.0,0.0,1.0,0.0,0.0,0.0,1.0,0.0,0.0,1.0,0.0,1.0,0.0,1.0,0.0,0.0,1.0,0.6150232920984918,0.34272294424868754,0.004694002983476997,0.03755980089964872,1.0,0.0,0.7653063745166808,0.2346936120636236
103,10.64,23.5,146.0,49.5,3.0,4.0,3.0,8.0,36.7,10.7,66.4,4.93,13.9,12.0,326.0,1.0,0.0,1.0,1.0,0.0,1.0,0.0,0.0,1.0,0.0,1.0,1.0,0.0,0.0,1.0,1.0,0.0,1.0,0.0,0.0,0.0,0.0,1.0,0.0,1.0,0.0,0.0,1.0,0.0,0.0,0.0,1.0,0.0,0.0,1.0,0.0,0.0,1.0,0.0,0.0,0.0,1.0,1.0,0.0,1.0,0.0,1.0,0.0,1.0,0.0,0.0,0.0,1.0,0.0,0.7653062274032211,0.2346937669981196
104,7.3,15.9,123.0,23.5,3.0,9.0,7.0,6.2,37.4,21.1,71.8,4.64,12.9,13.4,249.0,1.0,1.0,0.0,1.0,0.0,0.0,1.0,1.0,0.0,1.0,0.0,1.0,0.0,0.0,1.0,1.0,0.0,1.0,0.0,0.0,1.0,0.0,0.0,1.0,0.0,0.0,0.0,0.0,0.0,0.0,1.0,1.0,0.0,1.0,0.0,0.0,0.0,1.0,0.0,0.0,0.0,1.0,1.0,0.0,1.0,0.0,0.0,1.0,1.0,0.0,0.0,0.0,1.0,0.0,0.7653061047452709,0.23469389614699532
105,12.97,19.5,152.0,44.8,3.0,2.0,2.0,5.661291775503476,36.0,6.4,41.0,4.01,12.3,11.6,367.0,0.0,1.0,0.0,0.0,1.0,1.0,0.0,1.0,0.0,0.0,1.0,1.0,0.0,1.0,0.0,0.0,1.0,1.0,0.0,0.0,1.0,0.0,0.0,0.0,1.0,0.0,0.0,1.0,0.0,0.0,0.0,1.0,0.0,0.0,1.0,0.0,0.0,1.0,0.0,0.0,0.0,1.0,1.0,0.0,1.0,0.0,1.0,0.0,0.6150232961959659,0.3427227976757028,0.00469490383619775,0.03755902576120307,0.8215764578707987,0.17842355824917788,0.0,1.0
106,16.12,22.5,166.0,62.0,2.0,4.0,4.0,7.348059369046206,36.4,9.8,71.4,4.62,11.6,18.0,451.0,0.0,1.0,0.0,0.0,1.0,0.0,1.0,1.0,0.0,0.0,1.0,1.0,0.0,1.0,0.0,1.0,0.0,1.0,0.0,0.0,0.0,1.0,0.0,0.0,0.0,1.0,0.0,1.0,0.0,0.0,0.0,0.0,1.0,1.0,0.0,0.0,0.0,1.0,0.0,0.0,1.0,0.0,1.0,0.0,1.0,0.0,0.5718518608743686,0.4281481386470747,0.6150233527089757,0.3427225107290659,0.004695460368814186,0.03755869553261104,0.8215766852721322,0.17842331887043061,0.7653061367803107,0.23469386254810465
107,14.6,18.2,164.0,48.5,3.0,10.0,8.0,10.0,37.6,18.7,84.3,4.76,14.4,12.4,205.0,22.0,0.0,1.0,1.0,0.0,0.0,1.0,1.0,0.0,1.0,0.0,1.0,0.0,0.0,1.0,1.0,0.0,0.0,1.0,1.0,0.0,0.0,0.0,0.0,1.0,0.0,0.0,1.0,0.0,0.0,0.0,1.0,0.0,1.0,0.0,0.0,0.0,1.0,0.0,0.0,0.0,1.0,1.0,0.0,1.0,0.0,1.0,0.0,0.6150235252175407,0.3427229247133937,0.004694171206174658,0.037559396941790446,0.8215767176555363,0.17842328474979352,0.7653061052826953,0.23469389564841003
108,12.62,20.8,161.0,54.0,4.0,4.0,3.0,5.2,36.9,9.8,43.6,4.78,13.8,12.4,253.0,0.0,1.0,0.0,1.0,0.0,1.0,0.0,1.0,0.0,1.0,0.0,1.0,0.0,1.0,0.0,1.0,0.0,1.0,0.0,0.0,0.0,0.0,1.0,0.0,0.0,0.0,1.0,0.0,1.0,0.0,0.0,1.0,0.0,1.0,0.0,0.0,0.0,1.0,0.0,0.0,0.0,1.0,1.0,0.0,1.0,0.0,0.0,1.0,0.6150232407136639,0.3427230327980677,0.004694893884150675,0.03755884892582029,0.82157653247019,0.17842347973448647,0.7653063243517526,0.2346936650459669
109,12.27,20.0,158.0,50.0,3.0,5.0,4.0,5.5,36.8,8.2,45.7,4.45,12.8,12.6,250.0,0.0,1.0,0.0,1.0,0.0,0.0,1.0,1.0,0.0,1.0,0.0,1.0,0.0,1.0,0.0,1.0,0.0,1.0,0.0,0.0,1.0,0.0,0.0,0.0,1.0,0.0,0.0,0.0,1.0,0.0,0.0,1.0,0.0,1.0,0.0,0.0,0.0,1.0,0.0,0.0,1.0,0.0,1.0,0.0,1.0,0.0,1.0,0.0,0.6150234145300273,0.34272287468357676,0.004694734300997094,0.03755899116252126,0.0,1.0,0.7653061673427375,0.23469383020024448
110,4.39,15.1,103.0,16.0,5.0,6.0,5.0,7.7939688861653895,39.0,14.4,73.8,4.99,12.9,11.9,490.0,74.0,0.0,1.0,0.0,1.0,1.0,0.0,1.0,0.0,0.0,1.0,1.0,0.0,1.0,0.0,1.0,0.0,1.0,0.0,1.0,0.0,0.0,0.0,0.0,0.0,1.0,0.0,1.0,0.0,0.0,0.0,1.0,0.0,0.0,0.0,1.0,0.0,1.0,0.0,0.0,0.0,1.0,1.0,0.0,1.0,0.0,1.0,0.0,0.6150232592734719,0.342722761475461,0.004694489960547776,0.037559528816756726,0.8215765898024524,0.17842341930688976,0.7653062941218698,0.23469369682758967
111,6.27,16.5,128.0,26.5,1.0,5.0,5.0,6.0,36.9,13.1,71.3,4.65,13.2,12.2,283.0,5.0,0.0,1.0,1.0,0.0,1.0,0.0,1.0,0.0,1.0,0.0,0.0,1.0,1.0,0.0,0.0,1.0,1.0,0.0,0.0,1.0,0.0,0.0,0.0,1.0,0.0,0.0,1.0,0.0,0.0,0.0,1.0,0.0,1.0,0.0,0.0,0.0,1.0,0.0,0.0,0.0,1.0,1.0,0.0,1.0,0.0,1.0,0.0,0.6150236307336832,0.34272296249523104,0.004694828708694421,0.037558567680024524,0.821576731544577,0.17842327011872494,0.7653061802144848,0.23469381677034062
112,10.98,12.9,142.0,26.0,3.0,6.0,5.0,8.0,37.2,13.3,77.0,5.18,13.8,11.9,275.0,24.0,1.0,0.0,1.0,0.0,0.0,1.0,1.0,0.0,0.0,1.0,1.0,0.0,1.0,0.0,0.0,1.0,0.0,1.0,0.0,1.0,0.0,0.0,0.0,1.0,0.0,0.0,1.0,0.0,0.0,0.0,1.0,0.0,1.0,0.0,0.0,0.0,1.0,0.0,0.0,0.0,1.0,1.0,0.0,1.0,0.0,0.0,1.0,0.0,1.0,0.0,0.0,0.821576811406464,0.17842318607536123,0.7653060871538555,0.2346939146706406
113,9.44,18.6,142.5,37.8,3.0,9.0,8.0,8.45618675448726,37.7,21.2,85.7,4.45,13.0,12.6,357.0,10.0,1.0,0.0,0.0,1.0,0.0,1.0,1.0,0.0,0.0,1.0,1.0,0.0,0.0,1.0,1.0,0.0,0.0,1.0,0.0,1.0,0.0,0.0,0.0,1.0,0.0,0.0,1.0,0.0,0.0,0.0,1.0,0.0,0.0,0.0,1.0,0.0,1.0,0.0,0.0,0.0,1.0,1.0,0.0,1.0,0.0,1.0,0.0,0.6150231895076959,0.3427228605072985,0.0046947750187803505,0.03755920757240394,1.0,0.0,0.7653062825038122,0.23469370900519548
114,16.72,18.5,180.0,60.0,3.0,5.0,4.0,4.0,37.0,10.7,67.7,5.57,15.5,13.3,224.0,0.0,0.0,1.0,1.0,0.0,1.0,0.0,1.0,0.0,0.0,1.0,1.0,0.0,1.0,0.0,1.0,0.0,1.0,0.0,1.0,0.0,0.0,0.0,0.0,1.0,0.0,0.0,1.0,0.0,0.0,0.0,1.0,0.0,1.0,0.0,0.0,0.0,1.0,0.0,0.0,1.0,0.0,1.0,0.0,1.0,0.0,1.0,0.0,1.0,0.0,0.0,0.0,0.0,1.0,0.7653061218701318,0.23469387811744213
115,12.59,16.7,148.5,36.5,3.0,5.0,4.0,7.5,36.8,11.1,75.8,4.76,13.9,12.6,297.0,11.0,0.0,1.0,1.0,0.0,1.0,0.0,1.0,0.0,0.0,1.0,1.0,0.0,1.0,0.0,0.0,1.0,0.0,1.0,0.0,1.0,0.0,0.0,0.0,1.0,0.0,0.0,1.0,0.0,0.0,0.0,1.0,0.0,1.0,0.0,0.0,0.0,1.0,0.0,0.0,0.0,1.0,1.0,0.0,1.0,0.0,1.0,0.0,1.0,0.0,0.0,0.0,0.8215767135302151,0.1784232890988311,1.0,0.0
116,15.18,25.4,151.0,58.0,3.0,4.0,5.0,7.2045485527416115,36.3,15.8,56.6,4.54,13.3,11.9,304.0,0.0,1.0,0.0,0.0,1.0,1.0,0.0,1.0,0.0,0.0,1.0,0.0,1.0,1.0,0.0,0.0,1.0,1.0,0.0,0.0,0.0,0.0,1.0,1.0,0.0,0.0,0.0,1.0,0.0,0.0,0.0,1.0,0.0,1.0,0.0,0.0,0.0,0.0,1.0,0.0,1.0,0.0,1.0,0.0,1.0,0.0,1.0,0.0,0.6150233070874087,0.3427230342563573,0.004694716107189634,0.03755895793534947,0.8215766487836427,0.17842335727230152,0.7653060242173241,0.2346939809875752
117,8.19,14.8,130.0,25.0,3.0,8.0,7.0,10.0,37.7,16.8,75.5,4.81,13.4,11.9,386.0,3.0,0.0,1.0,1.0,0.0,1.0,0.0,1.0,0.0,0.0,1.0,1.0,0.0,0.0,1.0,1.0,0.0,0.0,1.0,0.0,0.0,0.0,1.0,0.0,1.0,0.0,0.0,0.0,0.0,0.0,1.0,1.0,0.0,1.0,0.0,0.0,0.0,1.0,0.0,0.0,0.0,1.0,1.0,0.0,1.0,0.0,0.0,1.0,0.6150234153515157,0.3427229605411801,0.004694369784682739,0.037559273749975364,0.8215767866180534,0.17842321215932633,0.7653061683678252,0.23469382923140392
118,16.19,22.0,172.0,65.0,3.0,5.0,4.0,13.0,36.4,12.7,73.2,5.31,16.1,12.3,192.0,135.0,0.0,1.0,1.0,0.0,0.0,1.0,1.0,0.0,0.0,1.0,1.0,0.0,1.0,0.0,0.0,1.0,1.0,0.0,0.0,1.0,0.0,0.0,0.0,0.0,0.0,1.0,1.0,0.0,0.0,0.0,1.0,0.0,1.0,0.0,0.0,0.0,1.0,0.0,0.0,0.0,1.0,1.0,0.0,1.0,0.0,0.0,1.0,0.0,1.0,0.0,0.0,1.0,0.0,0.7653060454059593,0.23469395864574594
119,10.56,15.6,142.5,32.0,3.0,4.0,3.0,6.959027313063756,37.8,9.8,67.2,4.62,13.5,11.8,266.0,26.0,0.0,1.0,0.0,1.0,1.0,0.0,0.0,1.0,1.0,0.0,1.0,0.0,0.0,1.0,1.0,0.0,1.0,0.0,0.0,0.0,1.0,0.0,1.0,0.0,0.0,0.0,1.0,0.0,0.0,0.0,1.0,0.0,0.0,0.0,1.0,0.0,1.0,0.0,0.0,0.0,1.0,1.0,0.0,1.0,0.0,1.0,0.0,0.6150232302029768,0.34272284457770563,0.0046944207511425695,0.037559544851286986,0.8215768891641246,0.17842310424333085,0.7653062627340061,0.23469372970768398
120,14.84,20.3,160.0,52.0,3.0,3.0,3.0,3.5,37.3,7.0,69.5,3.92,11.5,11.9,199.0,6.0,1.0,0.0,1.0,0.0,1.0,0.0,1.0,0.0,0.0,1.0,0.0,1.0,1.0,0.0,0.0,1.0,1.0,0.0,0.0,1.0,0.0,0.0,0.0,1.0,0.0,0.0,1.0,0.0,0.0,0.0,1.0,0.0,1.0,0.0,0.0,0.0,1.0,0.0,0.0,1.0,0.0,1.0,0.0,1.0,0.0,0.0,1.0,0.6150233843474262,0.34272293803873777,0.004694893483793261,0.03755879348911895,0.821576642368354,0.17842336401271153,0.7653062452122963,0.23469374839497315
121,12.67,17.4,168.0,49.0,2.0,3.0,4.0,7.2,36.6,5.7,52.9,4.71,13.5,12.2,214.0,16.0,0.0,1.0,1.0,0.0,1.0,0.0,1.0,0.0,1.0,0.0,0.0,1.0,1.0,0.0,0.0,1.0,1.0,0.0,0.0,1.0,0.0,0.0,0.0,1.0,0.0,0.0,1.0,0.0,0.0,0.0,1.0,0.0,0.0,0.0,1.0,0.0,1.0,0.0,0.0,1.0,0.0,1.0,0.0,1.0,0.0,0.0,1.0,0.6150234288156325,0.3427229974743832,0.0046944135638099516,0.037559176093998725,0.8215766343825911,0.17842337244350104,0.7653062665485076,0.23469372585083836
122,14.2,18.3,170.0,53.0,2.0,8.0,8.0,9.0,36.5,14.4,80.8,4.98,13.7,12.8,293.0,32.0,0.0,1.0,1.0,0.0,1.0,0.0,1.0,0.0,1.0,0.0,0.0,1.0,0.0,1.0,1.0,0.0,0.0,1.0,0.08303886678284567,0.5777385093614374,0.2102473572678627,0.12897526694292338,0.15535713964806774,0.7642857144751137,0.028571417873428318,0.05178572853565222,0.8621908198000808,0.08833922555611917,0.01943463277388191,0.03003532102810047,1.0,0.0,1.0,0.0,0.0,0.0,1.0,0.0,0.0,0.0,1.0,1.0,0.0,1.0,0.0,1.0,0.0,1.0,0.0,0.0,0.0,0.8215767180058501,0.17842328438059163,0.7653060876263126,0.2346939141464841
123,8.09,16.1,127.0,25.5,2.0,7.0,6.0,7.0,37.2,21.09,82.0,5.01,13.7,12.80990796033807,370.0,1.0,0.0,1.0,1.0,0.0,0.0,1.0,1.0,0.0,0.0,1.0,1.0,0.0,1.0,0.0,1.0,0.0,0.0,1.0,0.0,0.0,1.0,0.0,0.0,0.0,0.0,1.0,1.0,0.0,0.0,0.0,1.0,0.0,1.0,0.0,0.0,0.0,1.0,0.0,0.0,0.0,1.0,1.0,0.0,1.0,0.0,0.0,1.0,1.0,0.0,0.0,0.0,0.0,1.0,1.0,0.0
124,7.74,14.5,126.0,22.5,3.0,5.0,5.0,8.5,36.8,8.5,61.4,4.6,13.1,12.2,351.0,1.0,1.0,0.0,1.0,0.0,0.0,1.0,1.0,0.0,0.0,1.0,1.0,0.0,0.0,1.0,1.0,0.0,1.0,0.0,0.0,1.0,0.0,0.0,0.0,1.0,0.0,0.0,1.0,0.0,0.0,0.0,1.0,0.0,0.0,1.0,0.0,0.0,1.0,0.0,0.0,0.0,1.0,1.0,0.0,1.0,0.0,0.0,1.0,1.0,0.0,0.0,0.0,0.8215767618152883,0.17842323828145246,0.7653061221646498,0.2346938778178702
125,10.76,17.6,138.5,34.4,4.0,8.0,8.0,9.0,36.9,18.1,84.7,4.9,12.6,12.5,295.0,4.0,0.0,1.0,1.0,0.0,1.0,0.0,1.0,0.0,1.0,0.0,0.0,1.0,0.0,1.0,1.0,0.0,0.0,1.0,0.08303886752180922,0.577738511290723,0.2102473535301852,0.12897526794769654,0.1553571453074869,0.7642857108751904,0.028571410832351263,0.0517857334598647,0.8621908213537586,0.08833922772008418,0.019434640591920238,0.030035309043254466,1.0,0.0,0.0,0.0,1.0,0.0,0.0,0.0,1.0,0.0,1.0,1.0,0.0,1.0,0.0,0.0,1.0,0.6150233499885045,0.34272310078585533,0.00469468959612418,0.037558869051244725,0.821576824882531,0.17842317187527212,0.7653061476758686,0.2346938510868245
126,9.25,25.9,139.0,50.0,3.0,7.0,6.0,8.021019692340284,36.9,17.2,72.8,5.15,12.8,14.8,393.0,9.0,0.0,1.0,0.0,1.0,0.0,1.0,1.0,0.0,0.0,1.0,1.0,0.0,0.0,1.0,1.0,0.0,1.0,0.0,1.0,0.0,0.0,0.0,0.0,1.0,0.0,0.0,1.0,0.0,0.0,0.0,1.0,0.0,0.0,1.0,0.0,0.0,1.0,0.0,0.0,0.0,1.0,1.0,0.0,1.0,0.0,1.0,0.0,0.6150232092180707,0.3427227475021305,0.00469549191483265,0.03755856908252131,0.8215765793347076,0.17842343033987207,0.7653061171509473,0.23469388324168317
127,9.95,16.4,143.5,34.1,4.0,5.0,5.0,5.5,37.0,5.6,55.62912159099458,5.07,14.4,11.9,270.0,8.0,1.0,0.0,1.0,0.0,0.0,1.0,1.0,0.0,0.0,1.0,1.0,0.0,0.0,1.0,1.0,0.0,1.0,0.0,0.08303886847570763,0.5777385199021587,0.21024735127652683,0.12897526015214822,0.15535715070390255,0.7642857155752741,0.02857142793127465,0.05178570510098479,0.8621908019027454,0.08833922361964619,0.019434619760295813,0.030035355803173736,1.0,0.0,0.0,0.0,1.0,0.0,1.0,0.0,0.0,0.0,1.0,1.0,0.0,1.0,0.0,0.0,1.0,0.6150234495217901,0.34272296262549784,0.004695026441951078,0.037558561113727684,1.0,0.0,1.0,0.0
128,11.65,27.4,172.0,81.0,2.0,6.0,7.0,7.866360418638461,37.1,10.8,63.8,5.01,13.8,12.6,266.0,16.0,0.0,1.0,0.0,1.0,1.0,0.0,1.0,0.0,0.0,1.0,0.0,1.0,0.0,1.0,1.0,0.0,1.0,0.0,0.08303886366003499,0.5777385117081484,0.21024734678285995,0.12897527861051183,0.15535714581514837,0.7642857132327956,0.02857143025892206,0.051785710447404876,0.8621908318507794,0.08833922258977811,0.019434622900412424,0.03003532127950892,1.0,0.0,1.0,0.0,0.0,0.0,1.0,0.0,0.0,1.0,0.0,1.0,0.0,1.0,0.0,1.0,0.0,0.6150232922536943,0.34272288683199204,0.00469504891072714,0.03755878661709122,0.821576502616213,0.17842351107548238,0.7653060981775491,0.2346939029544206
129,10.93,18.4,137.5,35.0,3.0,3.0,3.0,6.0,36.5,6.8,51.0,5.13,14.0,13.3,338.0,0.0,0.0,1.0,1.0,0.0,0.0,1.0,1.0,0.0,0.0,1.0,1.0,0.0,1.0,0.0,0.0,1.0,1.0,0.0,0.0,1.0,0.0,0.0,0.0,1.0,0.0,0.0,1.0,0.0,0.0,0.0,1.0,0.0,1.0,0.0,0.0,0.0,1.0,0.0,0.0,0.0,1.0,1.0,0.0,1.0,0.0,0.0,1.0,0.615023444499029,0.3427229334162506,0.00469508744545466,0.03755853456369418,0.8215766835045988,0.17842332072945577,0.7653061224086977,0.23469387768835326
130,13.83,29.8,169.0,85.4,3.0,5.0,5.0,7.003332084580554,36.4,9.7,42.5,5.52,15.0,14.6,369.0,4.0,0.0,1.0,0.0,1.0,0.0,1.0,1.0,0.0,0.0,1.0,1.0,0.0,0.0,1.0,1.0,0.0,1.0,0.0,0.0,0.0,0.0,1.0,0.0,1.0,0.0,0.0,1.0,0.0,0.0,0.0,1.0,0.0,1.0,0.0,0.0,0.0,1.0,0.0,0.0,0.0,1.0,1.0,0.0,1.0,0.0,0.0,1.0,0.6150231680880511,0.34272284361996574,0.004695649218469766,0.03755835084286785,0.8215764887322693,0.17842352576412202,0.7653060333371104,0.2346939713431685
131,10.9,13.7,135.0,24.5,2.0,0.0,1.0,4.8,36.7,8.7,63.5,4.74,15.3,12.8,324.0,0.0,1.0,0.0,1.0,0.0,0.0,1.0,0.0,1.0,0.0,1.0,1.0,0.0,1.0,0.0,0.0,1.0,1.0,0.0,0.0,1.0,0.0,0.0,0.0,1.0,0.0,0.0,0.0,0.0,0.0,1.0,1.0,0.0,1.0,0.0,0.0,0.0,1.0,0.0,0.0,1.0,0.0,1.0,0.0,1.0,0.0,1.0,0.0,0.6150238011567664,0.34272275323939294,0.0046941590548899015,0.03755929232305033,0.8215769979812384,0.17842298975565174,1.0,0.0
132,16.38,17.3,165.0,46.8,3.0,4.0,4.0,4.6,36.5,8.5,48.3,4.53,13.2,11.9,267.0,0.0,1.0,0.0,1.0,0.0,1.0,0.0,1.0,0.0,0.0,1.0,1.0,0.0,0.0,1.0,1.0,0.0,1.0,0.0,0.0,1.0,0.0,0.0,0.0,1.0,0.0,0.0,1.0,0.0,0.0,0.0,1.0,0.0,1.0,0.0,0.0,0.0,1.0,0.0,0.0,0.0,1.0,1.0,0.0,1.0,0.0,1.0,0.0,1.0,0.0,0.0,0.0,0.8215765994508777,0.17842340921208055,0.7653060776052335,0.2346939247361064
133,10.65,13.3,136.5,25.0,3.0,7.0,6.0,8.2,36.2,18.6,93.9,4.83,12.6,13.3,349.0,2.0,1.0,0.0,1.0,0.0,1.0,0.0,1.0,0.0,0.0,1.0,1.0,0.0,0.0,1.0,1.0,0.0,0.0,1.0,0.0,0.0,1.0,0.0,0.0,1.0,0.0,0.0,1.0,0.0,0.0,0.0,1.0,0.0,1.0,0.0,0.0,0.0,1.0,0.0,0.0,0.0,1.0,1.0,0.0,1.0,0.0,0.0,1.0,1.0,0.0,0.0,0.0,0.8215768171986831,0.17842317996570078,1.0,0.0
134,9.2,16.6,143.0,33.5,9.0,5.0,4.0,5.4,37.1,6.1,60.1,4.54,12.7,12.8,280.0,0.0,0.0,1.0,1.0,0.0,1.0,0.0,1.0,0.0,1.0,0.0,1.0,0.0,0.0,1.0,1.0,0.0,1.0,0.0,0.0,1.0,0.0,0.0,0.0,1.0,0.0,0.0,1.0,0.0,0.0,0.0,1.0,0.0,1.0,0.0,0.0,0.0,1.0,0.0,0.0,1.0,0.0,1.0,0.0,1.0,0.0,1.0,0.0,0.6150232955497286,0.3427230039900212,0.004695104906743408,0.03755860285780721,0.8215767136531666,0.17842328897982696,1.0,0.0
135,3.16,14.11,96.0,13.0,3.0,6.0,5.0,4.0,38.5,15.4,79.98959902431017,4.42,11.8,13.4,110.0,8.0,0.0,1.0,1.0,0.0,1.0,0.0,1.0,0.0,0.0,1.0,1.0,0.0,1.0,0.0,0.0,1.0,0.0,1.0,0.08303887181494574,0.5777385132787943,0.21024735060262745,0.12897526421729155,0.15535715412572415,0.7642857131042571,0.028571424365846698,0.051785707663958624,0.8621908189946645,0.08833921748434326,0.01943464530234318,0.030035317546875717,1.0,0.0,0.0,0.0,1.0,0.0,1.0,0.0,0.0,0.0,1.0,1.0,0.0,1.0,0.0,1.0,0.0,0.6150235807323993,0.3427229628766043,0.004694964577766969,0.03755848185872468,0.8215765402570425,0.1784234714686631,0.7653062074634954,0.23469378808750962
136,12.8,15.6,152.0,35.8,3.0,5.0,6.0,6.0,37.1,8.7,74.3,5.16,14.2,12.9,272.0,25.0,0.0,1.0,1.0,0.0,1.0,0.0,1.0,0.0,1.0,0.0,0.0,1.0,0.0,1.0,1.0,0.0,1.0,0.0,0.0,1.0,0.0,0.0,1.0,0.0,0.0,0.0,1.0,0.0,0.0,0.0,1.0,0.0,0.0,1.0,0.0,0.0,1.0,0.0,0.0,1.0,0.0,0.0,1.0,1.0,0.0,0.5718518607604116,0.42814813877234725,1.0,0.0,0.0,0.0,0.8215766034076025,0.17842340501541942,0.0,1.0
137,15.48,22.4,169.0,64.0,5.0,6.0,5.0,6.920480635952403,36.9,5.8,51.3,4.02,11.7,13.9,212.0,22.0,1.0,0.0,0.0,1.0,0.0,1.0,1.0,0.0,1.0,0.0,1.0,0.0,0.0,1.0,1.0,0.0,1.0,0.0,0.08303886591989196,0.577738517543702,0.21024734033230374,0.12897527663963426,0.15535713135559037,0.7642857108475587,0.028571449351014855,0.05178570899439405,0.862190819994255,0.0883392196157552,0.019434618659067593,0.030035341586266195,1.0,0.0,1.0,0.0,0.0,0.0,1.0,0.0,0.0,1.0,0.0,0.0,1.0,1.0,0.0,0.0,1.0,0.6150229503428737,0.3427227387029482,0.004695142653309503,0.037559217024777825,0.821576602628845,0.17842340586182814,0.7653061327818143,0.23469386665047598
138,11.9,16.7,153.0,38.5,3.0,4.0,4.0,5.879875164167443,37.3,8.0,47.1,4.84,13.5,12.6,405.0,0.0,1.0,0.0,0.0,1.0,0.0,1.0,1.0,0.0,0.0,1.0,1.0,0.0,1.0,0.0,0.0,1.0,1.0,0.0,0.0,1.0,0.0,0.0,0.0,1.0,0.0,0.0,1.0,0.0,0.0,0.0,1.0,0.0,0.0,1.0,0.0,0.0,1.0,0.0,0.0,0.0,1.0,1.0,0.0,1.0,0.0,0.571851856606967,0.4281481431360621,0.6150232997255656,0.3427228340546927,0.004694896705060736,0.03755899085921688,0.82157664053083,0.17842336594701125,0.7653060878110234,0.2346939139432982
139,3.27,15.75,87.7,12.2,6.0,8.0,7.0,10.0,38.9,17.9,87.1,4.73,12.4,14.2,342.0,39.0,1.0,0.0,1.0,0.0,1.0,0.0,1.0,0.0,0.0,1.0,1.0,0.0,0.0,1.0,1.0,0.0,0.0,1.0,0.0,0.0,1.0,0.0,0.0,1.0,0.0,0.0,1.0,0.0,0.0,0.0,1.0,0.0,1.0,0.0,0.0,0.0,1.0,0.0,0.0,0.0,1.0,1.0,0.0,1.0,0.0,0.0,1.0,0.6150235480969874,0.34272302257446186,0.0046954880414049605,0.037557916595027274,0.821576786742236,0.17842321201399336,0.7653060767352279,0.23469392573790548
140,11.36,13.9,142.0,28.0,3.0,9.0,7.0,8.0,36.8,11.4,84.6,4.35,12.7,12.4,183.0,3.0,1.0,0.0,1.0,0.0,0.0,1.0,1.0,0.0,1.0,0.0,1.0,0.0,0.0,1.0,1.0,0.0,0.0,1.0,0.0,0.0,1.0,0.0,1.0,0.0,0.0,0.0,0.0,1.0,0.0,0.0,0.0,1.0,1.0,0.0,0.0,0.0,1.0,0.0,0.0,0.0,1.0,1.0,0.0,1.0,0.0,1.0,0.0,0.6150235260016752,0.34272292984351826,0.004694431399258847,0.037559123373430814,0.82157681427707,0.17842318303364657,0.7653062197299989,0.23469377512207956
141,8.56,16.3,138.0,30.5,3.0,4.0,3.0,4.0,36.4,8.4,83.4,4.37,11.5,12.6,234.0,0.0,1.0,0.0,1.0,0.0,1.0,0.0,0.0,1.0,1.0,0.0,1.0,0.0,0.0,1.0,1.0,0.0,0.0,1.0,0.0,1.0,0.0,0.0,0.0,1.0,0.0,0.0,1.0,0.0,0.0,0.0,1.0,0.0,1.0,0.0,0.0,0.0,1.0,0.0,0.0,1.0,0.0,1.0,0.0,1.0,0.0,0.0,1.0,0.6150233792880619,0.34272291884120965,0.004694423749236676,0.03755930235420302,0.8215768677399762,0.1784231268121791,0.765306283058539,0.23469370838185244
142,16.68,20.3,169.0,58.0,3.0,4.0,3.0,6.8,36.8,10.8,65.1,4.57,13.6,12.6,240.0,0.0,1.0,0.0,1.0,0.0,1.0,0.0,1.0,0.0,0.0,1.0,1.0,0.0,1.0,0.0,0.0,1.0,1.0,0.0,0.0,1.0,0.0,0.0,0.0,1.0,0.0,0.0,1.0,0.0,0.0,0.0,1.0,0.0,1.0,0.0,0.0,0.0,1.0,0.0,0.0,0.0,1.0,1.0,0.0,1.0,0.0,0.0,1.0,0.6150235217786265,0.3427229115459778,0.004694872088487845,0.037558694413556526,0.8215766909110237,0.17842331289897861,0.7653061034731916,0.23469389756471715
143,14.15,23.5,165.0,64.0,3.0,5.0,4.0,6.5,37.6,16.3,87.7,4.76,13.8,12.1,325.0,1.0,1.0,0.0,1.0,0.0,1.0,0.0,0.0,1.0,0.0,1.0,1.0,0.0,0.0,1.0,0.0,1.0,0.0,1.0,0.0,1.0,0.0,0.0,0.0,1.0,0.0,0.0,0.0,1.0,0.0,0.0,1.0,0.0,1.0,0.0,0.0,0.0,1.0,0.0,0.0,0.0,1.0,1.0,0.0,1.0,0.0,1.0,0.0,0.6150236466295866,0.34272288326951494,0.004694380138166809,0.0375590946796901,0.8215767663979517,0.17842323344878697,0.7653061182867111,0.23469388179671513
144,10.86,14.1,141.0,28.0,5.0,4.0,3.0,5.7,36.2,8.4,59.007210413551356,4.51,12.9,12.0,273.0,1.0,0.0,1.0,1.0,0.0,0.0,1.0,1.0,0.0,1.0,0.0,1.0,0.0,1.0,0.0,0.0,1.0,1.0,0.0,0.083038870658107,0.57773852071398,0.21024733791988015,0.12897527066123904,0.155357139033937,0.764285714314126,0.02857143927977368,0.051785707393082525,0.8621908184171718,0.08833921508838238,0.019434620993514118,0.030035345664475632,1.0,0.0,1.0,0.0,0.0,0.0,1.0,0.0,0.0,0.0,1.0,0.0,1.0,1.0,0.0,1.0,0.0,1.0,0.0,0.0,0.0,0.8215766907725346,0.17842331307620984,0.7653061861700956,0.2346938104451204
145,10.9,23.3,148.0,51.0,5.0,6.265728084336395,5.744927590786259,5.6,36.2,7.9,63.91148887828918,4.41,12.5,12.3,324.0,1.0,0.0,1.0,1.0,0.0,0.0,1.0,1.0,0.0,0.0,1.0,1.0,0.0,0.0,1.0,1.0,0.0,0.5086207014933822,0.4913792978839885,0.0,0.0,0.0,1.0,0.0,1.0,0.0,0.0,1.0,0.0,0.0,0.0,1.0,0.0,0.0,0.0,1.0,0.0,1.0,0.0,0.0,0.0,1.0,1.0,0.0,1.0,0.0,1.0,0.0,0.6150233828915403,0.3427229477761695,0.004695136471628336,0.03755853566283207,0.8215765345622877,0.17842347748902698,0.7653063805970639,0.23469360576412723
146,15.01,22.5,166.0,62.0,3.0,4.0,4.0,7.159760015964231,37.0,8.0,63.9,4.32,12.2,12.0,176.0,0.0,1.0,0.0,0.0,1.0,1.0,0.0,1.0,0.0,0.0,1.0,1.0,0.0,0.0,1.0,1.0,0.0,1.0,0.0,0.0,1.0,0.0,0.0,0.15535714245984245,0.7642857171098498,0.028571434181620448,0.05178570597397414,1.0,0.0,0.0,0.0,1.0,0.0,1.0,0.0,0.0,0.0,1.0,0.0,0.0,1.0,0.0,1.0,0.0,1.0,0.0,1.0,0.0,0.6150231476936081,0.34272287705002935,0.004694644743453824,0.037559369151403454,0.8215765914806293,0.17842341758979852,0.7653061146661947,0.23469388568673932
147,10.05,20.3,148.5,45.0,3.0,0.0,0.0,6.8,36.3,9.1,40.3,4.37,12.1,13.1,246.0,3.0,1.0,0.0,1.0,0.0,1.0,0.0,0.0,1.0,0.0,1.0,1.0,0.0,1.0,0.0,0.0,1.0,1.0,0.0,0.0,1.0,0.0,0.0,0.0,1.0,0.0,0.0,1.0,0.0,0.0,0.0,1.0,0.0,0.0,0.0,1.0,0.0,1.0,0.0,0.0,0.0,1.0,1.0,0.0,1.0,0.0,0.0,1.0,0.6150235671309485,0.34272289647301357,0.004694818212432006,0.03755871780738229,0.8215767601831426,0.17842324005469323,0.7653061251587296,0.23469387463309377
148,11.05,20.7,149.0,46.3,3.0,2.0,1.0,6.0,36.0,12.2,70.3,4.46,12.9,12.3,383.0,4.0,1.0,0.0,1.0,0.0,1.0,0.0,0.0,1.0,0.0,1.0,1.0,0.0,1.0,0.0,0.0,1.0,1.0,0.0,0.08303887855120284,0.5777385240025594,0.2102473374352657,0.12897525915786623,0.15535714939104917,0.7642857156162526,0.02857143108176552,0.05178570323707288,0.8621907920514027,0.08833922913739412,0.019434636507770886,0.030035343416650595,1.0,0.0,1.0,0.0,0.0,0.0,1.0,0.0,0.0,1.0,0.0,1.0,0.0,1.0,0.0,0.0,1.0,1.0,0.0,0.0,0.0,0.8215768197275977,0.17842317731317014,0.7653062347714126,0.2346937591720829
149,14.99,20.8,161.0,54.0,3.0,4.0,3.0,5.1,37.1,12.2,73.5,4.54,13.7,12.5,307.0,0.0,1.0,0.0,1.0,0.0,1.0,0.0,1.0,0.0,0.0,1.0,1.0,0.0,1.0,0.0,0.0,1.0,1.0,0.0,0.08303887099983853,0.5777385219930737,0.21024734232244568,0.12897526441315588,0.15535714453318228,0.7642857163545654,0.02857142929333023,0.05178570954648187,0.8621908091523401,0.08833922604304167,0.019434627861213527,0.03003533708176276,1.0,0.0,1.0,0.0,0.0,0.0,1.0,0.0,0.0,0.0,1.0,1.0,0.0,1.0,0.0,1.0,0.0,0.6150236067656187,0.34272287368411425,0.004694963485025849,0.03755854863141983,0.8215766599968031,0.1784233454398203,0.765306156145124,0.2346938420997713
150,11.37,14.0,130.5,24.0,3.0,6.0,5.0,5.0,37.1,8.1,65.5,4.59,13.3,12.2,272.0,0.0,1.0,0.0,1.0,0.0,0.0,1.0,1.0,0.0,1.0,0.0,1.0,0.0,0.0,1.0,1.0,0.0,1.0,0.0,0.0830388703984628,0.5777385205765684,0.2102473470247893,0.12897526172699025,0.15535714277017754,0.764285715151441,0.02857143150758812,0.0517857104566084,0.8621907980428439,0.08833922168740815,0.019434619904326822,0.030035361863500865,1.0,0.0,1.0,0.0,0.0,0.0,1.0,0.0,0.0,1.0,0.0,1.0,0.0,1.0,0.0,0.0,1.0,0.6150233427800357,0.3427229293489632,0.0046946915170699155,0.037559055369561944,0.8215767481258494,0.17842325270224868,0.7653062733633017,0.23469371873493672
151,7.72,20.1,129.5,33.8,3.0,3.0,4.0,5.5,37.2,6.7,54.2773512494101,5.26,14.0,13.0,367.0,0.0,0.0,1.0,1.0,0.0,1.0,0.0,1.0,0.0,0.0,1.0,0.0,1.0,1.0,0.0,1.0,0.0,1.0,0.0,0.0,0.0,1.0,0.0,1.0,0.0,0.0,0.0,1.0,0.0,0.0,0.0,1.0,0.0,1.0,0.0,0.0,0.0,1.0,0.0,0.0,1.0,0.0,1.0,0.0,1.0,0.0,1.0,0.0,1.0,0.0,0.0,0.0,1.0,0.0,0.7653061799959036,0.2346938169669166
152,16.52,19.6,158.0,49.0,3.0,6.146665914500687,5.683947821960968,8.0,37.3,14.5,75.42524651655319,4.31,12.7,12.855856604899108,245.0,5.0,1.0,0.0,1.0,0.0,1.0,0.0,1.0,0.0,0.0,1.0,1.0,0.0,0.0,1.0,1.0,0.0,0.5086206879815638,0.49137931217162234,0.0,1.0,0.0,0.0,0.15535713879520763,0.7642857195862284,0.028571423351549274,0.05178571846143798,1.0,0.0,0.0,0.0,1.0,0.0,1.0,0.0,0.0,0.0,1.0,0.0,0.0,0.0,1.0,1.0,0.0,1.0,0.0,0.0,1.0,1.0,0.0,0.0,0.0,0.8215767522746157,0.17842324832360368,1.0,0.0
153,8.34,13.0,130.0,21.5,2.0,4.0,4.0,6.3,36.7,9.1,70.5,4.9,13.1,12.1,466.0,1.0,1.0,0.0,1.0,0.0,1.0,0.0,1.0,0.0,0.0,1.0,1.0,0.0,0.0,1.0,1.0,0.0,1.0,0.0,0.0,1.0,0.0,0.0,1.0,0.0,0.0,0.0,0.0,1.0,0.0,0.0,1.0,0.0,1.0,0.0,0.0,0.0,1.0,0.0,0.0,0.0,1.0,1.0,0.0,1.0,0.0,1.0,0.0,0.6150234779945392,0.34272294288348604,0.004694804723964663,0.037558778372631774,0.8215767647530489,0.17842323517970893,1.0,0.0
154,14.11,18.5,156.0,45.0,3.0,5.0,6.0,6.559980361173569,37.1,8.1,58.40221933247267,5.05,13.3,13.2,344.0,1.0,1.0,0.0,0.0,1.0,1.0,0.0,1.0,0.0,1.0,0.0,0.0,1.0,0.0,1.0,1.0,0.0,1.0,0.0,0.0,1.0,0.0,0.0,0.0,1.0,0.0,0.0,1.0,0.0,0.0,0.0,1.0,0.0,1.0,0.0,0.0,0.0,1.0,0.0,0.0,1.0,0.0,1.0,0.0,1.0,0.0,0.0,1.0,0.6150231188419206,0.3427229264914041,0.004694928954710353,0.03755905650731428,1.0,0.0,0.7653061825423183,0.23469381436429937
155,17.21,18.0,178.0,57.0,4.0,5.0,4.0,9.0,36.9,10.7,82.6,5.4,16.5,12.0,206.0,9.0,0.0,1.0,1.0,0.0,1.0,0.0,1.0,0.0,0.0,1.0,1.0,0.0,1.0,0.0,0.0,1.0,0.0,1.0,0.0830388739142024,0.5777385084543619,0.21024735123971017,0.12897526638497758,0.15535712685572334,0.7642857175607328,0.028571418131206117,0.05178573885546578,0.8621908202401181,0.08833921757790575,0.019434619133987807,0.0300353429596405,1.0,0.0,1.0,0.0,0.0,0.0,1.0,0.0,0.0,0.0,1.0,1.0,0.0,1.0,0.0,1.0,0.0,1.0,0.0,0.0,0.0,0.0,1.0,0.0,1.0
156,10.88,15.5,145.7,33.0,3.0,3.0,4.0,5.877044853710448,36.8,4.9,51.1,5.15,13.6,13.1,245.0,0.0,0.0,1.0,0.0,1.0,1.0,0.0,1.0,0.0,1.0,0.0,0.0,1.0,1.0,0.0,0.0,1.0,1.0,0.0,0.08303886675510741,0.5777385252684089,0.21024733918590965,0.12897526877831034,0.1553571470819397,0.7642857134872272,0.028571424680019497,0.05178571454895997,0.8621908177497182,0.08833921572510217,0.019434636814427697,0.030035329445463055,1.0,0.0,1.0,0.0,0.0,0.0,1.0,0.0,0.0,1.0,0.0,1.0,0.0,1.0,0.0,1.0,0.0,0.6150232440142256,0.34272291477676997,0.004694728826054595,0.03755913888323892,0.82157662509883,0.17842338221148824,0.7653061340632025,0.23469386536389425
157,11.82,16.7,147.0,36.0,3.0,7.0,5.0,8.0,37.5,21.4,90.0,4.43,12.4,12.6,365.0,3.0,0.0,1.0,1.0,0.0,1.0,0.0,1.0,0.0,1.0,0.0,1.0,0.0,1.0,0.0,0.0,1.0,0.0,1.0,0.0,1.0,0.0,0.0,0.0,1.0,0.0,0.0,1.0,0.0,0.0,0.0,1.0,0.0,1.0,0.0,0.0,0.0,1.0,0.0,0.0,1.0,0.0,0.0,1.0,1.0,0.0,0.0,1.0,0.6150230949766013,0.3427229108115397,0.0046944913076828465,0.03755954825543495,0.8215767746531474,0.1784232247636386,1.0,0.0
158,9.5,16.6,144.5,35.4,3.0,5.0,6.0,6.0,37.1,9.7,62.5,4.78,13.8,12.0,335.0,0.0,1.0,0.0,1.0,0.0,1.0,0.0,1.0,0.0,1.0,0.0,0.0,1.0,0.0,1.0,1.0,0.0,1.0,0.0,0.08303887855161796,0.5777385076137651,0.2102473426950171,0.12897527103120787,0.15535714467463257,0.764285708248418,0.028571443525168716,0.05178570332413257,0.8621908191162668,0.08833922549481399,0.019434616034579855,0.030035339026957875,1.0,0.0,1.0,0.0,0.0,0.0,1.0,0.0,0.0,1.0,0.0,0.0,1.0,1.0,0.0,1.0,0.0,1.0,0.0,0.0,0.0,0.0,1.0,1.0,0.0
159,11.06,19.2,146.0,41.0,3.0,7.0,8.0,4.6,36.4,21.8,81.8,4.63,12.9,12.2,391.0,0.0,1.0,0.0,1.0,0.0,1.0,0.0,1.0,0.0,0.0,1.0,0.0,1.0,0.0,1.0,1.0,0.0,0.0,1.0,0.0,1.0,0.0,0.0,0.0,1.0,0.0,0.0,1.0,0.0,0.0,0.0,1.0,0.0,1.0,0.0,0.0,0.0,1.0,0.0,0.0,1.0,0.0,1.0,0.0,1.0,0.0,1.0,0.0,0.6150235091077159,0.3427229836104787,0.004695047784343154,0.037558452043858104,0.8215766229500514,0.17842338444281158,0.7653062232462194,0.23469377143484482
160,13.7,15.4,167.0,43.4,3.0,5.0,6.0,7.5,36.7,12.4,65.7,4.69,12.4,14.4,247.0,6.0,0.0,1.0,1.0,0.0,0.0,1.0,1.0,0.0,0.0,1.0,0.0,1.0,1.0,0.0,0.0,1.0,1.0,0.0,0.0,1.0,0.0,0.0,0.0,1.0,0.0,0.0,1.0,0.0,0.0,0.0,1.0,0.0,0.0,0.0,1.0,0.0,1.0,0.0,0.0,0.0,1.0,1.0,0.0,1.0,0.0,1.0,0.0,1.0,0.0,0.0,0.0,0.0,1.0,0.7653061360764322,0.2346938631388784
161,8.67,12.8,140.0,25.0,4.0,5.0,4.0,6.054513586791339,36.8,6.9,55.0,4.31,11.5,12.4,412.0,4.0,1.0,0.0,0.0,1.0,1.0,0.0,1.0,0.0,1.0,0.0,1.0,0.0,0.0,1.0,1.0,0.0,1.0,0.0,0.0,1.0,0.0,0.0,0.0,1.0,0.0,0.0,0.0,1.0,0.0,0.0,1.0,0.0,0.0,0.0,1.0,0.0,1.0,0.0,0.0,0.0,1.0,1.0,0.0,1.0,0.0,1.0,0.0,0.6150230602691154,0.34272280812387645,0.00469502284433454,0.037559147925599556,0.8215766288817608,0.1784233782052148,0.7653063630191925,0.23469362424125606
162,15.79,23.0,160.0,59.0,3.0,6.0,7.0,5.0,36.3,5.1,53.0,5.01,13.6,14.7,173.0,0.0,1.0,0.0,1.0,0.0,0.0,1.0,1.0,0.0,1.0,0.0,0.0,1.0,0.0,1.0,1.0,0.0,1.0,0.0,0.0,1.0,0.0,0.0,1.0,0.0,0.0,0.0,1.0,0.0,0.0,0.0,1.0,0.0,1.0,0.0,0.0,0.0,1.0,0.0,0.0,1.0,0.0,1.0,0.0,1.0,0.0,1.0,0.0,0.6150237227436648,0.3427229918623991,0.004694978927636151,0.03755828325304644,0.8215766798397512,0.1784233245564284,1.0,0.0
163,9.75,15.9,141.5,32.0,3.0,5.0,6.0,10.0,35.9,14.8,68.4,4.56,13.6,12.3,302.0,17.0,0.0,1.0,1.0,0.0,1.0,0.0,1.0,0.0,0.0,1.0,0.0,1.0,0.0,1.0,0.0,1.0,1.0,0.0,0.0,1.0,0.0,0.0,0.0,1.0,0.0,0.0,1.0,0.0,0.0,0.0,1.0,0.0,0.0,0.0,1.0,0.0,1.0,0.0,0.0,0.0,1.0,1.0,0.0,1.0,0.0,0.0,1.0,1.0,0.0,0.0,0.0,0.8215766953763499,0.17842330818434948,0.7653061856955806,0.23469381103607279
164,9.53,26.1,149.0,58.0,2.0,3.0,2.0,6.773116558077021,37.1,7.4,57.2,4.76,12.6,12.0,373.0,10.0,1.0,0.0,0.0,1.0,1.0,0.0,1.0,0.0,1.0,0.0,1.0,0.0,1.0,0.0,0.0,1.0,1.0,0.0,0.0,1.0,0.0,0.0,0.0,1.0,0.0,0.0,1.0,0.0,0.0,0.0,1.0,0.0,1.0,0.0,0.0,0.0,1.0,0.0,0.0,0.0,1.0,1.0,0.0,1.0,0.0,1.0,0.0,0.6150232460831596,0.34272290168015607,0.004694790656649905,0.03755908750851589,0.8215766367236584,0.1784233699908182,0.765306030480026,0.23469397431953842
165,10.45,16.9,145.5,35.5,3.0,3.871554928028406,2.95763174892594,6.0,37.0,6.1,64.54853246730086,4.98,14.0,12.4,233.0,0.0,0.0,1.0,1.0,0.0,1.0,0.0,1.0,0.0,0.0,1.0,1.0,0.0,1.0,0.0,0.0,1.0,0.5086206990606801,0.49137930020552534,0.0,0.0,0.0,1.0,0.0,1.0,0.0,0.0,1.0,0.0,0.0,0.0,1.0,0.0,1.0,0.0,0.0,0.0,1.0,0.0,0.0,0.0,1.0,1.0,0.0,1.0,0.0,1.0,0.0,0.6150236247296121,0.34272293725720815,0.004694705322736414,0.0375587276436985,0.0,1.0,0.7653060940326781,0.2346939078581317
166,9.19,15.3,133.0,27.2,2.0,6.0,5.0,5.0,36.4,5.3,59.8,4.06,11.4,12.8,91.0,4.0,0.0,1.0,1.0,0.0,0.0,1.0,1.0,0.0,1.0,0.0,1.0,0.0,0.0,1.0,1.0,0.0,1.0,0.0,0.0,1.0,0.0,0.0,0.0,1.0,0.0,0.0,1.0,0.0,0.0,0.0,1.0,0.0,1.0,0.0,0.0,0.0,1.0,0.0,0.0,0.0,1.0,1.0,0.0,1.0,0.0,1.0,0.0,0.6150234875706723,0.34272289272884915,0.004694871786428356,0.037558752035025345,0.8215766922605652,0.17842331148719015,0.7653061925881892,0.23469380373436022
167,11.07,24.5,147.0,53.0,3.0,7.0,5.0,8.108916294735906,37.8,11.0,73.4,4.84,14.2,12.4,327.0,54.0,1.0,0.0,0.0,1.0,1.0,0.0,1.0,0.0,1.0,0.0,1.0,0.0,1.0,0.0,1.0,0.0,1.0,0.0,1.0,0.0,0.0,0.0,1.0,0.0,0.0,0.0,0.0,1.0,0.0,0.0,1.0,0.0,0.0,0.0,1.0,0.0,0.0,1.0,0.0,1.0,0.0,1.0,0.0,1.0,0.0,0.0,1.0,0.6150230463713768,0.3427228689247104,0.004694372938639724,0.037559766588710186,0.8215766615276497,0.17842334379127855,0.7653063130361094,0.23469367694840781
168,10.4,22.2,143.5,46.0,1.0,5.0,4.0,13.0,36.8,12.9,77.8,5.08,13.8,13.0,275.0,18.0,0.0,1.0,1.0,0.0,1.0,0.0,1.0,0.0,0.0,1.0,1.0,0.0,1.0,0.0,0.0,1.0,0.0,1.0,0.0830388711651695,0.5777385167793311,0.2102473493825423,0.12897526248930824,0.15535713250875638,0.764285716513296,0.02857142111097921,0.051785730810930186,0.8621908060279795,0.08833922275693362,0.01943463108815624,0.030035340586679116,1.0,0.0,1.0,0.0,0.0,0.0,1.0,0.0,0.0,0.0,1.0,1.0,0.0,1.0,0.0,0.0,1.0,0.6150234909494383,0.34272300761853236,0.00469437638567316,0.0375591364228004,0.8215767578387203,0.17842324247273922,0.7653060030053813,0.234694003391675
169,12.9,17.1,153.0,40.0,3.0,8.0,7.0,8.751786840912036,38.4,26.9,90.0,4.85,14.2,13.1,418.0,4.0,1.0,0.0,0.0,1.0,1.0,0.0,1.0,0.0,0.0,1.0,1.0,0.0,0.0,1.0,1.0,0.0,0.0,1.0,0.0,0.0,1.0,0.0,0.0,0.0,0.0,1.0,0.0,1.0,0.0,0.0,1.0,0.0,1.0,0.0,0.0,0.0,0.0,1.0,0.0,0.0,1.0,1.0,0.0,1.0,0.0,1.0,0.0,0.6150231402554595,0.3427229393011769,0.004695127524368736,0.03755881578170239,0.8215767207735556,0.17842328148402187,0.7653061619942322,0.23469383593877513
170,7.02,10.9,132.0,19.0,2.0,8.0,7.0,4.0,38.2,19.9,93.8,4.47,11.9,13.6,340.0,14.0,0.0,1.0,1.0,0.0,1.0,0.0,1.0,0.0,0.0,1.0,1.0,0.0,0.0,1.0,1.0,0.0,0.0,1.0,0.0,0.0,1.0,0.0,0.0,1.0,0.0,0.0,1.0,0.0,0.0,0.0,1.0,0.0,1.0,0.0,0.0,0.0,1.0,0.0,0.0,0.0,1.0,1.0,0.0,1.0,0.0,0.0,1.0,0.6150233573692365,0.34272285430892757,0.004695404615152721,0.03755838574290804,0.8215767307001511,0.1784232710054079,1.0,0.0
171,17.3,22.7,173.0,68.0,3.0,3.0,4.0,4.0,36.6,5.0,54.97000014489291,4.83,14.3,12.0,168.0,0.0,0.0,1.0,1.0,0.0,1.0,0.0,1.0,0.0,1.0,0.0,0.0,1.0,1.0,0.0,0.0,1.0,1.0,0.0,0.08303886544442562,0.577738523955475,0.21024733472917412,0.12897527615379334,0.1553571370052631,0.764285716321335,0.02857141711208655,0.051785730234336635,0.8621908282427775,0.08833921630626107,0.019434630729328606,0.0300353237551525,1.0,0.0,1.0,0.0,0.0,0.0,1.0,0.0,0.0,1.0,0.0,1.0,0.0,1.0,0.0,1.0,0.0,0.6150236900166746,0.34272296478121544,0.004694650762889774,0.03755868415747954,0.0,1.0,0.7653060001277817,0.23469400630947368
172,10.75,22.9,155.0,54.5,3.0,7.0,7.0,5.0,37.7,10.3,81.2,4.79,13.0,13.7,254.0,57.0,1.0,0.0,1.0,0.0,1.0,0.0,1.0,0.0,1.0,0.0,0.0,1.0,1.0,0.0,0.0,1.0,0.0,1.0,0.0,1.0,0.0,0.0,0.0,1.0,0.0,0.0,1.0,0.0,0.0,0.0,1.0,0.0,1.0,0.0,0.0,0.0,1.0,0.0,0.0,1.0,0.0,1.0,0.0,1.0,0.0,1.0,0.0,0.615023725410474,0.3427229859265756,0.004694615762525278,0.037558659078545054,0.8215766152835848,0.17842339248406702,0.765306129896014,0.2346938696748343
173,14.43,17.6,160.0,45.0,4.0,5.933233873269122,6.618287219254669,5.0,37.1,8.8,67.22123255290023,4.28,13.5,12.8,226.0,0.0,1.0,0.0,1.0,0.0,1.0,0.0,1.0,0.0,1.0,0.0,0.0,1.0,0.0,1.0,1.0,0.0,0.5086206998328602,0.49137929971614014,0.0,1.0,0.0,0.0,0.0,1.0,0.0,0.0,0.0,1.0,0.0,0.0,1.0,0.0,1.0,0.0,0.0,0.0,0.0,0.0,1.0,1.0,0.0,1.0,0.0,1.0,0.0,1.0,0.0,0.6150235008288565,0.3427229204498218,0.004694627654247219,0.037558959001091075,0.8215767212922632,0.17842328097915283,0.7653061079324349,0.23469389272885333
174,13.76,20.1,161.0,51.5,3.0,5.0,4.0,7.4,36.9,11.5,70.7,4.59,13.2,12.6,255.0,6.0,1.0,0.0,1.0,0.0,0.0,1.0,1.0,0.0,0.0,1.0,1.0,0.0,1.0,0.0,0.0,1.0,1.0,0.0,0.0,1.0,0.0,0.0,0.0,1.0,0.0,0.0,1.0,0.0,0.0,0.0,1.0,0.0,1.0,0.0,0.0,0.0,1.0,0.0,0.0,0.0,1.0,1.0,0.0,1.0,0.0,1.0,0.0,0.615023582080336,0.34272292758349765,0.004694785282195135,0.03755870147032625,1.0,0.0,1.0,0.0
175,10.95,16.878444178852174,144.66701195191712,36.0,3.0,8.0,8.0,7.0,37.0,14.3,87.8,4.91,13.8,11.8,403.0,14.0,0.0,1.0,1.0,0.0,1.0,0.0,1.0,0.0,1.0,0.0,0.0,1.0,0.0,1.0,1.0,0.0,0.0,1.0,0.0,0.0,1.0,0.0,0.0,1.0,0.0,0.0,1.0,0.0,0.0,0.0,1.0,0.0,1.0,0.0,0.0,0.0,0.0,1.0,0.0,1.0,0.0,1.0,0.0,1.0,0.0,0.0,1.0,1.0,0.0,0.0,0.0,0.8215768361381828,0.17842316006412573,1.0,0.0
176,11.15,17.5,155.0,42.0,3.0,4.0,6.0,6.0,36.8,7.5,59.6,5.18,13.8,13.3,234.0,0.0,0.0,1.0,1.0,0.0,1.0,0.0,1.0,0.0,0.0,1.0,0.0,1.0,0.0,1.0,1.0,0.0,1.0,0.0,0.0,1.0,0.0,0.0,0.0,1.0,0.0,0.0,1.0,0.0,0.0,0.0,1.0,0.0,0.0,0.0,1.0,0.0,1.0,0.0,0.0,0.0,1.0,1.0,0.0,1.0,0.0,1.0,0.0,0.6150236087175249,0.3427229823561191,0.0046952264701563,0.03755816250355337,0.8215766031183689,0.17842340532202772,0.7653062476643633,0.23469374579822322
177,10.37,16.0,156.0,39.0,3.0,3.0,5.0,5.5,37.4,5.6,38.6,4.8,14.0,12.6,275.0,0.0,0.0,1.0,1.0,0.0,1.0,0.0,1.0,0.0,0.0,1.0,0.0,1.0,1.0,0.0,0.0,1.0,1.0,0.0,0.0,1.0,0.0,0.0,0.0,1.0,0.0,0.0,1.0,0.0,0.0,0.0,1.0,0.0,0.0,0.0,1.0,0.0,1.0,0.0,0.0,1.0,0.0,1.0,0.0,1.0,0.0,1.0,0.0,0.6150236331614527,0.3427229649770599,0.004694735351978951,0.037558658268034395,0.8215765386562193,0.17842347318617646,1.0,0.0
178,9.04,16.2,134.0,29.4,3.0,5.0,5.0,5.3,36.0,5.1,44.5,4.92,13.7,12.6,244.0,0.0,1.0,0.0,1.0,0.0,0.0,1.0,1.0,0.0,0.0,1.0,1.0,0.0,0.0,1.0,1.0,0.0,1.0,0.0,0.0,0.0,0.0,1.0,1.0,0.0,0.0,0.0,1.0,0.0,0.0,0.0,1.0,0.0,1.0,0.0,0.0,0.0,1.0,0.0,0.0,1.0,0.0,1.0,0.0,1.0,0.0,1.0,0.0,1.0,0.0,0.0,0.0,0.8215765732837225,0.17842343673020644,0.7653061480645552,0.23469385051256753
179,4.76,16.2,111.0,19.9,3.0,8.0,7.0,8.45073962846573,38.4,15.8,86.4,4.99,13.2,13.9,243.0,56.0,0.0,1.0,0.0,1.0,1.0,0.0,1.0,0.0,0.0,1.0,1.0,0.0,0.0,1.0,1.0,0.0,0.0,1.0,0.08303887739222249,0.5777385002667195,0.2102473621894193,0.12897526000114024,0.1553571474715919,0.7642857113366045,0.028571426282629653,0.051785714764254864,0.8621908162067498,0.08833922229337265,0.019434636817999507,0.0300353242103778,0.0,1.0,1.0,0.0,0.0,0.0,1.0,0.0,0.0,0.0,1.0,1.0,0.0,1.0,0.0,0.5718518513388846,0.4281481486910539,1.0,0.0,0.0,0.0,0.821576694486301,0.1784233091250116,0.7653061036472922,0.2346938973789926
180,11.79,19.2,137.0,36.0,2.0,6.0,6.0,4.0,36.6,14.6,77.7,4.73,13.1,12.2,251.0,4.0,1.0,0.0,1.0,0.0,1.0,0.0,1.0,0.0,1.0,0.0,0.0,1.0,1.0,0.0,0.0,1.0,0.0,1.0,0.0,1.0,0.0,0.0,1.0,0.0,0.0,0.0,1.0,0.0,0.0,0.0,1.0,0.0,1.0,0.0,0.0,0.0,0.0,1.0,0.0,1.0,0.0,0.0,1.0,1.0,0.0,0.0,1.0,1.0,0.0,0.0,0.0,0.821576714513524,0.17842328805621688,0.7653060245909734,0.2346939806024071
181,15.38,18.1,163.0,47.6,3.0,6.0,6.0,7.0,37.4,8.3,66.9,4.73,13.6,12.6,220.0,21.0,1.0,0.0,1.0,0.0,0.0,1.0,1.0,0.0,0.0,1.0,1.0,0.0,0.0,1.0,1.0,0.0,1.0,0.0,0.0,0.0,1.0,0.0,0.0,1.0,0.0,0.0,1.0,0.0,0.0,0.0,1.0,0.0,1.0,0.0,0.0,0.0,1.0,0.0,0.0,0.0,1.0,1.0,0.0,1.0,0.0,1.0,0.0,1.0,0.0,0.0,0.0,1.0,0.0,0.7653061774662211,0.23469381960203228
182,13.64,21.2,158.0,53.0,3.0,5.0,4.0,7.2,37.5,7.4,52.6,4.94,14.5,13.3,277.0,1.0,1.0,0.0,1.0,0.0,0.0,1.0,1.0,0.0,1.0,0.0,1.0,0.0,1.0,0.0,0.0,1.0,1.0,0.0,0.0,1.0,0.0,0.0,0.0,1.0,0.0,0.0,1.0,0.0,0.0,0.0,1.0,0.0,0.0,0.0,1.0,0.0,1.0,0.0,0.0,0.0,1.0,1.0,0.0,1.0,0.0,1.0,0.0,1.0,0.0,0.0,0.0,1.0,0.0,0.7653061110831721,0.23469388947957603
183,12.42,16.2,147.0,34.5,3.0,5.0,3.0,8.0,37.1,13.3,72.4,4.93,13.8,12.9,200.0,0.0,0.0,1.0,1.0,0.0,1.0,0.0,1.0,0.0,1.0,0.0,1.0,0.0,1.0,0.0,0.0,1.0,1.0,0.0,0.0,1.0,0.0,0.0,0.0,1.0,0.0,0.0,1.0,0.0,0.0,0.0,1.0,0.0,1.0,0.0,0.0,0.0,1.0,0.0,0.0,0.0,1.0,1.0,0.0,1.0,0.0,0.0,1.0,0.6150233407596886,0.34272297050299694,0.0046946777227721,0.037559028057631116,1.0,0.0,0.765306201267737,0.2346937947011809
184,15.89,23.1,143.5,47.5,4.0,7.0,6.0,11.0,37.9,17.4,78.3,4.92,14.6,12.8,219.0,22.0,1.0,0.0,1.0,0.0,1.0,0.0,1.0,0.0,0.0,1.0,1.0,0.0,1.0,0.0,1.0,0.0,0.0,1.0,0.0,0.0,1.0,0.0,1.0,0.0,0.0,0.0,1.0,0.0,0.0,0.0,1.0,0.0,0.0,1.0,0.0,0.0,1.0,0.0,0.0,0.0,1.0,1.0,0.0,1.0,0.0,0.0,1.0,1.0,0.0,0.0,0.0,1.0,0.0,0.7653060161991688,0.23469398948622155
185,9.94,15.3,140.0,29.5,3.0,8.0,6.0,7.822011117236478,37.4,18.6,75.2,5.29,14.3,13.5,433.0,37.0,0.0,1.0,0.0,1.0,0.0,1.0,1.0,0.0,1.0,0.0,1.0,0.0,1.0,0.0,0.0,1.0,0.0,1.0,0.0,0.0,1.0,0.0,1.0,0.0,0.0,0.0,1.0,0.0,0.0,0.0,1.0,0.0,0.0,1.0,0.0,0.0,0.0,1.0,0.0,0.0,1.0,1.0,0.0,1.0,0.0,1.0,0.0,0.61502330553368,0.34272295978682266,0.0046948714304062555,0.03755887824880111,0.8215768354078604,0.17842316079856535,0.7653059832690587,0.23469402394728767
186,11.01,16.0,148.0,35.0,4.0,9.0,8.0,7.6,38.1,16.9,78.7,4.5,11.9,13.8,344.0,25.0,0.0,1.0,1.0,0.0,0.0,1.0,1.0,0.0,0.0,1.0,1.0,0.0,0.0,1.0,1.0,0.0,0.0,1.0,1.0,0.0,0.0,0.0,0.0,1.0,0.0,0.0,1.0,0.0,0.0,0.0,1.0,0.0,1.0,0.0,0.0,0.0,1.0,0.0,0.0,0.0,1.0,1.0,0.0,1.0,0.0,1.0,0.0,1.0,0.0,0.0,0.0,0.8215766080565806,0.17842340010330426,0.765306140351075,0.23469385865362424
187,7.26,15.4,130.0,25.6,4.0,2.0,2.0,8.0,36.9,6.9,46.2,4.86,13.5,12.5,275.0,0.0,0.0,1.0,1.0,0.0,1.0,0.0,1.0,0.0,0.0,1.0,1.0,0.0,1.0,0.0,0.0,1.0,1.0,0.0,0.0,1.0,0.0,0.0,0.0,1.0,0.0,0.0,1.0,0.0,0.0,0.0,1.0,0.0,1.0,0.0,0.0,0.0,1.0,0.0,0.0,0.0,1.0,1.0,0.0,1.0,0.0,1.0,0.0,0.6150235625919116,0.342722995621752,0.004694890777346417,0.03755854301338091,0.8215767045252771,0.1784232986152421,1.0,0.0
188,16.58,18.8,158.0,47.0,3.0,4.0,4.0,7.0951157635864295,37.0,9.6,68.4,4.28,13.9,12.7,352.0,11.0,1.0,0.0,0.0,1.0,1.0,0.0,1.0,0.0,0.0,1.0,1.0,0.0,0.0,1.0,1.0,0.0,1.0,0.0,1.0,0.0,0.0,0.0,0.15535714063496342,0.7642857152628033,0.02857143964490705,0.051785704293180856,1.0,0.0,0.0,0.0,1.0,0.0,1.0,0.0,0.0,0.0,1.0,0.0,0.0,0.0,1.0,1.0,0.0,1.0,0.0,0.571851859841173,0.4281481397366691,0.6150232959460267,0.34272271880006633,0.004694808069896972,0.03755920821423675,0.8215766379996381,0.17842336864015074,0.7653060906352285,0.23469391118616456
189,13.8,20.6,162.0,54.0,3.0,7.0,8.0,10.0,36.9,10.9,88.8,4.47,13.0,12.3,260.0,5.0,0.0,1.0,1.0,0.0,1.0,0.0,1.0,0.0,0.0,1.0,0.0,1.0,0.0,1.0,1.0,0.0,0.0,1.0,0.0,0.0,1.0,0.0,1.0,0.0,0.0,0.0,0.0,1.0,0.0,0.0,1.0,0.0,0.0,0.0,1.0,0.0,1.0,0.0,0.0,0.0,1.0,1.0,0.0,1.0,0.0,0.0,1.0,0.6150234049796206,0.3427229892329613,0.004694732256808276,0.03755888312700617,0.8215766862967477,0.17842331773399256,0.7653063285046207,0.23469366065120212
190,13.83,18.96208366602864,158.53733384099093,48.0,3.0,4.0,4.0,6.0,36.2,7.3,46.1,5.17,14.4,14.3,248.0,0.0,0.0,1.0,1.0,0.0,1.0,0.0,1.0,0.0,0.0,1.0,1.0,0.0,0.0,1.0,1.0,0.0,1.0,0.0,0.0,1.0,0.0,0.0,0.0,1.0,0.0,0.0,1.0,0.0,0.0,0.0,0.0,1.0,1.0,0.0,0.0,0.0,1.0,0.0,0.0,1.0,0.0,1.0,0.0,1.0,0.0,1.0,0.0,0.6150236647581906,0.34272285591516594,0.004695107949338584,0.03755835694582077,0.0,1.0,0.7653059674774467,0.23469404053822485
191,17.06,24.5,176.0,76.0,2.0,3.0,2.0,8.2,37.2,6.3,58.38150515228271,4.92,15.1,12.1,199.0,0.0,1.0,0.0,1.0,0.0,1.0,0.0,1.0,0.0,1.0,0.0,1.0,0.0,1.0,0.0,0.0,1.0,1.0,0.0,0.0,1.0,0.0,0.0,0.0,0.0,0.0,1.0,1.0,0.0,0.0,0.0,1.0,0.0,1.0,0.0,0.0,0.0,1.0,0.0,0.0,0.0,1.0,0.0,1.0,1.0,0.0,0.0,1.0,0.6150234715865712,0.3427229954426103,0.004694587478535239,0.037558953271904394,0.8215765996638984,0.1784234089913107,0.7653059503485674,0.23469405872410976
192,10.8,21.8,146.5,47.0,3.0,8.0,8.0,9.6,36.5,15.6,81.8,5.87,14.6,14.2,282.0,37.0,1.0,0.0,1.0,0.0,1.0,0.0,1.0,0.0,1.0,0.0,0.0,1.0,0.0,1.0,1.0,0.0,0.0,1.0,0.0,0.0,0.0,1.0,1.0,0.0,0.0,0.0,1.0,0.0,0.0,0.0,1.0,0.0,1.0,0.0,0.0,0.0,1.0,0.0,0.0,0.0,1.0,1.0,0.0,1.0,0.0,1.0,0.0,0.6150237139210182,0.3427231452807067,0.004694738500680362,0.037558378292764316,0.8215767546615943,0.17842324579310265,0.7653060444872605,0.23469395969335693
193,6.56,22.5,135.0,41.0,3.0,7.0,6.0,10.6,36.4,17.4,87.1,4.74,12.3,13.9,318.0,5.0,0.0,1.0,1.0,0.0,1.0,0.0,1.0,0.0,0.0,1.0,1.0,0.0,0.0,1.0,1.0,0.0,0.0,1.0,0.0,0.0,0.0,1.0,0.0,1.0,0.0,0.0,1.0,0.0,0.0,0.0,1.0,0.0,1.0,0.0,0.0,0.0,1.0,0.0,0.0,0.0,1.0,1.0,0.0,1.0,0.0,1.0,0.0,1.0,0.0,0.0,0.0,0.8215766716137709,0.17842333321676307,0.7653061769328441,0.23469382024085483
194,8.09,16.5,128.0,27.0,3.0,7.0,6.0,3.0,36.8,14.0,86.1,14.0,14.7,13.6,289.0,10.0,0.0,1.0,1.0,0.0,1.0,0.0,1.0,0.0,0.0,1.0,1.0,0.0,0.0,1.0,1.0,0.0,0.0,1.0,0.0,0.0,0.0,1.0,1.0,0.0,0.0,0.0,1.0,0.0,0.0,0.0,1.0,0.0,1.0,0.0,0.0,0.0,1.0,0.0,0.0,0.0,1.0,1.0,0.0,1.0,0.0,1.0,0.0,0.6150228797752617,0.3427239187640826,0.004695366302452708,0.03755782061631008,0.8215765483923305,0.17842346280978194,1.0,0.0
195,4.52,14.0,110.0,16.5,4.0,8.0,9.0,8.379314002849322,37.3,22.1,87.6,5.03,13.1,13.5,365.0,10.0,1.0,0.0,0.0,1.0,1.0,0.0,1.0,0.0,0.0,1.0,0.0,1.0,0.0,1.0,1.0,0.0,0.0,1.0,0.0,1.0,0.0,0.0,0.0,1.0,0.0,0.0,1.0,0.0,0.0,0.0,1.0,0.0,1.0,0.0,0.0,0.0,1.0,0.0,0.0,0.0,1.0,1.0,0.0,1.0,0.0,1.0,0.0,0.6150234115802349,0.34272296364860966,0.004695257773592476,0.037558362347372864,0.821576732943333,0.1784232686293441,0.765306097678808,0.23469390361437015
196,11.35,25.6,163.0,68.0,3.0,6.0,4.0,8.265146570512933,36.8,12.1,78.2,4.37,12.3,14.6,271.0,16.0,1.0,0.0,0.0,1.0,1.0,0.0,1.0,0.0,1.0,0.0,1.0,0.0,1.0,0.0,0.0,1.0,0.0,1.0,0.0,1.0,0.0,0.0,0.0,1.0,0.0,0.0,1.0,0.0,0.0,0.0,1.0,0.0,1.0,0.0,0.0,0.0,1.0,0.0,0.0,0.0,1.0,1.0,0.0,1.0,0.0,1.0,0.0,0.6150233758344195,0.342722827119626,0.004694933649019406,0.03755887810729319,0.8215766511847132,0.17842335472520132,0.7653059568684271,0.2346940517910162
197,12.09,17.6,143.0,36.0,2.0,2.0,2.0,6.0,37.0,7.3,69.6,4.9,14.3,11.3,354.0,1.0,0.0,1.0,1.0,0.0,1.0,0.0,1.0,0.0,0.0,1.0,1.0,0.0,1.0,0.0,0.0,1.0,1.0,0.0,0.08303886695137441,0.5777385301232657,0.21024734165654546,0.12897526090918954,0.15535714173467519,0.764285716648312,0.02857142113867228,0.05178572065404452,0.8621908123559298,0.08833921516295473,0.019434621767416838,0.03003535134126334,1.0,0.0,1.0,0.0,0.0,0.0,1.0,0.0,0.0,0.0,1.0,1.0,0.0,1.0,0.0,1.0,0.0,0.0,1.0,0.0,0.0,1.0,0.0,1.0,0.0
198,11.81,24.2,156.0,59.1,4.0,4.0,5.0,8.0,36.2,17.8,65.18000148308661,4.8,13.8,12.9,296.0,84.0,0.0,1.0,1.0,0.0,1.0,0.0,0.0,1.0,0.0,1.0,0.0,1.0,0.0,1.0,1.0,0.0,1.0,0.0,0.0,1.0,0.0,0.0,0.0,1.0,0.0,0.0,1.0,0.0,0.0,0.0,1.0,0.0,0.0,0.0,1.0,0.0,1.0,0.0,0.0,0.0,1.0,1.0,0.0,1.0,0.0,0.0,1.0,0.6150235629852223,0.34272294052869445,0.004695067677737197,0.03755841920662506,1.0,0.0,0.7653062886406345,0.23469370257834943
199,12.93,15.4,171.0,45.0,2.0,4.0,3.0,7.0,36.6,15.9,74.5,4.95,12.8,12.8,260.0,1.0,0.0,1.0,1.0,0.0,1.0,0.0,1.0,0.0,0.0,1.0,1.0,0.0,1.0,0.0,0.0,1.0,1.0,0.0,0.08303887879914651,0.577738512642788,0.21024733995233758,0.12897526828211003,0.15535715169854358,0.7642857152555904,0.028571430581719848,0.05178570162600138,0.8621908178954434,0.08833922351959955,0.019434623602872958,0.03003533464796526,1.0,0.0,0.0,0.0,1.0,0.0,1.0,0.0,0.0,0.0,1.0,1.0,0.0,1.0,0.0,1.0,0.0,1.0,0.0,0.0,0.0,0.0,1.0,0.7653061990843661,0.2346937967700402
200,15.87,19.0,166.5,53.3,3.0,2.0,2.0,5.940016698024344,37.0,5.2,46.1,4.27,12.9,12.2,267.0,0.0,1.0,0.0,0.0,1.0,1.0,0.0,1.0,0.0,0.0,1.0,1.0,0.0,1.0,0.0,0.0,1.0,1.0,0.0,0.0,1.0,0.0,0.0,0.0,1.0,0.0,0.0,1.0,0.0,0.0,0.0,1.0,0.0,1.0,0.0,0.0,0.0,1.0,0.0,0.0,0.0,1.0,1.0,0.0,1.0,0.0,0.5718518547053552,0.4281481451371367,0.615023271014572,0.34272282845240043,0.004694792031102346,0.03755913570493297,0.8215766073162714,0.17842340094414222,0.7653060241763833,0.2346939809908679
201,13.24,21.3,165.0,58.0,3.0,2.0,2.0,6.720090704071063,36.9,10.0,56.80599616157216,5.06,13.9,12.1,382.0,7.0,1.0,0.0,0.0,1.0,1.0,0.0,1.0,0.0,0.0,1.0,1.0,0.0,1.0,0.0,0.0,1.0,1.0,0.0,0.0,1.0,0.0,0.0,0.0,1.0,0.0,0.0,1.0,0.0,0.0,0.0,1.0,0.0,1.0,0.0,0.0,0.0,1.0,0.0,0.0,0.0,1.0,1.0,0.0,1.0,0.0,1.0,0.0,0.6150232591907013,0.34272289562570846,0.004694912191515299,0.03755895444895674,1.0,0.0,1.0,0.0
202,15.26,15.9,174.0,47.5,3.0,5.0,5.0,6.370057911848195,36.7,10.4,54.1,5.32,14.6,13.1,298.0,0.0,0.0,1.0,0.0,1.0,1.0,0.0,1.0,0.0,1.0,0.0,0.0,1.0,1.0,0.0,0.0,1.0,1.0,0.0,0.0,1.0,0.0,0.0,0.0,1.0,0.0,0.0,1.0,0.0,0.0,0.0,1.0,0.0,1.0,0.0,0.0,0.0,1.0,0.0,0.0,1.0,0.0,1.0,0.0,1.0,0.0,1.0,0.0,0.6150231860099542,0.34272287876569707,0.004694680420965214,0.037559288404949265,0.8215765382611462,0.17842347357115795,0.0,1.0
203,9.99,18.9,140.0,37.0,3.0,5.0,4.0,7.016245434533741,37.8,9.7,68.4,4.99,13.5,12.1,368.0,15.0,1.0,0.0,0.0,1.0,0.0,1.0,1.0,0.0,1.0,0.0,1.0,0.0,1.0,0.0,0.0,1.0,1.0,0.0,0.0,1.0,0.0,0.0,0.0,1.0,0.0,0.0,1.0,0.0,0.0,0.0,1.0,0.0,1.0,0.0,0.0,0.0,1.0,0.0,0.0,1.0,0.0,1.0,0.0,1.0,0.0,1.0,0.0,0.6150231538208402,0.3427229084639458,0.004694379054302367,0.03755960241367384,0.8215767286235252,0.17842327322095453,0.7653061910383584,0.23469380528474526
204,11.27,17.1,146.7,37.4,3.0,2.0,2.0,5.0,37.2,5.7,32.2,4.72,13.2,12.4,276.0,0.0,1.0,0.0,1.0,0.0,1.0,0.0,1.0,0.0,0.0,1.0,1.0,0.0,1.0,0.0,0.0,1.0,1.0,0.0,0.08303887005970845,0.5777385307197876,0.21024733354729697,0.12897526524817982,0.155357139790804,0.7642857157434415,0.028571432491872994,0.05178571204578086,0.8621907999307681,0.08833922214697965,0.01943463817637292,0.03003534057248647,1.0,0.0,1.0,0.0,0.0,0.0,0.0,1.0,0.0,1.0,0.0,1.0,0.0,1.0,0.0,0.0,1.0,0.615023473928942,0.3427230112541314,0.0046949014750504725,0.03755861158223328,0.8215766218294053,0.17842338568444716,0.7653060041886877,0.23469400205643332
205,15.21,20.8,158.0,52.0,3.0,4.0,4.0,6.806238655730704,36.2,5.9,61.5,4.67,13.5,12.6,223.0,0.0,1.0,0.0,0.0,1.0,0.0,1.0,1.0,0.0,0.0,1.0,1.0,0.0,1.0,0.0,1.0,0.0,1.0,0.0,1.0,0.0,0.0,0.0,0.0,1.0,0.0,0.0,1.0,0.0,0.0,0.0,1.0,0.0,1.0,0.0,0.0,0.0,1.0,0.0,0.0,0.0,1.0,1.0,0.0,1.0,0.0,1.0,0.0,0.6150232855149229,0.34272277470479384,0.004694829049714633,0.0375591387068005,0.8215766102394393,0.17842339783487726,0.7653061372886626,0.23469386199604958
206,13.37,20.4,161.0,53.0,3.0,2.0,4.0,5.3,36.7,6.2,53.2,4.44,12.3,12.1,249.0,0.0,1.0,0.0,1.0,0.0,1.0,0.0,1.0,0.0,0.0,1.0,0.0,1.0,1.0,0.0,0.0,1.0,1.0,0.0,0.0,1.0,0.0,0.0,0.0,1.0,0.0,0.0,1.0,0.0,0.0,0.0,1.0,0.0,1.0,0.0,0.0,0.0,1.0,0.0,0.0,1.0,0.0,1.0,0.0,1.0,0.0,1.0,0.0,0.6150236165304489,0.3427229968818414,0.004694747426057022,0.037558630409484706,0.8215765758460544,0.17842343405710903,0.7653061154123602,0.2346938849242589
207,16.86,35.4,154.0,84.0,3.0,4.0,4.0,7.923420022575314,37.4,7.2,68.3,4.62,12.0,13.6,221.0,2.0,1.0,0.0,0.0,1.0,1.0,0.0,1.0,0.0,0.0,1.0,1.0,0.0,0.0,1.0,0.0,1.0,1.0,0.0,0.0,1.0,0.0,0.0,0.0,1.0,0.0,0.0,1.0,0.0,0.0,0.0,1.0,0.0,1.0,0.0,0.0,0.0,1.0,0.0,0.0,0.0,1.0,1.0,0.0,1.0,0.0,1.0,0.0,0.6150235067388088,0.34272285798232793,0.004695103038243831,0.03755853088767003,0.0,1.0,0.7653057637035071,0.23469425529345245
208,12.41,18.76,150.5,42.5,3.0,6.0,5.0,3.7,37.2,9.1,75.0,5.49,16.3,12.6,311.0,0.0,1.0,0.0,1.0,0.0,1.0,0.0,1.0,0.0,1.0,0.0,1.0,0.0,0.0,1.0,1.0,0.0,0.0,1.0,0.0,1.0,0.0,0.0,0.0,1.0,0.0,0.0,1.0,0.0,0.0,0.0,1.0,0.0,1.0,0.0,0.0,0.0,1.0,0.0,0.0,1.0,0.0,1.0,0.0,1.0,0.0,1.0,0.0,0.6150236186320412,0.34272292524632464,0.004694656270992081,0.037558797799439825,0.0,1.0,0.0,1.0
209,9.33,15.38,127.5,25.0,5.0,5.0,4.0,5.0,36.4,7.6,54.1,5.09,15.0,11.9,302.0,0.0,1.0,0.0,1.0,0.0,1.0,0.0,1.0,0.0,0.0,1.0,1.0,0.0,1.0,0.0,1.0,0.0,1.0,0.0,0.0,1.0,0.0,0.0,0.0,1.0,0.0,0.0,1.0,0.0,0.0,0.0,1.0,0.0,1.0,0.0,0.0,0.0,1.0,0.0,0.0,1.0,0.0,1.0,0.0,1.0,0.0,0.0,1.0,1.0,0.0,0.0,0.0,0.8215766878368278,0.17842331609974582,1.0,0.0
210,14.93,21.03,181.0,68.9,3.0,4.0,5.0,6.0,36.4,9.7,61.3,5.77,17.5,12.8,222.0,24.0,0.0,1.0,1.0,0.0,0.0,1.0,1.0,0.0,1.0,0.0,0.0,1.0,1.0,0.0,0.0,1.0,1.0,0.0,0.0,1.0,0.0,0.0,0.0,1.0,0.0,0.0,1.0,0.0,0.0,0.0,1.0,0.0,0.0,1.0,0.0,0.0,1.0,0.0,0.0,0.0,1.0,1.0,0.0,1.0,0.0,0.0,1.0,1.0,0.0,0.0,0.0,0.8215767243024253,0.17842327778061895,1.0,0.0
211,17.49,17.72,165.0,48.25,3.0,2.0,2.0,6.804265959313502,26.9,5.8,62.9,4.36,13.8,12.4,205.0,0.0,1.0,0.0,0.0,1.0,1.0,0.0,1.0,0.0,0.0,1.0,1.0,0.0,1.0,0.0,0.0,1.0,1.0,0.0,0.0,1.0,0.0,0.0,0.15535713452054767,0.7642857226135266,0.028571391126490542,0.05178575295560328,0.0,1.0,0.0,0.0,1.0,0.0,1.0,0.0,0.0,0.0,1.0,0.0,0.0,0.0,1.0,1.0,0.0,1.0,0.0,1.0,0.0,0.6150234354062387,0.3427225980323797,0.0046955331832511105,0.03755843821940985,0.8215765913399178,0.17842341763344993,0.7653062272279673,0.2346937673691052
212,11.67,23.38,163.5,62.5,5.0,2.0,2.0,5.0,36.8,9.2,60.3,4.61,12.9,13.9,296.0,1.0,1.0,0.0,1.0,0.0,1.0,0.0,1.0,0.0,0.0,1.0,1.0,0.0,1.0,0.0,0.0,1.0,1.0,0.0,0.0,1.0,0.0,0.0,1.0,0.0,0.0,0.0,1.0,0.0,0.0,0.0,1.0,0.0,1.0,0.0,0.0,0.0,1.0,0.0,0.0,1.0,0.0,1.0,0.0,1.0,0.0,0.0,1.0,0.615023422392581,0.3427229659423514,0.004694993221374677,0.03755862096111373,0.8215766135499014,0.17842339436258747,0.7653060979698378,0.23469390323723205
213,15.11,17.71,165.5,48.5,3.0,4.0,4.0,3.2,36.8,7.8,73.7,5.67,15.2,12.8,213.0,16.0,0.0,1.0,1.0,0.0,1.0,0.0,1.0,0.0,0.0,1.0,1.0,0.0,0.0,1.0,1.0,0.0,1.0,0.0,0.0,1.0,0.0,0.0,0.0,1.0,0.0,0.0,1.0,0.0,0.0,0.0,1.0,0.0,1.0,0.0,0.0,0.0,1.0,0.0,0.0,0.0,1.0,1.0,0.0,1.0,0.0,1.0,0.0,1.0,0.0,0.0,0.0,0.821576660156976,0.17842334527902048,1.0,0.0
214,11.05,26.01,152.5,60.5,3.0,5.0,6.0,5.0,37.0,7.5,50.8,5.09,13.4,11.9,283.0,0.0,1.0,0.0,1.0,0.0,1.0,0.0,1.0,0.0,1.0,0.0,0.0,1.0,0.0,1.0,1.0,0.0,1.0,0.0,1.0,0.0,0.0,0.0,0.0,1.0,0.0,0.0,0.0,1.0,0.0,0.0,0.0,1.0,1.0,0.0,0.0,0.0,1.0,0.0,0.0,0.0,1.0,1.0,0.0,1.0,0.0,1.0,0.0,1.0,0.0,0.0,0.0,0.821576510662183,0.1784235026724874,1.0,0.0
215,13.43,13.78,158.0,34.4,3.0,4.0,4.0,4.0,37.8,4.0,58.450472464613476,4.6,12.9,13.1,221.0,2.0,0.0,1.0,1.0,0.0,1.0,0.0,1.0,0.0,0.0,1.0,1.0,0.0,0.0,1.0,0.0,1.0,1.0,0.0,0.08303886855890497,0.577738527192124,0.21024734160545255,0.1289752623109538,0.155357151071438,0.7642857169533047,0.028571413862579664,0.05178571769671503,0.8621908204306483,0.08833920878904478,0.019434641711721712,0.030035328855373966,1.0,0.0,1.0,0.0,0.0,0.0,1.0,0.0,0.0,0.0,1.0,1.0,0.0,1.0,0.0,1.0,0.0,0.615023605883474,0.342722865747914,0.004694826047083711,0.03755869921749777,0.8215765869304292,0.17842342238146558,0.7653061366832559,0.23469386261261982
216,13.81,16.38,162.0,43.0,3.0,6.0,6.0,9.0,38.0,8.4,80.3,4.44,13.1,12.6,175.0,30.0,1.0,0.0,1.0,0.0,0.0,1.0,1.0,0.0,0.0,1.0,1.0,0.0,0.0,1.0,0.0,1.0,0.0,1.0,0.0,1.0,0.0,0.0,0.0,1.0,0.0,0.0,1.0,0.0,0.0,0.0,1.0,0.0,1.0,0.0,0.0,0.0,1.0,0.0,0.0,0.0,1.0,1.0,0.0,1.0,0.0,0.0,1.0,0.0,1.0,0.0,0.0,1.0,0.0,0.0,1.0
217,10.74,15.82,140.0,31.0,3.0,5.0,4.0,10.0,37.2,8.6,40.6,4.87,13.4,11.9,323.0,0.0,1.0,0.0,1.0,0.0,0.0,1.0,1.0,0.0,0.0,1.0,1.0,0.0,0.0,1.0,0.0,1.0,1.0,0.0,1.0,0.0,0.0,0.0,0.0,1.0,0.0,0.0,1.0,0.0,0.0,0.0,1.0,0.0,0.0,0.0,1.0,0.0,1.0,0.0,0.0,1.0,0.0,1.0,0.0,1.0,0.0,1.0,0.0,1.0,0.0,0.0,0.0,0.0,1.0,0.7653059078835347,0.2346941034013339
218,7.71,21.3,130.0,36.0,3.0,5.0,3.0,8.0,36.8,15.4,64.5,4.59,11.8,13.3,301.0,106.0,1.0,0.0,1.0,0.0,1.0,0.0,1.0,0.0,1.0,0.0,1.0,0.0,1.0,0.0,0.0,1.0,1.0,0.0,0.0,1.0,0.0,0.0,0.0,0.0,1.0,0.0,0.0,0.0,1.0,0.0,1.0,0.0,1.0,0.0,0.0,0.0,1.0,0.0,0.0,1.0,0.0,1.0,0.0,1.0,0.0,0.5718518637968703,0.4281481355725584,0.6150237544874624,0.34272276233210697,0.004694742910831051,0.037558733573746284,0.8215768244755531,0.17842317234141902,0.7653062291252389,0.23469376538173747
219,10.9,21.17,145.0,44.5,2.0,5.0,6.0,6.533646274011506,36.4,9.7,56.2,5.24,14.4,12.7,374.0,0.0,0.0,1.0,0.0,1.0,0.0,1.0,1.0,0.0,1.0,0.0,0.0,1.0,0.0,1.0,0.0,1.0,1.0,0.0,0.0,1.0,0.0,0.0,0.0,1.0,0.0,0.0,1.0,0.0,0.0,0.0,1.0,0.0,0.0,0.0,1.0,0.0,1.0,0.0,0.0,1.0,0.0,1.0,0.0,1.0,0.0,1.0,0.0,0.615023367127773,0.34272286985966405,0.004694825745480968,0.03755895429604783,0.0,1.0,0.7653060654476151,0.23469393757681567
220,17.56,19.1,165.0,52.0,3.0,5.0,4.0,7.264494010395385,37.3,11.2,70.3,4.36,12.8,11.8,340.0,8.0,1.0,0.0,1.0,0.0,1.0,0.0,1.0,0.0,0.0,1.0,1.0,0.0,1.0,0.0,0.0,1.0,1.0,0.0,0.0,1.0,0.0,0.0,0.0,1.0,0.0,0.0,1.0,0.0,0.0,0.0,1.0,0.0,1.0,0.0,0.0,0.0,1.0,0.0,0.0,0.0,1.0,1.0,0.0,1.0,0.0,1.0,0.0,0.6150235963215346,0.34272292488135114,0.004694586272102952,0.03755889282555824,0.821576704818834,0.17842329823159597,0.7653061360251828,0.23469386322869057
221,12.24,15.59,153.0,36.5,3.0,5.0,5.0,6.6,36.8,4.1,49.6,4.49,11.9,14.5,245.0,2.0,0.0,1.0,1.0,0.0,1.0,0.0,1.0,0.0,1.0,0.0,0.0,1.0,0.0,1.0,0.0,1.0,1.0,0.0,0.0,0.0,1.0,0.0,0.0,1.0,0.0,0.0,1.0,0.0,0.0,0.0,1.0,0.0,0.0,0.0,1.0,0.0,1.0,0.0,0.0,1.0,0.0,1.0,0.0,1.0,0.0,0.0,1.0,1.0,0.0,0.0,0.0,0.8215765817620542,0.1784234278125335,0.7653061837854487,0.23469381304728987
222,14.29,18.32,167.5,51.4,3.0,6.0,4.0,9.0,37.2,11.2,74.7,4.73,13.7,12.3,322.0,15.0,1.0,0.0,1.0,0.0,1.0,0.0,1.0,0.0,1.0,0.0,1.0,0.0,0.0,1.0,0.0,1.0,1.0,0.0,0.0,1.0,0.0,0.0,0.0,1.0,0.0,0.0,1.0,0.0,0.0,0.0,1.0,0.0,0.0,0.0,1.0,0.0,1.0,0.0,0.0,1.0,0.0,1.0,0.0,1.0,0.0,1.0,0.0,0.6150235003742437,0.34272294328934183,0.004694369386112229,0.03755920054175976,1.0,0.0,0.7653062300490391,0.2346937642380078
223,15.39,26.93,161.0,69.8,3.0,5.0,5.0,5.0,37.2,12.1,67.7,4.82,13.9,12.8,208.0,1.0,1.0,0.0,1.0,0.0,1.0,0.0,1.0,0.0,0.0,1.0,1.0,0.0,0.0,1.0,0.0,1.0,1.0,0.0,0.08303887164817325,0.5777385238100337,0.21024733661002182,0.1289752676587047,0.1553571495885343,0.7642857144467112,0.028571420906948086,0.05178571470909554,0.8621908104789388,0.08833922452129994,0.019434631461626606,0.030035333559553123,1.0,0.0,1.0,0.0,0.0,0.0,1.0,0.0,0.0,0.0,1.0,1.0,0.0,1.0,0.0,0.0,1.0,1.0,0.0,0.0,0.0,0.8215765322087518,0.1784234799448996,0.7653060167597557,0.23469398885020665
224,15.81,22.61,164.0,60.8,3.0,3.0,2.0,5.0,37.3,7.6,55.1,4.48,13.2,14.0,252.0,0.0,1.0,0.0,1.0,0.0,1.0,0.0,1.0,0.0,1.0,0.0,1.0,0.0,1.0,0.0,0.0,1.0,1.0,0.0,0.0,1.0,0.0,0.0,0.0,0.0,0.0,1.0,1.0,0.0,0.0,0.0,1.0,0.0,1.0,0.0,0.0,0.0,1.0,0.0,0.0,0.0,1.0,1.0,0.0,1.0,0.0,1.0,0.0,1.0,0.0,0.0,0.0,0.8215764505144039,0.17842356599453846,0.0,1.0
225,5.77,19.65,125.0,30.7,3.0,5.0,4.0,4.8,39.7,11.4,65.0,5.1,13.6,13.5,305.0,25.0,0.0,1.0,1.0,0.0,1.0,0.0,1.0,0.0,1.0,0.0,1.0,0.0,0.0,1.0,0.0,1.0,1.0,0.0,0.0,1.0,0.0,0.0,1.0,0.0,0.0,0.0,1.0,0.0,0.0,0.0,1.0,0.0,1.0,0.0,0.0,0.0,1.0,0.0,0.0,0.0,1.0,1.0,0.0,1.0,0.0,0.0,1.0,0.6150234487346737,0.3427230254557876,0.004694698728628155,0.03755883299401552,0.8215767038698985,0.17842329929772205,0.7653060526280304,0.23469395109364322
226,15.97,7.83,174.0,23.7,4.0,2.0,2.0,5.821852793167669,37.0,6.8,59.5,4.73,14.2,12.2,233.0,0.0,1.0,0.0,0.0,1.0,1.0,0.0,1.0,0.0,0.0,1.0,1.0,0.0,1.0,0.0,0.0,1.0,1.0,0.0,0.0,1.0,0.0,0.0,0.0,1.0,0.0,0.0,1.0,0.0,0.0,0.0,1.0,0.0,1.0,0.0,0.0,0.0,1.0,0.0,0.0,0.0,1.0,1.0,0.0,1.0,0.0,1.0,0.0,0.6150232286173962,0.3427228208169075,0.004694528486193783,0.0375594603036562,0.8215767576140925,0.178423242720124,0.7653062058480595,0.23469378982120814
227,8.67,15.99,133.5,28.5,3.0,6.0,4.0,8.0,38.2,12.5,72.2,4.35,12.8,12.2,295.0,20.0,1.0,0.0,1.0,0.0,1.0,0.0,1.0,0.0,1.0,0.0,1.0,0.0,1.0,0.0,0.0,1.0,1.0,0.0,0.0,1.0,0.0,0.0,0.0,1.0,0.0,0.0,1.0,0.0,0.0,0.0,1.0,0.0,1.0,0.0,0.0,0.0,1.0,0.0,0.0,0.0,1.0,1.0,0.0,1.0,0.0,1.0,0.0,1.0,0.0,0.0,0.0,0.8215767727878901,0.1784232266978838,0.7653061126344013,0.2346938878158611
228,11.13,14.23,141.5,28.5,3.0,2.0,2.0,4.0,37.0,9.0,49.4,6.0,10.0,18.7,365.0,0.0,1.0,0.0,1.0,0.0,1.0,0.0,0.0,1.0,0.0,1.0,1.0,0.0,0.0,1.0,1.0,0.0,1.0,0.0,0.08303886345006029,0.5777385275930651,0.21024733664609185,0.12897527251253538,0.15535716239168507,0.7642857063014937,0.028571436795983396,0.051785693134910216,0.8621907968492346,0.08833921870973638,0.019434658622284884,0.03003532651542673,1.0,0.0,1.0,0.0,0.0,0.0,1.0,0.0,0.0,1.0,0.0,1.0,0.0,1.0,0.0,1.0,0.0,1.0,0.0,0.0,0.0,0.8215767604238764,0.17842323977130337,1.0,0.0
229,16.77,25.4,166.0,70.0,3.0,5.0,4.0,10.0,37.0,17.4,81.0,4.61,13.4,12.7,343.0,6.0,1.0,0.0,1.0,0.0,1.0,0.0,1.0,0.0,0.0,1.0,1.0,0.0,1.0,0.0,0.0,1.0,0.0,1.0,0.0830388653211882,0.5777385204373322,0.21024734465847394,0.1289752698000709,0.155357128804408,0.7642857161686643,0.028571434304829002,0.05178572161601658,0.8621908080498798,0.0883392293562486,0.01943462677752572,0.030035335876749225,1.0,0.0,1.0,0.0,0.0,0.0,1.0,0.0,0.0,0.0,1.0,1.0,0.0,1.0,0.0,1.0,0.0,0.6150236163546033,0.34272298839101756,0.004694616259461992,0.03755877431995247,0.8215766857346997,0.1784233183815832,0.7653059591884418,0.23469404940146166
230,9.27,23.34,163.0,62.0,2.0,2.0,2.0,6.53339848219351,36.8,8.6,49.4,5.49,14.2,13.7,294.0,4.0,0.0,1.0,0.0,1.0,1.0,0.0,1.0,0.0,0.0,1.0,1.0,0.0,1.0,0.0,0.0,1.0,1.0,0.0,0.0,1.0,0.0,0.0,0.0,1.0,0.0,0.0,1.0,0.0,0.0,0.0,1.0,0.0,1.0,0.0,0.0,0.0,1.0,0.0,0.0,0.0,1.0,1.0,0.0,1.0,0.0,1.0,0.0,0.6150232326524205,0.34272285267195357,0.004695161405457782,0.03755877242159911,0.8215764297321988,0.17842358785870605,0.0,1.0
231,13.54,18.23,170.5,53.0,2.0,2.0,2.0,4.0,36.8,5.8,42.1,5.54,13.9,13.7,253.0,0.0,0.0,1.0,0.0,1.0,1.0,0.0,1.0,0.0,0.0,1.0,1.0,0.0,1.0,0.0,0.0,1.0,1.0,0.0,0.08303886551890949,0.5777385273462163,0.2102473339269756,0.1289752733257592,0.1553571432219102,0.7642857108509044,0.02857142301034199,0.051785723217009805,0.862190814503104,0.08833921303357906,0.019434628152255717,0.03003534472253866,1.0,0.0,1.0,0.0,0.0,0.0,1.0,0.0,0.0,0.0,1.0,1.0,0.0,1.0,0.0,0.0,1.0,0.6150230855640548,0.34272282619631567,0.004695148657499648,0.037558972475919106,0.8215764142784941,0.17842360413180813,0.0,1.0
232,12.39,20.91,157.4,51.8,4.0,2.0,2.0,6.543575653326709,36.4,8.8,56.4,5.49,13.5,14.5,417.0,1.0,1.0,0.0,0.0,1.0,1.0,0.0,1.0,0.0,0.0,1.0,1.0,0.0,1.0,0.0,0.0,1.0,1.0,0.0,0.0,1.0,0.0,0.0,0.0,1.0,0.0,0.0,1.0,0.0,0.0,0.0,1.0,0.0,1.0,0.0,0.0,0.0,1.0,0.0,0.0,1.0,0.0,1.0,0.0,1.0,0.0,1.0,0.0,0.615023210235992,0.34272286031777566,0.00469522539613576,0.03755872273751848,0.8215765978396355,0.17842341089965685,0.7653060707454145,0.23469393196983812
233,15.05,18.37,165.0,50.0,2.0,3.0,3.0,5.0,36.8,9.0,78.2,4.52,13.5,11.8,204.0,0.0,1.0,0.0,1.0,0.0,1.0,0.0,1.0,0.0,0.0,1.0,1.0,0.0,0.0,1.0,0.0,1.0,0.0,1.0,0.0,1.0,0.0,0.0,0.0,1.0,0.0,0.0,1.0,0.0,0.0,0.0,1.0,0.0,1.0,0.0,0.0,0.0,1.0,0.0,0.0,0.0,1.0,1.0,0.0,1.0,0.0,0.0,1.0,0.6150235086729945,0.34272295051868196,0.004694568158292611,0.03755898117962275,0.8215766571632247,0.17842334851040953,0.7653060457087322,0.2346939584218365
234,14.58,29.34,162.0,77.0,4.0,3.0,3.0,6.6425190877217855,36.8,7.0,43.3,4.54,13.0,12.7,262.0,1.0,1.0,0.0,0.0,1.0,1.0,0.0,1.0,0.0,0.0,1.0,1.0,0.0,0.0,1.0,0.0,1.0,1.0,0.0,0.0,1.0,0.0,0.0,0.15535713962171138,0.7642857161787171,0.028571432386503615,0.051785711873004736,1.0,0.0,0.0,0.0,1.0,0.0,1.0,0.0,0.0,0.0,1.0,0.0,0.0,1.0,0.0,1.0,0.0,1.0,0.0,1.0,0.0,0.6150233189906117,0.3427228726358502,0.004694968278956879,0.03755885644217605,0.8215764483358208,0.17842356829943262,0.7653058725221337,0.23469414061013516
235,11.77,13.33,152.0,30.8,3.0,6.0,5.0,11.0,37.2,12.9,75.2,4.5,12.6,13.2,260.0,8.0,0.0,1.0,1.0,0.0,1.0,0.0,1.0,0.0,0.0,1.0,1.0,0.0,0.0,1.0,0.0,1.0,0.0,1.0,0.0,1.0,0.0,0.0,0.0,0.0,0.0,1.0,1.0,0.0,0.0,0.0,1.0,0.0,0.0,0.0,1.0,0.0,0.0,1.0,0.0,0.0,1.0,1.0,0.0,1.0,0.0,0.0,1.0,0.6150234708046431,0.34272311891058826,0.004694479116512551,0.03755893525437104,1.0,0.0,1.0,0.0
236,5.14,13.56,116.5,18.4,3.0,4.0,3.0,6.9,38.6,4.3,78.3,4.47,12.3,13.5,183.0,1.0,0.0,1.0,1.0,0.0,1.0,0.0,0.0,1.0,0.0,1.0,1.0,0.0,0.0,1.0,0.0,1.0,0.0,1.0,1.0,0.0,0.0,0.0,0.0,1.0,0.0,0.0,1.0,0.0,0.0,0.0,1.0,0.0,0.0,1.0,0.0,0.0,0.0,1.0,0.0,0.0,1.0,1.0,0.0,1.0,0.0,0.0,1.0,1.0,0.0,0.0,0.0,0.821576806623788,0.17842319111449445,0.7653059101243971,0.23469410101634236
237,9.24,20.68,141.5,41.4,3.0,4.0,3.0,6.0,36.8,14.9,68.9,4.84,12.1,14.9,311.0,1.0,0.0,1.0,1.0,0.0,1.0,0.0,1.0,0.0,0.0,1.0,1.0,0.0,1.0,0.0,0.0,1.0,1.0,0.0,1.0,0.0,0.0,0.0,0.0,1.0,0.0,0.0,1.0,0.0,0.0,0.0,1.0,0.0,1.0,0.0,0.0,0.0,1.0,0.0,0.0,0.0,1.0,1.0,0.0,1.0,0.0,1.0,0.0,1.0,0.0,0.0,0.0,0.0,1.0,0.7653059807133012,0.23469402681602003
238,6.0,11.9,123.0,18.0,3.0,8.0,7.0,5.8,39.2,19.4,76.8,4.17,11.4,14.3,269.0,51.0,0.0,1.0,1.0,0.0,1.0,0.0,1.0,0.0,0.0,1.0,1.0,0.0,0.0,1.0,1.0,0.0,0.0,1.0,0.0,1.0,0.0,0.0,0.0,1.0,0.0,0.0,1.0,0.0,0.0,0.0,0.0,1.0,0.0,0.0,1.0,0.0,1.0,0.0,0.0,0.0,1.0,1.0,0.0,1.0,0.0,0.0,1.0,1.0,0.0,0.0,0.0,0.8215766742761457,0.17842333041191338,1.0,0.0
239,12.3,15.07,148.0,33.0,3.0,2.0,2.0,4.908493806101577,37.0,6.5,27.2,5.25,15.0,12.5,309.0,0.0,0.0,1.0,0.0,1.0,1.0,0.0,1.0,0.0,0.0,1.0,1.0,0.0,1.0,0.0,0.0,1.0,1.0,0.0,0.0,1.0,0.0,0.0,0.0,1.0,0.0,0.0,1.0,0.0,0.0,0.0,1.0,0.0,1.0,0.0,0.0,0.0,1.0,0.0,0.0,0.0,1.0,1.0,0.0,1.0,0.0,0.0,1.0,0.6150231168489668,0.3427228495867999,0.004694982371630796,0.03755908479171355,0.8215764626502067,0.17842355323657144,0.0,1.0
240,17.2,22.37,175.0,68.5,2.0,7.0,5.0,8.47240068589846,37.6,15.9,85.5,4.71,12.7,12.4,200.0,0.0,1.0,0.0,0.0,1.0,1.0,0.0,1.0,0.0,0.0,1.0,1.0,0.0,0.0,1.0,0.0,1.0,0.0,1.0,0.0,1.0,0.0,0.0,0.0,0.0,0.0,1.0,1.0,0.0,0.0,0.0,0.0,1.0,1.0,0.0,0.0,0.0,1.0,0.0,0.0,1.0,0.0,1.0,0.0,1.0,0.0,1.0,0.0,0.6150232497368106,0.3427229725965032,0.004694174905370607,0.03755963998535139,0.8215765454771148,0.17842346598033432,0.7653059913985635,0.2346940154534627
241,13.29,29.02,160.0,74.3,4.0,6.0,4.0,11.9,36.8,13.0,66.9210638629396,5.03,14.0,14.7,298.0,46.0,0.0,1.0,1.0,0.0,1.0,0.0,1.0,0.0,1.0,0.0,1.0,0.0,0.0,1.0,0.0,1.0,1.0,0.0,0.0,1.0,0.0,0.0,0.0,1.0,0.0,0.0,1.0,0.0,0.0,0.0,1.0,0.0,1.0,0.0,0.0,0.0,1.0,0.0,0.0,1.0,0.0,1.0,0.0,1.0,0.0,1.0,0.0,1.0,0.0,0.0,0.0,1.0,0.0,0.765305918747715,0.23469409196087987
242,12.57,17.3,170.0,50.0,1.0,6.0,5.0,6.3,37.3,13.4,84.4,4.3,12.3,12.9,236.0,0.0,1.0,0.0,1.0,0.0,1.0,0.0,1.0,0.0,0.0,1.0,1.0,0.0,0.0,1.0,0.0,1.0,0.0,1.0,0.0,1.0,0.0,0.0,0.0,1.0,0.0,0.0,1.0,0.0,0.0,0.0,1.0,0.0,1.0,0.0,0.0,0.0,1.0,0.0,0.0,0.0,1.0,1.0,0.0,1.0,0.0,0.5718518525834606,0.42814814737664986,0.6150236090170808,0.3427228859023054,0.004694611478445632,0.03755889508062882,0.8215766506003326,0.17842335534740095,0.7653060674390371,0.23469393540905403
243,12.56,24.82,175.0,76.0,3.0,4.0,4.0,7.0,37.4,7.0,57.660583945258466,5.5,15.1,13.1,361.0,5.0,0.0,1.0,1.0,0.0,0.0,1.0,1.0,0.0,0.0,1.0,1.0,0.0,1.0,0.0,0.0,1.0,1.0,0.0,0.08303886018741802,0.5777385246560011,0.21024733726292344,0.1289752785035687,0.15535713999431078,0.7642857168849038,0.028571430540995646,0.05178571260615272,0.862190818107889,0.08833921342134543,0.01943461923756651,0.030035349553829138,1.0,0.0,0.0,0.0,1.0,0.0,1.0,0.0,0.0,0.0,1.0,1.0,0.0,1.0,0.0,1.0,0.0,0.6150236132102678,0.3427229502701832,0.0046949511430098845,0.037558473788828706,0.8215765350525935,0.17842347697047256,0.7653061569062057,0.2346938411259093
244,6.79,18.6,129.0,31.0,3.0,7.0,8.0,6.0,37.3,16.3,81.1,5.21,13.6,13.2,331.0,4.0,0.0,1.0,1.0,0.0,1.0,0.0,1.0,0.0,0.0,1.0,0.0,1.0,1.0,0.0,1.0,0.0,0.0,1.0,0.0,0.0,0.0,1.0,0.0,1.0,0.0,0.0,1.0,0.0,0.0,0.0,1.0,0.0,0.0,1.0,0.0,0.0,1.0,0.0,0.0,0.0,1.0,1.0,0.0,1.0,0.0,1.0,0.0,0.6150235781178828,0.34272303849129027,0.004695088741400566,0.037558277082036406,0.8215766277867561,0.1784233793184179,0.7653063004554221,0.23469369020313624
245,7.99,18.85,142.0,38.0,3.0,5.0,3.0,4.0,37.2,11.4,58.8,5.06,13.2,13.7,376.0,0.0,1.0,0.0,1.0,0.0,1.0,0.0,1.0,0.0,0.0,1.0,1.0,0.0,1.0,0.0,0.0,1.0,1.0,0.0,0.0,0.0,0.0,1.0,0.0,1.0,0.0,0.0,1.0,0.0,0.0,0.0,1.0,0.0,1.0,0.0,0.0,0.0,1.0,0.0,0.0,0.0,1.0,1.0,0.0,1.0,0.0,1.0,0.0,0.6150235576566466,0.3427228911921819,0.004695408321877315,0.03755812606642717,0.8215765776124773,0.17842343214206235,0.7653062150200677,0.23469378012312092
246,13.26,20.4,155.0,49.0,2.0,4.0,4.0,7.299531642440757,36.8,9.4,72.9,4.44,13.3,12.3,267.0,1.0,1.0,0.0,0.0,1.0,0.0,1.0,1.0,0.0,0.0,1.0,1.0,0.0,0.0,1.0,0.0,1.0,1.0,0.0,0.0,1.0,0.0,0.0,0.0,1.0,0.0,0.0,1.0,0.0,0.0,0.0,1.0,0.0,1.0,0.0,0.0,0.0,1.0,0.0,0.0,0.0,1.0,1.0,0.0,1.0,0.0,1.0,0.0,0.615023341486189,0.34272280927991117,0.004694731817935782,0.037559142016893254,0.821576693516965,0.17842331018915247,0.7653060634007403,0.23469393973903674
247,14.49,19.38,163.5,51.8,6.0,4.0,5.0,4.3,37.4,5.0,55.1,4.83,12.0,15.2,181.0,0.0,0.0,1.0,1.0,0.0,1.0,0.0,1.0,0.0,0.0,1.0,0.0,1.0,0.0,1.0,0.0,1.0,1.0,0.0,0.0,1.0,0.0,0.0,0.0,1.0,0.0,0.0,1.0,0.0,0.0,0.0,1.0,0.0,1.0,0.0,0.0,0.0,1.0,0.0,0.0,1.0,0.0,1.0,0.0,1.0,0.0,0.0,1.0,0.6150234702986888,0.3427229589351337,0.004695463900668884,0.03755809250437814,0.8215765878390475,0.17842342140108092,1.0,0.0
248,14.43,20.53,150.5,46.5,2.0,2.0,4.0,5.0,37.0,7.7,63.2,4.77,13.0,11.9,230.0,0.0,1.0,0.0,1.0,0.0,1.0,0.0,1.0,0.0,0.0,1.0,0.0,1.0,1.0,0.0,0.0,1.0,1.0,0.0,0.0,1.0,0.0,0.0,0.0,1.0,0.0,0.0,1.0,0.0,0.0,0.0,1.0,0.0,1.0,0.0,0.0,0.0,1.0,0.0,0.0,1.0,0.0,1.0,0.0,1.0,0.0,0.0,1.0,0.6150234865605484,0.3427230177810838,0.0046946626113882894,0.03755883660068238,0.8215766391974917,0.17842336737452835,0.7653061750522032,0.23469382228729452
249,12.51,16.76,144.5,35.0,3.0,5.0,4.0,7.8,37.0,8.3,67.1,4.74,13.5,12.1,224.0,13.0,0.0,1.0,1.0,0.0,1.0,0.0,1.0,0.0,1.0,0.0,1.0,0.0,0.0,1.0,1.0,0.0,1.0,0.0,0.0,1.0,0.0,0.0,0.0,1.0,0.0,0.0,1.0,0.0,0.0,0.0,1.0,0.0,1.0,0.0,0.0,0.0,1.0,0.0,0.0,0.0,1.0,1.0,0.0,1.0,0.0,1.0,0.0,0.6150234535850825,0.3427229781567862,0.004694647861727352,0.03755892897484259,0.8215767701194299,0.17842322955725887,0.7653061519301658,0.23469384659048387
250,15.73,18.46,178.0,58.5,3.0,4.0,4.0,11.0,37.2,8.8,50.7,5.46,15.3,12.8,200.0,45.0,0.0,1.0,1.0,0.0,1.0,0.0,1.0,0.0,0.0,1.0,1.0,0.0,0.0,1.0,1.0,0.0,1.0,0.0,0.0,1.0,0.0,0.0,1.0,0.0,0.0,0.0,0.0,1.0,0.0,0.0,1.0,0.0,1.0,0.0,0.0,0.0,1.0,0.0,0.0,0.0,1.0,1.0,0.0,1.0,0.0,1.0,0.0,0.6150234424383811,0.342723009491823,0.004694356739481265,0.037559206735435335,0.8215765821455274,0.17842342742679962,0.0,1.0
251,13.89,26.8,158.0,67.0,3.0,4.0,6.0,8.3,37.1,8.1,50.1,5.18,14.2,13.7,277.0,1.0,1.0,0.0,1.0,0.0,1.0,0.0,1.0,0.0,0.0,1.0,0.0,1.0,0.0,1.0,1.0,0.0,1.0,0.0,0.0,1.0,0.0,0.0,0.0,1.0,0.0,0.0,1.0,0.0,0.0,0.0,1.0,0.0,1.0,0.0,0.0,0.0,1.0,0.0,0.0,0.0,1.0,1.0,0.0,1.0,0.0,1.0,0.0,0.6150237936180544,0.3427230182372426,0.00469530764456938,0.037557841325536856,0.8215766162882453,0.17842339148349962,0.7653059213089405,0.23469408937810565
252,11.87,16.89,151.0,38.5,2.0,4.0,4.0,7.0,39.2,9.7,70.8,4.75,13.1,12.4,229.0,6.0,1.0,0.0,1.0,0.0,1.0,0.0,1.0,0.0,0.0,1.0,1.0,0.0,0.0,1.0,0.0,1.0,1.0,0.0,0.0,1.0,0.0,0.0,0.0,1.0,0.0,0.0,1.0,0.0,0.0,0.0,1.0,0.0,1.0,0.0,0.0,0.0,1.0,0.0,0.0,1.0,0.0,1.0,0.0,1.0,0.0,1.0,0.0,1.0,0.0,0.0,0.0,0.0,1.0,0.7653059639037619,0.2346940443943213
253,16.44,23.62,173.5,71.1,3.0,7.0,6.0,7.3,38.2,21.7,84.2,5.19,15.2,11.9,248.0,19.0,0.0,1.0,1.0,0.0,0.0,1.0,1.0,0.0,0.0,1.0,1.0,0.0,1.0,0.0,0.0,1.0,0.0,1.0,0.0,1.0,0.0,0.0,0.0,1.0,0.0,0.0,1.0,0.0,0.0,0.0,1.0,0.0,0.0,0.0,1.0,0.0,1.0,0.0,0.0,0.0,1.0,1.0,0.0,1.0,0.0,1.0,0.0,1.0,0.0,0.0,0.0,0.821576599740157,0.17842340886703356,0.7653061484273924,0.23469385007836296
254,8.71,19.25,140.5,38.0,4.0,6.0,5.0,8.0,38.0,19.5,83.0,4.39,12.4,13.7,340.0,7.0,1.0,0.0,1.0,0.0,1.0,0.0,1.0,0.0,0.0,1.0,1.0,0.0,1.0,0.0,0.0,1.0,0.0,1.0,0.0830388744966376,0.577738514269775,0.21024734778524967,0.12897526317052777,0.15535714899485142,0.7642857153815212,0.028571435510467147,0.05178569936820865,0.8621908067264411,0.08833922758958901,0.019434634907930848,0.030035330823011352,1.0,0.0,0.0,1.0,0.0,0.0,1.0,0.0,0.0,0.0,1.0,1.0,0.0,1.0,0.0,1.0,0.0,1.0,0.0,0.0,0.0,0.8215766702631158,0.17842333464085958,0.7653060549761077,0.234693948522525
255,9.79,18.86,141.0,37.5,4.0,6.0,5.0,8.3,39.4,11.7,77.4,4.98,13.1,13.7,210.0,50.0,1.0,0.0,1.0,0.0,1.0,0.0,1.0,0.0,0.0,1.0,1.0,0.0,1.0,0.0,0.0,1.0,0.0,1.0,0.0,1.0,0.0,0.0,0.0,1.0,0.0,0.0,1.0,0.0,0.0,0.0,1.0,0.0,0.0,1.0,0.0,0.0,1.0,0.0,0.0,0.0,1.0,1.0,0.0,1.0,0.0,1.0,0.0,0.6150237049800944,0.3427230279476313,0.004694532219053582,0.037558722781336984,0.821576687809778,0.17842331616593132,0.7653060048785543,0.2346940013261719
256,13.7,21.77,166.0,60.0,3.0,6.0,4.0,11.0,37.9,12.5,73.2,4.69,12.7,12.1,256.0,21.0,0.0,1.0,1.0,0.0,1.0,0.0,1.0,0.0,0.0,1.0,1.0,0.0,1.0,0.0,1.0,0.0,1.0,0.0,0.0,1.0,0.0,0.0,0.0,1.0,0.0,0.0,1.0,0.0,0.0,0.0,1.0,0.0,1.0,0.0,0.0,0.0,1.0,0.0,0.0,0.0,1.0,1.0,0.0,1.0,0.0,0.0,1.0,0.6150232542796124,0.34272300716517845,0.004694684651661563,0.037559075151700094,0.8215767867214825,0.1784232120168754,0.7653062150636329,0.2346937800158898
257,12.55,20.32,161.5,53.0,3.0,2.0,2.0,6.436966488777602,37.2,7.6,55.0,4.94,14.9,12.7,320.0,0.0,0.0,1.0,0.0,1.0,1.0,0.0,1.0,0.0,0.0,1.0,1.0,0.0,1.0,0.0,0.0,1.0,1.0,0.0,0.0,1.0,0.0,0.0,0.0,1.0,0.0,0.0,1.0,0.0,0.0,0.0,1.0,0.0,0.0,1.0,0.0,0.0,1.0,0.0,0.0,1.0,0.0,1.0,0.0,1.0,0.0,1.0,0.0,0.6150232141322194,0.34272282036882296,0.004694752188154183,0.03755924651394904,0.8215765741165844,0.17842343588371679,0.7653060845584743,0.23469391741358137
258,9.68,17.6,143.0,36.0,3.0,4.0,2.0,9.0,37.4,6.1,49.3,4.38,11.3,13.6,223.0,51.0,1.0,0.0,1.0,0.0,1.0,0.0,1.0,0.0,0.0,1.0,1.0,0.0,1.0,0.0,0.0,1.0,1.0,0.0,0.0,0.0,1.0,0.0,1.0,0.0,0.0,0.0,0.0,0.0,0.0,1.0,1.0,0.0,1.0,0.0,0.0,0.0,1.0,0.0,0.0,0.0,1.0,1.0,0.0,1.0,0.0,0.0,1.0,1.0,0.0,0.0,0.0,1.0,0.0,0.7653059321803368,0.2346940778167803
259,8.89,15.5,132.0,27.0,3.0,5.0,6.0,5.0,37.0,7.1,54.8,4.52,12.3,12.9,265.0,0.0,1.0,0.0,1.0,0.0,0.0,1.0,1.0,0.0,1.0,0.0,0.0,1.0,0.0,1.0,0.0,1.0,1.0,0.0,0.0,1.0,0.0,0.0,0.0,1.0,0.0,0.0,1.0,0.0,0.0,0.0,1.0,0.0,1.0,0.0,0.0,0.0,1.0,0.0,0.0,1.0,0.0,1.0,0.0,1.0,0.0,1.0,0.0,0.6150236637812916,0.3427229807555944,0.004694794580593853,0.03755854809741532,0.82157665996193,0.17842334551210337,0.7653060939112899,0.23469390760116393
260,5.42,15.7,112.0,19.7,3.0,6.0,5.0,7.904948432416562,39.0,8.8,80.0,4.38,12.1,13.78754528221439,268.0,76.0,0.0,1.0,0.0,1.0,0.0,1.0,1.0,0.0,0.0,1.0,1.0,0.0,1.0,0.0,0.0,1.0,0.0,1.0,0.0,0.0,1.0,0.0,0.0,1.0,0.0,0.0,1.0,0.0,0.0,0.0,1.0,0.0,0.0,1.0,0.0,0.0,1.0,0.0,0.0,0.0,1.0,1.0,0.0,1.0,0.0,0.0,1.0,0.6150232285430788,0.34272283169025386,0.004694958537790561,0.03755900726018402,0.8215767167767825,0.17842328569438848,0.7653061182971324,0.23469388193178908
261,11.21,13.34,138.0,25.4,4.0,8.0,5.0,4.0,37.6,16.7,82.6,4.51,12.6,12.5,351.0,2.0,1.0,0.0,1.0,0.0,1.0,0.0,1.0,0.0,0.0,1.0,1.0,0.0,0.0,1.0,0.0,1.0,0.0,1.0,0.0,0.0,1.0,0.0,0.0,1.0,0.0,0.0,1.0,0.0,0.0,0.0,1.0,0.0,1.0,0.0,0.0,0.0,0.0,0.0,1.0,1.0,0.0,1.0,0.0,1.0,0.0,1.0,0.0,0.6150234589559336,0.3427228752783037,0.004695088734733011,0.03755857751384939,0.8215767061111949,0.17842329687710323,0.765306031997722,0.23469397277448822
262,11.44,24.33,154.4,58.0,3.0,6.0,7.0,12.0,37.0,18.2,68.61093228706005,4.87,12.8,13.2,359.0,5.0,0.0,1.0,1.0,0.0,0.0,1.0,1.0,0.0,0.0,1.0,0.0,1.0,1.0,0.0,1.0,0.0,1.0,0.0,0.0,1.0,0.0,0.0,0.0,1.0,0.0,0.0,0.0,1.0,0.0,0.0,1.0,0.0,1.0,0.0,0.0,0.0,1.0,0.0,0.0,0.0,1.0,1.0,0.0,1.0,0.0,0.0,1.0,0.6150232733083993,0.3427230131417881,0.004695024122588376,0.03755870022955832,0.8215767765721138,0.17842322269938715,0.7653062840039505,0.23469370748261575
263,11.9,16.84,140.0,33.0,3.0,10.0,10.0,6.6,38.2,12.4,77.2,4.68,13.1,13.7,355.0,16.0,0.0,1.0,1.0,0.0,0.0,1.0,1.0,0.0,1.0,0.0,0.0,1.0,0.0,1.0,1.0,0.0,0.0,1.0,0.0,0.0,1.0,0.0,0.0,1.0,0.0,0.0,1.0,0.0,0.0,0.0,1.0,0.0,1.0,0.0,0.0,0.0,0.0,1.0,0.0,1.0,0.0,1.0,0.0,1.0,0.0,1.0,0.0,1.0,0.0,0.0,0.0,1.0,0.0,0.7653061454783787,0.23469385327494774
264,16.23,17.84,174.0,54.0,3.0,8.0,9.0,10.0,38.0,13.0,80.0,4.81,14.3,12.5,238.0,74.0,0.0,1.0,1.0,0.0,1.0,0.0,1.0,0.0,0.0,1.0,0.0,1.0,0.0,1.0,1.0,0.0,0.0,1.0,0.0,0.0,1.0,0.0,0.0,0.0,0.0,1.0,1.0,0.0,0.0,0.0,1.0,0.0,1.0,0.0,0.0,0.0,1.0,0.0,0.0,0.0,1.0,1.0,0.0,1.0,0.0,0.0,1.0,0.6150235958415802,0.34272306812878883,0.004694622424564976,0.03755870575497866,0.8215766687020924,0.17842333626931883,0.7653061511125953,0.2346938473782032
265,8.62,15.87,148.5,35.0,3.0,5.0,4.0,4.5,39.3,5.4,79.6,4.45,12.6,12.7,167.0,4.0,0.0,1.0,1.0,0.0,1.0,0.0,1.0,0.0,1.0,0.0,1.0,0.0,1.0,0.0,0.0,1.0,0.0,1.0,0.0,1.0,0.0,0.0,0.0,1.0,0.0,0.0,1.0,0.0,0.0,0.0,1.0,0.0,1.0,0.0,0.0,0.0,1.0,0.0,0.0,0.0,1.0,1.0,0.0,1.0,0.0,0.0,1.0,0.6150234089309631,0.34272299022203134,0.00469431486542804,0.03755930679641439,0.8215767315345266,0.17842327017763426,1.0,0.0
266,11.98,17.07,145.0,35.9,3.0,4.0,2.0,4.3,37.8,5.6,41.1,4.41,11.9,13.4,389.0,36.0,0.0,1.0,1.0,0.0,1.0,0.0,1.0,0.0,1.0,0.0,1.0,0.0,1.0,0.0,0.0,1.0,1.0,0.0,0.0,1.0,0.0,0.0,0.0,1.0,0.0,0.0,1.0,0.0,0.0,0.0,1.0,0.0,1.0,0.0,0.0,0.0,0.0,1.0,0.0,1.0,0.0,1.0,0.0,1.0,0.0,1.0,0.0,0.6150234306863851,0.34272296226768784,0.0046949171726171635,0.037558693349785566,0.8215766749536318,0.1784233297431096,0.7653060451426834,0.23469395890887368
267,15.05,19.27,175.0,59.0,3.0,3.0,3.0,7.0,36.8,8.9,55.7,5.81,15.8,13.3,189.0,0.0,0.0,1.0,1.0,0.0,1.0,0.0,1.0,0.0,0.0,1.0,1.0,0.0,1.0,0.0,1.0,0.0,1.0,0.0,0.0,1.0,0.0,0.0,0.0,1.0,0.0,0.0,1.0,0.0,0.0,0.0,1.0,0.0,0.0,0.0,1.0,0.0,1.0,0.0,0.0,1.0,0.0,1.0,0.0,1.0,0.0,1.0,0.0,1.0,0.0,0.0,0.0,0.8215765695173799,0.1784234407028067,0.7653062370956869,0.23469375681772175
268,5.93,12.51,109.5,15.0,3.0,6.0,3.0,5.0,37.8,10.4,56.4,4.74,12.5,13.4,396.0,24.0,0.0,1.0,1.0,0.0,1.0,0.0,1.0,0.0,0.0,1.0,1.0,0.0,1.0,0.0,0.0,1.0,1.0,0.0,0.0,0.0,1.0,0.0,0.0,1.0,0.0,0.0,1.0,0.0,0.0,0.0,1.0,0.0,1.0,0.0,0.0,0.0,1.0,0.0,0.0,1.0,0.0,1.0,0.0,1.0,0.0,1.0,0.0,0.6150234813037063,0.34272284894852,0.0046955412658477025,0.03755811569454548,0.821576642028881,0.17842336430864547,1.0,0.0
269,7.21,15.38,127.5,25.0,3.0,3.0,2.0,9.5,36.8,7.1,72.9,5.04,13.1,13.5,406.0,0.0,0.0,1.0,1.0,0.0,1.0,0.0,1.0,0.0,0.0,1.0,1.0,0.0,1.0,0.0,0.0,1.0,1.0,0.0,0.0,0.0,1.0,0.0,0.0,1.0,0.0,0.0,1.0,0.0,0.0,0.0,0.0,1.0,0.0,1.0,0.0,0.0,1.0,0.0,0.0,0.0,1.0,1.0,0.0,1.0,0.0,0.0,1.0,1.0,0.0,0.0,0.0,0.8215768189428541,0.17842317814430275,1.0,0.0
270,15.49,20.58,167.0,57.4,3.0,7.0,5.0,8.537070418105966,38.0,12.2,85.4,4.39,13.1,13.7,227.0,55.0,1.0,0.0,0.0,1.0,1.0,0.0,1.0,0.0,1.0,0.0,1.0,0.0,1.0,0.0,0.0,1.0,0.0,1.0,0.0,0.0,1.0,0.0,0.0,1.0,0.0,0.0,1.0,0.0,0.0,0.0,1.0,0.0,1.0,0.0,0.0,0.0,1.0,0.0,0.0,1.0,0.0,1.0,0.0,1.0,0.0,0.0,1.0,0.6150231859042911,0.34272281028041174,0.004694547458545917,0.037559497833898114,0.8215767099275912,0.17842329288952175,0.7653061247648046,0.23469387510332218
271,8.25,17.63,136.0,32.6,3.0,5.0,4.0,6.4,36.6,9.8,63.0,4.56,12.6,13.3,253.0,0.0,0.0,1.0,1.0,0.0,1.0,0.0,1.0,0.0,1.0,0.0,1.0,0.0,0.0,1.0,1.0,0.0,1.0,0.0,0.0,1.0,0.0,0.0,0.0,1.0,0.0,0.0,1.0,0.0,0.0,0.0,1.0,0.0,0.0,1.0,0.0,0.0,1.0,0.0,0.0,1.0,0.0,1.0,0.0,1.0,0.0,1.0,0.0,1.0,0.0,0.0,0.0,0.0,1.0,1.0,0.0
272,11.83,17.26,156.0,42.0,3.0,9.0,5.0,8.2,37.8,10.4,70.6,4.82,12.7,12.6,265.0,27.0,1.0,0.0,1.0,0.0,0.0,1.0,1.0,0.0,1.0,0.0,1.0,0.0,0.0,1.0,0.0,1.0,1.0,0.0,0.0,0.0,0.0,1.0,0.0,1.0,0.0,0.0,0.0,0.0,1.0,0.0,1.0,0.0,1.0,0.0,0.0,0.0,1.0,0.0,0.0,1.0,0.0,1.0,0.0,1.0,0.0,0.0,1.0,1.0,0.0,0.0,0.0,1.0,0.0,0.7653064015516118,0.23469358376872396
273,11.07,16.1,141.0,32.0,3.0,6.0,5.0,9.0,37.2,16.1,80.9,4.76,13.9,12.7,294.0,4.0,0.0,1.0,1.0,0.0,1.0,0.0,1.0,0.0,0.0,1.0,1.0,0.0,0.0,1.0,0.0,1.0,0.0,1.0,0.0,1.0,0.0,0.0,0.0,1.0,0.0,0.0,1.0,0.0,0.0,0.0,1.0,0.0,1.0,0.0,0.0,0.0,1.0,0.0,0.0,0.0,1.0,1.0,0.0,1.0,0.0,1.0,0.0,0.6150235817777014,0.3427229622469684,0.004694605796034312,0.03755885007192361,0.8215767157789884,0.17842328674709618,0.7653060180694888,0.2346939875009112
274,10.33,15.22,149.0,33.8,3.0,2.0,2.0,7.0,36.2,7.0,57.26054523767725,5.02,13.9,12.8,241.0,0.0,0.0,1.0,1.0,0.0,1.0,0.0,1.0,0.0,0.0,1.0,1.0,0.0,1.0,0.0,0.0,1.0,1.0,0.0,0.08303887257208831,0.5777385226252773,0.21024734011550028,0.12897526432432804,0.1553571458260885,0.764285717719289,0.028571424529763356,0.05178571161200651,0.8621908089300699,0.08833922151394125,0.01943462957090092,0.030035340332292937,1.0,0.0,1.0,0.0,0.0,0.0,1.0,0.0,0.0,0.0,1.0,1.0,0.0,1.0,0.0,1.0,0.0,1.0,0.0,0.0,0.0,0.821576649911727,0.17842335608696425,0.7653060984532032,0.23469390280370006
275,12.15,22.29,166.5,61.8,2.0,4.48688507566092,3.7660652149517775,7.374831060067008,38.4,10.3,68.87933630704545,4.71,13.8,13.2,293.0,1.0,0.0,1.0,0.0,1.0,1.0,0.0,1.0,0.0,0.0,1.0,1.0,0.0,1.0,0.0,0.0,1.0,0.508620696265893,0.49137930324188417,0.0,1.0,0.0,0.0,0.0,1.0,0.0,0.0,1.0,0.0,0.0,0.0,1.0,0.0,0.0,0.0,1.0,0.0,1.0,0.0,0.0,0.0,1.0,1.0,0.0,1.0,0.0,1.0,0.0,0.6150232779681694,0.34272282786891106,0.004694719224832555,0.03755920349307584,0.8215765937174748,0.17842341521949534,1.0,0.0
276,12.53,29.32,152.3,68.0,3.0,7.0,7.0,8.554463509392368,36.8,11.0,82.4,5.33,14.4,13.5,153.0,5.0,0.0,1.0,0.0,1.0,0.0,1.0,1.0,0.0,1.0,0.0,0.0,1.0,1.0,0.0,0.0,1.0,0.0,1.0,0.08303886453174247,0.5777385144727087,0.2102473450212804,0.12897527656374042,0.15535713877850532,0.7642857092790438,0.028571434133110474,0.05178571827570655,0.8621908416355177,0.08833921242352427,0.01943462914383154,0.030035315002944096,1.0,0.0,1.0,0.0,0.0,0.0,1.0,0.0,0.0,1.0,0.0,0.0,1.0,1.0,0.0,1.0,0.0,0.6150231739944881,0.3427228940553414,0.004694748225710921,0.037559216780800875,0.8215765981412291,0.17842341055259037,0.7653060550199307,0.23469394862691462
277,9.24,16.71,134.0,30.0,3.0,7.0,5.0,10.0,37.6,10.9,80.9,4.81,12.4,12.7,341.0,20.0,0.0,1.0,1.0,0.0,1.0,0.0,1.0,0.0,0.0,1.0,1.0,0.0,0.0,1.0,0.0,1.0,0.0,1.0,0.08303886991068932,0.5777385138618936,0.2102473568225599,0.12897525927606235,0.15535714167036418,0.7642857153116906,0.028571425457943445,0.05178571769358864,0.8621908185112748,0.0883392129083751,0.01943463393894984,0.030035334549497694,1.0,0.0,1.0,0.0,0.0,0.0,1.0,0.0,0.0,1.0,0.0,1.0,0.0,1.0,0.0,1.0,0.0,0.6150234585683383,0.3427229825376851,0.004694411830165501,0.03755916058094766,0.8215766719819455,0.17842333281349665,0.7653060829129671,0.2346939191752161
278,6.36,13.19,120.0,19.0,3.0,8.0,6.0,7.0,38.2,20.9,77.0,4.76,10.9,16.5,231.0,135.0,1.0,0.0,1.0,0.0,0.0,1.0,1.0,0.0,1.0,0.0,1.0,0.0,1.0,0.0,0.0,1.0,0.0,1.0,0.0,1.0,0.0,0.0,1.0,0.0,0.0,0.0,0.0,1.0,0.0,0.0,1.0,0.0,1.0,0.0,0.0,0.0,1.0,0.0,0.0,0.0,1.0,1.0,0.0,1.0,0.0,0.5718518461528408,0.42814815414415297,1.0,0.0,0.0,0.0,1.0,0.0,0.7653060895049679,0.23469391214533786
279,14.58,22.98,155.0,55.2,4.0,9.0,9.0,4.6,38.7,14.0,91.6,4.6,13.5,12.6,234.0,9.0,1.0,0.0,1.0,0.0,0.0,1.0,1.0,0.0,0.0,1.0,0.0,1.0,0.0,1.0,0.0,1.0,0.0,1.0,0.0,0.0,1.0,0.0,0.0,1.0,0.0,0.0,0.0,1.0,0.0,0.0,1.0,0.0,0.0,0.0,1.0,0.0,1.0,0.0,0.0,0.0,1.0,1.0,0.0,1.0,0.0,0.0,1.0,1.0,0.0,0.0,0.0,0.8215765610790988,0.17842344951817335,0.7653063267954785,0.23469366251972645
280,12.51,17.89,151.0,40.8,4.0,3.0,2.0,4.0,37.5,8.7,52.9,4.83,13.8,13.3,287.0,1.0,1.0,0.0,1.0,0.0,1.0,0.0,1.0,0.0,0.0,1.0,1.0,0.0,1.0,0.0,0.0,1.0,1.0,0.0,0.08303886899958357,0.5777385257679695,0.21024734118877875,0.12897526376445212,0.1553571472505323,0.7642857137457368,0.02857143649167171,0.051785701973174336,0.8621908078949939,0.08833922086264656,0.019434633716761462,0.030035337890488845,1.0,0.0,1.0,0.0,0.0,0.0,1.0,0.0,0.0,1.0,0.0,1.0,0.0,1.0,0.0,1.0,0.0,0.6150235113961722,0.34272289169474224,0.004695025572697964,0.03755856917512679,0.8215765865927354,0.17842342274178913,0.7653061339236623,0.23469386551560456
281,10.37,21.0,138.0,40.0,3.0,8.0,6.0,6.0,38.5,10.6,83.6,4.59,13.0,12.1,247.0,6.0,0.0,1.0,1.0,0.0,1.0,0.0,1.0,0.0,1.0,0.0,1.0,0.0,0.0,1.0,0.0,1.0,0.0,1.0,0.08303887057314929,0.5777385151976275,0.210247351659117,0.12897526244664426,0.15535714779070575,0.7642857145808349,0.02857141577012101,0.05178572179447072,0.8621908227063055,0.08833921156812519,0.01943464455269439,0.030035320537273535,1.0,0.0,1.0,0.0,0.0,0.0,1.0,0.0,0.0,0.0,1.0,1.0,0.0,1.0,0.0,1.0,0.0,0.615023561130172,0.3427229732865257,0.004694416924571954,0.037559054791436286,0.821576645041914,0.17842336117575242,0.7653060926352935,0.23469390898225995
282,7.59,12.81,134.0,23.0,3.0,4.0,5.0,6.0,37.5,7.4,54.2,4.9,13.5,12.4,280.0,1.0,1.0,0.0,1.0,0.0,0.0,1.0,1.0,0.0,0.0,1.0,0.0,1.0,1.0,0.0,0.0,1.0,1.0,0.0,0.0,1.0,0.0,0.0,0.0,1.0,0.0,0.0,1.0,0.0,0.0,0.0,1.0,0.0,1.0,0.0,0.0,0.0,1.0,0.0,0.0,0.0,1.0,1.0,0.0,1.0,0.0,0.0,1.0,1.0,0.0,0.0,0.0,1.0,0.0,1.0,0.0
283,14.61,11.03,188.0,39.0,3.0,6.0,5.0,3.5,36.8,10.5,76.7,4.74,13.6,12.9,174.0,42.0,0.0,1.0,1.0,0.0,1.0,0.0,1.0,0.0,0.0,1.0,1.0,0.0,0.0,1.0,0.0,1.0,0.0,1.0,0.0,1.0,0.0,0.0,0.0,1.0,0.0,0.0,1.0,0.0,0.0,0.0,1.0,0.0,1.0,0.0,0.0,0.0,1.0,0.0,0.0,0.0,1.0,1.0,0.0,1.0,0.0,1.0,0.0,0.6150235649064344,0.3427228574364569,0.004694623191406344,0.037558960539134434,0.8215766554228954,0.17842335026625766,1.0,0.0
284,14.87,16.19,177.5,51.0,3.0,3.0,2.0,5.0,36.0,12.9,67.0,5.25,15.3,12.4,252.0,0.0,0.0,1.0,1.0,0.0,1.0,0.0,1.0,0.0,1.0,0.0,1.0,0.0,1.0,0.0,0.0,1.0,1.0,0.0,0.0,1.0,0.0,0.0,0.0,1.0,0.0,0.0,1.0,0.0,0.0,0.0,1.0,0.0,1.0,0.0,0.0,0.0,0.0,0.0,1.0,1.0,0.0,1.0,0.0,1.0,0.0,1.0,0.0,0.0,1.0,0.0,0.0,0.821576822432579,0.17842317450577083,1.0,0.0
285,12.01,28.91,160.0,74.0,3.0,5.0,6.0,7.224396146781653,37.0,7.5,56.3,4.91,13.8,13.5,305.0,1.0,0.0,1.0,0.0,1.0,0.0,1.0,1.0,0.0,1.0,0.0,0.0,1.0,0.0,1.0,0.0,1.0,1.0,0.0,0.08303886996858356,0.577738515925627,0.21024733200531498,0.1289752825241809,0.15535714056512817,0.7642857137901176,0.028571423953867914,0.05178572202876364,0.8621908265588393,0.0883392155183399,0.019434613005781753,0.03003534460739765,1.0,0.0,1.0,0.0,0.0,0.0,1.0,0.0,0.0,0.0,1.0,1.0,0.0,1.0,0.0,1.0,0.0,0.615023491164788,0.34272285955251613,0.004695111383087647,0.03755853745295179,0.0,1.0,0.0,1.0
286,11.81,15.97,166.0,44.0,2.0,8.0,7.0,7.8,37.0,15.7,83.7,5.2,14.4,12.8,249.0,15.0,1.0,0.0,1.0,0.0,1.0,0.0,1.0,0.0,1.0,0.0,0.0,1.0,0.0,1.0,0.0,1.0,0.0,1.0,0.0830388663290832,0.5777385168276142,0.21024735570404662,0.12897526116980762,0.15535714820307334,0.764285710616738,0.028571415869751204,0.05178572540487658,0.8621908095450574,0.08833922743309741,0.0194346405837994,0.030035322119689845,1.0,0.0,1.0,0.0,0.0,0.0,1.0,0.0,0.0,0.0,1.0,1.0,0.0,1.0,0.0,0.0,1.0,0.6150236483260256,0.3427229982458714,0.004694659315474525,0.03755868496565529,0.8215767540793204,0.17842324640510387,0.7653060706989693,0.2346939320700543
287,7.74,22.04,120.5,32.0,3.0,5.0,3.0,6.85494255717821,38.8,9.8,54.5,5.1,14.0,12.0,305.0,55.0,1.0,0.0,0.0,1.0,1.0,0.0,1.0,0.0,1.0,0.0,1.0,0.0,1.0,0.0,0.0,1.0,1.0,0.0,0.0,0.0,0.0,1.0,1.0,0.0,0.0,0.0,0.0,0.0,0.0,1.0,1.0,0.0,0.0,1.0,0.0,0.0,1.0,0.0,0.0,0.0,1.0,1.0,0.0,1.0,0.0,0.0,1.0,0.6150232761639767,0.3427229258551098,0.004694253078881938,0.03755958150684113,0.8215767948379797,0.17842320354740515,1.0,0.0
288,11.04,20.78,152.0,48.0,3.0,8.0,8.0,5.0,37.0,10.3,79.8,5.04,14.6,11.8,270.0,0.0,1.0,0.0,1.0,0.0,0.0,1.0,1.0,0.0,1.0,0.0,0.0,1.0,0.0,1.0,0.0,1.0,0.0,1.0,0.0,1.0,0.0,0.0,0.0,0.0,0.0,1.0,1.0,0.0,0.0,0.0,1.0,0.0,0.0,1.0,0.0,0.0,1.0,0.0,0.0,1.0,0.0,1.0,0.0,1.0,0.0,1.0,0.0,0.615023731900594,0.3427230936052468,0.004694390333531473,0.03755877020477871,0.8215765608867924,0.17842344974935054,0.7653060973217976,0.2346939039577517
289,9.34,19.04,137.5,36.0,3.0,2.0,2.0,6.197820889321046,37.0,7.0,53.1,4.9,13.6,12.4,190.0,0.0,1.0,0.0,0.0,1.0,1.0,0.0,1.0,0.0,0.0,1.0,1.0,0.0,1.0,0.0,0.0,1.0,1.0,0.0,0.0,1.0,0.0,0.0,0.0,1.0,0.0,0.0,1.0,0.0,0.0,0.0,1.0,0.0,1.0,0.0,0.0,0.0,1.0,0.0,0.0,1.0,0.0,1.0,0.0,1.0,0.0,1.0,0.0,0.6150232319708269,0.34272288216663793,0.004694720729539137,0.037559194845190436,0.8215765932860415,0.17842341570968956,0.7653060791626255,0.23469392316063586
290,14.17,21.28,166.5,59.0,4.0,3.0,4.0,6.509286856818624,37.0,5.6,54.03109679759458,4.29,12.3,11.9,278.0,0.0,1.0,0.0,0.0,1.0,1.0,0.0,1.0,0.0,1.0,0.0,0.0,1.0,1.0,0.0,0.0,1.0,1.0,0.0,0.0,1.0,0.0,0.0,0.0,0.0,0.0,1.0,1.0,0.0,0.0,0.0,1.0,0.0,1.0,0.0,0.0,0.0,1.0,0.0,0.0,1.0,0.0,1.0,0.0,1.0,0.0,1.0,0.0,0.6150232802033402,0.34272302103455454,0.0046944767790814135,0.037559246517145706,0.8215765880872126,0.1784234211834772,1.0,0.0
291,1.73,17.93,83.5,12.5,3.0,5.0,5.0,5.4,38.8,7.9,57.0,4.75,12.1,13.7,310.0,29.0,0.0,1.0,1.0,0.0,1.0,0.0,1.0,0.0,0.0,1.0,1.0,0.0,0.0,1.0,1.0,0.0,1.0,0.0,0.08303887349276196,0.5777385107917947,0.21024734980636794,0.12897526583768393,0.15535715101539493,0.7642857130423166,0.02857142716076644,0.05178570823942086,0.8621908094429545,0.08833921655958221,0.019434631117750123,0.030035343424391403,1.0,0.0,1.0,0.0,0.0,0.0,1.0,0.0,0.0,0.0,1.0,1.0,0.0,1.0,0.0,1.0,0.0,0.6150236000432965,0.3427229571810948,0.004695359370666341,0.03755806177371368,0.8215765971100409,0.1784234116396689,0.7653060856257774,0.23469391638050252
292,10.16,21.02,142.2,42.5,2.0,9.0,6.0,7.603540721018997,37.4,15.0,72.5,4.73,12.5,12.9,318.0,2.0,1.0,0.0,0.0,1.0,0.0,1.0,1.0,0.0,1.0,0.0,1.0,0.0,0.0,1.0,0.0,1.0,1.0,0.0,0.0,1.0,0.0,0.0,0.0,1.0,0.0,0.0,1.0,0.0,0.0,0.0,1.0,0.0,1.0,0.0,0.0,0.0,1.0,0.0,0.0,0.0,1.0,1.0,0.0,1.0,0.0,1.0,0.0,0.6150232892531324,0.342722825207162,0.004694887598180819,0.03755902060425287,0.821576714667869,0.17842328784356565,0.765306080264019,0.2346939219410965
293,8.15,15.68,136.0,29.0,4.0,5.0,4.0,6.5,38.4,11.0,64.07141674523281,4.2,10.9,13.5,197.0,79.0,1.0,0.0,1.0,0.0,1.0,0.0,1.0,0.0,0.0,1.0,1.0,0.0,1.0,0.0,0.0,1.0,1.0,0.0,0.0,0.0,1.0,0.0,0.0,1.0,0.0,0.0,0.0,0.0,1.0,0.0,1.0,0.0,1.0,0.0,0.0,0.0,1.0,0.0,0.0,0.0,1.0,1.0,0.0,1.0,0.0,1.0,0.0,0.6150237911812808,0.3427228370247134,0.0046955759924126594,0.037557758836338384,1.0,0.0,1.0,0.0
294,11.4,16.3,145.5,34.5,3.0,4.0,4.0,4.5,37.0,8.2,67.5,5.2,14.2,13.0,206.0,1.0,1.0,0.0,0.0,1.0,1.0,0.0,1.0,0.0,0.0,1.0,1.0,0.0,0.0,1.0,1.0,0.0,1.0,0.0,0.0,0.0,1.0,0.0,0.0,1.0,0.0,0.0,1.0,0.0,0.0,0.0,1.0,0.0,1.0,0.0,0.0,0.0,1.0,0.0,0.0,0.0,1.0,1.0,0.0,1.0,0.0,1.0,0.0,0.6150232842943961,0.34272280130915567,0.004695511758557536,0.03755841103522006,0.8215766481917082,0.17842335789318509,0.7653061720092229,0.23469382546534812
295,10.56,22.81,151.0,52.0,3.0,6.0,4.0,13.0,37.2,17.7,84.42886198391628,4.89,13.1,12.4,360.0,25.0,0.0,1.0,1.0,0.0,1.0,0.0,1.0,0.0,1.0,0.0,1.0,0.0,1.0,0.0,0.0,1.0,0.0,1.0,0.0,1.0,0.0,0.0,1.0,0.0,0.0,0.0,1.0,0.0,0.0,0.0,1.0,0.0,1.0,0.0,0.0,0.0,1.0,0.0,0.0,0.0,1.0,1.0,0.0,1.0,0.0,0.0,1.0,0.6150233447864757,0.3427231311363943,0.004694056581905914,0.0375594930901908,0.8215768642680292,0.17842313041928393,0.7653060014585538,0.23469400481799862
296,15.71,17.7,181.0,58.0,4.0,6.0,7.0,7.647659482344955,39.5,8.7,72.7,5.12,13.8,13.7,204.0,24.0,0.0,1.0,0.0,1.0,0.0,1.0,1.0,0.0,0.0,1.0,1.0,0.0,0.0,1.0,1.0,0.0,1.0,0.0,0.0,1.0,0.0,0.0,0.0,1.0,0.0,0.0,1.0,0.0,0.0,0.0,1.0,0.0,1.0,0.0,0.0,0.0,1.0,0.0,0.0,1.0,0.0,1.0,0.0,1.0,0.0,0.0,1.0,0.6150230170873321,0.34272289339937867,0.00469443933296898,0.03755970410580123,0.8215767146221424,0.17842328793986173,1.0,0.0
297,13.49,17.15,162.0,45.0,3.0,5.0,6.0,6.919544382868292,37.2,13.7,65.0,4.78,10.6,14.9,497.0,0.0,1.0,0.0,0.0,1.0,1.0,0.0,1.0,0.0,0.0,1.0,0.0,1.0,1.0,0.0,1.0,0.0,1.0,0.0,0.08303886858662535,0.5777385159651393,0.2102473429640822,0.1289752727210819,0.15535714826759406,0.7642857121858869,0.028571439074233207,0.05178569984673975,0.862190812577695,0.08833922725007826,0.01943463426906733,0.030035325520423317,0.0,1.0,1.0,0.0,0.0,0.0,1.0,0.0,0.0,0.0,1.0,1.0,0.0,1.0,0.0,1.0,0.0,0.6150232655002865,0.34272285720275375,0.00469539534397545,0.03755849090281094,0.8215767148719224,0.17842328766010873,0.765306225470783,0.23469376906099104
298,14.52,26.75,156.0,65.1,3.0,6.153622385888104,5.727310115800375,3.8,36.6,11.5,65.17293688415653,4.34,12.2,13.2,227.0,7.0,0.0,1.0,1.0,0.0,0.0,1.0,1.0,0.0,0.0,1.0,1.0,0.0,0.0,1.0,1.0,0.0,0.5086206991313931,0.4913793003495608,0.0,1.0,0.0,0.0,0.0,1.0,0.0,0.0,1.0,0.0,0.0,0.0,0.0,1.0,0.0,1.0,0.0,0.0,0.0,1.0,0.0,1.0,0.0,1.0,0.0,1.0,0.0,1.0,0.0,0.6150234640652754,0.3427229461089366,0.004695079043202988,0.037558508150402736,0.8215764855088721,0.17842352915292192,0.0,1.0
299,14.34,21.26,149.0,47.2,4.0,6.0,6.0,4.0,38.9,8.0,83.1,5.29,14.8,13.1,197.0,149.0,1.0,0.0,1.0,0.0,1.0,0.0,1.0,0.0,0.0,1.0,1.0,0.0,0.0,1.0,1.0,0.0,0.0,1.0,0.0,0.0,1.0,0.0,1.0,0.0,0.0,0.0,1.0,0.0,0.0,0.0,1.0,0.0,0.0,0.0,1.0,0.0,1.0,0.0,0.0,1.0,0.0,1.0,0.0,1.0,0.0,1.0,0.0,0.6150236201078587,0.34272299182024535,0.004694577946506406,0.03755880703125314,0.8215765847760592,0.1784234246435743,0.7653062298871637,0.2346937644864675
300,7.21,17.44,110.5,21.3,3.0,6.0,7.0,6.6419429794138285,38.0,7.1,59.85089255896543,4.96,13.7,14.2,170.0,14.0,1.0,0.0,0.0,1.0,1.0,0.0,1.0,0.0,1.0,0.0,0.0,1.0,0.0,1.0,1.0,0.0,1.0,0.0,0.0,0.0,0.0,1.0,1.0,0.0,0.0,0.0,1.0,0.0,0.0,0.0,1.0,0.0,0.0,1.0,0.0,0.0,1.0,0.0,0.0,0.0,1.0,1.0,0.0,1.0,0.0,1.0,0.0,0.615023536459076,0.3427229669184447,0.004694922561207404,0.0375585688096407,0.8215766812371424,0.17842332309587872,0.7653060378922285,0.2346939666709793
301,12.02,20.17,145.5,42.7,2.0,7.0,5.0,6.0,37.4,18.9,85.0,4.69,12.6,13.7,307.0,16.0,0.0,1.0,1.0,0.0,1.0,0.0,1.0,0.0,0.0,1.0,1.0,0.0,0.0,1.0,0.0,1.0,0.0,1.0,0.0,1.0,0.0,0.0,0.0,1.0,0.0,0.0,1.0,0.0,0.0,0.0,1.0,0.0,1.0,0.0,0.0,0.0,1.0,0.0,0.0,0.0,1.0,1.0,0.0,1.0,0.0,1.0,0.0,0.6150236247507014,0.3427228758462154,0.004695027135861118,0.0375584619475392,0.0,1.0,0.7653059426124946,0.2346940669305606
302,12.87,29.94,168.5,85.0,5.0,8.0,6.0,6.3,36.0,12.3,77.5,4.72,11.8,15.1,311.0,6.0,0.0,1.0,1.0,0.0,0.0,1.0,1.0,0.0,0.0,1.0,1.0,0.0,0.0,1.0,1.0,0.0,0.0,1.0,0.0,0.0,0.0,1.0,0.0,1.0,0.0,0.0,1.0,0.0,0.0,0.0,1.0,0.0,1.0,0.0,0.0,0.0,1.0,0.0,0.0,0.0,1.0,1.0,0.0,1.0,0.0,0.0,1.0,0.615023326357349,0.34272293063047976,0.004695745602181778,0.037557988566407574,0.8215765384745104,0.1784234733352007,0.7653061728771003,0.23469382443227305
303,7.82,18.66,133.0,33.0,4.0,7.0,7.0,4.2,36.2,10.9,50.5,4.43,12.4,12.6,382.0,10.0,0.0,1.0,1.0,0.0,0.0,1.0,1.0,0.0,1.0,0.0,0.0,1.0,1.0,0.0,1.0,0.0,1.0,0.0,0.0,1.0,0.0,0.0,0.0,1.0,0.0,0.0,1.0,0.0,0.0,0.0,1.0,0.0,1.0,0.0,0.0,0.0,1.0,0.0,0.0,1.0,0.0,1.0,0.0,1.0,0.0,0.0,1.0,0.6150233224471024,0.3427229529863316,0.004695213071484461,0.03755851596642923,0.821576704221277,0.1784232988607477,1.0,0.0
304,10.65,18.11,140.0,35.5,3.0,5.0,5.0,5.5,37.8,15.7,67.1,4.8,13.9,13.2,292.0,26.0,0.0,1.0,1.0,0.0,1.0,0.0,1.0,0.0,0.0,1.0,0.0,1.0,1.0,0.0,0.0,1.0,1.0,0.0,0.0,1.0,0.0,0.0,0.0,1.0,0.0,0.0,1.0,0.0,0.0,0.0,1.0,0.0,1.0,0.0,0.0,0.0,1.0,0.0,0.0,1.0,0.0,1.0,0.0,1.0,0.0,1.0,0.0,1.0,0.0,0.0,0.0,0.8215766367237546,0.17842336992245345,0.7653061695547188,0.23469382801512972
305,14.02,15.82,159.0,40.0,3.0,2.0,4.0,6.592055526106407,37.0,8.6,56.59265995461415,4.61,13.6,12.7,390.0,58.0,0.0,1.0,0.0,1.0,1.0,0.0,1.0,0.0,0.0,1.0,0.0,1.0,1.0,0.0,0.0,1.0,1.0,0.0,0.0,1.0,0.0,0.0,0.0,1.0,0.0,0.0,1.0,0.0,0.0,0.0,1.0,0.0,1.0,0.0,0.0,0.0,1.0,0.0,0.0,0.0,1.0,1.0,0.0,1.0,0.0,1.0,0.0,0.6150233598868926,0.34272285985273454,0.004694856401859071,0.037558940535003416,0.8215767166098156,0.17842328590183765,1.0,0.0
306,13.94,21.87,167.0,61.0,3.0,6.0,4.0,8.218156214128612,36.6,17.1,80.5,4.59,12.8,12.5,308.0,2.0,1.0,0.0,0.0,1.0,1.0,0.0,1.0,0.0,1.0,0.0,1.0,0.0,1.0,0.0,0.0,1.0,0.0,1.0,0.08303886754473666,0.5777385158444053,0.21024734434960746,0.1289752725568002,0.15535713512589078,0.7642857136976662,0.028571436549404305,0.05178571507075247,0.86219081053025,0.08833923116427478,0.019434631482663667,0.03003532646821616,1.0,0.0,1.0,0.0,0.0,0.0,1.0,0.0,0.0,0.0,1.0,1.0,0.0,1.0,0.0,1.0,0.0,0.615023233967716,0.342722894765111,0.004694600987001696,0.03755930204446711,0.8215766872779025,0.17842331674601686,0.7653060377218499,0.2346939666631288
307,15.53,22.86,166.0,63.0,3.0,8.0,6.0,8.53116078515895,38.0,14.2,88.9,5.2,14.9,12.9,319.0,3.0,1.0,0.0,0.0,1.0,1.0,0.0,1.0,0.0,1.0,0.0,1.0,0.0,0.0,1.0,0.0,1.0,0.0,1.0,0.0,1.0,0.0,0.0,1.0,0.0,0.0,0.0,1.0,0.0,0.0,0.0,1.0,0.0,1.0,0.0,0.0,0.0,1.0,0.0,0.0,1.0,0.0,1.0,0.0,1.0,0.0,0.571851854182821,0.42814814569995674,0.6150232728963096,0.3427229486229152,0.004694095171494994,0.03755972263073937,0.8215766993350929,0.17842330401619766,0.7653059600076967,0.23469404847649178
308,13.46,14.71,169.0,42.0,3.0,8.0,8.0,6.5,36.5,18.2,89.7,4.97,14.5,13.9,267.0,1.0,0.0,1.0,1.0,0.0,1.0,0.0,1.0,0.0,1.0,0.0,0.0,1.0,0.0,1.0,1.0,0.0,0.0,1.0,0.0,1.0,0.0,0.0,0.0,1.0,0.0,0.0,0.0,0.0,1.0,0.0,1.0,0.0,1.0,0.0,0.0,0.0,1.0,0.0,0.0,0.0,1.0,1.0,0.0,1.0,0.0,0.0,1.0,0.6150236485849083,0.342722875878403,0.004695385574671307,0.03755806815868323,0.8215769266903428,0.1784230647240399,0.7653063718854194,0.23469361510006648
309,13.49,28.6,163.0,76.0,5.0,3.0,3.0,7.0617561376197795,36.2,9.6,50.4,5.01,14.2,13.9,414.0,0.0,0.0,1.0,0.0,1.0,1.0,0.0,1.0,0.0,0.0,1.0,0.0,1.0,1.0,0.0,0.0,1.0,1.0,0.0,0.0,0.0,0.0,1.0,0.0,1.0,0.0,0.0,1.0,0.0,0.0,0.0,1.0,0.0,1.0,0.0,0.0,0.0,1.0,0.0,0.0,0.0,1.0,1.0,0.0,1.0,0.0,1.0,0.0,0.6150232885567781,0.3427228842867951,0.004695705622468793,0.03755811935261999,0.8215765352778757,0.1784234767575149,0.7653060390797017,0.2346939653845772
310,6.67,25.04,124.0,38.5,3.0,9.0,7.0,3.5,39.6,16.8,92.4,5.27,13.2,13.7,444.0,21.0,1.0,0.0,1.0,0.0,1.0,0.0,1.0,0.0,1.0,0.0,1.0,0.0,0.0,1.0,1.0,0.0,0.0,1.0,0.0,0.0,0.0,1.0,0.0,1.0,0.0,0.0,1.0,0.0,0.0,0.0,1.0,0.0,0.0,0.0,1.0,0.0,1.0,0.0,0.0,0.0,1.0,0.0,1.0,1.0,0.0,1.0,0.0,0.6150233173594379,0.3427229213314945,0.004695229157334224,0.03755853982539781,0.8215765675210193,0.17842344277883482,0.7653063872426983,0.23469359894173025
311,9.58,15.2,146.0,32.4,4.0,4.0,6.0,4.6,36.6,8.9,41.6,4.74,12.9,13.6,192.0,0.0,0.0,1.0,1.0,0.0,1.0,0.0,1.0,0.0,0.0,1.0,0.0,1.0,0.0,1.0,1.0,0.0,1.0,0.0,0.0,1.0,0.0,0.0,0.0,1.0,0.0,0.0,1.0,0.0,0.0,0.0,1.0,0.0,1.0,0.0,0.0,0.0,1.0,0.0,0.0,1.0,0.0,1.0,0.0,1.0,0.0,1.0,0.0,0.6150235498389213,0.34272296049342776,0.004695288373458006,0.037558185214690676,0.8215765857563443,0.17842342361876806,1.0,0.0
312,12.9,19.14,160.0,49.0,3.0,7.0,4.0,6.814229737106103,37.8,11.9,55.2,4.91,13.2,13.5,226.0,0.0,1.0,0.0,0.0,1.0,1.0,0.0,1.0,0.0,0.0,1.0,1.0,0.0,0.0,1.0,0.0,1.0,1.0,0.0,0.0,0.0,0.0,1.0,0.0,1.0,0.0,0.0,1.0,0.0,0.0,0.0,1.0,0.0,1.0,0.0,0.0,0.0,1.0,0.0,0.0,0.0,1.0,1.0,0.0,1.0,0.0,0.0,1.0,0.6150231688942469,0.3427228203397298,0.004695196802537049,0.03755883817070549,0.8215765848382631,0.1784234245312477,0.765306092324664,0.23469390935497614
313,9.51,19.03,147.5,41.4,3.0,9.0,6.0,4.5,37.8,12.4,81.1,5.0,14.2,12.5,235.0,7.0,0.0,1.0,1.0,0.0,1.0,0.0,1.0,0.0,1.0,0.0,1.0,0.0,0.0,1.0,1.0,0.0,0.0,1.0,0.0,1.0,0.0,0.0,0.0,1.0,0.0,0.0,1.0,0.0,0.0,0.0,1.0,0.0,1.0,0.0,0.0,0.0,1.0,0.0,0.0,0.0,1.0,1.0,0.0,1.0,0.0,1.0,0.0,0.6150234778324004,0.34272294584729834,0.004694896235340473,0.03755868104583071,0.8215767029509123,0.17842330020023622,1.0,0.0
314,11.96,21.22,161.0,55.0,4.0,8.0,6.0,8.041773771401017,37.8,11.3,79.7,4.95,14.0,12.4,278.0,2.0,1.0,0.0,0.0,1.0,1.0,0.0,1.0,0.0,0.0,1.0,1.0,0.0,0.0,1.0,1.0,0.0,0.0,1.0,0.0,0.0,1.0,0.0,0.0,1.0,0.0,0.0,1.0,0.0,0.0,0.0,1.0,0.0,1.0,0.0,0.0,0.0,1.0,0.0,0.0,0.0,1.0,1.0,0.0,1.0,0.0,1.0,0.0,0.6150232710505001,0.3427228568042683,0.004695196645371547,0.03755868964534892,0.8215766523607834,0.1784233534560008,0.7653060856936718,0.2346939162032523
315,9.92,15.09,144.5,31.5,3.0,8.0,6.0,9.7,37.8,13.4,81.7,4.72,13.3,12.5,242.0,14.0,1.0,0.0,1.0,0.0,1.0,0.0,1.0,0.0,0.0,1.0,1.0,0.0,0.0,1.0,1.0,0.0,0.0,1.0,0.08303886931101057,0.5777385066282839,0.21024736445993197,0.12897525970207713,0.1553571424596133,0.7642857141944107,0.028571429411907823,0.05178571394874909,0.8621908069253692,0.08833922817206064,0.01943463820460356,0.030035326614114233,1.0,0.0,1.0,0.0,0.0,0.0,1.0,0.0,0.0,0.0,1.0,1.0,0.0,1.0,0.0,1.0,0.0,0.6150235532009212,0.3427229771952507,0.0046946220871472155,0.03755884786573771,1.0,0.0,0.7653061242583485,0.23469387565426358
316,11.85,22.31,164.0,60.0,3.0,5.0,6.0,6.3,37.4,5.4,49.8,4.79,13.3,12.2,237.0,1.0,1.0,0.0,1.0,0.0,0.0,1.0,1.0,0.0,0.0,1.0,0.0,1.0,0.0,1.0,0.0,1.0,1.0,0.0,0.0,1.0,0.0,0.0,1.0,0.0,0.0,0.0,1.0,0.0,0.0,0.0,1.0,0.0,0.0,0.0,1.0,0.0,1.0,0.0,0.0,0.0,1.0,1.0,0.0,1.0,0.0,1.0,0.0,0.6150237529477054,0.3427230507670802,0.004694754276183155,0.037558419294936196,1.0,0.0,0.765306050485396,0.23469395320212794
317,10.3,18.87,149.2,42.0,3.0,3.0,4.0,6.7,37.2,9.1,66.3,4.27,11.8,13.2,226.0,13.0,0.0,1.0,1.0,0.0,1.0,0.0,1.0,0.0,1.0,0.0,0.0,1.0,1.0,0.0,0.0,1.0,1.0,0.0,0.08303887069944316,0.5777385237856765,0.2102473348992132,0.12897527048116764,0.1553571470871118,0.7642857097099116,0.02857143468381884,0.051785708259910246,0.8621908253332238,0.08833921750717011,0.019434630339637327,0.030035326036225607,1.0,0.0,1.0,0.0,0.0,0.0,1.0,0.0,0.0,0.0,1.0,0.0,1.0,1.0,0.0,1.0,0.0,0.6150234599602713,0.3427229075232985,0.004695003696166489,0.037558631291292,0.8215766803195379,0.17842332409548978,0.7653061484718249,0.23469385022220068
318,15.57,16.79,176.0,52.0,3.0,5.0,5.0,4.0,37.7,8.6,62.7,5.37,15.4,12.8,238.0,21.0,0.0,1.0,1.0,0.0,0.0,1.0,1.0,0.0,1.0,0.0,0.0,1.0,1.0,0.0,0.0,1.0,1.0,0.0,0.08303886077870737,0.5777385276401967,0.2102473456281868,0.128975266121504,0.15535714989503202,0.764285712966533,0.02857142648971911,0.05178571019336764,0.8621908219824749,0.08833921141735945,0.01943463028567416,0.0300353361401412,1.0,0.0,0.0,0.0,1.0,0.0,1.0,0.0,0.0,1.0,0.0,1.0,0.0,1.0,0.0,1.0,0.0,0.6150234942082284,0.34272296026467186,0.004694615733762064,0.03755893665582222,0.8215766287168894,0.1784233783849819,0.7653063344840397,0.23469365433395806
319,10.34,15.98,148.0,35.0,2.0,4.0,4.0,6.0,37.0,8.2,48.4,5.01,14.1,12.5,274.0,0.0,0.0,1.0,1.0,0.0,1.0,0.0,1.0,0.0,0.0,1.0,1.0,0.0,0.0,1.0,1.0,0.0,1.0,0.0,0.0,0.0,0.0,1.0,1.0,0.0,0.0,0.0,1.0,0.0,0.0,0.0,1.0,0.0,0.0,1.0,0.0,0.0,1.0,0.0,0.0,0.0,1.0,1.0,0.0,1.0,0.0,1.0,0.0,0.6150235285712269,0.3427229839749095,0.004694747363120588,0.03755873941518606,0.8215766063098913,0.1784234019950377,0.7653061240286738,0.23469387586805257
320,9.19,15.43,144.0,32.0,3.0,10.0,9.0,7.5,37.8,13.6,79.2,4.93,12.8,14.1,302.0,0.0,1.0,0.0,1.0,0.0,0.0,1.0,1.0,0.0,1.0,0.0,0.0,1.0,0.0,1.0,1.0,0.0,0.0,1.0,0.0,1.0,0.0,0.0,1.0,0.0,0.0,0.0,1.0,0.0,0.0,0.0,1.0,0.0,0.0,1.0,0.0,0.0,1.0,0.0,0.0,1.0,0.0,0.0,1.0,1.0,0.0,1.0,0.0,1.0,0.0,0.0,0.0,0.8215767195997582,0.17842328265865426,0.7653060644720808,0.23469393846618558
321,10.72,20.5,153.0,48.0,3.0,6.0,6.0,6.667200948469899,38.8,11.4,54.0,5.23,13.8,13.5,276.0,1.0,0.0,1.0,0.0,1.0,1.0,0.0,1.0,0.0,1.0,0.0,0.0,1.0,1.0,0.0,0.0,1.0,1.0,0.0,0.08303886572860764,0.5777385195299547,0.21024734070047446,0.12897527437720235,0.15535715035170317,0.7642857113846618,0.02857143104528559,0.0517857066919607,0.8621908223700874,0.0883392127017818,0.01943464815524254,0.03003531599989606,1.0,0.0,1.0,0.0,0.0,0.0,1.0,0.0,0.0,1.0,0.0,1.0,0.0,1.0,0.0,1.0,0.0,0.6150232476115198,0.3427229238999263,0.004694720806707076,0.03755913305426162,0.8215765937097678,0.17842341521128668,0.76530611152806,0.23469388902220922
322,9.86,14.5,141.4,29.0,3.0,2.0,2.0,5.3,36.8,4.7,39.5,4.44,13.1,12.5,165.0,0.0,0.0,1.0,1.0,0.0,1.0,0.0,1.0,0.0,0.0,1.0,0.0,1.0,1.0,0.0,0.0,1.0,1.0,0.0,0.08303886417608863,0.5777385252693047,0.21024734848981863,0.12897526201068454,0.15535714671775702,0.764285715217399,0.028571426245219356,0.05178571152776312,0.8621908181877396,0.08833921934662903,0.019434639150614608,0.030035322779872087,1.0,0.0,1.0,0.0,0.0,0.0,1.0,0.0,0.0,1.0,0.0,1.0,0.0,1.0,0.0,1.0,0.0,0.6150235047866993,0.3427229405223098,0.004694980844455299,0.03755857085673153,0.8215765936708146,0.17842341531234085,0.7653060908277294,0.2346939109361862
323,11.27,15.98,156.2,39.0,3.0,4.0,2.0,9.1,37.5,8.9,57.7,4.87,13.8,12.7,297.0,27.0,1.0,0.0,1.0,0.0,1.0,0.0,1.0,0.0,0.0,1.0,1.0,0.0,1.0,0.0,0.0,1.0,1.0,0.0,0.0,0.0,1.0,0.0,0.0,1.0,0.0,0.0,0.0,0.0,0.0,1.0,1.0,0.0,1.0,0.0,0.0,0.0,1.0,0.0,0.0,0.0,1.0,1.0,0.0,1.0,0.0,1.0,0.0,0.6150236838513896,0.34272283303602424,0.004694910308532196,0.03755856237069666,0.8215768112044871,0.17842318629838316,0.7653059949326142,0.23469401179480553
324,13.86,23.8,160.5,61.3,3.0,7.0,4.0,6.3,37.2,10.6,44.1,4.58,14.0,11.9,320.0,0.0,0.0,1.0,1.0,0.0,1.0,0.0,1.0,0.0,1.0,0.0,1.0,0.0,0.0,1.0,0.0,1.0,1.0,0.0,0.0,0.0,1.0,0.0,1.0,0.0,0.0,0.0,1.0,0.0,0.0,0.0,1.0,0.0,1.0,0.0,0.0,0.0,1.0,0.0,0.0,1.0,0.0,1.0,0.0,1.0,0.0,1.0,0.0,1.0,0.0,0.0,0.0,0.8215765453015851,0.17842346616814042,0.7653059369976932,0.2346940726489346
325,12.96,16.83,168.0,47.5,6.0,5.0,6.0,5.6,36.5,8.8,60.6,4.87,14.2,13.7,274.0,0.0,1.0,0.0,1.0,0.0,1.0,0.0,1.0,0.0,1.0,0.0,0.0,1.0,0.0,1.0,1.0,0.0,1.0,0.0,0.0,1.0,0.0,0.0,0.0,1.0,0.0,0.0,1.0,0.0,0.0,0.0,1.0,0.0,1.0,0.0,0.0,0.0,0.0,1.0,0.0,1.0,0.0,1.0,0.0,1.0,0.0,0.0,1.0,0.615023537269139,0.34272304263729536,0.004695309068865505,0.03755809116190201,0.8215768200250484,0.17842317701931165,1.0,0.0
326,11.38,30.63,149.0,68.0,3.0,3.0,3.0,6.5772432251992585,38.4,8.7,43.0,4.82,13.3,12.2,255.0,4.0,1.0,0.0,0.0,1.0,1.0,0.0,1.0,0.0,0.0,1.0,1.0,0.0,1.0,0.0,0.0,1.0,1.0,0.0,0.0,1.0,0.0,0.0,0.0,1.0,0.0,0.0,1.0,0.0,0.0,0.0,1.0,0.0,1.0,0.0,0.0,0.0,1.0,0.0,0.0,0.0,1.0,1.0,0.0,1.0,0.0,1.0,0.0,0.6150233259548115,0.34272292558683537,0.0046948996647999675,0.03755886393336927,0.8215765104172421,0.1784235029514838,0.7653059214864744,0.23469408911249467
327,10.74,26.98,146.0,57.5,4.0,5.0,3.0,9.0,37.3,10.2,74.9,5.66,16.1,12.9,277.0,45.0,0.0,1.0,1.0,0.0,1.0,0.0,1.0,0.0,0.0,1.0,1.0,0.0,1.0,0.0,0.0,1.0,1.0,0.0,0.0,0.0,0.0,1.0,0.0,1.0,0.0,0.0,0.0,1.0,0.0,0.0,1.0,0.0,1.0,0.0,0.0,0.0,0.0,1.0,0.0,0.0,1.0,1.0,0.0,1.0,0.0,1.0,0.0,1.0,0.0,0.0,0.0,0.8215766881954375,0.17842331572985093,0.7653061652118901,0.2346938326929925
328,13.9,23.8,152.0,54.7,3.0,3.0,3.0,6.5153926570552265,37.3,7.1,51.1,4.74,13.5,12.8,217.0,0.0,1.0,0.0,0.0,1.0,1.0,0.0,1.0,0.0,0.0,1.0,1.0,0.0,1.0,0.0,0.0,1.0,1.0,0.0,0.0,1.0,0.0,0.0,0.0,1.0,0.0,0.0,1.0,0.0,0.0,0.0,1.0,0.0,1.0,0.0,0.0,0.0,1.0,0.0,0.0,0.0,1.0,1.0,0.0,1.0,0.0,0.0,1.0,0.6150232570021483,0.34272286429025267,0.004694918724240327,0.037558983235812304,0.8215766036580894,0.17842340477781882,0.7653060194747282,0.2346939860407371
329,5.53,13.0,118.0,18.1,4.0,9.0,10.0,6.5,38.5,15.0,87.2,4.46,12.2,13.2,441.0,33.0,1.0,0.0,1.0,0.0,0.0,1.0,1.0,0.0,0.0,1.0,0.0,1.0,0.0,1.0,1.0,0.0,0.0,1.0,0.08303887258573817,0.5777385064422229,0.21024736026693602,0.1289752606630078,0.15535714607905937,0.764285717833964,0.028571428773097596,0.05178570684227102,0.8621908112982406,0.08833922176621001,0.01943463030728554,0.030035336758749476,1.0,0.0,1.0,0.0,0.0,0.0,1.0,0.0,0.0,0.0,1.0,1.0,0.0,1.0,0.0,1.0,0.0,0.6150237374905669,0.3427229908446876,0.004695020727271015,0.03755822466952008,0.8215767744821136,0.17842322489549634,1.0,0.0
330,11.38,17.33,150.0,39.0,3.0,5.0,6.0,4.7,36.8,15.3,66.7,5.33,14.1,14.1,299.0,1.0,0.0,1.0,1.0,0.0,1.0,0.0,1.0,0.0,0.0,1.0,0.0,1.0,1.0,0.0,1.0,0.0,1.0,0.0,0.0,1.0,0.0,0.0,0.0,1.0,0.0,0.0,1.0,0.0,0.0,0.0,1.0,0.0,1.0,0.0,0.0,0.0,1.0,0.0,0.0,1.0,0.0,1.0,0.0,1.0,0.0,1.0,0.0,0.6150234780676758,0.3427229454159456,0.004695341351159343,0.03755822384523544,0.821576684434899,0.17842331969468794,1.0,0.0
331,11.84,17.75,152.0,41.0,3.0,6.0,7.0,8.7,38.8,11.6,62.2,4.92,13.6,13.2,294.0,17.0,0.0,1.0,1.0,0.0,0.0,1.0,1.0,0.0,0.0,1.0,0.0,1.0,1.0,0.0,0.0,1.0,1.0,0.0,0.0,1.0,0.0,0.0,0.0,1.0,0.0,0.0,1.0,0.0,0.0,0.0,1.0,0.0,1.0,0.0,0.0,0.0,0.0,1.0,0.0,0.0,1.0,1.0,0.0,1.0,0.0,1.0,0.0,0.0,1.0,0.0,0.0,1.0,0.0,0.7653060178953277,0.23469398757455195
332,9.26,18.68,144.5,39.0,2.0,7.0,6.0,11.8,36.8,15.1,91.8,5.37,14.6,13.3,197.0,5.0,0.0,1.0,1.0,0.0,0.0,1.0,1.0,0.0,0.0,1.0,1.0,0.0,0.0,1.0,0.0,1.0,0.0,1.0,0.08303886743206679,0.5777385179140175,0.21024735164110064,0.12897526300812534,0.1553571456565912,0.7642857165244814,0.028571421373473904,0.05178571630231965,0.8621908146043282,0.08833921856803495,0.019434629319504015,0.030035337551468255,1.0,0.0,1.0,0.0,0.0,0.0,1.0,0.0,0.0,0.0,1.0,1.0,0.0,1.0,0.0,1.0,0.0,0.6150235992426885,0.3427229940622657,0.00469445877939989,0.037558948835318184,1.0,0.0,0.765306053695151,0.2346939499980334
333,12.82,16.67,149.0,37.0,3.0,7.0,4.0,8.8,37.5,14.8,83.3,5.53,12.7,13.5,282.0,10.0,0.0,1.0,1.0,0.0,1.0,0.0,1.0,0.0,0.0,1.0,1.0,0.0,1.0,0.0,0.0,1.0,0.0,1.0,0.0,0.0,1.0,0.0,0.0,1.0,0.0,0.0,1.0,0.0,0.0,0.0,1.0,0.0,1.0,0.0,0.0,0.0,1.0,0.0,0.0,0.0,1.0,1.0,0.0,1.0,0.0,1.0,0.0,0.6150234093750555,0.34272299478703694,0.004695107531334841,0.03755848611583745,0.821576726229348,0.1784232756963281,0.7653061095555452,0.2346938911703672
334,12.1,15.74,161.0,40.8,3.0,3.0,3.0,4.0,36.8,5.6,59.1,4.54,12.5,13.1,272.0,0.0,0.0,1.0,1.0,0.0,0.0,1.0,1.0,0.0,0.0,1.0,1.0,0.0,1.0,0.0,0.0,1.0,1.0,0.0,0.0,1.0,0.0,0.0,0.0,1.0,0.0,0.0,1.0,0.0,0.0,0.0,1.0,0.0,1.0,0.0,0.0,0.0,1.0,0.0,0.0,0.0,1.0,1.0,0.0,1.0,0.0,1.0,0.0,1.0,0.0,0.0,0.0,0.821576664922393,0.17842334028088358,1.0,0.0
335,11.33,28.17,156.5,69.0,5.0,5.0,3.0,7.9009819103671965,37.0,10.8,69.0,4.63,12.4,13.1,275.0,1.0,1.0,0.0,0.0,1.0,1.0,0.0,1.0,0.0,0.0,1.0,1.0,0.0,1.0,0.0,0.0,1.0,1.0,0.0,0.0,0.0,0.0,1.0,0.0,1.0,0.0,0.0,0.0,1.0,0.0,0.0,1.0,0.0,0.0,1.0,0.0,0.0,1.0,0.0,0.0,1.0,0.0,1.0,0.0,1.0,0.0,1.0,0.0,0.6150230658536984,0.34272283376068735,0.0046950576757848195,0.03755907819293369,0.8215764973967297,0.17842351657108746,0.7653062688375799,0.23469372344525663
336,10.67,19.71,137.0,37.0,4.0,9.0,10.0,8.530803295266333,38.1,15.5,84.4,5.44,13.5,13.2,383.0,54.0,0.0,1.0,0.0,1.0,0.0,1.0,1.0,0.0,0.0,1.0,0.0,1.0,0.0,1.0,1.0,0.0,0.0,1.0,0.0,0.0,1.0,0.0,0.0,1.0,0.0,0.0,1.0,0.0,0.0,0.0,1.0,0.0,1.0,0.0,0.0,0.0,1.0,0.0,0.0,0.0,1.0,1.0,0.0,1.0,0.0,1.0,0.0,0.6150232952834851,0.34272295760566696,0.0046952090428286075,0.03755854497070066,0.8215767480865172,0.17842325269539294,1.0,0.0
337,17.1,23.42,182.5,78.0,3.0,6.0,4.0,8.170194267310265,37.0,8.7,77.5,4.93,15.0,12.6,261.0,13.0,0.0,1.0,0.0,1.0,1.0,0.0,1.0,0.0,1.0,0.0,1.0,0.0,0.0,1.0,0.0,1.0,0.0,1.0,0.0,0.0,0.0,1.0,0.0,1.0,0.0,0.0,1.0,0.0,0.0,0.0,1.0,0.0,0.0,1.0,0.0,0.0,1.0,0.0,0.0,0.0,1.0,1.0,0.0,1.0,0.0,0.0,1.0,0.6150232146793262,0.342722886939984,0.004694556908874659,0.03755937637628348,0.8215766034447899,0.17842340500807174,0.76530600435319,0.23469400186132494
338,10.19,16.86,144.5,35.2,4.0,3.0,2.0,6.1783286979752905,37.3,9.1,51.3,4.43,12.8,12.5,296.0,0.0,1.0,0.0,0.0,1.0,1.0,0.0,1.0,0.0,0.0,1.0,1.0,0.0,1.0,0.0,0.0,1.0,1.0,0.0,0.0,1.0,0.0,0.0,0.0,1.0,0.0,0.0,0.0,1.0,0.0,0.0,1.0,0.0,1.0,0.0,0.0,0.0,1.0,0.0,0.0,0.0,1.0,1.0,0.0,1.0,0.0,1.0,0.0,0.6150231548216287,0.34272279949082485,0.004695016809819208,0.037559060785298914,0.8215766113836223,0.17842339664023943,0.7653061587368546,0.23469383938061705
339,12.63,22.21,163.0,59.0,3.0,4.0,5.0,4.0,37.0,10.6,55.6,5.06,14.4,12.6,270.0,1.0,0.0,1.0,1.0,0.0,1.0,0.0,1.0,0.0,0.0,1.0,0.0,1.0,1.0,0.0,0.0,1.0,1.0,0.0,0.0,1.0,0.0,0.0,0.0,1.0,0.0,0.0,1.0,0.0,0.0,0.0,1.0,0.0,1.0,0.0,0.0,0.0,1.0,0.0,0.0,0.0,1.0,1.0,0.0,1.0,0.0,1.0,0.0,0.6150236784095378,0.34272295959952304,0.00469521442995835,0.03755812269545544,0.8215765565302013,0.17842345434106455,0.7653061005623784,0.2346939005869536
340,5.86,17.77,115.0,23.5,3.0,6.0,6.0,5.0,38.7,13.9,71.9,4.93,13.4,14.6,333.0,39.0,0.0,1.0,1.0,0.0,1.0,0.0,1.0,0.0,0.0,1.0,1.0,0.0,1.0,0.0,1.0,0.0,1.0,0.0,0.0,1.0,0.0,0.0,0.0,1.0,0.0,0.0,1.0,0.0,0.0,0.0,1.0,0.0,1.0,0.0,0.0,0.0,1.0,0.0,0.0,0.0,1.0,1.0,0.0,1.0,0.0,0.0,1.0,1.0,0.0,0.0,0.0,1.0,0.0,1.0,0.0
341,11.09,16.43,147.0,35.5,3.0,7.0,6.0,3.0,36.4,12.2,77.6,4.9,13.1,13.3,347.0,12.0,1.0,0.0,1.0,0.0,0.0,1.0,1.0,0.0,0.0,1.0,1.0,0.0,0.0,1.0,0.0,1.0,0.0,1.0,0.08303887240857721,0.5777385173642381,0.21024734885347018,0.12897526106184187,0.15535714957646318,0.7642857166062135,0.02857142224141629,0.05178571106441077,0.8621908139652185,0.08833921986350546,0.019434632187896983,0.030035333953807974,1.0,0.0,1.0,0.0,0.0,0.0,1.0,0.0,0.0,0.0,1.0,1.0,0.0,1.0,0.0,1.0,0.0,1.0,0.0,0.0,0.0,0.8215765844216002,0.17842342498234054,0.7653061035825752,0.23469389736346713
342,10.01,18.94,134.0,34.0,3.0,5.0,5.0,7.0,37.3,12.0,71.9,4.8,13.1,12.7,241.0,1.0,0.0,1.0,1.0,0.0,1.0,0.0,1.0,0.0,0.0,1.0,0.0,1.0,1.0,0.0,0.0,1.0,1.0,0.0,0.08303887585811509,0.5777385143867276,0.21024735182383514,0.1289752574179761,0.15535715115271964,0.7642857178532921,0.028571418306185592,0.051785712100394066,0.8621908166830701,0.08833922254640658,0.019434633730824324,0.030035326601390522,1.0,0.0,1.0,0.0,0.0,0.0,0.0,1.0,0.0,0.0,1.0,1.0,0.0,1.0,0.0,0.0,1.0,1.0,0.0,0.0,0.0,0.821576770513527,0.1784232290739598,0.7653061075724987,0.23469389333026358
343,12.87,15.15,162.5,40.0,3.0,7.0,4.0,7.951098444014837,38.6,13.6,84.0,5.16,15.5,12.3,259.0,34.0,1.0,0.0,0.0,1.0,1.0,0.0,1.0,0.0,1.0,0.0,1.0,0.0,1.0,0.0,0.0,1.0,0.0,1.0,0.0830388682440768,0.5777385099415611,0.2102473633259646,0.12897525853355118,0.15535714011438995,0.7642857110083003,0.028571433485834574,0.05178571565750101,0.862190808663922,0.08833922584253984,0.01943463788053612,0.03003532752035365,1.0,0.0,0.0,0.0,1.0,0.0,1.0,0.0,0.0,0.0,1.0,1.0,0.0,1.0,0.0,1.0,0.0,0.6150232842130632,0.34272288573616616,0.004694278611778846,0.03755958840046025,0.8215767708024194,0.17842322880306372,1.0,0.0
344,6.7,15.84,120.5,23.0,3.0,7.0,4.0,5.0,37.5,20.9,80.7,4.49,12.1,12.5,382.0,1.0,0.0,1.0,1.0,0.0,1.0,0.0,1.0,0.0,1.0,0.0,1.0,0.0,1.0,0.0,0.0,1.0,0.0,1.0,0.08303886954158679,0.5777385133061185,0.21024735200196965,0.12897526521017622,0.15535714602080242,0.7642857136685623,0.028571432163388644,0.05178570782568637,0.8621908145125918,0.08833922215276035,0.01943463533888279,0.03003532770029549,1.0,0.0,1.0,0.0,0.0,0.0,1.0,0.0,0.0,0.0,1.0,1.0,0.0,1.0,0.0,1.0,0.0,0.6150233914736191,0.3427229610156669,0.004694920312552253,0.03755873397968623,0.821576733651152,0.17842326792167484,1.0,0.0
345,14.4,19.6,166.0,54.0,3.0,5.0,3.0,6.7456740847601715,37.5,6.2,62.4,5.28,13.9,13.9,316.0,0.0,1.0,0.0,0.0,1.0,1.0,0.0,1.0,0.0,1.0,0.0,1.0,0.0,1.0,0.0,1.0,0.0,1.0,0.0,0.0,1.0,0.0,0.0,0.0,1.0,0.0,0.0,1.0,0.0,0.0,0.0,1.0,0.0,0.0,0.0,1.0,0.0,1.0,0.0,0.0,1.0,0.0,1.0,0.0,1.0,0.0,0.0,1.0,0.615022994051966,0.3427228576100151,0.004694936318686449,0.03755925621030487,0.8215767096334036,0.17842329318735828,1.0,0.0
346,5.81,14.69,119.0,20.8,3.0,6.0,5.0,7.0,37.1,22.8,83.0,4.77,13.0,12.771586181638906,322.0,0.0,0.0,1.0,1.0,0.0,1.0,0.0,1.0,0.0,0.0,1.0,1.0,0.0,0.0,1.0,0.0,1.0,0.0,1.0,0.0,1.0,0.0,0.0,0.0,1.0,0.0,0.0,1.0,0.0,0.0,0.0,1.0,0.0,1.0,0.0,0.0,0.0,0.0,1.0,0.0,0.0,1.0,1.0,0.0,1.0,0.0,0.0,1.0,0.615023440512149,0.3427230483973326,0.004695107472166837,0.037558397192086646,0.8215767703782955,0.1784232292777962,0.7653060184645085,0.2346939870695257
347,12.22,20.03,154.0,47.5,3.0,9.0,8.0,7.821469298682006,38.4,13.0,77.4,4.94,13.5,13.4,253.0,2.0,1.0,0.0,0.0,1.0,0.0,1.0,1.0,0.0,1.0,0.0,0.0,1.0,1.0,0.0,0.0,1.0,0.0,1.0,0.0,0.0,0.0,1.0,0.0,0.0,1.0,0.0,1.0,0.0,0.0,0.0,1.0,0.0,1.0,0.0,0.0,0.0,1.0,0.0,0.0,1.0,0.0,1.0,0.0,1.0,0.0,1.0,0.0,0.6150234183630285,0.3427228260457823,0.004693984293344,0.037559807822045266,0.8215766358641914,0.17842337083277549,0.765306125555454,0.2346938743118342
348,8.58,18.06,170.0,52.2,3.0,3.0,3.0,7.169351765794796,36.8,9.1,68.1,4.11,12.6,11.6,307.0,4.0,1.0,0.0,0.0,1.0,1.0,0.0,1.0,0.0,0.0,1.0,1.0,0.0,1.0,0.0,1.0,0.0,1.0,0.0,0.0,0.0,1.0,0.0,0.0,0.0,1.0,0.0,0.0,0.0,0.0,1.0,1.0,0.0,1.0,0.0,0.0,0.0,1.0,0.0,0.0,0.0,1.0,1.0,0.0,1.0,0.0,1.0,0.0,0.6150233499445853,0.342722582411111,0.004694554848898247,0.03755955290669899,0.8215766191252329,0.1784233884907419,0.0,1.0
349,5.03,14.52,115.0,19.2,2.0,6.0,5.0,6.0,40.0,13.7,80.45358425619399,4.79,12.8,14.4,231.0,15.0,0.0,1.0,1.0,0.0,1.0,0.0,1.0,0.0,0.0,1.0,1.0,0.0,1.0,0.0,0.0,1.0,0.0,1.0,0.0830388707563966,0.577738514565438,0.21024735355752877,0.12897526097470224,0.1553571507934417,0.7642857129002921,0.02857142840641702,0.051785707337395626,0.8621908161376522,0.08833921216848939,0.01943464709473053,0.03003532439033396,1.0,0.0,0.0,0.0,1.0,0.0,1.0,0.0,0.0,0.0,1.0,1.0,0.0,1.0,0.0,1.0,0.0,0.6150236078671423,0.34272294696839944,0.004694751735464964,0.03755868812398644,0.8215766399275963,0.17842336656800906,1.0,0.0
350,12.06,17.6,144.0,36.5,3.0,7.0,5.0,6.2,38.0,10.7,72.7,4.34,12.5,12.0,219.0,29.0,1.0,0.0,1.0,0.0,0.0,1.0,1.0,0.0,0.0,1.0,1.0,0.0,1.0,0.0,0.0,1.0,1.0,0.0,0.0,0.0,0.0,1.0,0.0,1.0,0.0,0.0,1.0,0.0,0.0,0.0,1.0,0.0,1.0,0.0,0.0,0.0,1.0,0.0,0.0,0.0,1.0,1.0,0.0,1.0,0.0,1.0,0.0,0.6150235570325082,0.34272292951093997,0.004694602004482573,0.03755891434126646,0.8215767225527513,0.1784232795481311,1.0,0.0
351,6.38,13.89,120.0,20.0,3.0,7.0,4.0,7.6135735362260935,37.8,18.7,78.1,4.75,13.4,11.5,436.0,3.0,1.0,0.0,0.0,1.0,1.0,0.0,1.0,0.0,0.0,1.0,1.0,0.0,1.0,0.0,0.0,1.0,0.0,1.0,1.0,0.0,0.0,0.0,0.0,1.0,0.0,0.0,0.0,1.0,0.0,0.0,1.0,0.0,1.0,0.0,0.0,0.0,1.0,0.0,0.0,0.0,1.0,1.0,0.0,1.0,0.0,0.0,1.0,0.6150230442121707,0.34272279727534194,0.004694721355344655,0.03755948577800239,0.8215766167376148,0.1784233909618782,0.765306177027114,0.23469382015298523
352,15.32,21.93,154.0,52.0,3.0,5.0,6.0,5.0,36.8,10.1,78.6,5.01,13.6,12.7,361.0,0.0,1.0,0.0,1.0,0.0,1.0,0.0,1.0,0.0,0.0,1.0,0.0,1.0,1.0,0.0,0.0,1.0,0.0,1.0,0.0,1.0,0.0,0.0,0.0,1.0,0.0,0.0,1.0,0.0,0.0,0.0,1.0,0.0,1.0,0.0,0.0,0.0,1.0,0.0,0.0,0.0,1.0,1.0,0.0,1.0,0.0,0.0,1.0,0.6150236286459456,0.3427230115734162,0.004694949169499307,0.03755839464500377,0.8215766584663744,0.17842334704832508,0.7653061045047861,0.23469389654078532
353,5.33,15.04,121.5,22.2,2.0,2.0,2.0,6.0072479964113725,36.3,3.5,55.36525646056335,5.26,14.4,12.8,277.0,11.0,0.0,1.0,0.0,1.0,1.0,0.0,0.0,1.0,0.0,1.0,1.0,0.0,0.0,1.0,1.0,0.0,1.0,0.0,0.0,0.0,1.0,0.0,0.0,1.0,0.0,0.0,1.0,0.0,0.0,0.0,1.0,0.0,1.0,0.0,0.0,0.0,1.0,0.0,0.0,0.0,1.0,1.0,0.0,1.0,0.0,1.0,0.0,0.6150233562209363,0.3427227457490023,0.004695207117479505,0.03755870440764153,0.8215766872340242,0.17842331681370682,0.0,1.0
354,14.1,18.82,163.0,50.0,3.0,2.0,2.0,6.492189836620186,36.8,7.0,56.1,4.81,13.3,13.9,234.0,1.0,0.0,1.0,0.0,1.0,1.0,0.0,1.0,0.0,0.0,1.0,1.0,0.0,1.0,0.0,0.0,1.0,1.0,0.0,0.0,1.0,0.0,0.0,0.0,1.0,0.0,0.0,1.0,0.0,0.0,0.0,0.0,1.0,1.0,0.0,0.0,0.0,1.0,0.0,0.0,0.0,1.0,1.0,0.0,1.0,0.0,0.0,1.0,0.6150231767864265,0.3427228172088077,0.00469493718451941,0.03755910057580836,0.8215766621116155,0.17842334326046227,0.7653060943199689,0.2346939072605696
355,11.42,21.93,151.0,50.0,3.0,3.0,5.0,6.067710616938212,36.9,7.9,43.3,4.67,13.9,12.6,314.0,0.0,1.0,0.0,0.0,1.0,1.0,0.0,1.0,0.0,0.0,1.0,0.0,1.0,0.0,1.0,0.0,1.0,1.0,0.0,0.0,1.0,0.0,0.0,0.0,1.0,0.0,0.0,1.0,0.0,0.0,0.0,1.0,0.0,1.0,0.0,0.0,0.0,1.0,0.0,0.0,0.0,1.0,1.0,0.0,1.0,0.0,1.0,0.0,0.6150235299829443,0.34272287153991976,0.004695167768640873,0.037558424680691704,0.8215765547974018,0.1784234562333521,0.7653059156352162,0.2346940953218618
356,10.24,14.65,134.5,26.5,3.0,4.0,4.0,6.693689877699152,37.2,6.9,66.1,5.03,14.3,13.4,204.0,7.0,0.0,1.0,0.0,1.0,0.0,1.0,1.0,0.0,0.0,1.0,1.0,0.0,1.0,0.0,1.0,0.0,1.0,0.0,0.0,1.0,0.0,0.0,0.0,1.0,0.0,0.0,1.0,0.0,0.0,0.0,1.0,0.0,1.0,0.0,0.0,0.0,1.0,0.0,0.0,0.0,1.0,1.0,0.0,1.0,0.0,1.0,0.0,0.6150231851394199,0.3427228401543533,0.004694963771055383,0.0375590399012401,0.8215767494814917,0.178423251259343,0.7653062194895979,0.23469377545572
357,11.05,25.63,146.5,55.0,5.0,4.0,4.0,6.350415341856947,37.0,8.5,42.8,4.37,11.9,12.1,345.0,1.0,1.0,0.0,0.0,1.0,0.0,1.0,1.0,0.0,0.0,1.0,1.0,0.0,0.0,1.0,0.0,1.0,1.0,0.0,0.0,1.0,0.0,0.0,0.0,1.0,0.0,0.0,1.0,0.0,0.0,0.0,1.0,0.0,1.0,0.0,0.0,0.0,1.0,0.0,0.0,1.0,0.0,1.0,0.0,1.0,0.0,1.0,0.0,0.6150231716997437,0.34272289035406844,0.004694940426698158,0.03755902591835114,0.8215765205433344,0.17842349229296772,0.7653060208578695,0.23469398444883027
358,11.62,25.96,150.0,58.4,3.0,2.0,4.0,6.669114716054604,37.0,7.0,54.330242669089195,4.56,12.2,12.5,361.0,3.0,0.0,1.0,0.0,1.0,1.0,0.0,1.0,0.0,0.0,1.0,0.0,1.0,1.0,0.0,0.0,1.0,1.0,0.0,0.0,1.0,0.0,0.0,0.0,1.0,0.0,0.0,1.0,0.0,0.0,0.0,1.0,0.0,1.0,0.0,0.0,0.0,1.0,0.0,0.0,0.0,1.0,1.0,0.0,1.0,0.0,1.0,0.0,0.6150233046572441,0.34272292343913513,0.004695086338925791,0.0375586974056884,0.8215766131190441,0.1784233948284275,1.0,0.0
359,14.2,16.16,165.0,44.0,3.0,4.0,4.0,5.815275993816658,36.6,5.1,44.9,4.95,13.2,12.7,289.0,0.0,0.0,1.0,0.0,1.0,1.0,0.0,1.0,0.0,0.0,1.0,1.0,0.0,0.0,1.0,1.0,0.0,1.0,0.0,0.0,1.0,0.0,0.0,0.0,1.0,0.0,0.0,1.0,0.0,0.0,0.0,1.0,0.0,1.0,0.0,0.0,0.0,1.0,0.0,0.0,0.0,1.0,1.0,0.0,1.0,0.0,0.0,1.0,0.6150230695553109,0.3427228430805882,0.00469510796156003,0.037559013651560336,0.8215766445510698,0.17842336172287154,1.0,0.0
360,10.1,17.71,136.5,33.0,2.0,4.0,4.0,6.838130012046468,36.7,13.1,62.6,5.09,14.3,12.2,254.0,0.0,0.0,1.0,0.0,1.0,1.0,0.0,1.0,0.0,0.0,1.0,1.0,0.0,0.0,1.0,0.0,1.0,1.0,0.0,0.0,1.0,0.0,0.0,0.0,1.0,0.0,0.0,1.0,0.0,0.0,0.0,1.0,0.0,1.0,0.0,0.0,0.0,1.0,0.0,0.0,0.0,1.0,1.0,0.0,0.0,1.0,0.5718513799604575,0.42814864483975834,0.6150383903194225,0.3427120772460508,0.004751895911735304,0.03749557535919246,0.8215822312762562,0.1784174895520132,0.7653060535260288,0.23469394190800608
361,13.82,27.11,150.0,61.0,3.0,5.0,6.0,6.0,36.8,7.7,61.5,4.19,11.6,13.0,279.0,7.0,1.0,0.0,1.0,0.0,1.0,0.0,1.0,0.0,1.0,0.0,0.0,1.0,0.0,1.0,1.0,0.0,1.0,0.0,0.0,1.0,0.0,0.0,0.0,1.0,0.0,0.0,0.0,1.0,0.0,0.0,1.0,0.0,0.0,1.0,0.0,0.0,1.0,0.0,0.0,0.0,1.0,1.0,0.0,1.0,0.0,1.0,0.0,0.6150236006015704,0.342722936520622,0.0046951825640504374,0.037558264586155965,0.8215766069689683,0.1784234012831193,0.7653061434851838,0.234693855515399
362,11.27,15.48,146.0,33.0,3.0,4.0,4.0,5.0,36.6,7.7,56.1,5.14,14.6,11.7,389.0,0.0,1.0,0.0,1.0,0.0,1.0,0.0,1.0,0.0,0.0,1.0,1.0,0.0,0.0,1.0,1.0,0.0,1.0,0.0,0.0,1.0,0.0,0.0,0.0,1.0,0.0,0.0,1.0,0.0,0.0,0.0,1.0,0.0,1.0,0.0,0.0,0.0,1.0,0.0,0.0,0.0,1.0,1.0,0.0,1.0,0.0,0.5718518558705616,0.42814814391858924,0.6150235245561142,0.3427229474417637,0.004695081718970484,0.037558438724094145,1.0,0.0,1.0,0.0
363,9.97,16.61,127.5,27.0,3.0,5.0,3.0,6.1563975400047175,37.0,12.3,47.3,5.03,13.7,12.4,152.0,0.0,1.0,0.0,0.0,1.0,1.0,0.0,1.0,0.0,1.0,0.0,1.0,0.0,1.0,0.0,0.0,1.0,1.0,0.0,0.0,1.0,0.0,0.0,1.0,0.0,0.0,0.0,0.0,0.0,1.0,0.0,0.0,1.0,1.0,0.0,0.0,0.0,1.0,0.0,0.0,0.0,1.0,1.0,0.0,1.0,0.0,1.0,0.0,0.6150235277683563,0.3427228859683049,0.004694917578205948,0.037558668680826024,0.8215768396100549,0.17842315640593964,0.7653060786717432,0.2346939237181419
364,12.63,21.25,181.5,70.0,3.0,4.0,3.0,7.732613322085368,37.0,11.2,72.9,5.34,15.2,12.6,315.0,1.0,0.0,1.0,0.0,1.0,1.0,0.0,1.0,0.0,0.0,1.0,1.0,0.0,1.0,0.0,0.0,1.0,1.0,0.0,0.0,1.0,0.0,0.0,0.0,1.0,0.0,0.0,1.0,0.0,0.0,0.0,1.0,0.0,1.0,0.0,0.0,0.0,1.0,0.0,0.0,0.0,1.0,1.0,0.0,1.0,0.0,1.0,0.0,0.6150232573788326,0.3427228469999616,0.004694919868611147,0.03755899881776947,0.8215766391079715,0.1784233673969855,0.7653061083847112,0.23469389221361658
365,9.43,15.95,146.0,34.0,2.0,4.0,4.0,5.8908128907853605,37.2,8.0,46.9,4.31,13.9,12.0,233.0,0.0,1.0,0.0,0.0,1.0,1.0,0.0,1.0,0.0,0.0,1.0,1.0,0.0,0.0,1.0,1.0,0.0,1.0,0.0,0.0,1.0,0.0,0.0,0.0,1.0,0.0,0.0,1.0,0.0,0.0,0.0,1.0,0.0,0.0,1.0,0.0,0.0,1.0,0.0,0.0,0.0,1.0,1.0,0.0,1.0,0.0,1.0,0.0,0.6150233784209111,0.34272278557573577,0.0046949634960088416,0.0375588885061634,0.821576608939328,0.17842339922787231,0.7653060459188231,0.23469395810470772
366,12.93,23.62,159.5,60.1,3.0,10.0,9.0,8.0,37.4,11.3,84.2,5.18,15.1,12.8,298.0,7.0,0.0,1.0,1.0,0.0,0.0,1.0,1.0,0.0,1.0,0.0,0.0,1.0,0.0,1.0,1.0,0.0,0.0,1.0,0.0,0.0,1.0,0.0,1.0,0.0,0.0,0.0,1.0,0.0,0.0,0.0,1.0,0.0,0.0,0.0,1.0,0.0,1.0,0.0,0.0,1.0,0.0,1.0,0.0,1.0,0.0,0.0,1.0,0.0,1.0,0.0,0.0,0.8215767228719542,0.17842327921637635,0.7653062070859458,0.23469378839740818
367,8.87,14.59,134.5,26.4,3.0,6.0,5.0,6.96884879132023,37.9,5.0,70.1,5.09,14.7,12.4,182.0,15.0,0.0,1.0,0.0,1.0,0.0,1.0,1.0,0.0,0.0,1.0,1.0,0.0,0.0,1.0,1.0,0.0,1.0,0.0,0.0,1.0,0.0,0.0,0.0,1.0,0.0,0.0,1.0,0.0,0.0,0.0,1.0,0.0,1.0,0.0,0.0,0.0,1.0,0.0,0.0,0.0,1.0,1.0,0.0,1.0,0.0,0.0,1.0,0.6150231164147675,0.3427228536873961,0.00469488724929612,0.037559178501413104,0.8215767892699063,0.17842320935118017,1.0,0.0
368,4.15,15.13,106.0,17.0,3.0,6.0,4.0,7.943639929176586,37.5,17.9,84.0,4.63,12.3,13.4,288.0,2.0,1.0,0.0,0.0,1.0,1.0,0.0,1.0,0.0,0.0,1.0,1.0,0.0,1.0,0.0,0.0,1.0,0.0,1.0,0.0,1.0,0.0,0.0,0.0,1.0,0.0,0.0,1.0,0.0,0.0,0.0,0.0,1.0,1.0,0.0,0.0,0.0,1.0,0.0,0.0,0.0,1.0,1.0,0.0,1.0,0.0,0.0,1.0,0.6150232322318282,0.3427228919259304,0.004694937988499515,0.037558960527157126,0.8215767533742939,0.17842324715103264,0.765306068671873,0.23469393422363094
369,14.6,23.19,154.0,55.0,3.0,3.0,3.0,6.03327711944606,37.0,6.2,41.2,4.81,12.9,14.9,151.0,0.0,0.0,1.0,0.0,1.0,1.0,0.0,1.0,0.0,0.0,1.0,1.0,0.0,0.0,1.0,0.0,1.0,1.0,0.0,0.0,1.0,0.0,0.0,0.0,1.0,0.0,0.0,1.0,0.0,0.0,0.0,1.0,0.0,1.0,0.0,0.0,0.0,1.0,0.0,0.0,1.0,0.0,1.0,0.0,1.0,0.0,1.0,0.0,0.6150232620044755,0.34272279977990705,0.004695135881809698,0.03755882278051881,0.8215764731094517,0.1784235422245135,0.7653059175951793,0.23469409332190094
370,5.34,15.66,113.0,20.0,2.0,5.0,6.0,6.675156727908302,38.0,10.4,63.67877091366425,4.71,14.1,13.3,310.0,3.0,0.0,1.0,0.0,1.0,1.0,0.0,1.0,0.0,0.0,1.0,0.0,1.0,1.0,0.0,0.0,1.0,1.0,0.0,1.0,0.0,0.0,0.0,0.0,1.0,0.0,0.0,1.0,0.0,0.0,0.0,1.0,0.0,1.0,0.0,0.0,0.0,1.0,0.0,0.0,0.0,1.0,1.0,0.0,1.0,0.0,1.0,0.0,0.6150235352080393,0.34272277287482866,0.00469496941375247,0.0375587257301323,0.8215765687208771,0.17842344150026324,0.7653060633253304,0.2346939398930049
371,15.81,22.81,152.0,52.7,3.0,7.0,7.0,4.5,36.8,11.3,60.154607035295186,4.88,13.5,12.5,442.0,1.0,1.0,0.0,1.0,0.0,0.0,1.0,1.0,0.0,1.0,0.0,0.0,1.0,0.0,1.0,0.0,1.0,1.0,0.0,0.0,1.0,0.0,0.0,0.0,1.0,0.0,0.0,1.0,0.0,0.0,0.0,1.0,0.0,0.0,0.0,1.0,0.0,1.0,0.0,0.0,1.0,0.0,1.0,0.0,1.0,0.0,1.0,0.0,0.6150236175357979,0.34272295623408366,0.004694925657125371,0.03755848907074488,0.821576586935546,0.17842342233520392,0.7653062051143755,0.23469379056374007
372,10.72,13.45,143.0,27.5,4.0,3.0,5.0,5.0,37.2,9.2,55.953820738469155,4.48,12.3,12.2,365.0,0.0,1.0,0.0,1.0,0.0,0.0,1.0,1.0,0.0,0.0,1.0,0.0,1.0,1.0,0.0,0.0,1.0,1.0,0.0,0.0,1.0,0.0,0.0,0.0,1.0,0.0,0.0,1.0,0.0,0.0,0.0,1.0,0.0,1.0,0.0,0.0,0.0,1.0,0.0,0.0,0.0,1.0,1.0,0.0,1.0,0.0,0.0,1.0,1.0,0.0,0.0,0.0,0.8215767510756609,0.17842324961424294,1.0,0.0
373,14.52,16.79,181.0,55.0,3.0,4.0,4.0,4.5,37.0,9.0,57.3,4.9,14.5,12.1,193.0,0.0,0.0,1.0,1.0,0.0,0.0,1.0,1.0,0.0,0.0,1.0,1.0,0.0,0.0,1.0,0.0,1.0,1.0,0.0,0.0,1.0,0.0,0.0,0.0,1.0,0.0,0.0,1.0,0.0,0.0,0.0,1.0,0.0,0.0,0.0,1.0,0.0,1.0,0.0,0.0,0.0,1.0,1.0,0.0,1.0,0.0,1.0,0.0,0.6150236471466521,0.34272288441331766,0.004694804696314114,0.03755865756311905,0.0,1.0,1.0,0.0
374,8.97,16.11,125.3,25.3,3.0,7.0,5.0,5.6,38.8,13.9,84.5,4.47,12.7,13.2,229.0,13.0,1.0,0.0,1.0,0.0,1.0,0.0,1.0,0.0,0.0,1.0,1.0,0.0,1.0,0.0,0.0,1.0,0.0,1.0,0.0,0.0,1.0,0.0,0.0,1.0,0.0,0.0,1.0,0.0,0.0,0.0,1.0,0.0,0.0,1.0,0.0,0.0,1.0,0.0,0.0,0.0,1.0,1.0,0.0,1.0,0.0,0.0,1.0,0.6150235695273585,0.3427229025826902,0.004695118860439829,0.03755839861913279,0.8215766911258053,0.17842331265214562,0.7653061368421659,0.23469386247123547
375,10.9,22.07,150.5,50.0,3.0,5.0,4.0,7.0,36.8,10.2,63.4,4.82,13.4,12.7,332.0,0.0,1.0,0.0,1.0,0.0,0.0,1.0,1.0,0.0,0.0,1.0,1.0,0.0,1.0,0.0,0.0,1.0,1.0,0.0,0.0,1.0,0.0,0.0,0.0,1.0,0.0,0.0,1.0,0.0,0.0,0.0,1.0,0.0,0.0,1.0,0.0,0.0,1.0,0.0,0.0,0.0,1.0,1.0,0.0,1.0,0.0,0.0,1.0,0.6150235387111771,0.3427229273606297,0.004695026740741293,0.037558500616204915,0.8215766916934504,0.17842331205872264,0.7653061284836469,0.23469387118925222
376,16.33,24.06,173.0,72.0,2.0,4.0,3.0,5.2,36.2,4.5,41.2,4.74,15.1,12.5,128.0,0.0,0.0,1.0,1.0,0.0,1.0,0.0,1.0,0.0,1.0,0.0,1.0,0.0,0.0,1.0,0.0,1.0,1.0,0.0,0.0,1.0,0.0,0.0,0.0,1.0,0.0,0.0,1.0,0.0,0.0,0.0,1.0,0.0,0.0,0.0,1.0,0.0,1.0,0.0,0.0,1.0,0.0,1.0,0.0,1.0,0.0,1.0,0.0,0.6150236248414003,0.3427228839242161,0.004694678299010713,0.037558811636007494,0.821576443909246,0.17842357293935518,0.7653060202927897,0.23469398509541273
377,12.92,19.14,164.5,51.8,3.0,3.0,5.0,7.0,37.2,6.4,38.7,4.61,13.8,12.4,245.0,0.0,1.0,0.0,1.0,0.0,1.0,0.0,1.0,0.0,0.0,1.0,0.0,1.0,1.0,0.0,1.0,0.0,1.0,0.0,0.0,1.0,0.0,0.0,0.0,1.0,0.0,0.0,1.0,0.0,0.0,0.0,1.0,0.0,1.0,0.0,0.0,0.0,1.0,0.0,0.0,0.0,1.0,1.0,0.0,1.0,0.0,1.0,0.0,0.6150238159759032,0.3427229764954889,0.00469497969715138,0.03755819764399082,0.0,1.0,0.7653059388402539,0.23469407078250903
378,15.75,30.73,170.0,88.8,3.0,5.0,4.0,8.325521952821076,36.8,14.7,70.2,4.96,13.2,13.0,331.0,1.0,1.0,0.0,0.0,1.0,1.0,0.0,1.0,0.0,0.0,1.0,1.0,0.0,0.0,1.0,0.0,1.0,1.0,0.0,0.0,1.0,0.0,0.0,1.0,0.0,0.0,0.0,0.0,1.0,0.0,0.0,1.0,0.0,1.0,0.0,0.0,0.0,1.0,0.0,0.0,0.0,1.0,1.0,0.0,1.0,0.0,1.0,0.0,0.615023281018557,0.34272288404473883,0.0046949947680803295,0.037558857798351,0.8215765426298911,0.17842346897099015,0.765305930648112,0.2346940793468597
379,6.18,14.86,116.0,20.0,3.0,7.0,6.0,8.286673791688408,38.9,17.5,85.5,4.6,12.5,13.5,349.0,50.0,0.0,1.0,0.0,1.0,1.0,0.0,1.0,0.0,0.0,1.0,1.0,0.0,0.0,1.0,0.0,1.0,0.0,1.0,0.0,1.0,0.0,0.0,0.0,1.0,0.0,0.0,1.0,0.0,0.0,0.0,1.0,0.0,1.0,0.0,0.0,0.0,0.0,1.0,0.0,0.0,1.0,1.0,0.0,1.0,0.0,1.0,0.0,0.6150233437824836,0.34272294363883815,0.004694823267534454,0.03755890347804092,0.8215767561521369,0.1784232442331406,0.7653059571571692,0.23469405154563328
380,14.97,20.57,165.0,56.0,3.0,3.0,3.0,5.0,37.1,8.2,56.0,4.72,14.2,11.8,283.0,0.0,1.0,0.0,1.0,0.0,0.0,1.0,1.0,0.0,0.0,1.0,1.0,0.0,1.0,0.0,0.0,1.0,1.0,0.0,0.0,1.0,0.0,0.0,0.0,1.0,0.0,0.0,1.0,0.0,0.0,0.0,0.0,1.0,1.0,0.0,0.0,0.0,1.0,0.0,0.0,0.0,1.0,1.0,0.0,1.0,0.0,1.0,0.0,0.6150236496454302,0.34272293786364416,0.004694639634198694,0.03755876768136812,0.8215766692179025,0.17842333578584435,0.7653060887494905,0.23469391300841425
381,3.37,14.19,94.6,12.7,3.0,7.0,5.0,7.64020367421749,38.5,14.8,79.0,4.4,12.1,12.4,329.0,6.0,0.0,1.0,0.0,1.0,1.0,0.0,1.0,0.0,0.0,1.0,1.0,0.0,1.0,0.0,0.0,1.0,0.0,1.0,1.0,0.0,0.0,0.0,0.0,1.0,0.0,0.0,1.0,0.0,0.0,0.0,1.0,0.0,1.0,0.0,0.0,0.0,1.0,0.0,0.0,0.0,1.0,1.0,0.0,1.0,0.0,0.0,1.0,0.6150231441630607,0.34272283750461807,0.0046946714866614725,0.037559386414310336,0.8215764826697889,0.1784235320764085,0.0,1.0
382,12.96,19.23,146.0,41.0,3.0,6.0,5.0,9.0,37.2,16.2,87.6,4.82,13.0,11.8,387.0,38.0,0.0,1.0,1.0,0.0,1.0,0.0,1.0,0.0,0.0,1.0,1.0,0.0,0.0,1.0,0.0,1.0,0.0,1.0,0.08303887235727936,0.5777385168863198,0.2102473533284146,0.12897525703032076,0.1553571419185098,0.7642857155280681,0.0285714244076809,0.05178571827906109,0.862190814657168,0.08833921914145049,0.01943462502011295,0.030035341309115005,1.0,0.0,1.0,0.0,0.0,0.0,1.0,0.0,0.0,0.0,1.0,1.0,0.0,1.0,0.0,1.0,0.0,1.0,0.0,0.0,0.0,1.0,0.0,0.7653060824693716,0.23469391964553243
383,11.45,19.84,146.2,42.4,4.0,3.0,3.0,4.0,37.2,8.2,55.3,5.35,14.8,12.1,356.0,0.0,1.0,0.0,1.0,0.0,1.0,0.0,1.0,0.0,0.0,1.0,1.0,0.0,0.0,1.0,0.0,1.0,1.0,0.0,0.0,1.0,0.0,0.0,0.0,1.0,0.0,0.0,1.0,0.0,0.0,0.0,1.0,0.0,1.0,0.0,0.0,0.0,1.0,0.0,0.0,0.0,1.0,1.0,0.0,1.0,0.0,0.5718518562809007,0.42814814348559715,0.6150236098823598,0.3427229708234708,0.00469514609202315,0.03755825621062836,0.8215766384919134,0.17842336812310033,1.0,0.0
384,4.77,14.06,108.0,16.4,3.0,7.0,5.0,8.031999900976626,39.0,28.2,76.0,4.74,12.8,13.7,385.0,12.0,1.0,0.0,0.0,1.0,1.0,0.0,1.0,0.0,0.0,1.0,1.0,0.0,1.0,0.0,0.0,1.0,0.0,1.0,0.0,0.0,1.0,0.0,0.0,0.0,1.0,0.0,1.0,0.0,0.0,0.0,1.0,0.0,1.0,0.0,0.0,0.0,1.0,0.0,0.0,0.0,1.0,1.0,0.0,1.0,0.0,0.0,1.0,0.6150232844050401,0.3427227473119653,0.004695012380577457,0.037558980277283216,0.8215766954515535,0.17842330816338503,0.7653059874952128,0.23469401965561176
385,10.54,15.99,133.5,28.5,3.0,3.0,3.0,6.0,37.2,6.6,55.3,4.41,12.3,12.8,239.0,13.0,0.0,1.0,1.0,0.0,1.0,0.0,1.0,0.0,0.0,1.0,1.0,0.0,1.0,0.0,1.0,0.0,1.0,0.0,0.0,1.0,0.0,0.0,0.0,1.0,0.0,0.0,1.0,0.0,0.0,0.0,1.0,0.0,1.0,0.0,0.0,0.0,1.0,0.0,0.0,0.0,1.0,1.0,0.0,1.0,0.0,1.0,0.0,0.6150234050253853,0.3427229300708824,0.0046949297407165025,0.03755874232041645,0.8215765724324389,0.17842343764112023,0.0,1.0
386,10.43,16.19,146.0,34.5,3.0,4.0,3.0,6.0,37.0,12.4,57.9,5.04,14.4,12.6,365.0,6.0,0.0,1.0,1.0,0.0,1.0,0.0,1.0,0.0,0.0,1.0,1.0,0.0,1.0,0.0,0.0,1.0,1.0,0.0,0.0,1.0,0.0,0.0,0.0,1.0,0.0,0.0,1.0,0.0,0.0,0.0,1.0,0.0,1.0,0.0,0.0,0.0,0.0,1.0,0.0,0.0,1.0,1.0,0.0,1.0,0.0,1.0,0.0,0.6150235744913238,0.3427229796996192,0.004695113621335123,0.037558317533884944,0.8215767372872853,0.17842326408748754,0.7653060612894949,0.23469394193641668
387,12.53,16.49,159.0,41.7,6.0,6.0,5.0,5.9,38.7,13.3,65.90981704585033,4.56,12.7,13.0,281.0,76.0,0.0,1.0,1.0,0.0,1.0,0.0,1.0,0.0,0.0,1.0,1.0,0.0,0.0,1.0,0.0,1.0,1.0,0.0,0.0,0.0,0.0,1.0,1.0,0.0,0.0,0.0,1.0,0.0,0.0,0.0,1.0,0.0,1.0,0.0,0.0,0.0,1.0,0.0,0.0,0.0,1.0,1.0,0.0,1.0,0.0,1.0,0.0,0.6150235123127283,0.34272300321756255,0.0046946220278835105,0.03755886506786388,0.8215766704210002,0.1784233344785412,1.0,0.0
388,9.11,23.98,138.5,46.0,3.0,4.0,4.0,6.3380774363835695,37.8,7.1,49.6,5.42,14.3,13.1,401.0,6.0,1.0,0.0,0.0,1.0,1.0,0.0,1.0,0.0,0.0,1.0,1.0,0.0,0.0,1.0,0.0,1.0,1.0,0.0,0.0,1.0,0.0,0.0,1.0,0.0,0.0,0.0,0.0,0.0,0.0,1.0,1.0,0.0,0.0,0.0,1.0,0.0,1.0,0.0,0.0,1.0,0.0,1.0,0.0,1.0,0.0,0.0,1.0,0.6150232834198337,0.34272284705251654,0.004694570515016427,0.03755933085521901,0.8215765948908356,0.17842341399091188,0.7653060117570271,0.23469399409535385
389,0.85,18.49,143.0,37.8,3.0,8.0,7.0,8.261408080825891,38.8,11.1,87.9,4.91,14.0,13.0,273.0,11.0,0.0,1.0,1.0,0.0,0.0,1.0,1.0,0.0,0.0,1.0,1.0,0.0,1.0,0.0,1.0,0.0,0.0,1.0,0.0,1.0,0.0,0.0,0.0,1.0,0.0,0.0,1.0,0.0,0.0,0.0,1.0,0.0,1.0,0.0,0.0,0.0,1.0,0.0,0.0,0.0,1.0,1.0,0.0,1.0,0.0,1.0,0.0,0.6150235155636146,0.3427229654417533,0.004694647547378361,0.03755887489509746,0.8215767320379672,0.17842326955539767,0.7653062837978357,0.23469370751054341
390,16.16,21.23,158.0,53.0,3.0,5.0,5.0,5.0,37.2,8.9,75.0,4.84,13.2,13.0,205.0,81.0,1.0,0.0,1.0,0.0,1.0,0.0,1.0,0.0,0.0,1.0,1.0,0.0,0.0,1.0,1.0,0.0,0.0,1.0,0.0,0.0,1.0,0.0,0.0,1.0,0.0,0.0,1.0,0.0,0.0,0.0,1.0,0.0,1.0,0.0,0.0,0.0,1.0,0.0,0.0,0.0,1.0,1.0,0.0,1.0,0.0,0.0,1.0,0.6150235161408699,0.34272293442051804,0.004695151648608342,0.03755839055489674,0.8215766413564297,0.17842336512160617,0.7653061132462271,0.23469388735478258
391,13.27,20.45,164.0,55.0,3.0,2.0,2.0,6.5,37.2,4.2,50.6,4.95,14.3,13.1,221.0,2.0,1.0,0.0,1.0,0.0,1.0,0.0,1.0,0.0,0.0,1.0,1.0,0.0,1.0,0.0,0.0,1.0,1.0,0.0,0.0,1.0,0.0,0.0,0.0,1.0,0.0,0.0,1.0,0.0,0.0,0.0,1.0,0.0,0.0,1.0,0.0,0.0,1.0,0.0,0.0,1.0,0.0,1.0,0.0,1.0,0.0,1.0,0.0,0.6150236296978082,0.3427229364053016,0.00469471330686555,0.03755871468381955,1.0,0.0,0.7653060419985696,0.23469396222363714
392,17.37,22.64,153.0,53.0,3.0,6.0,5.0,8.646218496397818,36.2,19.8,83.3,4.72,14.4,12.8,305.0,44.0,1.0,0.0,0.0,1.0,1.0,0.0,1.0,0.0,0.0,1.0,1.0,0.0,0.0,1.0,0.0,1.0,0.0,1.0,0.0,1.0,0.0,0.0,0.0,0.0,0.0,1.0,0.0,1.0,0.0,0.0,1.0,0.0,1.0,0.0,0.0,0.0,1.0,0.0,0.0,1.0,0.0,1.0,0.0,1.0,0.0,1.0,0.0,0.6150231576535392,0.34272287185146033,0.004694419181436316,0.037559595554191194,0.8215764313136237,0.17842358618415277,0.0,1.0
393,12.89,23.86,146.2,51.0,3.0,4.0,4.0,7.4,37.8,8.6,54.9,5.96,12.9,14.8,350.0,60.0,0.0,1.0,1.0,0.0,1.0,0.0,1.0,0.0,1.0,0.0,1.0,0.0,1.0,0.0,1.0,0.0,1.0,0.0,0.0,1.0,0.0,0.0,0.0,1.0,0.0,0.0,1.0,0.0,0.0,0.0,1.0,0.0,0.0,1.0,0.0,0.0,1.0,0.0,0.0,0.0,1.0,0.0,1.0,1.0,0.0,0.0,1.0,0.6150232082716722,0.3427229870060927,0.0046952211943018796,0.03755859631794467,0.8215765527318024,0.1784234583848564,0.0,1.0
394,9.39,14.92,128.4,24.6,4.0,5.0,4.0,6.121249901000004,37.9,6.0,53.5,5.16,14.5,12.5,283.0,0.0,1.0,0.0,0.0,1.0,0.0,1.0,1.0,0.0,0.0,1.0,1.0,0.0,1.0,0.0,0.0,1.0,1.0,0.0,0.0,0.0,0.0,1.0,0.0,1.0,0.0,0.0,0.0,0.0,0.0,1.0,1.0,0.0,1.0,0.0,0.0,0.0,1.0,0.0,0.0,1.0,0.0,1.0,0.0,1.0,0.0,0.0,1.0,0.6150231977744148,0.3427228209561982,0.00469450588720377,0.037559516141775884,0.8215767385241809,0.17842326278505016,1.0,0.0
395,7.4,15.2,123.0,23.0,2.0,9.0,7.0,7.0,38.0,15.0,84.5,4.9,13.7,12.6,197.0,6.0,0.0,1.0,1.0,0.0,0.0,1.0,1.0,0.0,1.0,0.0,1.0,0.0,1.0,0.0,1.0,0.0,0.0,1.0,0.08303886868496246,0.5777385056108235,0.21024736092848373,0.12897526507635704,0.1553571414988516,0.7642857167192934,0.028571421296413435,0.05178572065805842,0.8621908090398103,0.08833921932710187,0.019434635062304362,0.030035336882242247,1.0,0.0,0.0,1.0,0.0,0.0,1.0,0.0,0.0,0.0,1.0,1.0,0.0,1.0,0.0,0.0,1.0,1.0,0.0,0.0,0.0,0.8215767661463089,0.1784232336743723,0.7653062296074736,0.23469376471190728
396,12.59,16.94,147.8,37.0,3.0,5.0,5.0,6.4205606131567565,39.0,6.0,58.280305659192656,4.75,14.0,12.3,320.0,15.0,0.0,1.0,0.0,1.0,0.0,1.0,1.0,0.0,0.0,1.0,1.0,0.0,0.0,1.0,0.0,1.0,1.0,0.0,0.0,1.0,0.0,0.0,0.0,1.0,0.0,0.0,1.0,0.0,0.0,0.0,1.0,0.0,0.0,0.0,1.0,0.0,1.0,0.0,0.0,0.0,1.0,1.0,0.0,1.0,0.0,1.0,0.0,0.615023265797443,0.3427228418893177,0.0046945619589153775,0.037559363854276384,0.8215766058800178,0.17842340242714128,0.7653061774895493,0.23469381962074776
397,6.79,14.2,130.0,24.0,3.0,4.0,3.0,5.879723878318005,37.2,6.3,49.2,5.38,14.7,13.0,251.0,0.0,0.0,1.0,0.0,1.0,0.0,1.0,1.0,0.0,0.0,1.0,1.0,0.0,1.0,0.0,0.0,1.0,1.0,0.0,0.0,0.0,0.0,1.0,0.0,1.0,0.0,0.0,1.0,0.0,0.0,0.0,1.0,0.0,1.0,0.0,0.0,0.0,1.0,0.0,0.0,0.0,1.0,1.0,0.0,1.0,0.0,1.0,0.0,0.6150232316427493,0.34272286960149967,0.004695018239546989,0.03755890241583759,0.8215766472498568,0.17842335887883198,1.0,0.0
398,13.22,23.6,171.0,69.0,3.0,3.0,3.0,6.2,36.2,6.7,52.7,4.92,14.2,12.3,406.0,3.0,1.0,0.0,1.0,0.0,0.0,1.0,1.0,0.0,0.0,1.0,1.0,0.0,1.0,0.0,0.0,1.0,1.0,0.0,0.0,1.0,0.0,0.0,0.0,1.0,0.0,0.0,1.0,0.0,0.0,0.0,0.0,1.0,0.0,0.0,1.0,0.0,1.0,0.0,0.0,1.0,0.0,1.0,0.0,1.0,0.0,1.0,0.0,0.6150237068352467,0.34272290027171926,0.0046947158243968445,0.03755866706447264,0.0,1.0,0.765306078068982,0.23469392410164358
399,11.44,17.94,153.0,42.0,4.0,6.0,7.0,10.2,37.8,13.4,58.6,4.81,14.0,12.8,381.0,18.0,0.0,1.0,1.0,0.0,0.0,1.0,1.0,0.0,0.0,1.0,0.0,1.0,1.0,0.0,0.0,1.0,1.0,0.0,0.0,1.0,0.0,0.0,0.0,1.0,0.0,0.0,1.0,0.0,0.0,0.0,0.0,1.0,0.0,0.0,1.0,0.0,1.0,0.0,0.0,1.0,0.0,1.0,0.0,1.0,0.0,1.0,0.0,0.6150236069927708,0.3427229998084953,0.004694429260844513,0.03755896378790213,0.8215766955279438,0.17842330802287687,0.765306260747758,0.2346937319226785
400,10.25,16.8,160.0,43.0,3.0,6.0,5.0,7.588356058851357,39.0,4.6,83.0,4.0,11.9,12.6,146.0,6.0,0.0,1.0,0.0,1.0,1.0,0.0,1.0,0.0,0.0,1.0,1.0,0.0,0.0,1.0,0.0,1.0,0.0,1.0,0.0,0.0,1.0,0.0,0.0,1.0,0.0,0.0,1.0,0.0,0.0,0.0,1.0,0.0,0.0,0.0,1.0,0.0,1.0,0.0,0.0,1.0,0.0,1.0,0.0,1.0,0.0,0.0,1.0,0.6150230638117138,0.34272280507605646,0.004694503026508423,0.03755968149260591,0.8215766036460573,0.1784234047592166,1.0,0.0
401,9.71,32.37,135.0,59.0,3.0,4.0,3.0,5.0,37.0,11.1,43.5,4.75,13.7,12.2,283.0,2.0,1.0,0.0,1.0,0.0,1.0,0.0,1.0,0.0,0.0,1.0,1.0,0.0,1.0,0.0,0.0,1.0,1.0,0.0,0.08303888127362902,0.577738519065192,0.2102473310693458,0.12897526794320946,0.1553571541867852,0.7642857109499388,0.02857143774694726,0.0517856961536145,0.8621908068229363,0.0883392253951818,0.019434633145363756,0.030035334865473162,1.0,0.0,1.0,0.0,0.0,0.0,1.0,0.0,0.0,1.0,0.0,1.0,0.0,1.0,0.0,1.0,0.0,1.0,0.0,0.0,0.0,0.8215763425615283,0.17842367959229644,0.0,1.0
402,15.12,23.6,160.5,60.8,3.0,8.0,6.0,7.3,38.7,13.0,67.80544286617513,4.63,13.5,13.5,274.0,19.0,1.0,0.0,1.0,0.0,0.0,1.0,1.0,0.0,1.0,0.0,1.0,0.0,0.0,1.0,0.0,1.0,1.0,0.0,0.0,1.0,0.0,0.0,0.0,1.0,0.0,0.0,1.0,0.0,0.0,0.0,1.0,0.0,0.0,0.0,1.0,0.0,1.0,0.0,0.0,0.0,1.0,1.0,0.0,1.0,0.0,0.0,1.0,1.0,0.0,0.0,0.0,0.8215766951105368,0.17842330845881427,1.0,0.0
403,7.24,13.95,136.5,26.0,4.0,5.0,4.0,6.924241642320228,38.2,11.4,64.46753168348596,4.96,14.1,12.6,303.0,17.0,0.0,1.0,0.0,1.0,1.0,0.0,1.0,0.0,0.0,1.0,1.0,0.0,1.0,0.0,0.0,1.0,1.0,0.0,0.0,1.0,0.0,0.0,0.0,1.0,0.0,0.0,1.0,0.0,0.0,0.0,1.0,0.0,1.0,0.0,0.0,0.0,1.0,0.0,0.0,0.0,1.0,1.0,0.0,1.0,0.0,0.0,1.0,0.6150231512153355,0.3427228617355145,0.004694890733928259,0.03755912821199814,0.8215767317696709,0.17842326987081414,1.0,0.0
404,14.86,24.62,178.0,78.0,3.0,9.0,7.0,9.014816134224532,39.5,11.0,80.9,4.63,13.1,13.5,239.0,87.0,0.0,1.0,0.0,1.0,1.0,0.0,1.0,0.0,1.0,0.0,1.0,0.0,0.0,1.0,1.0,0.0,0.0,1.0,0.0830388648114525,0.5777385036147482,0.2102473577313445,0.12897527465344472,0.15535712715650563,0.7642857106719718,0.0285714289880028,0.05178573463592573,0.8621908237936763,0.08833921554786295,0.01943463291188907,0.03003532713869661,1.0,0.0,1.0,0.0,0.0,0.0,1.0,0.0,0.0,0.0,1.0,1.0,0.0,1.0,0.0,1.0,0.0,0.6150232465855037,0.3427228801323725,0.004694401521563196,0.037559508147220866,0.8215765197939302,0.1784234930118498,0.0,1.0
405,12.19,23.81,169.0,68.0,3.0,4.0,4.0,6.621016875074834,39.0,7.1,50.7,4.98,13.1,13.8,377.0,0.0,1.0,0.0,0.0,1.0,1.0,0.0,1.0,0.0,0.0,1.0,1.0,0.0,0.0,1.0,0.0,1.0,1.0,0.0,0.0,1.0,0.0,0.0,1.0,0.0,0.0,0.0,1.0,0.0,0.0,0.0,1.0,0.0,1.0,0.0,0.0,0.0,1.0,0.0,0.0,0.0,1.0,1.0,0.0,1.0,0.0,0.0,1.0,0.6150233003051844,0.3427229114452772,0.004694866989429225,0.037558939836264016,0.8215765744767809,0.17842343548572426,0.7653058853483055,0.2346941270024988
406,11.69,19.27,154.0,45.7,3.0,6.0,5.0,6.2,38.7,12.0,84.0,4.92,13.5,13.1,201.0,47.0,0.0,1.0,1.0,0.0,1.0,0.0,1.0,0.0,0.0,1.0,1.0,0.0,1.0,0.0,0.0,1.0,0.0,1.0,0.0830388705083166,0.5777385157799781,0.21024735403221628,0.12897525947038124,0.1553571479503736,0.7642857146420073,0.028571421858024082,0.05178571529495368,0.8621908232798171,0.08833921407849676,0.019434643519138706,0.030035318328813232,1.0,0.0,0.0,0.0,1.0,0.0,1.0,0.0,0.0,0.0,1.0,1.0,0.0,1.0,0.0,1.0,0.0,0.615023562682268,0.3427229630959776,0.004694515214224038,0.037558962916121486,0.8215766274264165,0.17842337971375788,1.0,0.0
407,9.56,15.94,133.7,28.5,3.0,2.0,2.0,6.6,37.2,9.4,40.0,4.75,13.5,12.6,285.0,0.0,1.0,0.0,1.0,0.0,1.0,0.0,1.0,0.0,0.0,1.0,1.0,0.0,1.0,0.0,0.0,1.0,1.0,0.0,0.0,1.0,0.0,0.0,0.0,1.0,0.0,0.0,1.0,0.0,0.0,0.0,1.0,0.0,0.0,1.0,0.0,0.0,1.0,0.0,0.0,0.0,1.0,1.0,0.0,1.0,0.0,1.0,0.0,0.0,1.0,0.0,0.0,0.8215766578397897,0.17842334777801372,0.7653059076958426,0.23469410362340093
408,9.9,14.4,146.0,30.7,2.0,7.0,4.0,8.127388063237964,37.9,17.1,86.7,5.01,13.9,12.6,255.0,15.0,0.0,1.0,0.0,1.0,1.0,0.0,1.0,0.0,0.0,1.0,1.0,0.0,1.0,0.0,0.0,1.0,0.0,1.0,0.0,0.0,1.0,0.0,0.0,1.0,0.0,0.0,1.0,0.0,0.0,0.0,1.0,0.0,0.0,1.0,0.0,0.0,0.0,1.0,0.0,0.0,1.0,1.0,0.0,1.0,0.0,0.0,1.0,0.6150231208470949,0.3427228935885208,0.004695113486907099,0.037558898711291144,0.821576806266624,0.17842319145316254,0.7653060890683542,0.23469391273402362
409,15.59,19.05,173.0,57.0,3.0,8.0,6.0,8.072431828156255,38.5,7.6,84.0,4.75,13.9,13.1,151.0,24.0,1.0,0.0,0.0,1.0,0.0,1.0,1.0,0.0,1.0,0.0,1.0,0.0,0.0,1.0,0.0,1.0,0.0,1.0,0.0,0.0,1.0,0.0,0.0,0.0,0.0,1.0,1.0,0.0,0.0,0.0,1.0,0.0,0.0,1.0,0.0,0.0,1.0,0.0,0.0,1.0,0.0,0.0,1.0,1.0,0.0,1.0,0.0,0.6150232310034708,0.34272284577937895,0.004694488011098064,0.03755947266011905,0.8215766072298891,0.17842340098751996,1.0,0.0
410,16.76,25.06,149.5,56.0,4.0,3.0,4.0,7.389044744813682,36.8,9.8,63.0,4.42,13.3,12.7,262.0,39.0,1.0,0.0,0.0,1.0,1.0,0.0,1.0,0.0,1.0,0.0,0.0,1.0,1.0,0.0,0.0,1.0,1.0,0.0,0.0,1.0,0.0,0.0,1.0,0.0,0.0,0.0,1.0,0.0,0.0,0.0,1.0,0.0,1.0,0.0,0.0,0.0,1.0,0.0,0.0,0.0,1.0,1.0,0.0,1.0,0.0,1.0,0.0,0.615023423210753,0.34272297359560855,0.004694602375990287,0.037559013807041186,0.8215767450007933,0.178423256022742,0.7653059515620276,0.23469405754320438
411,15.29,21.97,167.6,61.7,3.0,4.0,6.0,7.0395670867221956,36.8,5.7,61.5,5.19,12.8,14.2,249.0,0.0,1.0,0.0,0.0,1.0,1.0,0.0,1.0,0.0,0.0,1.0,0.0,1.0,0.0,1.0,1.0,0.0,1.0,0.0,0.0,1.0,0.0,0.0,0.0,1.0,0.0,0.0,1.0,0.0,0.0,0.0,1.0,0.0,1.0,0.0,0.0,0.0,0.0,1.0,0.0,0.0,1.0,1.0,0.0,1.0,0.0,0.0,1.0,0.6150233435650958,0.34272298128193746,0.004695484822089591,0.03755818477481643,0.821576714653632,0.1784232879183132,0.7653059926783077,0.23469401422341485
412,9.46,14.22,136.0,26.3,4.0,4.0,2.0,7.5,37.8,7.3,79.1,4.59,12.2,13.1,308.0,1.0,0.0,1.0,1.0,0.0,1.0,0.0,0.0,1.0,0.0,1.0,1.0,0.0,0.0,1.0,0.0,1.0,0.0,1.0,0.0,0.0,1.0,0.0,1.0,0.0,0.0,0.0,1.0,0.0,0.0,0.0,1.0,0.0,0.0,0.0,1.0,0.0,1.0,0.0,0.0,0.0,1.0,1.0,0.0,1.0,0.0,0.0,1.0,0.6150234853259391,0.3427229381378273,0.004694652367631669,0.037558932406955625,0.8215769113181322,0.1784230809159103,1.0,0.0
413,15.63,19.34,185.0,66.2,3.0,6.0,5.0,2.7,39.9,15.3,88.5,5.48,16.3,11.9,368.0,80.0,0.0,1.0,1.0,0.0,1.0,0.0,1.0,0.0,0.0,1.0,1.0,0.0,1.0,0.0,0.0,1.0,0.0,1.0,0.0,0.0,1.0,0.0,0.0,1.0,0.0,0.0,1.0,0.0,0.0,0.0,1.0,0.0,1.0,0.0,0.0,0.0,1.0,0.0,0.0,0.0,1.0,1.0,0.0,1.0,0.0,1.0,0.0,0.6150235632401241,0.34272292475215516,0.00469475761012228,0.03755875340048653,0.8215766024049036,0.1784234060846247,0.7653062040875372,0.2346937914593612
414,14.48,22.66,165.0,61.7,3.0,4.0,6.0,6.8,37.2,9.0,57.3,4.54,12.7,12.9,264.0,0.0,1.0,0.0,1.0,0.0,0.0,1.0,1.0,0.0,0.0,1.0,0.0,1.0,0.0,1.0,0.0,1.0,1.0,0.0,0.0,1.0,0.0,0.0,0.0,1.0,0.0,0.0,1.0,0.0,0.0,0.0,1.0,0.0,0.0,0.0,1.0,0.0,1.0,0.0,0.0,1.0,0.0,1.0,0.0,1.0,0.0,1.0,0.0,0.6150236173059187,0.34272297607224245,0.004694760375404505,0.03755863860688846,0.8215764381137485,0.17842357903330552,0.0,1.0
415,15.35,15.62,164.0,42.0,4.0,5.0,3.0,10.0,36.8,10.1,65.4,5.2,14.9,12.9,221.0,42.0,0.0,1.0,1.0,0.0,1.0,0.0,1.0,0.0,0.0,1.0,1.0,0.0,1.0,0.0,0.0,1.0,1.0,0.0,1.0,0.0,0.0,0.0,0.0,1.0,0.0,0.0,1.0,0.0,0.0,0.0,1.0,0.0,1.0,0.0,0.0,0.0,1.0,0.0,0.0,0.0,1.0,1.0,0.0,1.0,0.0,1.0,0.0,1.0,0.0,0.0,0.0,0.0,1.0,0.7653059325295308,0.2346940775409807
416,15.66,19.71,183.0,66.0,3.0,5.0,4.0,6.8,37.1,15.9,76.5,5.34,16.3,12.3,265.0,0.0,0.0,1.0,1.0,0.0,1.0,0.0,1.0,0.0,0.0,1.0,1.0,0.0,1.0,0.0,0.0,1.0,0.0,1.0,0.08303886002523908,0.577738521326848,0.21024734958721092,0.1289752695284646,0.15535713443096644,0.764285716674725,0.0285714236927348,0.05178572587802699,0.8621908225021461,0.08833922001568384,0.019434630013176357,0.030035326779307092,1.0,0.0,1.0,0.0,0.0,0.0,1.0,0.0,0.0,0.0,1.0,1.0,0.0,1.0,0.0,1.0,0.0,0.6150235959499954,0.3427229553591783,0.004694632640449448,0.03755881408824546,0.8215766628660974,0.1784233424463324,1.0,0.0
417,13.94,16.0,142.5,32.5,3.0,3.0,2.0,3.7,37.1,7.4,49.1,5.37,13.9,12.8,246.0,-7.454559051220031,0.0,1.0,1.0,0.0,1.0,0.0,1.0,0.0,1.0,0.0,1.0,0.0,1.0,0.0,0.0,1.0,1.0,0.0,0.0,1.0,0.0,0.0,0.0,1.0,0.0,0.0,1.0,0.0,0.0,0.0,1.0,0.0,1.0,0.0,0.0,0.0,1.0,0.0,0.0,1.0,0.0,1.0,0.0,1.0,0.0,1.0,0.0,0.6150233927371787,0.34272299020546126,0.004694711280270103,0.037558916869497416,0.8215766544825374,0.17842335129952291,1.0,0.0
418,17.08,28.09,164.5,76.0,2.0,5.0,4.0,4.5,36.2,12.3,55.9,4.85,14.9,12.9,296.0,1.0,1.0,0.0,1.0,0.0,1.0,0.0,0.0,1.0,0.0,1.0,1.0,0.0,0.0,1.0,0.0,1.0,1.0,0.0,0.0,1.0,0.0,0.0,0.0,1.0,0.0,0.0,1.0,0.0,0.0,0.0,1.0,0.0,1.0,0.0,0.0,0.0,1.0,0.0,0.0,0.0,1.0,1.0,0.0,1.0,0.0,0.0,1.0,0.6150238021150289,0.3427227891486111,0.004694966628523756,0.037558422677688386,0.8215765696216317,0.17842344052971426,0.0,1.0
419,11.39,16.85,149.0,37.4,3.0,7.0,6.0,8.10500117510233,38.1,18.4,86.9,5.16,14.4,13.2,418.0,2.0,0.0,1.0,0.0,1.0,1.0,0.0,1.0,0.0,0.0,1.0,1.0,0.0,0.0,1.0,0.0,1.0,0.0,1.0,0.0,1.0,0.0,0.0,0.0,1.0,0.0,0.0,1.0,0.0,0.0,0.0,1.0,0.0,0.0,1.0,0.0,0.0,1.0,0.0,0.0,0.0,1.0,1.0,0.0,1.0,0.0,1.0,0.0,0.6150232979262891,0.34272285941858305,0.004694741821024584,0.03755912514080717,0.821576675388198,0.17842332923217064,0.7653060449563075,0.23469395913002322
420,12.56,21.77,148.5,48.0,3.0,5.0,4.0,7.554242428734126,37.4,7.9,76.7,5.64,13.3,13.7,316.0,3.0,0.0,1.0,0.0,1.0,1.0,0.0,1.0,0.0,0.0,1.0,1.0,0.0,0.0,1.0,0.0,1.0,0.0,1.0,0.0,1.0,0.0,0.0,0.0,1.0,0.0,0.0,1.0,0.0,0.0,0.0,1.0,0.0,0.0,0.0,1.0,0.0,0.0,1.0,0.0,0.0,1.0,1.0,0.0,1.0,0.0,0.5718518550161187,0.42814814481689545,0.6150231941960851,0.3427229998672343,0.004695042209782452,0.03755878193215134,0.8215766483121754,0.1784233577581973,0.7653060133738426,0.23469399248346268
421,5.18,13.31,113.0,17.0,3.0,6.0,5.0,7.470800668039626,38.8,9.5,83.1,4.82,13.3,13.3,366.0,6.0,0.0,1.0,0.0,1.0,1.0,0.0,1.0,0.0,0.0,1.0,1.0,0.0,0.0,1.0,0.0,1.0,0.0,1.0,0.0,0.0,1.0,0.0,1.0,0.0,0.0,0.0,1.0,0.0,0.0,0.0,1.0,0.0,0.0,1.0,0.0,0.0,0.0,1.0,0.0,0.0,1.0,1.0,0.0,1.0,0.0,1.0,0.0,0.6150234295931737,0.34272295006011766,0.004695004610109188,0.037558617578474784,0.8215767516145673,0.17842324900513995,0.7653058902786819,0.23469412187687855
422,14.99,17.92,164.0,48.2,2.0,5.0,3.0,7.153922930719647,37.5,8.8,72.8,4.1,13.1,11.8,204.0,0.0,1.0,0.0,0.0,1.0,1.0,0.0,1.0,0.0,0.0,1.0,1.0,0.0,0.0,1.0,0.0,1.0,1.0,0.0,0.08303887082801387,0.5777385165456913,0.21024734898799757,0.1289752634967164,0.15535714122647226,0.764285708989943,0.02857144342825879,0.05178570636529456,0.8621908253380275,0.08833921976833059,0.01943462440315047,0.03003532974198231,1.0,0.0,1.0,0.0,0.0,0.0,1.0,0.0,0.0,1.0,0.0,0.0,1.0,1.0,0.0,1.0,0.0,0.6150230998869599,0.3427226871862227,0.004694685268658461,0.03755957887476635,0.8215766110808449,0.17842339692843234,0.7653061147587755,0.2346938857052857
423,12.17,22.2,145.5,47.0,4.0,6.0,5.0,6.753517207729093,38.2,7.5,57.7,5.14,14.3,12.9,366.0,13.0,1.0,0.0,0.0,1.0,1.0,0.0,1.0,0.0,1.0,0.0,1.0,0.0,0.0,1.0,1.0,0.0,1.0,0.0,1.0,0.0,0.0,0.0,0.0,1.0,0.0,0.0,1.0,0.0,0.0,0.0,1.0,0.0,1.0,0.0,0.0,0.0,1.0,0.0,0.0,1.0,0.0,1.0,0.0,1.0,0.0,1.0,0.0,0.6150232411624427,0.34272282502691853,0.004694672124991306,0.03755929490250853,0.8215765605682217,0.17842345013257477,0.7653060824305504,0.2346939197522978
424,12.39,16.34,158.4,41.0,3.0,6.0,5.0,9.0,37.0,13.1,71.0,4.6,13.1,12.7,222.0,14.0,1.0,0.0,1.0,0.0,1.0,0.0,1.0,0.0,1.0,0.0,0.0,1.0,1.0,0.0,0.0,1.0,1.0,0.0,0.0,0.0,1.0,0.0,0.0,1.0,0.0,0.0,1.0,0.0,0.0,0.0,1.0,0.0,1.0,0.0,0.0,0.0,1.0,0.0,0.0,0.0,1.0,1.0,0.0,1.0,0.0,1.0,0.0,1.0,0.0,0.0,0.0,1.0,0.0,0.7653061265351464,0.23469387324203395
425,11.0,22.46,156.5,55.0,3.0,4.0,3.0,2.9,37.0,7.8,36.1,5.02,14.1,12.8,291.0,0.0,1.0,0.0,1.0,0.0,1.0,0.0,1.0,0.0,1.0,0.0,1.0,0.0,0.0,1.0,0.0,1.0,1.0,0.0,0.0,1.0,0.0,0.0,1.0,0.0,0.0,0.0,1.0,0.0,0.0,0.0,1.0,0.0,0.0,0.0,1.0,0.0,1.0,0.0,0.0,0.0,1.0,0.0,1.0,1.0,0.0,0.5718518549852243,0.4281481448484932,0.6150235233787162,0.3427229037365691,0.004695189272924005,0.037558376490629986,0.8215765066003976,0.17842350695478804,1.0,0.0
426,12.19,18.59,159.0,47.0,3.0,5.0,3.0,7.4,37.0,11.7,67.2,5.08,14.6,12.7,284.0,2.0,0.0,1.0,1.0,0.0,1.0,0.0,1.0,0.0,1.0,0.0,1.0,0.0,1.0,0.0,0.0,1.0,1.0,0.0,0.0,1.0,0.0,0.0,0.0,1.0,0.0,0.0,1.0,0.0,0.0,0.0,1.0,0.0,0.0,1.0,0.0,0.0,0.0,1.0,0.0,1.0,0.0,1.0,0.0,1.0,0.0,1.0,0.0,0.6150234829642465,0.3427230088346108,0.00469468706592191,0.03755882364669094,1.0,0.0,0.7653061055914776,0.2346938952695954
427,11.33,19.04,151.5,43.7,3.0,3.0,3.0,6.418895209402938,36.0,6.9,56.4,4.54,13.0,12.6,310.0,0.0,1.0,0.0,0.0,1.0,1.0,0.0,1.0,0.0,0.0,1.0,1.0,0.0,1.0,0.0,1.0,0.0,1.0,0.0,0.08303887358022921,0.5777385140076945,0.2102473449440656,0.12897526735115383,0.1553571409435468,0.7642857177080042,0.02857143489203995,0.05178570624864243,0.8621908065581139,0.0883392326672785,0.019434623404244622,0.030035337468292567,1.0,0.0,1.0,0.0,0.0,0.0,1.0,0.0,0.0,0.0,1.0,1.0,0.0,1.0,0.0,1.0,0.0,0.6150232537373923,0.34272281228414636,0.004695136510146081,0.0375588175777517,0.8215766844565834,0.1784233197139765,1.0,0.0
428,11.11,23.12,158.4,58.0,4.0,6.0,6.0,8.535642429516953,38.6,8.6,73.7,4.78,12.5,14.5,186.0,106.0,0.0,1.0,0.0,1.0,0.0,1.0,1.0,0.0,0.0,1.0,1.0,0.0,0.0,1.0,1.0,0.0,1.0,0.0,0.0,0.0,1.0,0.0,0.0,1.0,0.0,0.0,1.0,0.0,0.0,0.0,1.0,0.0,0.0,1.0,0.0,0.0,0.0,1.0,0.0,0.0,1.0,1.0,0.0,1.0,0.0,1.0,0.0,0.6150233288478244,0.3427228819683623,0.0046953952450132785,0.03755839736194044,0.8215767364112003,0.1784232650169899,0.7653060771829279,0.23469392515605192
429,6.28,14.98,132.0,26.1,3.0,3.0,3.0,5.8,38.2,7.9,70.0,4.87,12.8,13.8,219.0,38.0,0.0,1.0,1.0,0.0,1.0,0.0,1.0,0.0,0.0,1.0,1.0,0.0,1.0,0.0,0.0,1.0,1.0,0.0,0.0,1.0,0.0,0.0,0.0,1.0,0.0,0.0,1.0,0.0,0.0,0.0,1.0,0.0,1.0,0.0,0.0,0.0,1.0,0.0,0.0,0.0,1.0,1.0,0.0,1.0,0.0,0.0,1.0,0.61502347744114,0.3427229414762889,0.004694943979754229,0.03755863762373024,0.821576733652769,0.178423267920108,1.0,0.0
430,17.45,17.18,174.0,52.0,2.0,2.0,2.0,7.2,36.8,7.5,44.8,5.03,14.8,13.5,316.0,0.0,0.0,1.0,1.0,0.0,1.0,0.0,1.0,0.0,0.0,1.0,1.0,0.0,1.0,0.0,0.0,1.0,1.0,0.0,0.0,1.0,0.0,0.0,1.0,0.0,0.0,0.0,1.0,0.0,0.0,0.0,1.0,0.0,1.0,0.0,0.0,0.0,1.0,0.0,0.0,0.0,1.0,1.0,0.0,1.0,0.0,0.5718518562781982,0.42814814348770347,1.0,0.0,0.0,0.0,0.821576667556433,0.17842333753834838,0.765305929371217,0.23469408076111697
431,11.27,15.19,152.0,35.1,3.0,6.0,7.0,4.7,38.0,8.7,64.8,4.694000417429281,13.355013916802557,12.841300037491868,258.90891439735236,9.0,1.0,0.0,1.0,0.0,1.0,0.0,1.0,0.0,1.0,0.0,0.0,1.0,0.0,1.0,0.0,1.0,1.0,0.0,0.0,1.0,0.0,0.0,0.0,1.0,0.0,0.0,1.0,0.0,0.0,0.0,1.0,0.0,1.0,0.0,0.0,0.0,1.0,0.0,0.0,0.0,1.0,1.0,0.0,1.0,0.0,1.0,0.0,0.615023782841776,0.3427229551916816,0.004694730365032651,0.03755851165710844,0.8215765619205722,0.1784234486696037,0.0,1.0
432,8.47,16.04,129.5,26.9,3.0,6.0,6.0,5.344355928805252,38.1,6.7,35.1,5.1,14.5,12.7,399.0,0.0,0.0,1.0,0.0,1.0,0.0,1.0,1.0,0.0,0.0,1.0,1.0,0.0,0.0,1.0,1.0,0.0,1.0,0.0,0.0,1.0,0.0,0.0,0.0,1.0,0.0,0.0,1.0,0.0,0.0,0.0,1.0,0.0,1.0,0.0,0.0,0.0,1.0,0.0,0.0,0.0,1.0,1.0,0.0,1.0,0.0,1.0,0.0,0.6150232690881523,0.3427228379812066,0.004695122066550872,0.03755878849291716,0.8215765865727989,0.17842342274808343,0.7653060692699962,0.2346939334948327
433,14.25,22.43,158.0,56.0,3.0,5.0,5.0,7.1,36.8,8.9,86.4,4.56,13.2,13.8,210.0,4.0,0.0,1.0,1.0,0.0,1.0,0.0,1.0,0.0,0.0,1.0,1.0,0.0,0.0,1.0,1.0,0.0,0.0,1.0,0.0,0.0,0.0,1.0,0.0,1.0,0.0,0.0,1.0,0.0,0.0,0.0,1.0,0.0,0.0,0.0,1.0,0.0,1.0,0.0,0.0,0.0,1.0,1.0,0.0,1.0,0.0,0.0,1.0,0.6150233678359798,0.34272293454225844,0.0046948874477864555,0.03755882231082641,0.8215766056841876,0.17842340265121703,0.7653063301766696,0.23469365903576045
434,12.2,16.91,149.5,37.8,3.0,7.0,6.0,5.0,36.3,10.2,79.1,4.67,13.6,12.5,304.0,1.0,0.0,1.0,1.0,0.0,1.0,0.0,1.0,0.0,0.0,1.0,1.0,0.0,0.0,1.0,1.0,0.0,0.0,1.0,0.0,1.0,0.0,0.0,0.0,1.0,0.0,0.0,1.0,0.0,0.0,0.0,1.0,0.0,1.0,0.0,0.0,0.0,1.0,0.0,0.0,0.0,1.0,1.0,0.0,1.0,0.0,1.0,0.0,0.6150235394995998,0.34272289549240875,0.004694973623038501,0.037558587830263335,0.8215766758636965,0.17842332871789413,1.0,0.0
435,13.47,18.53,168.0,52.3,7.0,6.0,7.0,6.332696538598947,37.0,7.0,43.4,4.33,13.0,12.7,200.0,0.0,1.0,0.0,0.0,1.0,0.0,1.0,1.0,0.0,1.0,0.0,0.0,1.0,0.0,1.0,1.0,0.0,1.0,0.0,0.0,1.0,0.0,0.0,0.0,1.0,0.0,0.0,1.0,0.0,0.0,0.0,1.0,0.0,0.0,1.0,0.0,0.0,1.0,0.0,0.0,1.0,0.0,1.0,0.0,1.0,0.0,1.0,0.0,0.6150232811848453,0.34272292721672815,0.00469496946936554,0.03755883791190073,0.8215766279751133,0.1784233791765496,0.7653061147542906,0.23469388555966508
436,9.58,19.02,145.0,40.0,3.0,3.0,2.0,6.665122692384515,37.6,8.5,58.5,4.43,12.2,13.1,223.0,5.0,0.0,1.0,0.0,1.0,1.0,0.0,1.0,0.0,0.0,1.0,1.0,0.0,1.0,0.0,0.0,1.0,1.0,0.0,0.08303887321423187,0.5777385178014204,0.21024734369204956,0.12897526503371626,0.15535714560666603,0.7642857173210225,0.028571432102642347,0.051785704482591344,0.8621908190080475,0.08833922081237677,0.019434633511191568,0.030035326127275108,1.0,0.0,1.0,0.0,0.0,0.0,0.0,1.0,0.0,0.0,1.0,1.0,0.0,1.0,0.0,1.0,0.0,0.6150232072867967,0.34272289003810896,0.004695091824780118,0.0375588319803738,0.8215766939601032,0.17842330972141573,0.7653060370898987,0.2346939674374232
437,8.58,18.8,138.0,35.8,3.0,3.0,2.0,6.7,37.4,6.3,44.4,5.23,14.0,12.9,331.0,0.0,0.0,1.0,1.0,0.0,1.0,0.0,1.0,0.0,0.0,1.0,1.0,0.0,1.0,0.0,0.0,1.0,1.0,0.0,0.0,1.0,0.0,0.0,0.0,1.0,0.0,0.0,1.0,0.0,0.0,0.0,0.0,1.0,1.0,0.0,0.0,0.0,1.0,0.0,0.0,0.0,1.0,1.0,0.0,1.0,0.0,1.0,0.0,0.6150235652251792,0.34272296680041403,0.004694931156048576,0.03755852874507859,1.0,0.0,0.7653060542456579,0.23469394941536958
438,11.48,17.35,141.0,34.5,3.0,8.0,8.0,6.0,39.0,17.7,70.7,5.24,14.8,12.8,297.0,0.0,0.0,1.0,1.0,0.0,0.0,1.0,1.0,0.0,1.0,0.0,0.0,1.0,0.0,1.0,0.0,1.0,1.0,0.0,0.08303886535747607,0.5777385241984838,0.21024734300508618,0.1289752674870881,0.15535715642259218,0.7642857121008972,0.028571427228039403,0.05178570330534171,0.8621908191297979,0.0883392092971872,0.01943463716558924,0.030035334394345803,1.0,0.0,1.0,0.0,0.0,0.0,1.0,0.0,0.0,1.0,0.0,1.0,0.0,1.0,0.0,1.0,0.0,0.615023547867468,0.34272299946806795,0.004694595450783878,0.03755885797904357,0.8215766975855927,0.17842330587164523,0.7653061752476247,0.2346938220217768
439,16.78,18.63,158.0,46.5,3.0,3.0,4.0,6.295109968549145,37.7,8.0,53.5,4.76,14.3,12.2,238.0,0.0,1.0,0.0,0.0,1.0,1.0,0.0,1.0,0.0,0.0,1.0,1.0,0.0,1.0,0.0,0.0,1.0,1.0,0.0,0.0,1.0,0.0,0.0,0.0,1.0,0.0,0.0,1.0,0.0,0.0,0.0,1.0,0.0,1.0,0.0,0.0,0.0,1.0,0.0,0.0,0.0,1.0,1.0,0.0,1.0,0.0,1.0,0.0,0.6150234051736699,0.3427228664645169,0.004694524256090293,0.0375592255364926,0.8215766221230099,0.17842338533932378,0.7653060328808365,0.23469397186790542
440,15.13,21.78,156.0,53.0,3.0,3.0,3.0,6.7,36.0,7.8,50.3,5.06,15.5,13.1,199.0,0.0,0.0,1.0,1.0,0.0,1.0,0.0,1.0,0.0,0.0,1.0,1.0,0.0,1.0,0.0,1.0,0.0,1.0,0.0,0.0,1.0,0.0,0.0,0.0,1.0,0.0,0.0,1.0,0.0,0.0,0.0,1.0,0.0,0.0,0.0,1.0,0.0,0.0,1.0,0.0,0.0,1.0,1.0,0.0,1.0,0.0,1.0,0.0,0.6150236970289104,0.34272295229247995,0.004695241702974973,0.03755808320557308,0.0,1.0,0.7653060013438857,0.23469400514110228
441,7.1,15.28,120.0,22.0,2.0,4.0,3.0,7.598348741462137,37.1,13.0,86.1,4.78,13.4,12.4,410.0,8.0,0.0,1.0,0.0,1.0,1.0,0.0,0.0,1.0,0.0,1.0,1.0,0.0,0.0,1.0,0.0,1.0,0.0,1.0,0.0,1.0,0.0,0.0,0.0,1.0,0.0,0.0,1.0,0.0,0.0,0.0,1.0,0.0,1.0,0.0,0.0,0.0,1.0,0.0,0.0,0.0,1.0,1.0,0.0,1.0,0.0,1.0,0.0,0.6150233705682406,0.34272281343611233,0.004694453544926147,0.037559391569589984,0.8215768674686245,0.17842312707021524,0.7653060598263051,0.23469394338855687
442,13.56,28.6,157.0,70.5,2.0,2.0,1.0,7.969253599749471,37.2,15.0,68.9,5.02,14.2,14.1,420.0,46.0,1.0,0.0,0.0,1.0,1.0,0.0,0.0,1.0,0.0,1.0,1.0,0.0,1.0,0.0,0.0,1.0,1.0,0.0,0.0,1.0,0.0,0.0,0.0,1.0,0.0,0.0,1.0,0.0,0.0,0.0,1.0,0.0,1.0,0.0,0.0,0.0,1.0,0.0,0.0,0.0,1.0,1.0,0.0,1.0,0.0,1.0,0.0,0.6150234645619753,0.342722762172483,0.004694933568496706,0.03755885103248058,0.8215768276648543,0.1784231689850283,0.7653059793673169,0.23469402810247553
443,5.0,16.02,106.0,18.0,3.0,6.0,5.0,7.931823294086733,38.4,18.0,83.2,3.96,11.5,12.4,274.0,7.0,1.0,0.0,0.0,1.0,1.0,0.0,1.0,0.0,0.0,1.0,1.0,0.0,1.0,0.0,0.0,1.0,0.0,1.0,0.0,1.0,0.0,0.0,1.0,0.0,0.0,0.0,0.0,1.0,0.0,0.0,1.0,0.0,1.0,0.0,0.0,0.0,1.0,0.0,0.0,0.0,1.0,1.0,0.0,1.0,0.0,1.0,0.0,0.6150232181581718,0.3427229051947531,0.004694389621800132,0.03755952519741845,0.8215766867957442,0.17842331723079585,0.7653061007188282,0.2346939003593551
444,12.71,15.11,156.5,37.0,1.0,5.0,3.0,6.813513123214473,37.2,11.9,67.8,4.29,12.9,12.4,258.0,1.0,1.0,0.0,0.0,1.0,1.0,0.0,1.0,0.0,0.0,1.0,1.0,0.0,1.0,0.0,0.0,1.0,1.0,0.0,0.0,0.0,1.0,0.0,0.1553571473540194,0.7642857114427068,0.028571443274526875,0.05178569730689597,1.0,0.0,0.0,0.0,1.0,0.0,0.0,0.0,1.0,0.0,1.0,0.0,0.0,0.0,1.0,1.0,0.0,1.0,0.0,1.0,0.0,0.6150232778259024,0.3427227262126349,0.004695031231113922,0.03755898991218243,0.8215766477305869,0.17842335832769896,0.7653062444403572,0.23469374912997354
445,11.04,17.36,161.0,45.0,3.0,8.0,5.0,7.81751419956546,37.0,10.9,81.6,4.93,14.6,12.5,291.0,1.0,1.0,0.0,0.0,1.0,0.0,1.0,1.0,0.0,1.0,0.0,1.0,0.0,0.0,1.0,0.0,1.0,0.0,1.0,0.0,0.0,0.0,1.0,0.0,1.0,0.0,0.0,1.0,0.0,0.0,0.0,1.0,0.0,1.0,0.0,0.0,0.0,1.0,0.0,0.0,0.0,1.0,1.0,0.0,1.0,0.0,0.0,1.0,0.6150231581445238,0.3427228655613912,0.004694574707140631,0.03755944198912353,0.8215767363325871,0.1784232650991291,0.7653061555364029,0.23469384275907212
446,15.21,35.38,155.0,85.0,3.0,7.0,8.0,8.5,36.8,12.4,68.4,4.62,12.8,13.8,542.0,7.0,1.0,0.0,1.0,0.0,0.0,1.0,1.0,0.0,0.0,1.0,0.0,1.0,0.0,1.0,1.0,0.0,1.0,0.0,0.0,1.0,0.0,0.0,1.0,0.0,0.0,0.0,1.0,0.0,0.0,0.0,1.0,0.0,1.0,0.0,0.0,0.0,1.0,0.0,0.0,1.0,0.0,1.0,0.0,1.0,0.0,1.0,0.0,0.6150236568896895,0.34272299093546377,0.004695149833359058,0.037558179673321646,0.8215766361321306,0.17842337052564639,0.7653060170914813,0.23469398840833466
447,11.37,12.55,140.0,24.6,4.0,7.0,6.0,8.074685780935148,38.3,15.5,81.1,5.19,14.3,12.6,305.0,74.0,1.0,0.0,0.0,1.0,1.0,0.0,1.0,0.0,0.0,1.0,1.0,0.0,1.0,0.0,1.0,0.0,0.0,1.0,0.0,0.0,0.0,1.0,0.0,1.0,0.0,0.0,1.0,0.0,0.0,0.0,1.0,0.0,0.0,1.0,0.0,0.0,1.0,0.0,0.0,0.0,1.0,1.0,0.0,1.0,0.0,1.0,0.0,0.6150232581527464,0.3427229425317835,0.004694513019628532,0.03755931526324641,0.8215767237192153,0.1784232783597003,0.7653062468744793,0.234693746564003
448,12.44,22.39,171.7,66.0,3.0,6.0,4.0,7.0,37.2,10.6,68.2,4.87,14.1,12.9,290.0,2.0,1.0,0.0,1.0,0.0,1.0,0.0,1.0,0.0,1.0,0.0,1.0,0.0,0.0,1.0,0.0,1.0,1.0,0.0,0.08303887197279924,0.5777385198130626,0.21024733826882425,0.12897526982841256,0.15535714529745226,0.7642857102364475,0.028571433909910904,0.0517857104156243,0.8621908028088453,0.08833922367223113,0.019434620922202717,0.030035353563294453,1.0,0.0,1.0,0.0,0.0,0.0,1.0,0.0,0.0,1.0,0.0,1.0,0.0,1.0,0.0,0.0,1.0,1.0,0.0,0.0,0.0,0.8215765059408768,0.1784235076001014,0.0,1.0
449,15.71,19.84,168.0,56.0,4.0,6.0,7.0,6.0,37.0,9.2,70.2,5.1,14.4,14.2,238.0,1.0,1.0,0.0,1.0,0.0,0.0,1.0,1.0,0.0,1.0,0.0,0.0,1.0,0.0,1.0,1.0,0.0,1.0,0.0,0.0,1.0,0.0,0.0,0.0,1.0,0.0,0.0,0.0,1.0,0.0,0.0,1.0,0.0,1.0,0.0,0.0,0.0,1.0,0.0,0.0,1.0,0.0,1.0,0.0,1.0,0.0,0.0,1.0,0.615023403619509,0.34272292862574627,0.004695018155737918,0.037558654719407336,0.8215767129880535,0.17842328967830545,0.7653063005631212,0.23469369014846042
450,15.28,20.45,181.0,67.0,3.0,4.0,4.0,7.185781543824472,36.8,6.2,62.0,5.13,14.5,14.3,188.0,13.0,0.0,1.0,0.0,1.0,1.0,0.0,1.0,0.0,0.0,1.0,1.0,0.0,0.0,1.0,1.0,0.0,1.0,0.0,0.0,1.0,0.0,0.0,0.0,1.0,0.0,0.0,1.0,0.0,0.0,0.0,1.0,0.0,1.0,0.0,0.0,0.0,1.0,0.0,0.0,0.0,1.0,1.0,0.0,1.0,0.0,0.0,1.0,0.615023197642808,0.3427228043815983,0.004695240366166531,0.03755877988577949,0.821576665958883,0.17842333917614728,1.0,0.0
451,16.19,19.53,160.0,50.0,3.0,6.0,5.0,7.7056437771874275,37.2,11.6,76.7,4.06,11.5,12.9,168.0,0.0,1.0,0.0,0.0,1.0,1.0,0.0,1.0,0.0,0.0,1.0,1.0,0.0,0.0,1.0,0.0,1.0,0.0,1.0,0.0,1.0,0.0,0.0,0.0,1.0,0.0,0.0,1.0,0.0,0.0,0.0,1.0,0.0,1.0,0.0,0.0,0.0,1.0,0.0,0.0,0.0,1.0,1.0,0.0,1.0,0.0,0.0,1.0,0.6150232152298476,0.34272285464918506,0.004694634814138898,0.03755932996710387,0.8215766479362528,0.17842335815449661,0.7653060006299861,0.23469400586653122
452,14.49,30.44,168.0,85.9,5.0,4.0,3.0,7.1555631435757485,37.0,6.5,47.8,4.51,13.1,14.0,221.0,0.0,1.0,0.0,0.0,1.0,1.0,0.0,1.0,0.0,1.0,0.0,1.0,0.0,0.0,1.0,0.0,1.0,1.0,0.0,0.0,1.0,0.0,0.0,0.0,1.0,0.0,0.0,1.0,0.0,0.0,0.0,1.0,0.0,1.0,0.0,0.0,0.0,1.0,0.0,0.0,0.0,1.0,1.0,0.0,1.0,0.0,0.0,1.0,0.6150233237778316,0.34272286554134135,0.004695319416815447,0.037558498244425365,0.8215765476725778,0.17842346373482865,0.7653058300029909,0.23469418540443
453,15.72,19.96,166.0,55.0,2.0,2.0,1.0,6.585762780288,37.0,17.3,50.2,4.19,12.3,11.9,317.0,0.0,1.0,0.0,0.0,1.0,1.0,0.0,0.0,1.0,0.0,1.0,1.0,0.0,1.0,0.0,0.0,1.0,1.0,0.0,0.0,1.0,0.0,0.0,0.0,1.0,0.0,0.0,1.0,0.0,0.0,0.0,0.0,1.0,1.0,0.0,0.0,0.0,1.0,0.0,0.0,0.0,1.0,1.0,0.0,1.0,0.0,0.0,1.0,0.6150232393419859,0.3427227949686539,0.004694480013066049,0.03755952565624754,0.8215768717821735,0.1784231225730627,1.0,0.0
454,13.52,18.96,164.0,51.0,3.0,4.0,4.0,7.850246249345982,36.8,11.1,84.1,4.66,12.4,14.1,287.0,0.0,1.0,0.0,0.0,1.0,1.0,0.0,0.0,1.0,0.0,1.0,1.0,0.0,0.0,1.0,0.0,1.0,0.0,1.0,0.0,1.0,0.0,0.0,0.0,1.0,0.0,0.0,1.0,0.0,0.0,0.0,1.0,0.0,1.0,0.0,0.0,0.0,1.0,0.0,0.0,0.0,1.0,1.0,0.0,0.0,1.0,0.571851369650128,0.4281486556962911,0.6150386012490296,0.3427120183605262,0.004751512409970737,0.03749580281489928,0.8215824261779182,0.17841728437494642,0.7653060198008337,0.23469397719660956
455,9.76,14.18,141.5,28.4,3.0,4.0,4.0,6.0,36.0,6.9,43.5,4.94,13.9,12.2,226.0,0.0,0.0,1.0,1.0,0.0,0.0,1.0,1.0,0.0,0.0,1.0,1.0,0.0,1.0,0.0,1.0,0.0,1.0,0.0,0.0,1.0,0.0,0.0,0.0,1.0,0.0,0.0,1.0,0.0,0.0,0.0,1.0,0.0,1.0,0.0,0.0,0.0,1.0,0.0,0.0,1.0,0.0,1.0,0.0,1.0,0.0,1.0,0.0,0.6150233813374051,0.34272294545281545,0.004694788851008158,0.037558896117046436,0.8215766425492975,0.17842336382424595,0.7653062381337437,0.2346937557205072
456,11.26,23.0,161.5,60.0,3.0,2.0,2.0,10.7,36.8,6.4,45.3,5.19,14.6,13.5,244.0,44.0,1.0,0.0,1.0,0.0,1.0,0.0,1.0,0.0,0.0,1.0,1.0,0.0,1.0,0.0,0.0,1.0,1.0,0.0,0.08303887063311188,0.5777385230950258,0.2102473365424069,0.1289752695982197,0.15535713604794188,0.7642857145089967,0.028571439443433877,0.051785710258910544,0.8621907968144051,0.08833922934718863,0.019434632865381607,0.030035341781964875,1.0,0.0,1.0,0.0,0.0,0.0,1.0,0.0,0.0,1.0,0.0,1.0,0.0,1.0,0.0,1.0,0.0,1.0,0.0,0.0,0.0,0.8215766015956228,0.17842340697117665,0.7653059106661408,0.23469410043617944
457,12.43,19.38,170.0,56.0,3.0,8.0,6.0,8.440303773187136,39.0,15.0,83.6,4.7,13.5,12.9,248.0,23.0,0.0,1.0,0.0,1.0,1.0,0.0,1.0,0.0,0.0,1.0,1.0,0.0,0.0,1.0,0.0,1.0,0.0,1.0,1.0,0.0,0.0,0.0,1.0,0.0,0.0,0.0,1.0,0.0,0.0,0.0,1.0,0.0,1.0,0.0,0.0,0.0,0.0,1.0,0.0,0.0,1.0,1.0,0.0,1.0,0.0,1.0,0.0,0.6150233584671315,0.34272291046229797,0.004694304229845847,0.037559455414899356,0.8215766415067586,0.17842336487761934,0.7653058773137793,0.23469413551932794
458,7.45,12.39,146.0,26.4,3.0,7.0,6.0,7.804079215590883,38.1,17.5,83.0,4.62,12.7,12.1,346.0,8.0,0.0,1.0,0.0,1.0,1.0,0.0,1.0,0.0,0.0,1.0,1.0,0.0,0.0,1.0,0.0,1.0,0.0,1.0,0.0,1.0,0.0,0.0,1.0,0.0,0.0,0.0,1.0,0.0,0.0,0.0,1.0,0.0,1.0,0.0,0.0,0.0,1.0,0.0,0.0,0.0,1.0,1.0,0.0,1.0,0.0,0.5718518534645555,0.4281481464520337,0.6150231623961224,0.34272293149749977,0.004694303594276805,0.03755964610467122,0.8215767073579772,0.17842329556733938,0.7653060903165987,0.2346939112215144
459,13.96,27.78,166.5,77.0,3.0,4.0,5.0,6.982873238696748,36.8,8.7,49.0,4.35,12.9,12.4,233.0,0.0,1.0,0.0,0.0,1.0,1.0,0.0,1.0,0.0,1.0,0.0,0.0,1.0,0.0,1.0,0.0,1.0,1.0,0.0,0.0,1.0,0.0,0.0,0.0,1.0,0.0,0.0,1.0,0.0,0.0,0.0,1.0,0.0,1.0,0.0,0.0,0.0,1.0,0.0,0.0,0.0,1.0,1.0,0.0,1.0,0.0,0.0,1.0,0.6150233848862405,0.34272291958533274,0.004695039630999487,0.037558662692461775,0.8215765745811086,0.17842343541285755,0.7653058890397375,0.23469412325859318
460,12.61,28.06,172.0,83.0,3.0,2.0,2.0,7.408345933412733,36.8,5.1,61.4,5.43,15.4,12.0,207.0,0.0,0.0,1.0,0.0,1.0,1.0,0.0,1.0,0.0,0.0,1.0,1.0,0.0,1.0,0.0,0.0,1.0,1.0,0.0,0.0,1.0,0.0,0.0,0.0,1.0,0.0,0.0,1.0,0.0,0.0,0.0,1.0,0.0,1.0,0.0,0.0,0.0,1.0,0.0,0.0,0.0,1.0,1.0,0.0,1.0,0.0,1.0,0.0,0.615023279078245,0.34272291065380145,0.004694855398284292,0.03755897519632567,0.8215764316582492,0.17842358581360895,0.0,1.0
461,17.46,23.1,162.5,61.0,3.0,7.0,7.0,8.182111586307105,36.8,13.1,80.8,4.9,13.5,13.9,276.0,5.0,1.0,0.0,0.0,1.0,1.0,0.0,1.0,0.0,0.0,1.0,0.0,1.0,0.0,1.0,0.0,1.0,0.0,1.0,0.0,0.0,1.0,0.0,0.0,1.0,0.0,0.0,0.0,0.0,1.0,0.0,1.0,0.0,1.0,0.0,0.0,0.0,1.0,0.0,0.0,0.0,1.0,1.0,0.0,1.0,0.0,1.0,0.0,0.6150236893292857,0.3427227789066446,0.004695761315598013,0.0375577399011926,0.8215767633053267,0.17842323669817284,0.7653060609476368,0.23469394246024788
462,12.51,18.59,148.5,41.0,3.0,7.0,6.0,7.0,38.0,10.9,80.0,4.83,13.9,12.1,207.0,8.0,0.0,1.0,1.0,0.0,1.0,0.0,1.0,0.0,0.0,1.0,1.0,0.0,0.0,1.0,0.0,1.0,0.0,1.0,0.08303887147999345,0.5777385137309778,0.2102473516457406,0.12897526302811657,0.15535714314735982,0.764285715075596,0.028571410105832973,0.05178573210885362,0.8621908296661429,0.088339210244469,0.019434634227610825,0.030035325006959823,1.0,0.0,0.0,0.0,1.0,0.0,1.0,0.0,0.0,0.0,1.0,1.0,0.0,1.0,0.0,0.5718518548646803,0.42814814497910747,0.0,1.0,0.0,0.0,0.0,1.0,1.0,0.0
463,7.37,19.66,131.5,34.0,7.0,7.0,6.0,9.715343840768783,36.4,23.6,79.0,5.16,13.3,13.9,445.0,192.0,0.0,1.0,0.0,1.0,1.0,0.0,1.0,0.0,0.0,1.0,1.0,0.0,1.0,0.0,1.0,0.0,0.0,1.0,0.0830388844034664,0.5777385009649196,0.2102473622191915,0.12897525165429424,0.15535714035643122,0.7642857117546952,0.02857144142318513,0.0517857064681283,0.8621908111373224,0.08833923193744553,0.019434607809537652,0.030035349337879547,0.9395683359302518,0.0604316645627353,0.0,0.0,1.0,0.0,0.0,1.0,0.0,1.0,0.0,1.0,0.0,1.0,0.0,0.0,1.0,0.6150229606142459,0.34272298944098467,0.004695120250870488,0.037558964892111635,1.0,0.0,0.7653063569929885,0.2346936306453813
464,11.22,22.67,148.5,50.0,4.0,8.0,7.0,9.24868058737787,38.5,14.7,83.8,5.11,13.6,13.9,297.0,132.0,0.0,1.0,0.0,1.0,1.0,0.0,1.0,0.0,0.0,1.0,1.0,0.0,0.0,1.0,1.0,0.0,0.0,1.0,0.0830388717350451,0.5777385017026695,0.2102473672165126,0.12897525943517696,0.1553571398745177,0.7642857133147977,0.02857142208593566,0.051785725203378874,0.8621908249640953,0.08833922124921867,0.019434628392812847,0.030035324508986272,1.0,0.0,0.0,1.0,0.0,0.0,0.0,1.0,0.0,0.0,1.0,1.0,0.0,1.0,0.0,1.0,0.0,0.6150233571984554,0.3427229493342072,0.004694897102547002,0.0375588070612789,0.8215767252956991,0.1784232766991678,0.7653060098842561,0.23469399605767327
465,9.89,21.08,154.0,50.0,7.0,6.0,4.0,7.0,37.0,13.5,68.4,4.43,12.8,12.0,237.0,1.0,0.0,1.0,1.0,0.0,0.0,1.0,1.0,0.0,1.0,0.0,1.0,0.0,1.0,0.0,0.0,1.0,1.0,0.0,0.0,1.0,0.0,0.0,0.0,1.0,0.0,0.0,1.0,0.0,0.0,0.0,1.0,0.0,0.0,1.0,0.0,0.0,0.0,1.0,0.0,1.0,0.0,0.9369676319054314,0.06303236809193702,1.0,0.0,0.0,1.0,0.0,1.0,0.0,0.0,1.0,0.0,0.7653061887381992,0.23469380767066383
466,13.83,17.3,170.0,50.0,5.0,3.0,2.0,6.4122445226735545,37.1,5.5,57.0,4.16,12.6,12.2,336.0,1.0,1.0,0.0,0.0,1.0,1.0,0.0,1.0,0.0,1.0,0.0,0.7098591689380636,0.2901408303113705,1.0,0.0,0.0,1.0,1.0,0.0,0.0,1.0,0.0,0.0,0.0,0.0,0.0,1.0,1.0,0.0,0.0,0.0,0.9395683480103277,0.06043165184970456,1.0,0.0,0.0,0.0,0.0,0.0,1.0,1.0,0.0,0.9369676085168804,0.0630323927134635,1.0,0.0,1.0,0.0,0.6150231295627226,0.342722943070328,0.0046943800433812966,0.03755959075709381,0.8215766935304971,0.17842331017343005,0.7653060111808905,0.23469399459383733
467,9.32,14.92,132.0,26.0,4.0,8.0,7.0,12.7,36.5,18.6,88.3,4.24,12.2,12.4,283.0,7.0,0.0,1.0,1.0,0.0,0.0,1.0,1.0,0.0,0.390998590007252,0.6090014101792622,0.7098591730499093,0.29014082594926827,0.0,1.0,1.0,0.0,0.0,1.0,0.0,0.0,1.0,0.0,0.0,1.0,0.0,0.0,1.0,0.0,0.0,0.0,1.0,0.0,1.0,0.0,0.0,0.0,1.0,0.0,0.0,0.31640057643282204,0.6835994237828238,0.9369676278741675,0.06303237235485304,1.0,0.0,0.0,1.0,1.0,0.0,0.0,0.0,0.8215769029339555,0.17842308974072552,1.0,0.0
468,14.79,17.37,154.0,41.2,5.0,4.0,3.0,9.0,36.3,5.0,50.3,5.19,13.7,14.0,286.0,32.0,0.0,1.0,1.0,0.0,0.0,1.0,1.0,0.0,1.0,0.0,1.0,0.0,1.0,0.0,0.0,1.0,1.0,0.0,0.0,1.0,0.0,0.0,0.0,1.0,0.0,0.0,1.0,0.0,0.0,0.0,0.0,1.0,0.0,1.0,0.0,0.0,1.0,0.0,0.0,1.0,0.0,0.936967635106136,0.06303236473937468,1.0,0.0,1.0,0.0,0.615023504224288,0.3427229838233202,0.004694520939889202,0.037558997898401225,1.0,0.0,0.7653060970594291,0.23469390432777315
469,5.72,14.36,118.0,20.0,5.0,5.0,4.0,6.933151049655234,39.1,7.7,70.0,4.51,12.2,12.9,221.0,3.0,1.0,0.0,0.0,1.0,1.0,0.0,1.0,0.0,1.0,0.0,1.0,0.0,1.0,0.0,1.0,0.0,1.0,0.0,1.0,0.0,0.0,0.0,1.0,0.0,0.0,0.0,1.0,0.0,0.0,0.0,1.0,0.0,0.7230113412130237,0.11789772874485038,0.15767045101540333,0.001420480848194905,1.0,0.0,0.0,0.31640058156783457,0.6835994183791416,0.9369676299504406,0.06303237015140983,1.0,0.0,1.0,0.0,0.6150232745835735,0.3427228100690898,0.004694605159362486,0.03755934318592136,1.0,0.0,1.0,0.0
470,4.94,15.28,120.0,22.0,5.0,8.0,9.0,9.493831074128058,38.2,23.8,77.0,4.58,11.8,13.0,187.0,197.0,1.0,0.0,0.0,1.0,1.0,0.0,1.0,0.0,0.39099859119590685,0.6090014089411755,0.0,1.0,0.0,1.0,1.0,0.0,0.0,1.0,0.08303887341522775,0.5777385066073186,0.21024736298152424,0.1289752568026944,0.15535715083077417,0.7642857054505516,0.028571427160803298,0.051785716433106255,0.8621908039790457,0.08833923869054194,0.019434646229422925,0.03003531049967878,0.0,1.0,0.0,1.0,0.0,0.0,1.0,0.0,0.0,0.0,1.0,0.9369676189598088,0.06303238172578618,1.0,0.0,0.0,1.0,0.6150233737529773,0.34272301845156306,0.00469468076764834,0.037558938818559096,1.0,0.0,1.0,0.0
471,8.13,18.51,123.0,28.0,9.0,7.0,5.0,12.0,38.0,8.1,81.7,5.31,14.4,13.0,215.0,43.0,1.0,0.0,1.0,0.0,1.0,0.0,1.0,0.0,1.0,0.0,1.0,0.0,0.0,1.0,1.0,0.0,0.0,1.0,0.0,0.0,1.0,0.0,0.0,0.0,0.0,1.0,0.0,0.0,0.0,1.0,0.9395683511108467,0.060431648584563624,0.7230113696502691,0.11789772815738497,0.15767045086266895,0.0014204508766223478,1.0,0.0,0.0,0.31640057945610467,0.6835994206007298,0.9369676342843312,0.06303236561292391,1.0,0.0,0.0,1.0,0.6150235433989443,0.34272302067678695,0.004694864499858786,0.03755856450096484,1.0,0.0,0.7653060724009544,0.23469393039569686
472,13.16,15.94,168.0,45.0,4.0,5.0,6.0,8.0,36.7,12.7,65.4,4.78,12.4,13.7,357.0,15.0,1.0,0.0,1.0,0.0,1.0,0.0,1.0,0.0,0.0,1.0,0.0,1.0,1.0,0.0,1.0,0.0,1.0,0.0,0.0,1.0,0.0,0.0,1.0,0.0,0.0,0.0,1.0,0.0,0.0,0.0,1.0,0.0,1.0,0.0,0.0,0.0,1.0,0.0,0.0,1.0,0.0,0.9369676398956212,0.06303235967771204,1.0,0.0,1.0,0.0,0.0,1.0,0.0,0.0,1.0,0.0,0.765306188444712,0.23469380791455563
473,18.36,21.521659103417676,172.28974985743017,60.36391504837212,4.0,8.0,7.0,7.638071517779773,36.2,10.3,59.9,4.26,12.3,13.1,248.0,74.0,1.0,0.0,0.0,1.0,0.0,1.0,1.0,0.0,1.0,0.0,1.0,0.0,0.0,1.0,1.0,0.0,1.0,0.0,0.0,1.0,0.0,0.0,0.0,1.0,0.0,0.0,1.0,0.0,0.0,0.0,1.0,0.0,1.0,0.0,0.0,0.0,1.0,0.0,0.0,0.0,1.0,1.0,0.0,1.0,0.0,1.0,0.0,0.615023332140342,0.34272281360709556,0.004694788709430409,0.03755908756422488,0.8215767467967539,0.17842325483334798,1.0,0.0
474,6.49,16.24,119.0,23.0,6.0,6.0,7.0,7.835636445312836,38.9,9.3,77.8,4.92,13.4,12.7,187.0,39.0,0.0,1.0,0.0,1.0,1.0,0.0,1.0,0.0,1.0,0.0,0.0,1.0,1.0,0.0,1.0,0.0,0.0,1.0,1.0,0.0,0.0,0.0,0.0,1.0,0.0,0.0,1.0,0.0,0.0,0.0,0.9395683486591975,0.06043165116473648,1.0,0.0,0.0,0.0,1.0,0.0,0.0,1.0,0.0,0.936967614055993,0.06303238689506852,1.0,0.0,0.0,1.0,0.6150230583216973,0.34272300451870974,0.004694347658754094,0.037559637042198224,1.0,0.0,0.765306243891481,0.23469374981599012
475,11.24,21.49,151.0,49.0,8.0,10.0,9.0,12.0,37.8,24.3,80.3,4.57,13.2,11.7,355.0,38.0,0.0,1.0,1.0,0.0,0.0,1.0,1.0,0.0,1.0,0.0,0.0,1.0,0.0,1.0,1.0,0.0,0.0,1.0,0.0,0.0,1.0,0.0,0.0,0.0,0.0,1.0,1.0,0.0,0.0,0.0,1.0,0.0,1.0,0.0,0.0,0.0,1.0,0.0,0.0,0.0,1.0,0.9369676155375241,0.06303238533732158,1.0,0.0,1.0,0.0,0.0,1.0,0.0,0.0,1.0,0.0,0.7653061307574279,0.23469386873703513
476,14.36,18.82,163.0,50.0,4.0,10.0,7.0,9.0,37.5,14.3,80.4,4.84,14.0,12.7,271.0,41.0,0.0,1.0,1.0,0.0,0.0,1.0,1.0,0.0,1.0,0.0,0.7098591917149395,0.2901408063085672,0.0,1.0,1.0,0.0,0.0,1.0,0.0,0.0,0.0,1.0,1.0,0.0,0.0,0.0,1.0,0.0,0.0,0.0,1.0,0.0,0.0,1.0,0.0,0.0,0.0,1.0,0.0,1.0,0.0,0.9369676160825794,0.06303238475356465,1.0,0.0,1.0,0.0,0.0,1.0,0.0,0.0,1.0,0.0,0.7653060894556739,0.23469391219516056
477,12.66,17.6,145.0,37.0,8.0,7.0,6.0,9.410717711234522,36.3,16.3,92.1,5.01,14.0,13.1,259.0,100.0,0.0,1.0,0.0,1.0,1.0,0.0,1.0,0.0,1.0,0.0,1.0,0.0,0.0,1.0,1.0,0.0,0.0,1.0,0.0,0.0,1.0,0.0,0.0,0.0,0.0,1.0,1.0,0.0,0.0,0.0,1.0,0.0,1.0,0.0,0.0,0.0,1.0,0.0,0.0,0.0,1.0,0.9369676112433608,0.06303238985629178,1.0,0.0,0.0,1.0,0.6150230316279627,0.3427230089847496,0.004695030939337874,0.03755895959154931,0.8215767549889477,0.178423245473752,0.76530624298629,0.23469375075908439
478,10.32,14.66,130.6,25.0,6.0,5.0,3.0,6.0,37.5,4.4,38.6,4.79,13.2,12.8,253.0,1.0,1.0,0.0,1.0,0.0,1.0,0.0,1.0,0.0,1.0,0.0,1.0,0.0,1.0,0.0,1.0,0.0,1.0,0.0,0.0,1.0,0.0,0.0,0.0,1.0,0.0,0.0,1.0,0.0,0.0,0.0,1.0,0.0,1.0,0.0,0.0,0.0,1.0,0.0,0.0,0.0,1.0,0.0,1.0,1.0,0.0,0.0,1.0,1.0,0.0,0.0,0.0,0.0,1.0,0.7653059814011858,0.2346940260616761
479,16.25,31.38,174.0,95.0,4.0,6.0,5.0,14.0,35.8,15.2,64.3,5.07,14.0,13.0,347.0,84.0,1.0,0.0,1.0,0.0,1.0,0.0,1.0,0.0,0.0,1.0,1.0,0.0,0.0,1.0,1.0,0.0,1.0,0.0,0.0,0.0,0.0,1.0,0.0,0.0,0.0,1.0,0.0,1.0,0.0,0.0,1.0,0.0,1.0,0.0,0.0,0.0,1.0,0.0,0.0,0.0,1.0,0.9369676296546542,0.06303237047432075,1.0,0.0,1.0,0.0,0.0,1.0,0.0,0.0,0.8215765927793358,0.1784234161865471,1.0,0.0
480,13.02,19.33,164.0,52.0,5.0,10.0,10.0,12.0,38.3,17.2,89.6,5.09,13.9,12.5,330.0,20.0,0.0,1.0,1.0,0.0,0.0,1.0,1.0,0.0,1.0,0.0,0.0,1.0,0.0,1.0,1.0,0.0,0.0,1.0,0.08303886310522057,0.5777385129828203,0.2102473529345178,0.12897527155322286,0.1553571338165951,0.7642857149848036,0.028571420111175416,0.051785732015617425,0.8621908223861312,0.08833921797116107,0.019434642719373563,0.03003531601375853,1.0,0.0,1.0,0.0,0.0,0.0,0.0,0.0,1.0,1.0,0.0,0.9369676227786145,0.06303237771274195,1.0,0.0,0.0,1.0,0.6150232934038316,0.3427231314982141,0.004694097317927581,0.03755950543508857,1.0,0.0,0.7653061190503725,0.23469388107378708
481,12.97,17.8,148.0,39.0,5.0,6.0,4.0,11.0,37.2,10.1,73.5,5.4,15.1,12.5,308.0,26.0,0.0,1.0,1.0,0.0,1.0,0.0,1.0,0.0,1.0,0.0,1.0,0.0,0.0,1.0,1.0,0.0,1.0,0.0,0.0,0.0,1.0,0.0,0.0,1.0,0.0,0.0,1.0,0.0,0.0,0.0,1.0,0.0,1.0,0.0,0.0,0.0,1.0,0.0,0.0,1.0,0.0,0.9369676375646446,0.06303236215527463,1.0,0.0,1.0,0.0,0.0,1.0,0.0,0.0,1.0,0.0,0.7653061618215674,0.23469383616509576
482,9.25,18.81,144.0,39.0,4.0,8.0,6.0,8.593912821344652,36.8,16.4,92.2,4.54,12.9,12.7,277.0,3.0,0.0,1.0,0.0,1.0,1.0,0.0,1.0,0.0,1.0,0.0,1.0,0.0,0.0,1.0,1.0,0.0,0.0,1.0,0.0,1.0,0.0,0.0,0.0,1.0,0.0,0.0,1.0,0.0,0.0,0.0,0.939568343606995,0.060431656482779705,0.7230113663028574,0.1178977300552485,0.15767045079729636,0.0014204525744637708,0.0,1.0,0.0,1.0,0.0,0.9369676458382593,0.06303235342990066,1.0,0.0,1.0,0.0,0.6150231454422649,0.3427228300006888,0.004694882150057977,0.03755917722094182,0.8215768250055085,0.17842317174374045,1.0,0.0
483,6.64,15.37,121.0,22.5,7.0,9.0,7.0,8.0,38.8,14.0,77.1,4.52,11.7,13.0,187.0,33.0,0.0,1.0,1.0,0.0,0.0,1.0,1.0,0.0,1.0,0.0,1.0,0.0,0.0,1.0,1.0,0.0,0.0,1.0,0.0,0.0,0.0,1.0,0.0,1.0,0.0,0.0,1.0,0.0,0.0,0.0,0.0,1.0,1.0,0.0,0.0,0.0,1.0,0.0,0.0,0.0,1.0,0.9369676214741848,0.06303237908392345,1.0,0.0,0.0,1.0,0.0,1.0,0.0,0.0,1.0,0.0,0.7653062576666256,0.23469373524527248
484,12.52,15.65,143.0,32.0,5.0,6.0,5.0,8.01798017991387,36.4,13.2,85.5,4.99,14.7,12.8,255.0,1.0,0.0,1.0,0.0,1.0,1.0,0.0,1.0,0.0,0.0,1.0,1.0,0.0,1.0,0.0,1.0,0.0,0.0,1.0,0.0,0.0,1.0,0.0,0.0,1.0,0.0,0.0,1.0,0.0,0.0,0.0,1.0,0.0,0.0,1.0,0.0,0.0,0.0,1.0,0.0,0.0,1.0,0.9369676340486299,0.06303236584663585,1.0,0.0,1.0,0.0,0.615023228941137,0.3427229076141276,0.004695333890355036,0.03755854075218357,0.8215768071972607,0.1784231904841198,0.7653061407096547,0.2346938583932794
485,11.96,21.88,160.0,56.0,1.0,4.0,6.0,8.724482950363825,37.7,19.9,84.3,4.56,12.3,13.0,323.0,62.0,1.0,0.0,0.0,1.0,1.0,0.0,1.0,0.0,1.0,0.0,1.0,0.0,0.0,1.0,1.0,0.0,0.0,1.0,0.0,0.0,0.0,1.0,0.0,1.0,0.0,0.0,1.0,0.0,0.0,0.0,1.0,0.0,0.0,0.0,1.0,0.0,0.0,1.0,0.0,0.0,1.0,0.9369676184497998,0.0630323822561959,1.0,0.0,1.0,0.0,0.6150232321244435,0.3427230190102265,0.004694345377861842,0.03755943799233086,0.8215767034682937,0.1784232998198253,0.7653061711291753,0.2346938262547792
486,4.3,14.51,105.0,16.0,6.0,7.0,6.0,8.0,38.0,8.1,77.3,5.94,15.6,12.9,222.0,205.0,1.0,0.0,1.0,0.0,1.0,0.0,1.0,0.0,1.0,0.0,1.0,0.0,0.0,1.0,1.0,0.0,0.0,1.0,0.08303886713627928,0.5777385027659295,0.21024736984249415,0.12897526059381914,0.1553571328810387,0.7642857064044151,0.02857140648001333,0.051785756071018874,0.8621908005107515,0.08833923277631384,0.019434649872583476,0.030035316714958515,1.0,0.0,0.0,1.0,0.0,0.0,0.0,0.0,1.0,0.0,1.0,0.9369675999131312,0.06303240178438319,1.0,0.0,1.0,0.0,0.6150238087024358,0.3427231157335193,0.004694519638395622,0.03755853135610865,1.0,0.0,0.7653059009389664,0.23469411076391045
487,11.42,14.54,140.0,28.5,4.0,8.0,6.0,8.0,35.9,25.3,84.2,4.84,13.9,12.1,296.0,0.0,0.0,1.0,1.0,0.0,1.0,0.0,1.0,0.0,1.0,0.0,1.0,0.0,0.0,1.0,1.0,0.0,0.0,1.0,0.0,0.0,0.0,1.0,0.0,1.0,0.0,0.0,0.0,1.0,0.0,0.0,0.9395683416641294,0.06043165852718879,0.0,0.0,1.0,0.0,0.0,1.0,0.0,0.0,1.0,0.9369676353345991,0.0630323644905022,1.0,0.0,0.0,1.0,0.6150230994735107,0.34272304221783245,0.004694898428968863,0.03755898732077123,1.0,0.0,0.7653064460167492,0.23469353707982732
488,12.59,15.62,164.0,42.0,4.0,8.0,5.0,10.0,37.8,20.4,84.7,4.57,13.3,11.7,278.0,8.0,1.0,0.0,1.0,0.0,1.0,0.0,1.0,0.0,1.0,0.0,1.0,0.0,1.0,0.0,1.0,0.0,0.0,1.0,0.08303887057387005,0.5777385093110426,0.21024735677379225,0.1289752634099821,0.15535714361434316,0.7642857097176762,0.02857145143193618,0.05178569479918016,0.862190803693376,0.08833923341361438,0.019434635910242304,0.030035326929740203,0.0,1.0,0.0,0.0,1.0,0.0,1.0,0.0,0.0,1.0,0.0,0.9369676244996656,0.06303237589385557,1.0,0.0,1.0,0.0,1.0,0.0,0.0,0.0,1.0,0.0,0.7653063532123067,0.2346936345258951
489,13.72,18.19,177.0,57.0,5.0,7.0,8.0,8.0,38.7,15.7,80.4,3.85,11.7,12.4,234.0,10.0,1.0,0.0,1.0,0.0,1.0,0.0,1.0,0.0,1.0,0.0,0.0,1.0,1.0,0.0,1.0,0.0,0.0,1.0,1.0,0.0,0.0,0.0,0.0,1.0,0.0,0.0,0.0,0.0,1.0,0.0,0.9395683446348744,0.06043165540131712,1.0,0.0,0.0,0.0,1.0,0.0,0.0,0.0,1.0,0.9369676220037575,0.06303237850862953,1.0,0.0,0.0,1.0,1.0,0.0,0.0,0.0,1.0,0.0,1.0,0.0
490,3.96,16.0,100.0,16.0,3.0,8.0,9.0,14.0,39.2,26.6,85.0,4.2,11.6,13.7,349.0,39.0,1.0,0.0,1.0,0.0,1.0,0.0,1.0,0.0,0.0,1.0,0.0,1.0,0.0,1.0,1.0,0.0,0.0,1.0,0.0,0.0,0.0,1.0,0.0,1.0,0.0,0.0,0.0,1.0,0.0,0.0,1.0,0.0,1.0,0.0,0.0,0.0,0.0,0.0,1.0,0.0,1.0,0.9369676181141459,0.0630323826330077,1.0,0.0,0.0,1.0,1.0,0.0,0.0,0.0,1.0,0.0,0.7653060394882876,0.23469396497857065
491,7.44,15.09,130.0,25.5,7.0,8.0,7.0,9.0,38.3,17.8,87.3,4.44,12.3,11.6,288.0,108.0,1.0,0.0,1.0,0.0,1.0,0.0,1.0,0.0,0.0,1.0,1.0,0.0,0.0,1.0,1.0,0.0,0.0,1.0,0.0,0.0,1.0,0.0,0.0,1.0,0.0,0.0,1.0,0.0,0.0,0.0,1.0,0.0,0.0,1.0,0.0,0.0,1.0,0.0,0.0,0.0,1.0,0.936967632356812,0.06303236762356423,1.0,0.0,0.0,1.0,0.0,1.0,0.0,0.0,1.0,0.0,0.7653062021987548,0.2346937935268263
492,2.8,14.77,92.0,12.5,13.0,6.0,5.0,9.330309654489424,39.6,21.9,76.1,4.28,10.7,12.1,455.0,162.0,0.0,1.0,0.0,1.0,1.0,0.0,0.0,1.0,0.0,1.0,1.0,0.0,0.0,1.0,1.0,0.0,0.0,1.0,0.08303943500972155,0.5777385482007116,0.21024376186658567,0.1289783048328499,0.15534809376996794,0.7642803179866193,0.028563620565823178,0.05180920328401162,0.8621727718645612,0.08833538533635277,0.019435602506580163,0.03005788173445656,1.0,0.0,0.0,0.0,0.0,1.0,0.0,0.0,1.0,0.0,1.0,0.9369801020572625,0.06301923856121094,1.0,0.0,1.0,0.0,0.6150795884472258,0.3426407058450984,0.0048091294672159,0.037467278702689955,1.0,0.0,1.0,0.0
493,11.24,16.89,150.0,38.0,9.0,9.0,9.0,9.0,38.1,10.7,85.7,4.82,13.5,12.6,272.0,2.0,1.0,0.0,1.0,0.0,1.0,0.0,1.0,0.0,1.0,0.0,0.0,1.0,0.0,1.0,1.0,0.0,0.0,1.0,0.0,0.0,0.0,1.0,0.0,1.0,0.0,0.0,1.0,0.0,0.0,0.0,0.9395683493267528,0.06043165046470855,0.723011356185163,0.1178977272847963,0.15767045226897336,0.0014204649181032147,1.0,0.0,0.0,0.0,1.0,0.9369676366822669,0.0630323630710915,1.0,0.0,1.0,0.0,0.6150236717347672,0.3427230272222198,0.004694884608615335,0.03755839723398646,0.8215767621333327,0.17842323790380787,0.7653062722799657,0.23469371984398113
494,10.46,14.7,133.0,26.0,5.0,7.0,9.0,11.0,36.7,14.3,91.5,4.85,13.0,12.9,328.0,4.0,0.0,1.0,1.0,0.0,0.0,1.0,1.0,0.0,1.0,0.0,1.0,0.0,0.0,1.0,1.0,0.0,0.0,1.0,0.0,0.0,1.0,0.0,0.0,1.0,0.0,0.0,1.0,0.0,0.0,0.0,1.0,0.0,1.0,0.0,0.0,0.0,1.0,0.0,0.0,0.0,1.0,0.9369676314583772,0.06303236857779815,1.0,0.0,0.5718518441836297,0.42814815621729874,0.6150234861690791,0.3427230563412266,0.004694550389422791,0.037558911865043565,1.0,0.0,1.0,0.0
495,12.83,16.02,158.0,40.0,8.0,8.0,6.0,9.5,38.2,10.2,86.2,4.58,12.0,12.9,446.0,80.0,0.0,1.0,1.0,0.0,1.0,0.0,1.0,0.0,1.0,0.0,1.0,0.0,1.0,0.0,1.0,0.0,0.0,1.0,0.0,1.0,0.0,0.0,0.0,0.0,0.0,1.0,1.0,0.0,0.0,0.0,1.0,0.0,1.0,0.0,0.0,0.0,0.0,0.0,1.0,1.0,0.0,0.9369676070686713,0.06303239424542384,1.0,0.0,0.0,1.0,0.6150231058300628,0.34272314831382733,0.004694133494070218,0.03755965285995666,1.0,0.0,0.7653062619234932,0.2346937306027843
496,2.6,14.88,97.0,14.0,8.0,5.0,5.0,7.368569573772467,37.3,8.2,61.0,4.35,9.7,16.1,221.0,64.0,0.0,1.0,0.0,1.0,1.0,0.0,1.0,0.0,0.0,1.0,1.0,0.0,0.0,1.0,1.0,0.0,1.0,0.0,0.0,0.0,0.0,1.0,1.0,0.0,0.0,0.0,1.0,0.0,0.0,0.0,1.0,0.0,1.0,0.0,0.0,0.0,1.0,0.0,0.0,0.0,1.0,0.9369676238649695,0.06303237656333516,1.0,0.0,0.0,1.0,0.615023108064773,0.3427229409001752,0.004695626359545568,0.03755833651328522,0.8215766831343205,0.17842332108324555,1.0,0.0
497,15.68,19.6,166.0,54.0,4.0,9.0,7.0,8.8,36.3,14.9,86.1,4.45,11.6,13.6,236.0,1.0,1.0,0.0,1.0,0.0,0.0,1.0,1.0,0.0,1.0,0.0,1.0,0.0,0.0,1.0,1.0,0.0,0.0,1.0,0.0,1.0,0.0,0.0,0.0,1.0,0.0,0.0,1.0,0.0,0.0,0.0,0.0,1.0,0.0,0.0,1.0,0.0,1.0,0.0,0.0,0.0,1.0,0.9369676318243843,0.06303236818759683,1.0,0.0,0.0,1.0,0.6150233970286758,0.3427229726552975,0.004694687630415029,0.03755895479727933,0.8215767758002995,0.17842322353344897,0.7653062630202545,0.23469372958647383
498,10.71,18.74,147.0,40.5,5.0,8.0,8.0,9.4,36.7,19.8,91.3,4.77,13.9,12.4,357.0,3.0,0.0,1.0,1.0,0.0,1.0,0.0,1.0,0.0,1.0,0.0,0.0,1.0,0.0,1.0,1.0,0.0,0.0,1.0,0.0,0.0,1.0,0.0,1.0,0.0,0.0,0.0,1.0,0.0,0.0,0.0,1.0,0.0,1.0,0.0,0.0,0.0,1.0,0.0,0.0,0.0,1.0,0.9369676172466119,0.06303238353456153,1.0,0.0,1.0,0.0,1.0,0.0,0.0,0.0,1.0,0.0,0.7653061403983277,0.23469385860696823
499,10.79,29.98,178.0,95.0,6.0,10.0,7.0,10.810683407756404,37.4,25.8,97.7,4.66,13.2,12.7,335.0,51.0,1.0,0.0,0.0,1.0,0.0,1.0,1.0,0.0,1.0,0.0,1.0,0.0,0.0,1.0,1.0,0.0,0.0,1.0,0.0,0.0,0.0,1.0,1.0,0.0,0.0,0.0,1.0,0.0,0.0,0.0,1.0,0.0,1.0,0.0,0.0,0.0,1.0,0.0,0.0,0.0,1.0,0.9369676091578227,0.06303239202339217,1.0,0.0,1.0,0.0,0.6150231319932552,0.34272302585338077,0.004694765524922873,0.03755910504542248,0.8215767139902405,0.17842328859437706,0.7653060742581076,0.23469392794980348
500,15.0,19.62,182.0,65.0,5.0,8.0,6.0,10.0,37.0,10.3,74.7,4.94,15.2,12.6,190.0,15.0,0.0,1.0,1.0,0.0,0.0,1.0,1.0,0.0,1.0,0.0,1.0,0.0,0.0,1.0,1.0,0.0,1.0,0.0,0.0,0.0,0.0,1.0,0.0,1.0,0.0,0.0,1.0,0.0,0.0,0.0,0.0,1.0,0.0,0.0,1.0,0.0,1.0,0.0,0.0,0.0,1.0,0.9369676352096172,0.06303236461773098,1.0,0.0,1.0,0.0,0.6150234725864858,0.34272296930382073,0.004694509847567918,0.03755905866171838,1.0,0.0,0.765306380963848,0.23469360537627337
501,15.57,18.21,183.0,61.0,5.0,8.0,7.0,10.0,36.8,13.6,87.4,5.06,15.4,12.0,234.0,5.0,0.0,1.0,1.0,0.0,0.0,1.0,1.0,0.0,0.0,1.0,1.0,0.0,0.0,1.0,1.0,0.0,0.0,1.0,0.0,0.0,1.0,0.0,0.0,1.0,0.0,0.0,1.0,0.0,0.0,0.0,1.0,0.0,1.0,0.0,0.0,0.0,1.0,0.0,0.0,1.0,0.0,0.9369676469138931,0.06303235229636983,1.0,0.0,0.0,1.0,0.6150232636110047,0.34272296376494726,0.00469469220685903,0.03755910330668599,1.0,0.0,0.7653062859849369,0.2346937053189655
502,8.88,14.03,133.5,25.0,7.0,7.0,8.0,9.0,36.3,9.2,88.0,4.89,13.8,12.5,261.0,47.0,1.0,0.0,1.0,0.0,0.0,1.0,1.0,0.0,1.0,0.0,0.0,1.0,0.0,1.0,1.0,0.0,0.0,1.0,0.0830388697668839,0.5777385124999432,0.21024735659552285,0.12897526109999735,0.1553571361962306,0.7642857162635601,0.028571411308099703,0.05178573713789014,0.8621908078922041,0.08833923140111632,0.019434633990726646,0.030035326499006976,1.0,0.0,1.0,0.0,0.0,0.0,0.0,0.0,1.0,0.0,1.0,0.9369676098116628,0.06303239136193162,1.0,0.0,0.0,1.0,0.6150235330261918,0.3427231110426795,0.004694637459123463,0.037558713814119016,1.0,0.0,0.7653060995244166,0.23469390175057991
503,11.55,14.43,143.0,29.5,19.0,9.0,7.0,9.0,38.3,18.6,80.0,4.46,12.2,12.7,234.0,160.0,0.0,1.0,1.0,0.0,1.0,0.0,1.0,0.0,1.0,0.0,1.0,0.0,0.0,1.0,1.0,0.0,0.0,1.0,0.0,0.0,1.0,0.0,0.0,1.0,0.0,0.0,1.0,0.0,0.0,0.0,1.0,0.0,0.0,0.0,1.0,0.0,1.0,0.0,0.0,0.0,1.0,0.9369676255005879,0.06303237484425672,1.0,0.0,0.0,1.0,0.0,1.0,0.0,0.0,0.8215768242478174,0.17842317254340245,0.7653063942828705,0.2346935913703987
504,9.25,15.23,138.0,29.0,8.0,7.0,5.0,8.0,37.5,23.8,79.2,4.91,13.7,79.2,353.0,353.0,0.0,1.0,1.0,0.0,1.0,0.0,1.0,0.0,0.0,1.0,1.0,0.0,0.0,1.0,0.0,1.0,0.0,1.0,0.0,1.0,0.0,0.0,0.0,1.0,0.0,0.0,1.0,0.0,0.0,0.0,1.0,0.0,1.0,0.0,0.0,0.0,1.0,0.0,0.0,0.0,1.0,1.0,0.0,1.0,0.0,1.0,0.0,0.6150260102022207,0.34272075257981593,0.004704905699238204,0.03754797255628106,1.0,0.0,0.7653048620549036,0.23469520603004812
505,5.48,15.34,117.0,21.0,5.0,9.0,9.0,8.0,38.7,15.1,88.9,4.82,13.4,12.7,288.0,85.0,0.0,1.0,1.0,0.0,1.0,0.0,1.0,0.0,1.0,0.0,0.0,1.0,0.0,1.0,1.0,0.0,0.0,1.0,0.0,0.0,1.0,0.0,1.0,0.0,0.0,0.0,1.0,0.0,0.0,0.0,1.0,0.0,1.0,0.0,0.0,0.0,0.0,0.0,1.0,0.0,1.0,0.0,1.0,1.0,0.0,1.0,0.0,0.6150235146933176,0.3427230365778372,0.004694838139994495,0.03755860554386725,1.0,0.0,0.7653060123743815,0.2346939934046438
506,7.45,17.75,130.0,30.0,4.0,9.0,8.0,7.0,37.4,17.6,89.4,4.84,13.1,13.0,275.0,275.0,0.0,1.0,1.0,0.0,1.0,0.0,1.0,0.0,1.0,0.0,0.0,1.0,0.0,1.0,1.0,0.0,0.0,1.0,0.08303887689358735,0.5777385000107988,0.21024737476678668,0.12897524788151193,0.15535714037279846,0.7642857068292019,0.028571412228430293,0.051785741604003954,0.8621908157128304,0.08833922826151885,0.01943463163252468,0.030035323783436763,1.0,0.0,1.0,0.0,0.0,0.0,1.0,0.0,0.0,0.0,1.0,0.9369676134049183,0.0630323875783595,1.0,0.0,0.5718518560183549,0.4281481437610971,0.0,1.0,0.0,0.0,0.8215767944996599,0.17842320385413146,0.7653061781993366,0.2346938189040031
507,9.45,20.27,149.0,45.0,6.0,8.0,6.0,8.5,37.4,17.7,85.6,4.88,13.4,12.9,240.0,23.0,1.0,0.0,1.0,0.0,1.0,0.0,1.0,0.0,0.0,1.0,1.0,0.0,0.0,1.0,1.0,0.0,0.0,1.0,1.0,0.0,0.0,0.0,0.0,1.0,0.0,0.0,1.0,0.0,0.0,0.0,1.0,0.0,1.0,0.0,0.0,0.0,1.0,0.0,0.0,0.0,1.0,0.9369676257487818,0.06303237458310784,1.0,0.0,0.0,1.0,1.0,0.0,0.0,0.0,0.0,1.0,0.7653059967511032,0.23469400991511813
508,16.9,33.08,173.0,99.0,21.0,8.0,6.0,9.0,36.9,26.4,83.6,4.59,14.2,12.6,237.0,193.0,1.0,0.0,1.0,0.0,1.0,0.0,1.0,0.0,1.0,0.0,1.0,0.0,0.0,1.0,1.0,0.0,0.0,1.0,0.0,0.0,1.0,0.0,0.0,1.0,0.0,0.0,1.0,0.0,0.0,0.0,1.0,0.0,1.0,0.0,0.0,0.0,0.0,1.0,0.0,1.0,0.0,0.9369676146006948,0.06303238631459185,1.0,0.0,1.0,0.0,0.6150233769058258,0.3427232839668354,0.004695929096846463,0.03755737340682708,0.8215767365680957,0.17842326486603932,0.7653060455631879,0.23469395836412765
509,12.32,16.02,154.0,37.8,12.0,9.0,7.0,8.0,37.6,15.7,83.3,4.8,13.9,12.3,306.0,306.0,0.0,1.0,1.0,0.0,0.0,1.0,1.0,0.0,0.0,1.0,1.0,0.0,0.0,1.0,1.0,0.0,0.0,1.0,0.0,0.0,1.0,0.0,0.0,1.0,0.0,0.0,1.0,0.0,0.0,0.0,1.0,0.0,1.0,0.0,0.0,0.0,1.0,0.0,0.0,1.0,0.0,0.9369676255628663,0.06303237477861756,1.0,0.0,1.0,0.0,1.0,0.0,0.0,0.0,0.8215767440287987,0.17842325697870798,0.7653063345220821,0.234693654199833
510,6.64,12.82,128.0,21.0,14.0,9.0,7.0,4.5,38.7,17.9,94.2,4.91,14.0,12.5,295.0,122.0,0.0,1.0,1.0,0.0,1.0,0.0,1.0,0.0,1.0,0.0,1.0,0.0,0.0,1.0,1.0,0.0,0.0,1.0,0.0,0.0,1.0,0.0,0.0,1.0,0.0,0.0,1.0,0.0,0.0,0.0,1.0,0.0,1.0,0.0,0.0,0.0,1.0,0.0,0.0,1.0,0.0,0.9369676226683288,0.06303237781575888,1.0,0.0,0.0,1.0,0.615023158446874,0.3427230735376434,0.00469534112137715,0.03755843504442713,0.8215767607156975,0.1784232394030627,0.7653064619443004,0.23469352012263445
511,12.5,14.91,151.0,34.0,5.0,8.0,5.0,7.0,37.4,14.2,78.9,4.85,12.9,13.2,368.0,0.0,0.0,1.0,1.0,0.0,1.0,0.0,1.0,0.0,1.0,0.0,1.0,0.0,0.0,1.0,1.0,0.0,0.0,1.0,0.0,0.0,0.0,1.0,0.0,1.0,0.0,0.0,1.0,0.0,0.0,0.0,1.0,0.0,1.0,0.0,0.0,0.0,1.0,0.0,0.0,0.0,1.0,0.9369676190564428,0.06303238162491254,1.0,0.0,1.0,0.0,1.0,0.0,0.0,0.0,1.0,0.0,0.7653062520209009,0.23469374117340658
512,17.43,8.95,129.0,29.0,4.0,8.0,8.0,11.0,37.0,19.4,92.9,4.74,13.4,12.0,261.0,24.0,1.0,0.0,1.0,0.0,1.0,0.0,1.0,0.0,1.0,0.0,1.0,0.0,0.0,1.0,1.0,0.0,0.0,1.0,0.0,0.0,0.0,1.0,0.0,1.0,0.0,0.0,0.0,0.0,0.0,1.0,1.0,0.0,1.0,0.0,0.0,0.0,1.0,0.0,0.0,0.0,1.0,0.9369676178748514,0.06303238286871249,1.0,0.0,0.0,1.0,0.6150235995821328,0.34272305438811557,0.0046939567850816655,0.037559399271710814,1.0,0.0,0.7653060765680754,0.23469392580282755
513,11.2,16.67,149.0,37.0,6.0,9.0,9.0,12.0,37.2,25.2,91.32793862058332,4.99,14.4,12.0,306.0,224.0,1.0,0.0,1.0,0.0,1.0,0.0,1.0,0.0,1.0,0.0,0.0,1.0,0.0,1.0,1.0,0.0,0.0,1.0,0.0,0.0,1.0,0.0,1.0,0.0,0.0,0.0,0.0,0.0,0.0,1.0,1.0,0.0,1.0,0.0,0.0,0.0,1.0,0.0,0.0,0.0,1.0,0.9369676229341274,0.06303237755016178,1.0,0.0,0.0,1.0,0.6150236789584402,0.34272307254216616,0.004694302364792735,0.03755894069442922,1.0,0.0,1.0,0.0
514,7.19,13.21,130.5,22.5,2.0,9.0,7.0,8.0,36.6,20.8,85.66829211069333,4.77,13.3,12.9,423.0,23.0,0.0,1.0,1.0,0.0,0.0,1.0,1.0,0.0,1.0,0.0,1.0,0.0,0.0,1.0,1.0,0.0,0.0,1.0,0.08303887217097483,0.5777385122972669,0.21024735411004614,0.12897526126616443,0.15535713937638784,0.7642857158731912,0.028571433913532007,0.05178571088142925,0.8621908074540391,0.08833922267301542,0.01943461320098372,0.03003535752565989,1.0,0.0,1.0,0.0,0.0,0.0,0.0,1.0,0.0,1.0,0.0,1.0,0.0,1.0,0.0,0.0,1.0,0.6150232560840685,0.34272300257185373,0.004694743741559315,0.03755901806664674,1.0,0.0,0.7653062411986986,0.2346937525050099
515,9.92,14.47,144.0,30.0,4.0,8.0,8.0,7.0,37.6,13.9,81.70789486679494,5.1,13.7,13.3,245.0,7.0,0.0,1.0,1.0,0.0,0.0,1.0,1.0,0.0,0.0,1.0,0.0,1.0,1.0,0.0,1.0,0.0,0.0,1.0,0.08303886203439603,0.5777385133673083,0.21024736314856263,0.1289752618099803,0.15535714260377864,0.7642857169030909,0.028571419824567346,0.051785720777394295,0.8621908231661959,0.08833921474679463,0.019434634050210287,0.030035327486765073,1.0,0.0,1.0,0.0,0.0,0.0,1.0,0.0,0.0,0.0,1.0,0.9369676355578895,0.06303236425257996,1.0,0.0,0.0,1.0,0.0,1.0,0.0,0.0,1.0,0.0,1.0,0.0
516,8.17,17.59,146.0,37.5,5.0,8.0,6.0,10.0,37.0,18.1,85.80127072224778,4.61,12.5,12.7,302.0,9.0,0.0,1.0,1.0,0.0,1.0,0.0,1.0,0.0,1.0,0.0,1.0,0.0,0.0,1.0,1.0,0.0,0.0,1.0,0.08303887249431796,0.5777385092528331,0.2102473557767437,0.12897526241404522,0.15535714357200503,0.7642857154108819,0.028571431417433457,0.051785709400282265,0.862190813105481,0.08833922662636262,0.019434621422470433,0.03003533879869691,1.0,0.0,1.0,0.0,0.0,0.0,0.0,1.0,0.0,0.0,1.0,0.9369676267460273,0.06303237352926705,1.0,0.0,0.0,1.0,0.6150232700556861,0.3427230914541175,0.004694879876920077,0.03755876971417671,1.0,0.0,0.7653061646911843,0.23469383307741232
517,10.11,14.92,143.0,30.5,5.0,4.0,6.0,12.0,36.6,8.4,61.417695946093836,4.93,13.9,11.8,284.0,1.0,0.0,1.0,1.0,0.0,1.0,0.0,1.0,0.0,0.0,1.0,0.0,1.0,0.0,1.0,1.0,0.0,1.0,0.0,0.0,1.0,0.0,0.0,0.0,1.0,0.0,0.0,1.0,0.0,0.0,0.0,1.0,0.0,1.0,0.0,0.0,0.0,1.0,0.0,0.0,0.0,1.0,0.9369676432666538,0.06303235614933245,1.0,0.0,0.0,1.0,0.0,1.0,0.0,0.0,1.0,0.0,0.7653061150358489,0.23469388537293057
518,8.2,13.75,133.5,24.5,9.0,7.0,6.0,8.0,37.0,15.7,87.8,4.75,12.8,11.9,285.0,6.0,1.0,0.0,1.0,0.0,1.0,0.0,1.0,0.0,0.0,1.0,1.0,0.0,0.0,1.0,1.0,0.0,0.0,1.0,1.0,0.0,0.0,0.0,1.0,0.0,0.0,0.0,1.0,0.0,0.0,0.0,1.0,0.0,1.0,0.0,0.0,0.0,1.0,0.0,0.0,0.0,1.0,1.0,0.0,1.0,0.0,0.0,1.0,0.6150233548789625,0.34272308543962315,0.0046946997815435765,0.03755886909004591,1.0,0.0,0.7653061994778612,0.2346937964573509
519,15.38,23.41,163.0,62.2,8.0,9.0,6.0,10.0,37.3,19.4,84.6,4.56,13.6,84.6,221.0,146.0,1.0,0.0,1.0,0.0,1.0,0.0,1.0,0.0,1.0,0.0,1.0,0.0,0.0,1.0,1.0,0.0,0.0,1.0,0.0,0.0,1.0,0.0,1.0,0.0,0.0,0.0,1.0,0.0,0.0,0.0,1.0,0.0,0.0,0.0,1.0,0.0,1.0,0.0,0.0,0.0,1.0,0.9369676262376289,0.06303237406571138,1.0,0.0,0.0,1.0,0.6150260215626916,0.34272061471232473,0.0047058920616761535,0.037547092635820456,1.0,0.0,0.7653048176475722,0.2346952529037477
520,3.43,14.58,98.0,14.0,8.0,10.0,8.0,9.8,37.9,16.1,84.0,4.2,11.3,12.7,291.0,54.0,0.0,1.0,1.0,0.0,0.0,1.0,1.0,0.0,1.0,0.0,1.0,0.0,0.0,1.0,1.0,0.0,0.0,1.0,0.0,1.0,0.0,0.0,0.0,1.0,0.0,0.0,1.0,0.0,0.0,0.0,1.0,0.0,1.0,0.0,0.0,0.0,1.0,0.0,0.0,0.0,1.0,0.9369676180427257,0.06303238269712286,1.0,0.0,0.0,1.0,0.0,1.0,0.0,0.0,1.0,0.0,0.765306171861552,0.23469382545088624
521,8.04,14.31,124.0,22.0,9.0,8.0,7.0,8.878470328074528,37.9,19.4,85.4647468789339,4.89,12.9,12.3,473.0,80.0,1.0,0.0,0.0,1.0,1.0,0.0,1.0,0.0,1.0,0.0,0.0,1.0,1.0,0.0,1.0,0.0,0.0,1.0,0.0,0.0,1.0,0.0,0.0,1.0,0.0,0.0,0.0,1.0,0.0,0.0,1.0,0.0,1.0,0.0,0.0,0.0,0.0,1.0,0.0,0.0,1.0,0.0,1.0,1.0,0.0,1.0,0.0,0.6150229684167381,0.3427229977948939,0.0046956192609173275,0.03755843437749895,1.0,0.0,0.765306284550181,0.23469370691075941
522,4.61,17.03,107.0,19.5,9.0,5.815338849664688,6.621006705608882,5.0,37.0,16.7,65.11419711836514,5.01,11.4,15.7,402.0,1.0,0.0,1.0,1.0,0.0,1.0,0.0,1.0,0.0,0.0,1.0,0.0,1.0,0.0,1.0,1.0,0.0,1.0,0.0,0.0,0.0,1.0,0.0,0.0,1.0,0.0,0.0,1.0,0.0,0.0,0.0,1.0,0.0,1.0,0.0,0.0,0.0,0.0,1.0,0.0,0.0,1.0,0.936968934189056,0.06303099745917196,1.0,0.0,0.0,1.0,0.0,0.0,1.0,0.0,1.0,0.0,1.0,0.0
523,16.59,21.73,179.5,70.0,14.0,6.0,4.0,5.0,37.7,37.7,88.0,4.89,15.0,13.2,181.0,71.0,0.0,1.0,1.0,0.0,1.0,0.0,1.0,0.0,1.0,0.0,1.0,0.0,0.0,1.0,1.0,0.0,0.0,1.0,0.0,0.0,0.0,1.0,1.0,0.0,0.0,0.0,0.0,1.0,0.0,0.0,1.0,0.0,0.0,1.0,0.0,0.0,0.0,0.0,1.0,0.0,1.0,0.9369676154937787,0.06303238536272893,1.0,0.0,0.0,1.0,0.6150228949407966,0.34272315984520674,0.004695235110725671,0.03755873958793665,0.8215767968406886,0.17842320151095536,0.7653061797699752,0.23469381727052097
524,4.78,16.5,103.0,17.5,5.0,8.0,7.0,8.0,37.5,12.7,83.7,4.84,12.4,14.2,98.0,45.79487572251196,1.0,0.0,1.0,0.0,1.0,0.0,1.0,0.0,0.0,1.0,1.0,0.0,0.0,1.0,1.0,0.0,0.0,1.0,0.08303887291445666,0.5777385080346698,0.2102473599550163,0.12897525894030826,0.15535714589641425,0.7642857128983385,0.02857141942722663,0.05178572185341557,0.8621908089776132,0.08833922699619823,0.01943463935519929,0.030035324467505897,1.0,0.0,1.0,0.0,0.0,0.0,0.0,1.0,0.0,0.0,1.0,0.9369676277109152,0.06303237252135552,1.0,0.0,0.0,1.0,0.0,1.0,0.0,0.0,1.0,0.0,0.7653060075176007,0.23469399864187268
525,16.13,19.93,182.0,66.0,7.0,8.0,7.0,10.0,37.3,22.5,87.1,4.74,14.4,12.7,153.0,115.0,0.0,1.0,1.0,0.0,0.0,1.0,1.0,0.0,1.0,0.0,1.0,0.0,0.0,1.0,1.0,0.0,0.0,1.0,0.0,0.0,1.0,0.0,0.0,0.0,1.0,0.0,0.0,1.0,0.0,0.0,1.0,0.0,1.0,0.0,0.0,0.0,1.0,0.0,0.0,0.0,1.0,1.0,0.0,1.0,0.0,1.0,0.0,0.6150234733478595,0.3427228634974844,0.004694377543676187,0.037559306171522144,1.0,0.0,1.0,0.0
526,11.15,14.43,143.0,29.5,7.0,8.0,6.0,10.0,37.2,15.4,81.8,4.27,11.9,11.9,315.0,4.0,0.0,1.0,1.0,0.0,1.0,0.0,1.0,0.0,1.0,0.0,1.0,0.0,0.0,1.0,1.0,0.0,0.0,1.0,0.08303885131559774,0.5777385217962224,0.21024735994625054,0.12897526780381963,0.1553571502859804,0.7642857191974495,0.02857141792632889,0.05178571201204363,0.8621908181817576,0.08833922474815492,0.019434625039355335,0.030035331573184165,1.0,0.0,1.0,0.0,0.0,0.0,1.0,0.0,0.0,0.0,1.0,0.9369675787990754,0.0630324240057677,1.0,0.0,0.0,1.0,0.0,0.0,0.0,1.0,1.0,0.0,0.7653071393987716,0.23469280782340995
527,14.27,23.51,165.0,64.0,8.0,9.0,6.0,10.265843204404522,37.4,14.3,87.0,4.92,13.2,12.5,336.0,210.0,0.0,1.0,0.0,1.0,1.0,0.0,1.0,0.0,1.0,0.0,1.0,0.0,0.0,1.0,1.0,0.0,0.0,1.0,0.0,0.0,0.0,1.0,0.0,1.0,0.0,0.0,1.0,0.0,0.0,0.0,1.0,0.0,0.0,0.0,1.0,0.0,0.0,0.0,1.0,1.0,0.0,0.9369676139216029,0.06303238703343927,1.0,0.0,0.5718518550723055,0.42814814476801544,0.6150229357489831,0.3427229919343807,0.004694335912678871,0.03755979431358247,0.8215767322768012,0.1784232693449378,0.7653062401925623,0.23469375356070354
528,8.32,13.24,128.0,21.7,4.0,8.0,7.0,8.595581337369723,38.0,18.8,91.4,4.91,13.1,13.7,244.0,36.0,0.0,1.0,0.0,1.0,1.0,0.0,1.0,0.0,0.0,1.0,1.0,0.0,0.0,1.0,1.0,0.0,0.0,1.0,0.08303887273515842,0.5777385027284468,0.21024735877412937,0.12897526595145326,0.1553571450795831,0.76428571142991,0.028571419040944956,0.051785724689049406,0.86219082533392,0.08833922510252457,0.019434642398975188,0.030035305653268618,1.0,0.0,0.0,0.0,1.0,0.0,0.0,0.0,1.0,0.0,1.0,1.0,0.0,1.0,0.0,1.0,0.0,0.6150231758474467,0.34272289012623947,0.004694747342848693,0.037559219345270956,0.8215767620488651,0.17842323798816628,0.765306130110623,0.23469386950936566
529,7.34,15.62,125.0,24.4,8.0,9.0,7.0,10.037445373118821,38.2,16.1,88.8,4.83,13.4,11.6,247.0,225.0,1.0,0.0,0.0,1.0,1.0,0.0,1.0,0.0,1.0,0.0,1.0,0.0,0.0,1.0,1.0,0.0,0.0,1.0,0.08303887776979324,0.5777384949998718,0.21024737322391596,0.12897525380768482,0.15535713340974489,0.76428570367933,0.028571434858722822,0.05178572922744773,0.8621908129899744,0.08833923162680746,0.01943462578923072,0.03003532919945029,0.0,1.0,0.0,1.0,0.0,0.0,0.0,1.0,0.0,0.0,1.0,0.0,1.0,1.0,0.0,0.0,1.0,0.6150231894159326,0.34272301326270005,0.0046945790762157324,0.03755924785044695,0.8215768856231207,0.17842310794289573,0.7653061173111418,0.23469388297885585
530,11.46,16.87,154.0,40.0,8.0,9.0,7.0,12.0,37.6,15.5,78.0,4.96,14.0,12.3,254.0,88.0,1.0,0.0,1.0,0.0,1.0,0.0,1.0,0.0,1.0,0.0,1.0,0.0,0.0,1.0,1.0,0.0,0.0,1.0,0.0,0.0,1.0,0.0,0.0,1.0,0.0,0.0,0.0,1.0,0.0,0.0,1.0,0.0,1.0,0.0,0.0,0.0,1.0,0.0,0.0,0.0,1.0,1.0,0.0,1.0,0.0,0.0,1.0,0.0,1.0,0.0,0.0,1.0,0.0,0.7653062030268032,0.23469379271948387
531,4.28,13.38,116.0,18.0,10.0,9.0,7.0,9.593225786145515,38.9,18.5,87.0,4.34,12.2,12.6,402.0,165.0,0.0,1.0,0.0,1.0,1.0,0.0,1.0,0.0,1.0,0.0,1.0,0.0,0.0,1.0,1.0,0.0,0.0,1.0,0.0,0.0,0.0,1.0,0.0,1.0,0.0,0.0,1.0,0.0,0.0,0.0,1.0,0.0,0.0,1.0,0.0,0.0,1.0,0.0,0.0,0.31640058039802677,0.6835994196151496,0.0,1.0,1.0,0.0,0.0,1.0,0.0,0.0,0.0,1.0,1.0,0.0,0.765307239194143,0.23469270270894493
532,8.1,14.81,135.0,27.0,10.0,9.0,6.0,6.0,37.8,16.6,61.0,5.08,12.4,13.4,252.0,16.0,0.0,1.0,1.0,0.0,0.0,1.0,1.0,0.0,1.0,0.0,1.0,0.0,0.0,1.0,1.0,0.0,1.0,0.0,0.08303884596342126,0.5777385249458405,0.2102473559032838,0.12897527441569556,0.15535717330039744,0.7642857124314346,0.028571431006451542,0.051785680812194146,0.8621908239641128,0.08833921909036513,0.019434630358416305,0.0300353258413113,0.0,1.0,0.0,0.0,1.0,0.0,1.0,0.0,0.0,1.0,0.0,1.0,0.0,1.0,0.0,0.0,1.0,0.0,0.0,0.0,1.0,1.0,0.0,0.7653073663498144,0.23469256891920642
533,10.62,23.98,137.0,45.0,6.0,7.963888140624007,8.20028731959793,10.0,39.2,14.7,74.45145233697237,4.93,13.4,12.7,294.0,24.0,1.0,0.0,1.0,0.0,1.0,0.0,1.0,0.0,1.0,0.0,0.0,1.0,0.0,1.0,1.0,0.0,0.5086206873974354,0.49137931301258775,0.0,1.0,0.0,0.0,0.0,1.0,0.0,0.0,1.0,0.0,0.0,0.0,1.0,0.0,0.0,0.0,1.0,0.0,1.0,0.0,0.0,0.0,1.0,1.0,0.0,1.0,0.0,0.0,1.0,0.615023464790194,0.3427231550870282,0.00469479027810038,0.03755858458550798,1.0,0.0,0.7653062201012165,0.23469377440491745
534,15.02,20.81,159.0,52.6,4.0,7.536523515336572,6.101738516184789,12.0,37.2,7.2,72.01549201373805,4.92,14.2,13.4,205.0,67.0,1.0,0.0,1.0,0.0,0.0,1.0,1.0,0.0,1.0,0.0,1.0,0.0,0.0,1.0,1.0,0.0,0.5086206958515429,0.49137930390900264,1.0,0.0,0.0,0.0,0.0,0.0,1.0,0.0,1.0,0.0,0.0,0.0,1.0,0.0,0.0,0.0,1.0,0.0,1.0,0.0,0.0,1.0,0.0,0.0,1.0,1.0,0.0,1.0,0.0,0.615023622448753,0.3427227375881874,0.004693947398256237,0.03755971931068125,0.8215766172644928,0.17842339043772282,0.76530607291167,0.23469392966882885
535,14.58,20.52,171.0,60.0,5.0,7.029881934530248,5.524646659276911,8.0,37.3,14.7,72.49744215342392,4.75,13.2,11.9,242.0,3.0,1.0,0.0,1.0,0.0,0.0,1.0,1.0,0.0,1.0,0.0,1.0,0.0,1.0,0.0,1.0,0.0,0.5086206866022668,0.4913793135805984,0.0,1.0,0.0,0.0,0.0,1.0,0.0,0.0,1.0,0.0,0.0,0.0,1.0,0.0,0.0,0.0,1.0,0.0,1.0,0.0,0.0,1.0,0.0,1.0,0.0,1.0,0.0,0.0,1.0,0.6150231656556668,0.34272305900287847,0.004694435090271232,0.03755937340019766,1.0,0.0,0.7653064020199587,0.2346935830926543
536,8.47,14.530674527135368,129.49104830829452,24.0,5.0,10.0,8.0,4.5,38.6,18.1,88.0,4.11,11.9,12.4,318.0,173.0,0.0,1.0,1.0,0.0,0.0,1.0,1.0,0.0,1.0,0.0,1.0,0.0,0.0,1.0,1.0,0.0,0.0,1.0,0.08303886109469483,0.5777385147243796,0.21024736209696226,0.12897526243633195,0.15535714857218763,0.7642857108114309,0.028571427619116907,0.05178571272205856,0.8621908295088874,0.08833921557048341,0.019434623952109598,0.030035330136909177,1.0,0.0,1.0,0.0,0.0,0.0,1.0,0.0,0.0,1.0,0.0,0.0,1.0,1.0,0.0,0.0,1.0,0.0,0.0,0.0,1.0,0.8215767523983535,0.1784232483346182,0.7653072885895638,0.23469265109117388
537,4.23,15.83,92.0,13.4,10.0,3.0,2.0,7.380558608361692,37.9,4.0,74.0,5.38,13.0,13.7,456.0,23.0,0.0,1.0,0.0,1.0,1.0,0.0,0.0,1.0,0.0,1.0,1.0,0.0,0.0,1.0,1.0,0.0,1.0,0.0,0.0,0.0,1.0,0.0,0.0,1.0,0.0,0.0,1.0,0.0,0.0,0.0,1.0,0.0,1.0,0.0,0.0,0.0,0.0,1.0,0.0,0.0,1.0,1.0,0.0,1.0,0.0,0.0,1.0,0.615023141433392,0.34272298230606046,0.00469591227981625,0.037557963075442125,0.8215770098166733,0.1784229772160767,0.7653061626078749,0.2346938352530772
538,8.29,14.12,132.0,24.6,8.0,9.0,7.0,9.433264866000272,37.9,20.0,83.4,4.36,11.2,13.2,354.0,180.0,0.0,1.0,0.0,1.0,1.0,0.0,1.0,0.0,1.0,0.0,1.0,0.0,0.0,1.0,1.0,0.0,0.0,1.0,0.0,0.0,1.0,0.0,0.0,1.0,0.0,0.0,1.0,0.0,0.0,0.0,0.0,1.0,0.0,0.0,1.0,0.0,1.0,0.0,0.0,1.0,0.0,1.0,0.0,1.0,0.0,1.0,0.0,0.6150230495341432,0.3427229196338579,0.004694763464160312,0.037559308315595286,0.8215767252064738,0.17842327680883585,0.7653063744947892,0.2346936121387273
539,9.14,15.25,135.5,28.0,7.0,8.0,7.0,12.0,38.6,20.3,91.0,4.93,13.6,13.2,366.0,31.0,0.0,1.0,1.0,0.0,1.0,0.0,1.0,0.0,0.0,1.0,1.0,0.0,0.0,1.0,1.0,0.0,0.0,1.0,0.0,0.0,1.0,0.0,1.0,0.0,0.0,0.0,1.0,0.0,0.0,0.0,1.0,0.0,1.0,0.0,0.0,0.0,1.0,0.0,0.0,0.0,1.0,1.0,0.0,1.0,0.0,0.0,1.0,0.0,1.0,0.0,0.0,1.0,0.0,0.7653061251283899,0.23469387468213532
540,10.49,16.24,143.0,33.2,5.0,6.0,5.0,13.0,38.6,16.9,61.0,4.61,12.8,13.4,230.0,11.0,0.0,1.0,1.0,0.0,1.0,0.0,1.0,0.0,0.0,1.0,1.0,0.0,1.0,0.0,1.0,0.0,1.0,0.0,0.0,0.0,0.0,1.0,0.0,1.0,0.0,0.0,1.0,0.0,0.0,0.0,1.0,0.0,0.0,0.0,1.0,0.0,1.0,0.0,0.0,0.0,1.0,1.0,0.0,1.0,0.0,1.0,0.0,0.0,1.0,0.0,0.0,0.8215767633271858,0.17842323667813353,0.7653062709886278,0.23469372119066623
541,11.37,20.93,145.0,44.0,5.0,7.0,6.0,11.4,36.4,15.2,86.9,4.9,13.6,86.9,281.0,19.0,0.0,1.0,1.0,0.0,1.0,0.0,1.0,0.0,0.0,1.0,1.0,0.0,0.0,1.0,1.0,0.0,0.0,1.0,0.0,1.0,0.0,0.0,0.0,1.0,0.0,0.0,1.0,0.0,0.0,0.0,1.0,0.0,0.0,1.0,0.0,0.0,1.0,0.0,0.0,1.0,0.0,1.0,0.0,1.0,0.0,0.0,1.0,0.6150260213675615,0.34272050024682843,0.004705988308350673,0.03754711392055177,0.8215768260006342,0.17842317068932212,0.7653047563874289,0.23469531751860628
542,3.74,15.31,103.5,16.4,6.0,5.0,5.0,7.226446720382427,37.0,14.8,62.59651919566611,4.31,11.4,12.7,286.0,18.0,0.0,1.0,0.0,1.0,1.0,0.0,1.0,0.0,0.0,1.0,1.0,0.0,0.0,1.0,1.0,0.0,1.0,0.0,0.0,0.0,0.0,1.0,0.0,1.0,0.0,0.0,0.0,1.0,0.0,0.0,1.0,0.0,1.0,0.0,0.0,0.0,1.0,0.0,0.0,0.0,1.0,1.0,0.0,1.0,0.0,1.0,0.0,0.6150229976278283,0.34272288156844466,0.004695304537730038,0.03755884886807781,0.821576584534618,0.17842342490354546,0.7653063471229785,0.23469364106741397
543,12.7,26.81,165.0,73.0,8.0,8.0,6.0,14.0,37.3,24.2,90.5649884756566,5.38,13.7,14.5,441.0,56.0,0.0,1.0,1.0,0.0,1.0,0.0,1.0,0.0,1.0,0.0,1.0,0.0,1.0,0.0,1.0,0.0,0.0,1.0,0.08303886590628562,0.5777385091085208,0.21024735296569363,0.12897527257969776,0.15535713017429154,0.7642857133870747,0.02857144947331769,0.05178570747903044,0.8621908100672924,0.08833922661392901,0.019434608717413315,0.03003535512740163,1.0,0.0,1.0,0.0,0.0,0.0,1.0,0.0,0.0,1.0,0.0,1.0,0.0,1.0,0.0,0.0,1.0,0.6150231530881705,0.3427231239049886,0.0046948161768591845,0.037558926962126704,1.0,0.0,0.7653062034980819,0.23469379212370634
544,3.2,14.79,104.0,16.0,7.0,6.0,5.0,10.0,36.8,14.6,79.0,4.63,12.4,12.5,401.0,316.0,0.0,1.0,1.0,0.0,1.0,0.0,0.0,1.0,0.0,1.0,1.0,0.0,0.0,1.0,1.0,0.0,0.0,1.0,0.0,0.0,1.0,0.0,1.0,0.0,0.0,0.0,1.0,0.0,0.0,0.0,1.0,0.0,0.0,0.0,1.0,0.0,0.0,1.0,0.0,0.0,1.0,1.0,0.0,1.0,0.0,0.0,1.0,0.6150236640982647,0.34272307422403736,0.004694706337460275,0.037558540054734024,1.0,0.0,0.7653062143376612,0.23469378059774604
545,11.05,15.32,131.5,26.5,2.0,6.0,7.0,9.195811054215023,39.0,15.9,91.5,4.28,12.2,13.0,272.0,171.0,1.0,0.0,0.0,1.0,1.0,0.0,0.0,1.0,0.0,1.0,0.0,1.0,0.0,1.0,1.0,0.0,0.0,1.0,1.0,0.0,0.0,0.0,0.0,1.0,0.0,0.0,0.0,0.0,1.0,0.0,1.0,0.0,0.0,1.0,0.0,0.0,0.0,1.0,0.0,0.0,1.0,1.0,0.0,1.0,0.0,1.0,0.0,0.615023853291659,0.342722802436108,0.004694518455279129,0.03755881477219147,0.8215770693650635,0.17842291456625614,0.7653061366352036,0.23469386264685532
546,5.72,14.49,126.0,23.0,11.0,3.0,3.0,7.799661961792362,40.0,8.3,71.0,4.08,11.5,13.1,165.0,61.0,1.0,0.0,0.0,1.0,1.0,0.0,0.0,1.0,0.0,1.0,1.0,0.0,0.0,1.0,1.0,0.0,1.0,0.0,0.0,1.0,0.0,0.0,1.0,0.0,0.0,0.0,0.0,0.0,0.0,1.0,0.0,1.0,0.7230112533957802,0.11789773679944304,0.15767045316526418,0.001420565058129486,1.0,0.0,0.0,0.31640057913028996,0.6835994209460383,1.0,0.0,1.0,0.0,0.0,1.0,0.6150233340969189,0.3427228080095691,0.004694370570990314,0.03755952204659574,0.8215770500487203,0.1784229348973947,0.7653061569971783,0.23469384102937962
547,7.81,14.748570388473293,126.14133869959349,23.0,9.0,8.0,8.0,6.0,36.0,13.0,87.6,4.44,12.4,13.0,403.0,8.0,0.0,1.0,1.0,0.0,1.0,0.0,1.0,0.0,1.0,0.0,0.0,1.0,0.0,1.0,1.0,0.0,0.0,1.0,1.0,0.0,0.0,0.0,1.0,0.0,0.0,0.0,1.0,0.0,0.0,0.0,1.0,0.0,0.0,0.0,1.0,0.0,0.0,0.0,1.0,0.0,1.0,0.0,1.0,1.0,0.0,0.0,1.0,1.0,0.0,0.0,0.0,1.0,0.0,0.7653061955307867,0.2346938010975793
548,15.5,20.03,158.0,50.0,7.0,5.0,4.0,10.019048876838369,37.2,20.9,87.0,4.36,11.9,15.6,165.0,186.0,1.0,0.0,0.0,1.0,1.0,0.0,0.0,1.0,0.0,1.0,1.0,0.0,0.0,1.0,1.0,0.0,0.0,1.0,0.0,0.0,1.0,0.0,1.0,0.0,0.0,0.0,0.0,1.0,0.0,0.0,1.0,0.0,0.0,1.0,0.0,0.0,1.0,0.0,0.0,0.0,1.0,1.0,0.0,1.0,0.0,0.0,1.0,0.6150232364032808,0.34272280031600577,0.004694947610808464,0.037559043569987516,0.8215769714388134,0.17842301766119728,1.0,0.0
549,8.58,17.48,131.0,30.0,4.0,5.0,4.0,8.0,36.2,11.7,64.0,4.87,13.6,13.0,263.0,40.0,0.0,1.0,1.0,0.0,1.0,0.0,1.0,0.0,0.0,1.0,1.0,0.0,1.0,0.0,1.0,0.0,1.0,0.0,0.0,1.0,0.0,0.0,1.0,0.0,0.0,0.0,0.0,1.0,0.0,0.0,1.0,0.0,1.0,0.0,0.0,0.0,1.0,0.0,0.0,0.0,1.0,1.0,0.0,1.0,0.0,0.0,1.0,0.0,0.0,0.0,1.0,1.0,0.0,0.7653071972003141,0.2346927470278044
550,8.06,14.18,142.0,28.6,8.0,8.0,7.0,7.0,37.6,14.8,80.0,4.64,12.3,13.7,197.0,60.0,0.0,1.0,1.0,0.0,1.0,0.0,1.0,0.0,0.0,1.0,1.0,0.0,0.0,1.0,1.0,0.0,0.0,1.0,0.0,0.0,1.0,0.0,0.0,1.0,0.0,0.0,1.0,0.0,0.0,0.0,1.0,0.0,1.0,0.0,0.0,0.0,1.0,0.0,0.0,0.0,1.0,1.0,0.0,1.0,0.0,0.5718518452546664,0.4281481550924262,0.6150234292711751,0.3427229691370729,0.004695429126610584,0.03755816156834224,0.8215766875253983,0.17842331643960685,0.7653062520123419,0.2346937411333888
551,4.69,14.55,105.5,16.2,3.0,7.0,5.0,7.1517065740022066,37.5,14.5,67.0,4.54,10.6,15.2,326.0,9.0,1.0,0.0,0.0,1.0,1.0,0.0,1.0,0.0,0.0,1.0,1.0,0.0,0.0,1.0,1.0,0.0,1.0,0.0,0.0,1.0,0.0,0.0,0.0,1.0,0.0,0.0,1.0,0.0,0.0,0.0,1.0,0.0,1.0,0.0,0.0,0.0,0.0,1.0,0.0,1.0,0.0,1.0,0.0,1.0,0.0,0.0,1.0,0.6150231096014853,0.34272286878051217,0.004695696778589387,0.037558337654593266,0.8215767425015439,0.17842325855754748,0.7653060897946773,0.23469391194413014
552,7.12,14.65,128.0,24.0,4.0,8.0,6.0,15.0,36.6,13.1,85.42144988131291,4.19,12.2,11.7,238.0,28.0,1.0,0.0,1.0,0.0,0.0,1.0,1.0,0.0,1.0,0.0,1.0,0.0,1.0,0.0,1.0,0.0,0.0,1.0,0.08303887153993228,0.577738505730726,0.21024735444986042,0.12897526852448926,0.15535712027727788,0.7642857132177544,0.028571444147175717,0.05178572383432478,0.8621908010678129,0.08833922865783139,0.019434620988667883,0.03003535010656977,1.0,0.0,1.0,0.0,0.0,0.0,1.0,0.0,0.0,0.0,1.0,0.0,1.0,1.0,0.0,0.0,1.0,0.0,1.0,0.0,0.0,0.8215769688470963,0.1784230203018342,0.7653061232711464,0.2346938765776383
553,9.61,14.9,140.0,29.2,4.0,6.109614638292969,3.95136747857308,9.0,38.7,14.3,77.00073432335662,5.18,14.8,12.9,340.0,106.0,0.0,1.0,1.0,0.0,1.0,0.0,0.0,1.0,1.0,0.0,1.0,0.0,0.0,1.0,1.0,0.0,0.50862066581317,0.49137933537395573,0.0,0.0,1.0,0.0,0.0,0.0,0.0,1.0,1.0,0.0,0.0,0.0,1.0,0.0,0.7230113214734741,0.11789773324295783,0.1576704553464816,0.0014204929988695936,0.0,1.0,0.0,1.0,0.0,1.0,0.0,1.0,0.0,0.0,1.0,1.0,0.0,0.0,0.0,0.8215769621471065,0.17842302739577576,0.7653061784862815,0.23469381860774297
554,5.29,13.87,105.0,15.0,9.0,10.0,10.0,11.205910648924526,38.0,28.8,89.2,4.3,12.1,12.8,406.0,328.0,1.0,0.0,0.0,1.0,0.0,1.0,1.0,0.0,1.0,0.0,0.0,1.0,0.0,1.0,1.0,0.0,0.0,1.0,0.08303888145653637,0.5777384900011174,0.2102473711614985,0.12897525721385672,0.1553571247343244,0.7642857035404483,0.028571436075640166,0.05178573751710458,0.8621908069674923,0.0883392422759326,0.019434625852574938,0.03003532443716539,1.0,0.0,0.0,1.0,0.0,0.0,0.0,0.0,1.0,0.0,1.0,0.0,1.0,1.0,0.0,0.0,1.0,1.0,0.0,0.0,0.0,0.8215769410311815,0.1784230496399548,0.7653060090685504,0.23469399683016645
555,12.46,19.29,161.0,50.0,5.0,9.0,8.0,9.0,37.7,14.3,84.5,4.59,13.1,12.5,241.0,241.0,0.0,1.0,1.0,0.0,1.0,0.0,1.0,0.0,1.0,0.0,0.0,1.0,0.0,1.0,1.0,0.0,0.5086206658467971,0.491379335417769,0.0,0.0,1.0,0.0,0.0,1.0,0.0,0.0,1.0,0.0,0.0,0.0,1.0,0.0,1.0,0.0,0.0,0.0,1.0,0.0,0.0,0.0,1.0,1.0,0.0,1.0,0.0,0.5718518512605892,0.4281481487692298,0.6150235912777647,0.3427229833173412,0.00469489620679453,0.037558518859133305,1.0,0.0,0.7653062687714419,0.23469372351167717
556,12.43,18.66,157.0,46.0,7.0,9.0,7.0,12.0,37.1,16.4,90.2,4.62,13.5,12.7,256.0,31.0,1.0,0.0,1.0,0.0,0.0,1.0,1.0,0.0,1.0,0.0,1.0,0.0,0.0,1.0,1.0,0.0,0.0,1.0,0.0,0.0,1.0,0.0,0.0,1.0,0.0,0.0,1.0,0.0,0.0,0.0,1.0,0.0,1.0,0.0,0.0,0.0,0.0,0.0,1.0,1.0,0.0,1.0,0.0,1.0,0.0,0.0,1.0,0.0,0.0,0.0,1.0,1.0,0.0,0.7653069895530187,0.2346929655525113
557,7.25,14.73,129.5,24.7,4.0,8.0,9.0,8.374289050554816,37.5,19.1,79.9,4.61,11.7,13.2,360.0,70.0,0.0,1.0,0.0,1.0,1.0,0.0,1.0,0.0,0.0,1.0,0.0,1.0,0.0,1.0,1.0,0.0,0.0,1.0,0.0,1.0,0.0,0.0,0.0,1.0,0.0,0.0,1.0,0.0,0.0,0.0,1.0,0.0,1.0,0.0,0.0,0.0,1.0,0.0,0.0,1.0,0.0,1.0,0.0,1.0,0.0,0.0,1.0,0.6150230764491044,0.34272294578482865,0.004694843023505979,0.03755916968668338,0.8215766805432132,0.17842332379479942,0.7653062429884696,0.2346937506240877
558,9.85,15.01,139.0,29.0,8.0,8.06182740722614,8.725607305129078,7.2,36.8,20.6,77.00280905305686,4.89,13.2,12.4,385.0,214.0,0.0,1.0,1.0,0.0,0.0,1.0,1.0,0.0,0.0,1.0,0.0,1.0,0.0,1.0,1.0,0.0,0.5086206791179364,0.49137932176704957,0.0,0.0,1.0,0.0,0.0,1.0,0.0,0.0,1.0,0.0,0.0,0.0,1.0,0.0,1.0,0.0,0.0,0.0,0.0,1.0,0.0,0.0,1.0,1.0,0.0,1.0,0.0,1.0,0.0,0.6150235904211907,0.34272309020704717,0.004695560178960889,0.0375577255041577,0.8215768448059058,0.17842315099772266,0.7653062309909492,0.23469376276969534
559,15.48,24.91,170.0,72.0,7.0,8.0,6.0,10.0,37.2,14.9,71.61354873874923,4.37,11.7,12.9,233.0,62.0,1.0,0.0,1.0,0.0,1.0,0.0,1.0,0.0,1.0,0.0,1.0,0.0,0.0,1.0,1.0,0.0,1.0,0.0,0.0,1.0,0.0,0.0,0.0,1.0,0.0,0.0,1.0,0.0,0.0,0.0,1.0,0.0,1.0,0.0,0.0,0.0,1.0,0.0,0.0,0.0,1.0,1.0,0.0,1.0,0.0,0.5718518470769824,0.4281481531745266,0.6150234801307048,0.34272303258930603,0.0046949662824555816,0.03755851478188588,0.8215767378431679,0.17842326346084558,0.7653061041192031,0.234693896747447
560,9.26,14.06,138.6,27.0,6.0,6.0,4.0,12.0,38.0,19.0,91.2,5.24,14.8,12.6,291.0,20.0,0.0,1.0,1.0,0.0,1.0,0.0,1.0,0.0,0.0,1.0,1.0,0.0,1.0,0.0,1.0,0.0,0.0,1.0,0.0,0.0,1.0,0.0,0.0,1.0,0.0,0.0,1.0,0.0,0.0,0.0,1.0,0.0,1.0,0.0,0.0,0.0,0.0,1.0,0.0,1.0,0.0,0.0,1.0,1.0,0.0,0.5718518365670888,0.42814816423586444,0.0,0.0,0.0,1.0,0.8215769660137737,0.1784230233621008,0.7653070684001783,0.23469288262666976
561,15.11,24.97,179.0,80.0,6.0,3.0,3.0,12.0,36.9,6.9,74.2,4.54,14.1,12.3,170.0,28.0,0.0,1.0,1.0,0.0,1.0,0.0,1.0,0.0,0.0,1.0,1.0,0.0,1.0,0.0,1.0,0.0,1.0,0.0,0.0,0.0,0.0,1.0,0.0,1.0,0.0,0.0,0.0,1.0,0.0,0.0,1.0,0.0,1.0,0.0,0.0,0.0,1.0,0.0,0.0,0.0,1.0,1.0,0.0,1.0,0.0,0.0,1.0,1.0,0.0,0.0,0.0,0.8215766841079215,0.1784233200857548,0.7653063008155797,0.23469368973749827
562,8.86,15.14,136.0,28.0,3.0,8.0,5.0,9.0,36.8,24.2,88.8,5.02,14.7,12.9,344.0,1.0,0.0,1.0,1.0,0.0,1.0,0.0,1.0,0.0,1.0,0.0,1.0,0.0,0.0,1.0,0.0,1.0,0.0,1.0,0.0,0.0,1.0,0.0,0.0,1.0,0.0,0.0,1.0,0.0,0.0,0.0,1.0,0.0,1.0,0.0,0.0,0.0,0.0,1.0,0.0,1.0,0.0,1.0,0.0,1.0,0.0,0.0,1.0,0.0,1.0,0.0,0.0,1.0,0.0,0.7653060496172306,0.2346939542796067
563,5.92,12.93,118.0,18.0,4.0,7.0,8.0,9.0,37.0,23.5,86.1,5.09,13.2,13.8,324.0,1.0,0.0,1.0,1.0,0.0,1.0,0.0,1.0,0.0,0.0,1.0,1.0,0.0,0.0,1.0,1.0,0.0,1.0,0.0,0.0,0.0,1.0,0.0,0.0,1.0,0.0,0.0,1.0,0.0,0.0,0.0,1.0,0.0,1.0,0.0,0.0,0.0,0.0,1.0,0.0,0.0,1.0,0.9369676386683169,0.06303236097510534,1.0,0.0,0.0,1.0,1.0,0.0,0.0,0.0,0.8215768207322072,0.1784231762033489,0.7653062006294468,0.2346937951960576
564,8.76,15.36,135.0,28.0,4.0,7.675663897970447,8.911666697385446,8.0,39.0,12.5,73.85997275659857,4.38,12.6,13.1,208.0,31.0,1.0,0.0,1.0,0.0,0.0,1.0,1.0,0.0,0.0,1.0,0.0,1.0,0.0,1.0,1.0,0.0,0.5086206866345893,0.49137931386144884,0.0,1.0,0.0,0.0,0.0,1.0,0.0,0.0,1.0,0.0,0.0,0.0,1.0,0.0,1.0,0.0,0.0,0.0,0.0,1.0,0.0,0.0,1.0,0.9369676219898981,0.06303237851638455,1.0,0.0,0.0,1.0,1.0,0.0,0.0,0.0,1.0,0.0,0.7653060929288001,0.23469390808990964
565,11.92,15.86,159.0,40.1,4.0,9.0,9.0,9.0,37.8,19.5,79.9,4.92,13.3,13.3,300.0,17.0,0.0,1.0,1.0,0.0,0.0,1.0,1.0,0.0,0.0,1.0,0.0,1.0,0.0,1.0,1.0,0.0,0.0,1.0,0.08303886445155739,0.5777385110472383,0.21024736075701367,0.12897526409881255,0.15535714516211274,0.7642857169307042,0.028571428430356982,0.05178570914288705,0.8621908255283766,0.08833921998595118,0.01943463190307304,0.030035321614051314,1.0,0.0,1.0,0.0,0.0,0.0,0.0,1.0,0.0,0.0,1.0,0.936967637379395,0.06303236233419407,1.0,0.0,1.0,0.0,0.6150235200996936,0.34272308553756103,0.004695021659563925,0.037558359305581046,1.0,0.0,0.7653061228694179,0.234693877095413
566,8.68,16.6,131.9,28.55,4.0,2.0,2.0,4.4,36.0,8.4,70.9,5.12,14.8,12.7,383.0,2.0,0.0,1.0,1.0,0.0,1.0,0.0,1.0,0.0,0.0,1.0,1.0,0.0,1.0,0.0,0.0,1.0,1.0,0.0,0.0,1.0,0.0,0.0,0.0,1.0,0.0,0.0,1.0,0.0,0.0,0.0,1.0,0.0,1.0,0.0,0.0,0.0,0.0,1.0,0.0,0.0,1.0,0.936967641086634,0.06303235843410437,1.0,0.0,0.0,1.0,0.6150234469946245,0.34272297468068047,0.004695360119664427,0.03755820832598156,1.0,0.0,0.7653061959861658,0.2346938002551966
567,11.48,29.24,158.0,73.0,8.0,9.0,9.0,11.0,38.0,18.4,80.0,4.61,12.5,13.5,289.0,197.0,1.0,0.0,1.0,0.0,1.0,0.0,1.0,0.0,1.0,0.0,0.0,1.0,0.0,1.0,1.0,0.0,0.0,1.0,1.0,0.0,0.0,0.0,0.0,1.0,0.0,0.0,1.0,0.0,0.0,0.0,1.0,0.0,1.0,0.0,0.0,0.0,0.0,1.0,0.0,1.0,0.0,0.9369676150815968,0.06303238581276549,1.0,0.0,0.0,1.0,0.0,1.0,0.0,0.0,1.0,0.0,0.7653059680823125,0.23469404004311845
568,9.08,17.65,143.0,36.1,4.0,8.0,6.0,8.658081225646844,38.2,21.4,85.2,4.81,13.7,12.5,279.0,25.0,0.0,1.0,0.0,1.0,1.0,0.0,1.0,0.0,0.0,1.0,1.0,0.0,0.0,1.0,0.0,1.0,0.0,1.0,1.0,0.0,0.0,0.0,0.0,1.0,0.0,0.0,1.0,0.0,0.0,0.0,1.0,0.0,1.0,0.0,0.0,0.0,0.0,1.0,0.0,0.0,1.0,0.9369676371849799,0.0630323625400907,1.0,0.0,0.0,1.0,0.6150231658923047,0.3427228948141523,0.004694748039678287,0.03755922470339701,0.8215766809594441,0.17842332337258082,0.7653060021471731,0.23469400428710896
569,13.89,18.03,158.0,45.0,4.0,8.0,5.0,8.0,37.5,15.8,76.4,4.62,13.5,12.8,263.0,55.0,1.0,0.0,1.0,0.0,0.0,1.0,1.0,0.0,1.0,0.0,1.0,0.0,1.0,0.0,0.0,1.0,0.0,1.0,0.0,1.0,0.0,0.0,0.0,1.0,0.0,0.0,1.0,0.0,0.0,0.0,1.0,0.0,1.0,0.0,0.0,0.0,0.0,1.0,0.0,0.0,1.0,0.0,1.0,1.0,0.0,0.0,1.0,1.0,0.0,0.0,0.0,0.8215768345565628,0.17842316170179895,0.7653060013391105,0.23469400504422833
570,9.75,18.49,143.0,37.8,4.0,10.0,9.0,8.0,37.5,17.2,87.0,4.68,12.9,12.5,270.0,46.0,1.0,0.0,1.0,0.0,0.0,1.0,1.0,0.0,1.0,0.0,0.0,1.0,0.0,1.0,1.0,0.0,0.0,1.0,0.0,0.0,1.0,0.0,0.0,1.0,0.0,0.0,1.0,0.0,0.0,0.0,1.0,0.0,1.0,0.0,0.0,0.0,0.0,1.0,0.0,0.0,1.0,0.9369676212716151,0.06303237929311223,1.0,0.0,0.0,1.0,0.0,1.0,0.0,0.0,1.0,0.0,1.0,0.0
571,12.78,17.91,162.0,47.0,4.0,10.0,10.0,11.0,38.2,16.1,85.7,4.3,12.2,11.7,223.0,3.0,1.0,0.0,1.0,0.0,0.0,1.0,1.0,0.0,1.0,0.0,0.0,1.0,0.0,1.0,1.0,0.0,0.0,1.0,0.0,0.0,0.0,1.0,0.0,1.0,0.0,0.0,1.0,0.0,0.0,0.0,1.0,0.0,1.0,0.0,0.0,0.0,0.0,1.0,0.0,0.0,1.0,0.0,1.0,1.0,0.0,0.0,1.0,0.0,1.0,0.0,0.0,1.0,0.0,1.0,0.0
572,10.9,20.28,157.0,50.0,7.0,9.0,5.0,11.0,37.8,27.5,89.7,4.58,12.1,14.0,435.0,78.42630276559493,1.0,0.0,1.0,0.0,1.0,0.0,1.0,0.0,1.0,0.0,1.0,0.0,0.0,1.0,0.0,1.0,0.0,1.0,1.0,0.0,0.0,0.0,1.0,0.0,0.0,0.0,1.0,0.0,0.0,0.0,1.0,0.0,1.0,0.0,0.0,0.0,0.0,1.0,0.0,0.0,1.0,0.9369676119109971,0.06303238914213372,1.0,0.0,1.0,0.0,0.6150236093215427,0.34272303396574155,0.004694773044192968,0.037558573017402175,0.0,1.0,0.0,1.0
573,15.42,16.71,173.0,50.0,5.0,6.0,4.0,8.0,36.8,17.1,86.2,4.89,15.2,12.1,222.0,3.0,0.0,1.0,1.0,0.0,1.0,0.0,1.0,0.0,1.0,0.0,1.0,0.0,1.0,0.0,0.0,1.0,0.0,1.0,0.0830388686713629,0.5777385173993574,0.21024735158041352,0.12897526227197198,0.1553571365894849,0.7642857179024753,0.028571427901546653,0.05178571793215825,0.8621908173418698,0.08833922461550259,0.0194346293048534,0.030035328237556835,1.0,0.0,1.0,0.0,0.0,0.0,0.0,1.0,0.0,0.0,1.0,0.9369676192251531,0.06303238144257384,1.0,0.0,1.0,0.0,1.0,0.0,0.0,0.0,1.0,0.0,0.7653060745048955,0.23469392799377442
574,11.26,16.89,151.0,38.5,5.0,7.0,5.0,8.0,36.8,18.8,88.9,5.07,13.6,12.9,357.0,5.0,0.0,1.0,1.0,0.0,1.0,0.0,1.0,0.0,1.0,0.0,1.0,0.0,1.0,0.0,1.0,0.0,0.0,1.0,0.0,0.0,0.0,1.0,0.0,1.0,0.0,0.0,1.0,0.0,0.0,0.0,1.0,0.0,1.0,0.0,0.0,0.0,1.0,0.0,0.0,0.0,1.0,0.9369675771003377,0.06303242578825641,1.0,0.0,0.0,1.0,0.0,0.0,0.0,1.0,1.0,0.0,0.765307289328612,0.23469265003677398
575,17.87,17.7,175.0,54.2,4.0,2.0,2.0,10.0,37.2,9.2,73.4,5.12,15.2,13.3,200.0,4.0,0.0,1.0,1.0,0.0,1.0,0.0,1.0,0.0,0.0,1.0,1.0,0.0,1.0,0.0,0.0,1.0,1.0,0.0,0.08303887026978851,0.5777385254848686,0.210247341151497,0.12897526273432747,0.15535713499213277,0.7642857169519888,0.028571429360319422,0.051785719175955536,0.8621908092239515,0.0883392198961297,0.019434616420656914,0.030035355223892668,1.0,0.0,1.0,0.0,0.0,0.0,0.0,1.0,0.0,0.0,1.0,0.9369676325094898,0.06303236746540508,1.0,0.0,1.0,0.0,1.0,0.0,0.0,0.0,1.0,0.0,0.0,1.0
576,15.07,32.18,174.5,98.0,6.0,4.0,4.0,12.0,36.6,7.5,58.4,4.98,14.0,14.6,290.0,1.0,0.0,1.0,1.0,0.0,0.0,1.0,1.0,0.0,0.0,1.0,1.0,0.0,0.0,1.0,0.0,1.0,1.0,0.0,0.08303886448302056,0.5777385183345879,0.21024733535160245,0.12897528248829182,0.15535712811438718,0.7642857187033993,0.02857143829030806,0.05178571559169676,0.8621908216440818,0.08833921736089911,0.019434596586879516,0.03003536482410396,1.0,0.0,0.0,0.0,1.0,0.0,1.0,0.0,0.0,1.0,0.0,0.9369676332165083,0.06303236672401757,1.0,0.0,0.0,1.0,1.0,0.0,0.0,0.0,0.0,1.0,0.7653058557735499,0.23469415815120798
577,10.83,14.29,140.0,28.5,4.0,9.0,9.0,7.0,37.4,11.0,74.0,5.06,14.4,12.6,325.0,57.0,0.47612359397527393,0.5238764061005581,1.0,0.0,0.0,1.0,1.0,0.0,1.0,0.0,0.0,1.0,0.0,1.0,1.0,0.0,1.0,0.0,0.08303886841665598,0.5777385117652745,0.2102473599013659,0.12897525992782544,0.15535714636443643,0.7642857165701964,0.0285714152003006,0.05178572180729968,0.8621908077482259,0.08833922122974691,0.01943463047996452,0.030035340993492143,1.0,0.0,1.0,0.0,0.0,0.0,1.0,0.0,0.0,0.0,1.0,1.0,0.0,1.0,0.0,0.0,1.0,0.6150235759008368,0.34272298605768003,0.004694896623857359,0.037558531927156524,1.0,0.0,1.0,0.0
578,11.34,21.77,157.2,53.8,4.0,7.0,5.0,7.0,38.2,10.2,75.6,4.4,12.3,12.5,245.0,19.0,1.0,0.0,1.0,0.0,1.0,0.0,1.0,0.0,0.0,1.0,1.0,0.0,1.0,0.0,0.0,1.0,0.0,1.0,1.0,0.0,0.0,0.0,0.0,1.0,0.0,0.0,0.0,0.0,1.0,0.0,1.0,0.0,0.0,0.0,1.0,0.0,0.0,0.0,1.0,0.0,1.0,0.9369676423289923,0.0630323571265663,1.0,0.0,1.0,0.0,0.615023811786749,0.3427228413030977,0.00469482948241462,0.037558498761264714,0.8215767374592822,0.17842326387209506,1.0,0.0
579,10.51,14.93,134.5,27.0,4.0,8.0,5.0,9.0,37.4,12.8,81.0,5.03,12.5,14.1,286.0,8.0,0.0,1.0,1.0,0.0,1.0,0.0,1.0,0.0,0.0,1.0,1.0,0.0,0.0,1.0,0.0,1.0,0.0,1.0,0.0,0.0,1.0,0.0,0.0,1.0,0.0,0.0,1.0,0.0,0.0,0.0,1.0,0.0,1.0,0.0,0.0,0.0,0.0,1.0,0.0,0.0,1.0,1.0,0.0,1.0,0.0,0.0,1.0,1.0,0.0,0.0,0.0,1.0,0.0,0.765305996511919,0.2346940102126106
580,11.67,16.85,139.5,32.8,4.0,6.0,6.0,6.0,37.5,14.4,84.5,5.52,15.4,13.4,413.0,0.0,1.0,0.0,1.0,0.0,0.0,1.0,1.0,0.0,1.0,0.0,0.0,1.0,1.0,0.0,1.0,0.0,0.0,1.0,0.08303886152350892,0.5777385207364447,0.21024735599131272,0.1289752619510628,0.15535713921630312,0.764285711150044,0.02857143917565308,0.05178571064594528,0.8621908078488697,0.08833922128842264,0.019434613908238196,0.030035357830451748,1.0,0.0,1.0,0.0,0.0,0.0,1.0,0.0,0.0,1.0,0.0,1.0,0.0,1.0,0.0,1.0,0.0,0.0,1.0,0.0,0.0,1.0,0.0,0.7653062089448825,0.23469378655990725
581,8.36,14.0,121.0,20.5,5.0,7.0,6.0,9.0,37.8,14.2,86.6,4.59,12.6,13.3,187.0,45.0,1.0,0.0,1.0,0.0,1.0,0.0,1.0,0.0,1.0,0.0,0.0,1.0,1.0,0.0,0.0,1.0,0.0,1.0,0.08303887099912133,0.5777385125630241,0.21024736121223053,0.12897525495620288,0.1553571400584144,0.7642857147691378,0.028571422581301076,0.051785722954387436,0.8621908028169439,0.08833923033203084,0.01943464304353204,0.030035323811961945,1.0,0.0,1.0,0.0,0.0,0.0,0.0,1.0,0.0,0.0,1.0,1.0,0.0,1.0,0.0,0.0,1.0,0.6150236229731914,0.3427231456405725,0.004694805835798954,0.03755840658050991,1.0,0.0,0.7653060516992571,0.2346939521447704
582,12.8,22.06,155.0,53.0,21.0,10.0,10.0,13.0,38.4,25.0,82.9,4.56,10.7,14.8,508.0,293.0,0.0,1.0,1.0,0.0,0.0,1.0,1.0,0.0,1.0,0.0,0.0,1.0,0.0,1.0,1.0,0.0,0.0,1.0,1.0,0.0,0.0,0.0,0.0,1.0,0.0,0.0,1.0,0.0,0.0,0.0,1.0,0.0,1.0,0.0,0.0,0.0,0.0,0.0,1.0,0.31640058536899396,0.683599414376419,1.0,0.0,1.0,0.0,0.0,1.0,0.0,1.0,0.0,0.0,1.0,0.0,0.765306100375884,0.23469390074129448
583,12.76,18.08,149.0,40.15,4.0,8.0,6.0,10.0,38.4,10.0,87.4,5.08,14.9,12.5,207.0,62.0,0.0,1.0,1.0,0.0,1.0,0.0,1.0,0.0,0.0,1.0,1.0,0.0,0.0,1.0,0.0,1.0,0.0,1.0,0.0,0.0,1.0,0.0,0.0,1.0,0.0,0.0,1.0,0.0,0.0,0.0,1.0,0.0,1.0,0.0,0.0,0.0,0.0,1.0,0.0,0.3164005737347021,0.6835994266220607,0.0,1.0,1.0,0.0,0.0,1.0,1.0,0.0,0.0,0.0,1.0,0.0,0.7653060202157748,0.23469398527450536
584,12.29,22.31,150.0,50.2,5.0,7.0,6.0,11.0,37.2,18.4,75.5,5.22,14.9,13.1,263.0,10.0,0.0,1.0,1.0,0.0,0.0,1.0,1.0,0.0,0.0,1.0,1.0,0.0,0.0,1.0,0.0,1.0,0.0,1.0,0.0,1.0,0.0,0.0,0.0,1.0,0.0,0.0,1.0,0.0,0.0,0.0,1.0,0.0,1.0,0.0,0.0,0.0,0.0,1.0,0.0,1.0,0.0,1.0,0.0,1.0,0.0,1.0,0.0,0.6150235075281099,0.34272310750198487,0.004694630197737637,0.0375587524622365,1.0,0.0,1.0,0.0
585,15.88,19.84,171.0,58.0,5.0,8.0,9.0,8.0,38.9,16.4,79.5,4.56,13.6,12.6,241.0,140.0,1.0,0.0,1.0,0.0,1.0,0.0,1.0,0.0,0.0,1.0,0.0,1.0,0.0,1.0,1.0,0.0,0.0,1.0,0.0,0.0,1.0,0.0,0.0,1.0,0.0,0.0,1.0,0.0,0.0,0.0,1.0,0.0,0.0,0.0,1.0,0.0,0.0,1.0,0.0,1.0,0.0,1.0,0.0,1.0,0.0,0.0,1.0,0.0,1.0,0.0,0.0,1.0,0.0,0.765306189533511,0.23469380688568886
586,10.18,38.16,151.0,87.0,4.0,8.0,7.0,7.3,38.2,15.1,81.0,5.12,14.0,12.1,267.0,8.0,0.0,1.0,1.0,0.0,1.0,0.0,1.0,0.0,1.0,0.0,0.0,1.0,1.0,0.0,0.0,1.0,0.0,1.0,0.0,0.0,1.0,0.0,0.0,1.0,0.0,0.0,1.0,0.0,0.0,0.0,1.0,0.0,0.0,1.0,0.0,0.0,0.0,1.0,0.0,0.0,1.0,1.0,0.0,1.0,0.0,0.0,1.0,0.6150235879864998,0.34272314643446156,0.004695372012041399,0.037557862482913595,0.8215766461445545,0.17842335999534564,0.7653059625874599,0.2346940459003103
587,10.58,16.84,140.0,33.0,7.0,9.0,9.0,10.0,38.2,19.8,77.0,4.79,13.1,12.3,257.0,185.0,0.0,1.0,1.0,0.0,1.0,0.0,1.0,0.0,1.0,0.0,0.0,1.0,0.0,1.0,1.0,0.0,0.0,1.0,0.0830388715701359,0.5777385115195158,0.21024735911844672,0.12897525758244954,0.15535712550026637,0.7642857032752242,0.02857141202028901,0.05178576165355553,0.8621907900815913,0.08833921769035646,0.019434636916541237,0.030035357201329105,0.9395683443811849,0.06043165566744568,0.7230113632545598,0.117897728793941,0.15767045754671627,0.001420450297011544,0.0,1.0,0.0,1.0,0.0,1.0,0.0,1.0,0.0,0.0,1.0,0.0,1.0,0.0,0.0,1.0,0.0,1.0,0.0
588,0.53,20.37,176.0,63.1,3.0,7.0,4.0,10.0,37.5,14.5,77.3,5.18,14.5,11.8,232.0,1.0,0.0,1.0,1.0,0.0,1.0,0.0,1.0,0.0,1.0,0.0,1.0,0.0,1.0,0.0,0.0,1.0,0.0,1.0,0.08303887141602606,0.5777385053743361,0.2102473502272909,0.1289752733849704,0.1553571475679827,0.7642857140101252,0.028571436844658127,0.05178570094845403,0.8621908121225028,0.08833922782006942,0.01943463489258379,0.030035324753249548,1.0,0.0,1.0,0.0,0.0,0.0,1.0,0.0,0.0,0.0,1.0,1.0,0.0,1.0,0.0,0.0,1.0,1.0,0.0,0.0,0.0,0.8215766696366147,0.17842333528100762,0.7653061101921806,0.23469389011198938
589,5.11,14.24,106.0,16.0,8.0,8.0,7.0,8.6,38.5,18.0,91.1,3.79,11.4,12.8,383.0,2.0,1.0,0.0,1.0,0.0,0.0,1.0,1.0,0.0,0.0,1.0,1.0,0.0,0.0,1.0,0.0,1.0,0.0,1.0,0.0,1.0,0.0,0.0,0.0,1.0,0.0,0.0,1.0,0.0,0.0,0.0,0.9395683430047638,0.060431657116456705,0.7230113304753385,0.11789772645041408,0.15767045212588005,0.0014204937500578163,0.0,1.0,0.0,0.31640057474802497,0.6835994255568372,0.9369676386979885,0.06303236094595732,1.0,0.0,0.0,1.0,1.0,0.0,0.0,0.0,1.0,0.0,0.7653060955365508,0.23469390580541327
590,15.18,16.26,170.0,47.0,8.0,6.0,5.0,9.767509393816397,39.0,9.6,88.1,4.66,13.5,13.5,267.0,235.0,0.0,1.0,0.0,1.0,1.0,0.0,1.0,0.0,0.0,1.0,1.0,0.0,0.0,1.0,0.0,1.0,0.0,1.0,0.0,0.0,1.0,0.0,1.0,0.0,0.0,0.0,1.0,0.0,0.0,0.0,0.93956834770889,0.060431652165602756,0.7230113639237211,0.11789773367685907,0.15767045834447513,0.001420443572465513,0.0,1.0,0.0,1.0,0.0,0.9369676423029601,0.0630323571479735,1.0,0.0,0.0,1.0,0.6150232640799751,0.34272287128926415,0.004694560888788835,0.037559335878949995,0.8215768592761732,0.17842313569942247,1.0,0.0
591,17.28,19.49,171.0,57.0,7.0,6.0,4.0,7.0,36.8,12.6,70.4,5.29,14.9,12.6,332.0,3.0,0.0,1.0,1.0,0.0,1.0,0.0,1.0,0.0,0.0,1.0,1.0,0.0,0.0,1.0,0.0,1.0,1.0,0.0,0.0,0.0,0.0,1.0,1.0,0.0,0.0,0.0,1.0,0.0,0.0,0.0,0.0,1.0,1.0,0.0,0.0,0.0,1.0,0.0,0.0,1.0,0.0,0.9369676466554726,0.06303235257417039,1.0,0.0,1.0,0.0,0.6150233958150704,0.34272302225416584,0.004694614255040697,0.03755897832020039,1.0,0.0,0.7653062134223034,0.23469378179711087
592,14.62,12.19,167.0,34.0,17.0,7.0,5.0,14.0,37.8,11.5,84.5,4.56,14.3,12.2,297.0,365.0,1.0,0.0,1.0,0.0,1.0,0.0,1.0,0.0,0.0,1.0,1.0,0.0,0.0,1.0,0.0,1.0,0.0,1.0,0.0,1.0,0.0,0.0,0.0,1.0,0.0,0.0,0.0,1.0,0.0,0.0,1.0,0.0,0.0,0.0,1.0,0.0,0.0,0.0,1.0,0.31640057823948287,0.6835994218770878,0.936967621393788,0.06303237917618931,1.0,0.0,0.0,1.0,1.0,0.0,0.0,0.0,1.0,0.0,0.7653062342358609,0.23469375988936625
593,17.02,18.73,165.0,51.0,5.0,6.0,3.0,7.5,37.0,10.9,64.96744103027626,4.62,13.0,12.2,358.0,176.0,1.0,0.0,1.0,0.0,1.0,0.0,1.0,0.0,1.0,0.0,1.0,0.0,1.0,0.0,0.0,1.0,1.0,0.0,0.0,0.0,1.0,0.0,0.0,0.0,0.0,1.0,0.0,0.0,0.0,1.0,1.0,0.0,0.0,0.0,1.0,0.0,0.0,1.0,0.0,0.0,1.0,0.936967613473858,0.06303238750180007,1.0,0.0,0.0,1.0,1.0,0.0,0.0,0.0,1.0,0.0,1.0,0.0
594,8.15,15.87,128.0,26.0,8.0,2.0,4.0,6.5,37.2,9.4,62.9,4.93,13.2,14.4,372.0,14.0,0.0,1.0,1.0,0.0,1.0,0.0,1.0,0.0,0.0,1.0,0.0,1.0,1.0,0.0,0.0,1.0,1.0,0.0,0.08303886565888219,0.5777385283183647,0.21024733734552326,0.12897526863982067,0.15535714560546743,0.7642857146633917,0.028571416357343837,0.05178572347266619,0.8621908224480146,0.0883392180376984,0.019434637105509633,0.03003532165324363,1.0,0.0,1.0,0.0,0.0,0.0,0.0,0.0,1.0,0.0,1.0,0.9369676334587382,0.0630323664664274,1.0,0.0,1.0,0.0,0.0,1.0,0.0,0.0,1.0,0.0,0.7653059828358726,0.2346940246006981
595,5.08,17.7,114.0,23.0,7.0,6.0,6.0,9.29621048305331,38.5,22.0,79.7856022431359,5.05,14.2,13.1,207.0,141.0,1.0,0.0,0.0,1.0,1.0,0.0,1.0,0.0,1.0,0.0,0.0,1.0,0.0,1.0,0.0,1.0,0.0,1.0,0.0,0.0,1.0,0.0,0.0,1.0,0.0,0.0,0.0,1.0,0.0,0.0,1.0,0.0,0.0,0.0,1.0,0.0,0.0,1.0,0.0,0.31640057987301595,0.683599420169154,1.0,0.0,1.0,0.0,0.0,1.0,0.6150232065017218,0.3427230544138665,0.004695211913357089,0.03755853778101992,0.8215767814835444,0.17842321764000368,0.765306133177529,0.23469386642911638
596,12.11,20.56,146.3,44.0,7.0,8.307480785405517,9.203837504112855,12.0,38.4,19.0,78.56694706369214,4.43,12.1,11.9,266.0,165.0,0.0,1.0,1.0,0.0,0.0,1.0,1.0,0.0,0.0,1.0,0.0,1.0,0.0,1.0,1.0,0.0,0.508620678943517,0.49137932200930656,0.0,1.0,0.0,0.0,0.0,1.0,0.0,0.0,1.0,0.0,0.0,0.0,1.0,0.0,1.0,0.0,0.0,0.0,0.0,1.0,0.0,1.0,0.0,0.9369676347825372,0.06303236505885335,1.0,0.0,0.0,1.0,0.0,1.0,0.0,0.0,1.0,0.0,0.7653061562176677,0.23469384136653426
597,9.18,16.44,139.5,32.0,5.0,9.0,5.0,7.0,37.8,15.4,77.2,4.91,13.4,13.1,208.0,33.0,1.0,0.0,1.0,0.0,1.0,0.0,1.0,0.0,1.0,0.0,1.0,0.0,0.0,1.0,0.0,1.0,0.0,1.0,0.0,0.0,1.0,0.0,0.0,0.0,1.0,0.0,1.0,0.0,0.0,0.0,1.0,0.0,1.0,0.0,0.0,0.0,0.0,1.0,0.0,1.0,0.0,1.0,0.0,1.0,0.0,0.0,1.0,1.0,0.0,0.0,0.0,1.0,0.0,0.7653059806523841,0.23469402689509178
598,13.19,21.19,164.0,57.0,5.0,6.0,7.0,11.0,37.0,15.4,89.4,5.04,13.9,13.1,206.0,2.0,0.0,1.0,1.0,0.0,1.0,0.0,1.0,0.0,0.0,1.0,0.0,1.0,0.0,1.0,0.0,1.0,0.0,1.0,0.0,1.0,0.0,0.0,0.0,1.0,0.0,0.0,1.0,0.0,0.0,0.0,1.0,0.0,1.0,0.0,0.0,0.0,0.0,1.0,0.0,0.0,1.0,0.9369676393233963,0.0630323602941083,1.0,0.0,1.0,0.0,0.0,1.0,0.0,0.0,1.0,0.0,0.7653058965744552,0.2346941153529083
599,12.36,18.78,168.0,53.0,14.0,7.0,7.0,9.1,38.3,13.5,65.13153413254005,4.5,13.9,12.3,236.0,122.0,0.0,1.0,1.0,0.0,1.0,0.0,1.0,0.0,1.0,0.0,0.0,1.0,0.0,1.0,0.0,1.0,1.0,0.0,0.08303886871138666,0.577738521176143,0.21024735284210183,0.12897525694534806,0.15535715038020426,0.7642857143924242,0.02857142995289952,0.0517857046056065,0.8621908253198312,0.08833921617975893,0.019434621837588373,0.0300353361889949,1.0,0.0,0.0,0.0,1.0,0.0,0.0,1.0,0.0,1.0,0.0,1.0,0.0,1.0,0.0,0.0,1.0,0.0,1.0,0.0,0.0,1.0,0.0,0.7653062525550688,0.23469374054404557
600,0.0,17.1,164.0,46.0,6.0,6.0,4.0,11.0,37.4,14.4,81.5,5.1,14.2,12.9,242.0,4.0,0.0,1.0,1.0,0.0,1.0,0.0,1.0,0.0,0.0,1.0,1.0,0.0,1.0,0.0,0.0,1.0,0.0,1.0,0.08303887834690304,0.5777385046336898,0.2102473543965938,0.12897526238825885,0.15535715077826662,0.7642857188111893,0.028571439801927,0.05178568938690753,0.8621908168031392,0.08833922677036177,0.019434628650149666,0.030035327211903606,1.0,0.0,1.0,0.0,0.0,0.0,0.0,1.0,0.0,0.3164005720106653,0.6835994284429268,0.9369676322738797,0.06303236768861165,1.0,0.0,0.0,1.0,1.0,0.0,0.0,0.0,0.8215768067912973,0.178423190901563,1.0,0.0
601,8.01,15.24,125.5,24.0,6.0,2.0,4.0,8.0,37.0,7.4,65.4,4.87,13.2,12.3,353.0,15.0,0.0,1.0,1.0,0.0,1.0,0.0,1.0,0.0,0.0,1.0,0.0,1.0,1.0,0.0,0.0,1.0,1.0,0.0,0.08303887340776794,0.5777385225147929,0.210247347267828,0.12897525619207573,0.1553571469670948,0.7642857187436417,0.02857142448033445,0.05178570935594917,0.8621908077699916,0.08833922018646512,0.019434619707662693,0.03003535311597949,1.0,0.0,1.0,0.0,0.0,0.0,1.0,0.0,0.0,0.0,1.0,0.9369676288398038,0.06303237133270967,1.0,0.0,0.0,1.0,1.0,0.0,0.0,0.0,1.0,0.0,1.0,0.0
602,3.83,15.72,104.0,17.0,5.0,8.0,8.0,9.0,37.0,15.9,84.87195186186798,4.53,11.9,13.6,320.0,32.0,0.0,1.0,1.0,0.0,0.0,1.0,1.0,0.0,0.0,1.0,1.0,0.0,0.0,1.0,1.0,0.0,0.0,1.0,1.0,0.0,0.0,0.0,0.0,1.0,0.0,0.0,1.0,0.0,0.0,0.0,1.0,0.0,1.0,0.0,0.0,0.0,0.0,1.0,0.0,0.0,1.0,0.9369676236716707,0.06303237676859441,1.0,0.0,0.0,1.0,1.0,0.0,0.0,0.0,1.0,0.0,0.7653060980412703,0.23469390325528272
603,11.51,21.87,151.5,50.2,8.0,7.0,6.0,6.0,38.2,14.2,82.3,4.61,12.8,13.0,336.0,88.0,0.0,1.0,1.0,0.0,1.0,0.0,1.0,0.0,0.0,1.0,1.0,0.0,0.0,1.0,0.0,1.0,0.0,1.0,0.08303887439704383,0.5777385131428849,0.21024735474460754,0.1289752573074352,0.1553571452399528,0.7642857174858672,0.028571423064337242,0.05178571398479581,0.8621908288404766,0.0883392148345451,0.01943462975521948,0.03003532566611955,1.0,0.0,1.0,0.0,0.0,0.0,0.0,1.0,0.0,0.0,1.0,1.0,0.0,1.0,0.0,1.0,0.0,0.6150235859063312,0.3427230563956968,0.004695050303607062,0.03755828976675979,0.8215766771722877,0.1784233273557061,0.7653060602871656,0.23469394297033852
604,9.96,13.51,146.5,29.0,5.0,9.0,8.0,11.0,37.0,14.6,83.91247703356858,4.64,13.8,12.1,273.0,16.0,0.0,1.0,1.0,0.0,0.0,1.0,1.0,0.0,0.0,1.0,0.0,1.0,0.0,1.0,1.0,0.0,0.0,1.0,0.08303886521270132,0.5777385072378713,0.21024737110178626,0.12897525666666598,0.15535713606865031,0.7642857193851369,0.02857141994875656,0.051785725101048063,0.8621908220015904,0.08833922104886904,0.01943462002525964,0.030035336502797993,1.0,0.0,1.0,0.0,0.0,0.0,0.0,1.0,0.0,0.0,1.0,1.0,0.0,1.0,0.0,0.0,1.0,0.0,1.0,0.0,0.0,0.8215769556592719,0.17842303419246464,0.7653060952845551,0.23469390616316144
605,13.94,17.93,167.0,50.0,4.0,7.0,6.0,8.1,37.4,16.2,77.5,4.86,12.9,13.2,326.0,0.0,0.0,1.0,1.0,0.0,1.0,0.0,1.0,0.0,1.0,0.0,0.0,1.0,1.0,0.0,0.0,1.0,0.0,1.0,0.08303886269429961,0.5777385192674676,0.21024734995397054,0.1289752684365062,0.15535714145674306,0.7642857140674219,0.028571429450959807,0.05178571512146224,0.8621908238441316,0.08833921672134082,0.019434639362998718,0.030035319198114308,1.0,0.0,1.0,0.0,0.0,0.0,1.0,0.0,0.0,1.0,0.0,1.0,0.0,1.0,0.0,1.0,0.0,0.6150234364471201,0.3427230342725527,0.004694544579583959,0.037558993546462416,0.8215766991794341,0.17842330420259778,0.7653061481957343,0.2346938504020224
606,9.12,16.38,143.0,33.5,5.0,5.0,4.0,9.0,38.0,17.71,55.0,5.53,14.5,13.003039636914682,305.0,19.0,0.0,1.0,1.0,0.0,1.0,0.0,1.0,0.0,1.0,0.0,1.0,0.0,1.0,0.0,1.0,0.0,1.0,0.0,0.0,0.0,1.0,0.0,1.0,0.0,0.0,0.0,0.0,0.0,0.0,1.0,1.0,0.0,1.0,0.0,0.0,0.0,0.0,1.0,0.0,0.0,1.0,1.0,0.0,1.0,0.0,1.0,0.0,0.0,1.0,0.0,0.0,0.8215769713214838,0.17842301778292358,0.7653059252923533,0.2346940850035265
607,11.76,15.07,148.0,33.0,4.0,4.0,4.0,5.0,37.5,6.5,72.8,4.74,13.2,12.6,169.0,8.0,0.0,1.0,1.0,0.0,1.0,0.0,1.0,0.0,1.0,0.0,0.0,1.0,1.0,0.0,0.0,1.0,1.0,0.0,0.0,1.0,0.0,0.0,0.0,1.0,0.0,0.0,1.0,0.0,0.0,0.0,1.0,0.0,1.0,0.0,0.0,0.0,0.0,1.0,0.0,0.0,1.0,1.0,0.0,1.0,0.0,1.0,0.0,0.6150236036655882,0.34272307166790117,0.004694911994896245,0.03755839651784487,0.8215768244192898,0.17842317237347205,0.7653061344501387,0.23469386499860279
608,16.22,25.23,169.5,72.5,9.0,9.0,6.0,9.260226291063997,37.8,16.6,86.4,4.32,13.5,12.3,298.0,12.0,1.0,0.0,0.0,1.0,0.0,1.0,1.0,0.0,1.0,0.0,1.0,0.0,0.0,1.0,0.0,1.0,0.0,1.0,0.0,1.0,0.0,0.0,0.0,1.0,0.0,0.0,1.0,0.0,0.0,0.0,1.0,0.0,0.0,1.0,0.0,0.0,1.0,0.0,0.0,1.0,0.0,1.0,0.0,1.0,0.0,0.0,1.0,0.6150230594728023,0.34272295478086,0.004694644580856444,0.03755938222332644,0.8215767142630627,0.17842328831564414,0.7653060600317441,0.23469394318206394
609,9.28,16.25,142.5,33.0,4.0,5.0,4.0,7.5,37.0,15.7,74.9,4.59,12.8,13.0,279.0,1.0,0.0,1.0,1.0,0.0,1.0,0.0,1.0,0.0,0.0,1.0,1.0,0.0,1.0,0.0,1.0,0.0,1.0,0.0,0.0,1.0,0.0,0.0,0.0,1.0,0.0,0.0,1.0,0.0,0.0,0.0,1.0,0.0,1.0,0.0,0.0,0.0,0.0,1.0,0.0,0.0,1.0,1.0,0.0,1.0,0.0,1.0,0.0,0.6150234138768812,0.3427230012139436,0.0046952205333486985,0.037558358742061926,0.8215768329054702,0.17842316341635311,0.7653062180336928,0.234693776923785
610,15.32,18.08,176.0,56.0,5.0,8.0,8.0,8.153103054387602,36.5,12.4,79.0,4.59,14.0,12.2,261.0,13.0,1.0,0.0,0.0,1.0,1.0,0.0,1.0,0.0,1.0,0.0,0.0,1.0,0.0,1.0,1.0,0.0,0.0,1.0,0.08303886636981628,0.5777385095570163,0.21024735879937406,0.12897526560658434,0.15535713767775172,0.7642857163873245,0.028571424251835786,0.051785722095393116,0.8621908203121614,0.08833923236909969,0.01943463034228987,0.03003531580780383,1.0,0.0,1.0,0.0,0.0,0.0,0.0,1.0,0.0,0.0,1.0,1.0,0.0,1.0,0.0,1.0,0.0,0.6150233993048282,0.3427229944075588,0.004694834734854214,0.03755877773351857,1.0,0.0,0.765306060371627,0.23469394285665401
611,9.58,14.18,132.0,24.7,8.0,10.0,10.0,7.0,38.4,13.5,80.3,5.04,13.9,13.1,277.0,278.0,1.0,0.0,1.0,0.0,0.0,1.0,1.0,0.0,1.0,0.0,0.0,1.0,0.0,1.0,1.0,0.0,0.0,1.0,0.0,0.0,1.0,0.0,1.0,0.0,0.0,0.0,1.0,0.0,0.0,0.0,1.0,0.0,0.0,0.0,1.0,0.0,0.0,0.0,1.0,0.0,1.0,1.0,0.0,1.0,0.0,0.0,1.0,0.0,1.0,0.0,0.0,1.0,0.0,0.0,1.0
612,16.78,20.58,162.0,54.0,9.0,5.0,6.0,7.0,37.3,6.2,71.8,4.95,12.6,13.8,232.0,46.0,0.0,1.0,1.0,0.0,1.0,0.0,1.0,0.0,0.0,1.0,0.0,1.0,0.0,1.0,1.0,0.0,1.0,0.0,0.0,1.0,0.0,0.0,1.0,0.0,0.0,0.0,1.0,0.0,0.0,0.0,1.0,0.0,1.0,0.0,0.0,0.0,0.0,1.0,0.0,0.0,1.0,1.0,0.0,1.0,0.0,1.0,0.0,0.0,1.0,0.0,0.0,1.0,0.0,1.0,0.0
613,9.66,16.22,149.0,36.0,4.0,10.0,10.0,9.0,38.0,19.9,79.0,4.63,13.1,13.8,282.0,43.0,0.0,1.0,1.0,0.0,0.0,1.0,1.0,0.0,1.0,0.0,0.0,1.0,0.0,1.0,1.0,0.0,0.0,1.0,0.0,0.0,0.0,1.0,0.0,1.0,0.0,0.0,1.0,0.0,0.0,0.0,1.0,0.0,1.0,0.0,0.0,0.0,0.0,1.0,0.0,0.0,1.0,1.0,0.0,1.0,0.0,0.0,1.0,0.0,1.0,0.0,0.0,0.8215768713424193,0.1784231229863622,0.7653061517602434,0.2346938466934133
614,14.79,23.23,166.0,64.0,4.0,7.0,8.0,10.0,36.8,20.6,83.8,5.63,15.3,12.9,315.0,1.0,0.0,1.0,1.0,0.0,0.0,1.0,1.0,0.0,0.0,1.0,0.0,1.0,0.0,1.0,0.0,1.0,0.0,1.0,0.0,1.0,0.0,0.0,0.0,1.0,0.0,0.0,1.0,0.0,0.0,0.0,1.0,0.0,1.0,0.0,0.0,0.0,0.0,1.0,0.0,1.0,0.0,1.0,0.0,1.0,0.0,0.0,1.0,0.6150234730778872,0.34272316593785423,0.0046947736631434145,0.037558580739960656,1.0,0.0,0.7653060088417305,0.23469399718363948
615,10.21,15.59,145.5,33.0,7.0,9.0,8.0,9.409965422129295,38.4,17.0,88.4,4.95,13.5,12.7,276.0,134.0,1.0,0.0,0.0,1.0,0.0,1.0,1.0,0.0,0.0,1.0,1.0,0.0,0.0,1.0,1.0,0.0,0.0,1.0,0.0,0.0,1.0,0.0,0.0,0.0,0.0,1.0,1.0,0.0,0.0,0.0,1.0,0.0,1.0,0.0,0.0,0.0,0.0,1.0,0.0,0.0,1.0,1.0,0.0,1.0,0.0,1.0,0.0,0.6150232980419937,0.3427230735159128,0.004694921988833145,0.03755871462260951,0.8215767888552594,0.1784232097847368,0.765306142905777,0.2346938559332109
616,7.18,13.71,122.0,20.4,7.0,10.0,10.0,9.816475992731093,39.3,23.1,79.0,4.48,12.6,12.2,310.0,234.0,0.0,1.0,0.0,1.0,0.0,1.0,1.0,0.0,1.0,0.0,0.0,1.0,0.0,1.0,1.0,0.0,0.0,1.0,0.08303887257119225,0.5777384989272883,0.21024737220674516,0.12897525633451257,0.15535713645701144,0.7642857126611293,0.028571429436441642,0.0517857220370983,0.8621908145688745,0.08833922623341628,0.019434630694337818,0.03003532814240939,1.0,0.0,0.0,1.0,0.0,0.0,0.0,1.0,0.0,0.0,1.0,1.0,0.0,1.0,0.0,1.0,0.0,0.6150233499507154,0.342723104616219,0.00469454345511644,0.037559014603070096,0.8215768797974443,0.17842311410286138,0.7653060854152292,0.23469391643395843
617,9.37,18.79,135.5,34.5,4.0,6.0,7.0,8.9,36.8,9.9,79.4,4.93,12.4,12.6,198.0,2.0,0.0,1.0,1.0,0.0,0.0,1.0,1.0,0.0,1.0,0.0,0.0,1.0,0.0,1.0,0.0,1.0,0.0,1.0,0.0,1.0,0.0,0.0,0.0,1.0,0.0,0.0,1.0,0.0,0.0,0.0,1.0,0.0,0.0,1.0,0.0,0.0,0.0,1.0,0.0,0.0,1.0,1.0,0.0,1.0,0.0,1.0,0.0,0.0,1.0,0.0,0.0,1.0,0.0,0.7653059196865132,0.2346940910315407
618,6.11,14.65,128.0,24.0,7.0,8.0,7.0,6.0,37.5,15.5,78.9,4.46,12.6,13.8,432.0,7.0,1.0,0.0,1.0,0.0,1.0,0.0,1.0,0.0,1.0,0.0,0.0,1.0,1.0,0.0,1.0,0.0,0.0,1.0,0.08303886984921538,0.5777385085592888,0.2102473607333737,0.1289752609098166,0.15535714148308322,0.7642857146271214,0.028571432525694274,0.05178571133425702,0.8621908103163545,0.08833922822635465,0.019434625173987974,0.030035336288888548,1.0,0.0,1.0,0.0,0.0,0.0,0.0,1.0,0.0,0.0,1.0,0.9369676145513496,0.0630323863565907,1.0,0.0,0.0,1.0,0.0,1.0,0.0,0.0,1.0,0.0,0.7653061683318342,0.23469382922186122
619,0.04,14.1,53.0,3.96,12.0,4.0,4.0,10.0,38.7,8.7,62.6,4.59,15.3,15.518302466357918,440.0,198.0,0.0,1.0,1.0,0.0,1.0,0.0,1.0,0.0,0.0,1.0,1.0,0.0,1.0,0.0,1.0,0.0,1.0,0.0,0.0,1.0,0.0,0.0,0.0,0.0,0.0,1.0,1.0,0.0,0.0,0.0,1.0,0.0,0.0,0.0,1.0,0.0,0.0,1.0,0.0,0.0,1.0,0.9369675928594675,0.06303240921409325,1.0,0.0,0.0,1.0,0.6150237689572502,0.342723144718582,0.004695811572498099,0.03755721652603394,0.8215767817908788,0.17842321721935106,0.7653060664510942,0.2346939365533771
620,9.05,15.37,126.5,24.6,4.0,7.0,6.0,8.303612881017003,38.6,13.4,84.1,4.6,12.6,13.6,335.0,71.0,1.0,0.0,0.0,1.0,1.0,0.0,1.0,0.0,0.0,1.0,1.0,0.0,0.0,1.0,0.0,1.0,0.0,1.0,0.083038877136282,0.5777385119506333,0.21024735807860773,0.12897525218287664,0.1553571394469857,0.764285714304535,0.028571426074872397,0.051785720522048106,0.8621908067483596,0.0883392222128615,0.01943463338943474,0.030035338047288085,1.0,0.0,1.0,0.0,0.0,0.0,0.0,1.0,0.0,0.0,1.0,0.9369676276774999,0.0630323725525197,1.0,0.0,0.0,1.0,0.6150233195036945,0.3427229338029182,0.004694828439429033,0.037558934876909866,1.0,0.0,0.7653060080335401,0.23469399805730762
621,10.65,17.05,146.3,36.5,4.0,8.0,6.0,8.5,37.0,10.9,75.5,5.14,14.1,13.1,225.0,22.0,1.0,0.0,1.0,0.0,0.0,1.0,1.0,0.0,1.0,0.0,1.0,0.0,1.0,0.0,1.0,0.0,0.0,1.0,0.08303887014832012,0.5777385083975486,0.21024735770361358,0.12897526386899005,0.15535713235489157,0.7642857178767629,0.028571428127177723,0.05178572230974776,0.8621908011889424,0.08833922819485962,0.019434633418756175,0.03003533771427125,1.0,0.0,1.0,0.0,0.0,0.0,0.0,1.0,0.0,0.0,1.0,1.0,0.0,1.0,0.0,0.0,1.0,0.6150234776832708,0.34272308039502586,0.0046947498396613385,0.03755869012833779,0.8215768919823919,0.17842310124286442,0.7653061200454017,0.23469388009531766
622,10.97,18.11,135.0,33.0,4.0,9.0,6.0,6.0,37.8,18.1,80.8,4.48,12.8,12.3,233.0,12.0,0.0,1.0,1.0,0.0,0.0,1.0,1.0,0.0,1.0,0.0,1.0,0.0,0.0,1.0,0.0,1.0,0.0,1.0,0.08303886685282125,0.5777385165324531,0.21024735570349773,0.1289752609066961,0.15535714997679417,0.7642857145757677,0.028571426553907986,0.051785708357315,0.8621908217769958,0.08833921721399451,0.01943463450680627,0.030035325917449618,1.0,0.0,0.0,0.0,1.0,0.0,0.0,1.0,0.0,0.0,1.0,1.0,0.0,1.0,0.0,1.0,0.0,0.615023438753082,0.3427230367876395,0.004694769223563711,0.03755875868803393,1.0,0.0,0.765306165303842,0.23469383250478482
623,12.41,12.6,152.0,29.1,4.0,8.0,8.0,8.0,38.8,14.9,93.2,4.55,14.1,12.5,226.0,10.0,1.0,0.0,1.0,0.0,1.0,0.0,1.0,0.0,1.0,0.0,0.0,1.0,0.0,1.0,0.0,1.0,0.0,1.0,0.08303887096513074,0.5777385177511711,0.2102473552182913,0.12897525568248547,0.15535714777001342,0.7642857139328743,0.02857141830501997,0.051785719886828785,0.8621908099223456,0.08833922133361005,0.019434643530293005,0.03003532511194318,1.0,0.0,1.0,0.0,0.0,0.0,1.0,0.0,0.0,0.0,1.0,1.0,0.0,1.0,0.0,0.5718518487837985,0.42814815137836115,0.6150237252397355,0.3427230156547745,0.004694281293020297,0.037558971776508354,0.8215768162454319,0.17842318097726861,0.765306117134546,0.2346938832046238
624,9.77,17.35,141.2,34.6,7.0,9.0,6.0,11.0,37.2,30.5,79.2,5.11,14.6,13.8,366.0,102.0,1.0,0.0,1.0,0.0,1.0,0.0,1.0,0.0,1.0,0.0,1.0,0.0,0.0,1.0,1.0,0.0,0.0,1.0,0.0,1.0,0.0,0.0,1.0,0.0,0.0,0.0,1.0,0.0,0.0,0.0,1.0,0.0,1.0,0.0,0.0,0.0,0.0,0.0,1.0,0.0,1.0,1.0,0.0,1.0,0.0,0.0,1.0,0.615023321318611,0.3427230970221429,0.004694713641498427,0.03755887919870382,1.0,0.0,0.0,1.0
625,13.99,19.0,173.5,57.2,7.0,8.0,9.0,10.0,37.2,16.1,81.9,4.46,12.3,13.5,264.0,1.0,1.0,0.0,1.0,0.0,0.0,1.0,1.0,0.0,0.0,1.0,0.0,1.0,0.0,1.0,1.0,0.0,0.0,1.0,0.0,1.0,0.0,0.0,0.0,1.0,0.0,0.0,1.0,0.0,0.0,0.0,1.0,0.0,1.0,0.0,0.0,0.0,0.0,1.0,0.0,0.0,1.0,0.9369676339342816,0.06303236595716732,1.0,0.0,0.0,1.0,0.6150235032264664,0.34272313756645356,0.004695126286794804,0.03755821536222703,1.0,0.0,0.7653061054212013,0.23469389542190267
626,4.48,14.51,105.0,16.0,5.0,6.0,5.0,11.0,37.6,18.7,71.37242248989699,4.11,10.9,13.6,393.0,47.0,0.0,1.0,1.0,0.0,0.0,1.0,1.0,0.0,0.0,1.0,1.0,0.0,1.0,0.0,0.0,1.0,1.0,0.0,0.08303887899122353,0.57773851329339,0.21024734517500088,0.128975262019561,0.15535713909049953,0.7642857216948947,0.02857143911997606,0.05178569971607705,0.862190797899113,0.08833922420305929,0.01943462206635227,0.03003535713476868,1.0,0.0,1.0,0.0,0.0,0.0,0.0,1.0,0.0,0.0,1.0,1.0,0.0,1.0,0.0,0.0,1.0,1.0,0.0,0.0,0.0,1.0,0.0,0.7653061143752181,0.23469388595876195
627,10.15,18.44,150.0,41.5,4.0,9.0,7.0,8.0,38.1,13.9,81.3,4.48,12.5,12.8,208.0,63.0,1.0,0.0,1.0,0.0,0.0,1.0,1.0,0.0,1.0,0.0,1.0,0.0,0.0,1.0,1.0,0.0,0.0,1.0,0.0,1.0,0.0,0.0,0.0,1.0,0.0,0.0,1.0,0.0,0.0,0.0,1.0,0.0,1.0,0.0,0.0,0.0,0.0,1.0,0.0,0.0,1.0,1.0,0.0,1.0,0.0,0.0,1.0,0.6150234597977989,0.34272307195708507,0.004694659565518622,0.03755881143013007,0.8215768708756542,0.1784231234767759,0.7653060962651281,0.23469390509030663
628,13.02,18.42,145.5,39.0,4.0,2.0,2.0,7.0,36.8,5.1,54.1,4.45,12.4,13.4,250.0,0.0,0.0,1.0,1.0,0.0,1.0,0.0,1.0,0.0,0.0,1.0,1.0,0.0,1.0,0.0,0.0,1.0,1.0,0.0,0.08303886711187569,0.5777385310145302,0.21024733743365043,0.12897526413243465,0.15535713826785136,0.7642857171166296,0.02857142007809821,0.05178572500271228,0.8621908123235776,0.08833921365334552,0.01943462794123607,0.030035346631066107,1.0,0.0,1.0,0.0,0.0,0.0,1.0,0.0,0.0,0.0,1.0,0.9369676431560837,0.06303235626298742,1.0,0.0,0.0,1.0,0.0,1.0,0.0,0.0,0.8215766909717809,0.17842331288310842,0.7653060706634807,0.2346939321647039
629,12.31,20.44,150.0,46.0,4.0,7.0,8.0,8.458968003871341,38.5,17.3,88.0,4.98,14.6,12.5,274.0,4.0,1.0,0.0,0.0,1.0,0.0,1.0,1.0,0.0,0.0,1.0,0.0,1.0,1.0,0.0,0.0,1.0,0.0,1.0,0.0,1.0,0.0,0.0,0.0,1.0,0.0,0.0,1.0,0.0,0.0,0.0,1.0,0.0,1.0,0.0,0.0,0.0,1.0,0.0,0.0,1.0,0.0,1.0,0.0,1.0,0.0,1.0,0.0,0.6150233235512013,0.34272297306217747,0.004694348109062885,0.037559382280166975,0.8215767148644186,0.1784232876802041,0.7653061369243657,0.23469386230977418
630,16.51,20.78,190.0,75.0,6.0,10.0,10.0,5.4,37.6,18.7,92.1,5.29,14.9,13.1,359.0,16.0,0.0,1.0,1.0,0.0,0.0,1.0,1.0,0.0,1.0,0.0,0.0,1.0,0.0,1.0,1.0,0.0,0.0,1.0,0.0,0.0,0.0,1.0,0.0,1.0,0.0,0.0,1.0,0.0,0.0,0.0,1.0,0.0,1.0,0.0,0.0,0.0,0.0,0.0,1.0,0.0,1.0,0.9369676179968808,0.06303238271966605,1.0,0.0,0.0,1.0,0.0,1.0,0.0,0.0,0.8215767903613869,0.17842320819216329,0.7653061439350379,0.23469385478476823
631,16.82,18.59,164.0,50.0,5.0,6.0,5.0,11.0,37.6,10.7,71.7,5.23,14.7,12.7,253.0,14.0,1.0,0.0,1.0,0.0,1.0,0.0,1.0,0.0,0.0,1.0,0.0,1.0,1.0,0.0,0.0,1.0,1.0,0.0,0.0,0.0,0.0,1.0,0.0,1.0,0.0,0.0,1.0,0.0,0.0,0.0,1.0,0.0,1.0,0.0,0.0,0.0,0.0,1.0,0.0,0.0,1.0,0.9369676323998954,0.06303236758943187,1.0,0.0,1.0,0.0,0.6150236970582579,0.3427231228112273,0.004694868168294231,0.0375582855777169,0.8215768503131375,0.17842314507392587,0.7653060614792512,0.23469394185982384
632,10.34,19.43,138.0,37.0,6.0,7.0,6.0,9.164875977546124,38.8,23.7,88.0,4.8,13.0,14.5,356.0,63.0,0.0,1.0,0.0,1.0,1.0,0.0,1.0,0.0,0.0,1.0,1.0,0.0,0.0,1.0,0.0,1.0,0.0,1.0,0.0,1.0,0.0,0.0,1.0,0.0,0.0,0.0,1.0,0.0,0.0,0.0,0.0,1.0,0.0,0.0,1.0,0.0,0.0,1.0,0.0,1.0,0.0,0.9369676378198608,0.06303236187909955,1.0,0.0,0.0,1.0,0.6150230775278427,0.3427230118263044,0.004694580479845389,0.03755936979406038,0.8215767678249677,0.17842323196186027,0.7653061041180902,0.2346938968985075
633,3.57,11.34,115.0,15.0,9.0,8.0,9.0,8.213058310994542,38.2,14.3,83.8,4.78,12.5,13.0,225.0,3.0,0.0,1.0,0.0,1.0,1.0,0.0,1.0,0.0,0.0,1.0,0.0,1.0,0.0,1.0,1.0,0.0,0.0,1.0,0.0,0.0,1.0,0.0,0.0,1.0,0.0,0.0,1.0,0.0,0.0,0.0,1.0,0.0,0.0,0.0,1.0,0.0,0.0,0.0,1.0,0.0,1.0,0.9369676289980841,0.0630323711546148,1.0,0.0,1.0,0.0,0.6150232329870198,0.34272302093172036,0.004695414887287419,0.0375583335502907,1.0,0.0,1.0,0.0
634,15.86,20.44,167.0,57.0,7.0,8.0,8.0,9.009565734033824,38.6,21.9,85.4,5.44,16.2,12.5,210.0,1.0,0.0,1.0,0.0,1.0,1.0,0.0,1.0,0.0,1.0,0.0,0.0,1.0,0.0,1.0,0.0,1.0,0.0,1.0,0.0,1.0,0.0,0.0,0.0,1.0,0.0,0.0,1.0,0.0,0.0,0.0,1.0,0.0,1.0,0.0,0.0,0.0,0.0,1.0,0.0,0.0,1.0,1.0,0.0,1.0,0.0,0.0,1.0,0.6150232452128912,0.3427231199697992,0.004694734430673808,0.03755891585501636,0.8215768258801913,0.1784231708501095,0.7653059557111025,0.23469405317434355
635,14.21,25.64,158.0,64.0,7.0,4.0,4.0,7.197063714437316,38.2,2.6,55.85842797055274,4.96,11.2,14.0,134.0,29.0,1.0,0.0,0.0,1.0,0.0,1.0,1.0,0.0,0.0,1.0,1.0,0.0,1.0,0.0,0.0,1.0,1.0,0.0,0.0,1.0,0.0,0.0,0.0,1.0,0.0,0.0,1.0,0.0,0.0,0.0,1.0,0.0,1.0,0.0,0.0,0.0,1.0,0.0,0.0,1.0,0.0,1.0,0.0,1.0,0.0,0.0,1.0,0.6150230558649603,0.34272298666109124,0.004694861246860693,0.037559130580533284,0.8215765859748041,0.17842342335889072,0.765306113989441,0.23469388642584788
636,10.36,17.24,146.5,37.0,6.0,7.0,5.0,17.0,36.4,12.9,84.8,5.2,13.5,12.4,288.0,10.0,0.0,1.0,1.0,0.0,1.0,0.0,1.0,0.0,0.0,1.0,1.0,0.0,0.0,1.0,0.0,1.0,0.0,1.0,0.0,0.0,1.0,0.0,0.0,1.0,0.0,0.0,1.0,0.0,0.0,0.0,1.0,0.0,1.0,0.0,0.0,0.0,0.0,1.0,0.0,0.0,1.0,1.0,0.0,1.0,0.0,0.0,1.0,0.0,1.0,0.0,0.0,1.0,0.0,0.7653059102852451,0.23469410093336296
637,14.2,19.93,156.3,48.7,11.0,5.0,3.0,6.573674128535675,37.2,8.1,43.5,4.79,14.0,11.5,236.0,1.0,1.0,0.0,0.0,1.0,1.0,0.0,1.0,0.0,1.0,0.0,1.0,0.0,0.0,1.0,0.0,1.0,1.0,0.0,0.0,0.0,1.0,0.0,0.0,1.0,0.0,0.0,1.0,0.0,0.0,0.0,1.0,0.0,0.0,1.0,0.0,0.0,0.0,1.0,0.0,1.0,0.0,0.9369676287199539,0.06303237145428764,1.0,0.0,1.0,0.0,0.6150231783333264,0.34272302079966643,0.004695400627441226,0.037558407834277996,0.8215766659449807,0.17842333922725162,0.7653059647228009,0.2346940435867284
638,9.0,17.68,147.0,38.2,5.0,8.0,8.0,10.0,38.2,14.0,87.1,4.5,12.1,13.7,275.0,20.0,0.0,1.0,1.0,0.0,1.0,0.0,1.0,0.0,1.0,0.0,0.0,1.0,0.0,1.0,0.0,1.0,0.0,1.0,0.08303887162136003,0.5777385143322046,0.21024735086522583,0.12897526304827334,0.1553571480133762,0.764285716391859,0.028571420410526405,0.05178571486858341,0.8621908242821517,0.08833921746691153,0.019434641633961358,0.030035315608066382,1.0,0.0,1.0,0.0,0.0,0.0,0.0,1.0,0.0,0.0,1.0,0.9369676227879659,0.06303237769822301,1.0,0.0,1.0,0.0,0.6150236964166305,0.3427231059917123,0.004694717310414043,0.03755845990154805,0.8215768200459626,0.17842317696401455,0.7653060026822096,0.23469400362386672
639,4.08,14.6,104.7,16.0,6.0,7.0,4.0,9.5552997071234,37.8,16.3,90.6,4.69,8.2,21.6,446.0,205.0,0.0,1.0,0.0,1.0,1.0,0.0,1.0,0.0,0.0,1.0,1.0,0.0,1.0,0.0,0.0,1.0,0.0,1.0,0.0,0.0,1.0,0.0,0.0,1.0,0.0,0.0,1.0,0.0,0.0,0.0,1.0,0.0,1.0,0.0,0.0,0.0,0.0,0.0,1.0,0.0,1.0,0.9369676210120014,0.0630323795656702,1.0,0.0,1.0,0.0,0.615023335137391,0.34272269968727187,0.0046964106878303324,0.037557538615756614,0.8215768296210689,0.17842316685352233,0.7653058908354863,0.23469412144627544
640,9.72,17.6,141.0,35.0,7.0,7.0,6.0,15.0,37.8,19.1,81.0,4.43,12.1,13.2,316.0,148.0,1.0,0.0,1.0,0.0,1.0,0.0,1.0,0.0,0.0,1.0,1.0,0.0,0.0,1.0,1.0,0.0,0.0,1.0,0.08303887731618886,0.5777385051345307,0.21024736438351843,0.12897525270287347,0.15535713139165452,0.7642857156135637,0.02857144103995346,0.05178571248966568,0.8621907965950976,0.0883392379008392,0.019434626333808103,0.030035339711409148,1.0,0.0,1.0,0.0,0.0,0.0,0.0,1.0,0.0,0.0,1.0,0.9369676289290406,0.06303237124569261,1.0,0.0,0.5718518428500907,0.42814815761780345,0.6150235339818071,0.3427231506777889,0.0046946493654563826,0.03755865872397535,1.0,0.0,1.0,0.0
641,15.33,20.62,167.0,57.5,4.0,9.0,8.0,7.0,37.8,16.4,76.2,5.57,16.4,12.6,223.0,16.0,0.0,1.0,1.0,0.0,1.0,0.0,1.0,0.0,1.0,0.0,0.0,1.0,0.0,1.0,1.0,0.0,0.0,1.0,0.08303886230730584,0.5777385096989042,0.21024736471637373,0.12897526377025625,0.15535714128989342,0.7642857111245943,0.028571421674520314,0.05178572639293544,0.8621908234380207,0.08833921974276815,0.019434630356208515,0.03003532571348222,1.0,0.0,1.0,0.0,0.0,0.0,1.0,0.0,0.0,1.0,0.0,1.0,0.0,1.0,0.0,0.0,1.0,1.0,0.0,0.0,0.0,0.8215766674807204,0.17842333755774675,0.7653061225530271,0.2346938774945423
642,8.89,17.29,139.0,33.4,4.0,9.0,8.0,12.0,37.7,16.7,84.1,4.54,12.8,13.2,276.0,15.0,1.0,0.0,1.0,0.0,1.0,0.0,1.0,0.0,1.0,0.0,0.0,1.0,0.0,1.0,1.0,0.0,0.0,1.0,0.08303886800583471,0.5777385100021332,0.21024736150744783,0.12897526058774933,0.15535713985387367,0.7642857128668517,0.028571426541574962,0.05178572111651791,0.8621908057060002,0.08833923156619572,0.01943463373828125,0.03003532894537242,1.0,0.0,1.0,0.0,0.0,0.0,0.0,1.0,0.0,0.0,1.0,1.0,0.0,1.0,0.0,0.0,1.0,0.0,1.0,0.0,0.0,1.0,0.0,0.7653059935511479,0.23469401329666584
643,10.57,17.75,130.0,30.0,8.0,7.0,6.0,13.0,38.3,3.5,83.0,4.85,13.5,12.3,268.0,26.0,1.0,0.0,1.0,0.0,1.0,0.0,1.0,0.0,1.0,0.0,1.0,0.0,0.0,1.0,1.0,0.0,0.0,1.0,0.08303887333757676,0.5777385106640816,0.21024736180530834,0.12897525382366326,0.15535713064121082,0.7642857180737953,0.028571431465164943,0.05178572055073194,0.8621908000273593,0.08833922137712025,0.019434624662174382,0.030035355132995045,1.0,0.0,1.0,0.0,0.0,0.0,0.0,1.0,0.0,1.0,0.0,1.0,0.0,1.0,0.0,0.0,1.0,0.6150234087053632,0.3427232194482358,0.00469420055400982,0.037559182603089214,1.0,0.0,0.7653060930834411,0.234693908538819
644,7.38,16.24,128.0,26.6,5.0,7.0,5.0,12.0,38.2,19.1,86.7,4.73,12.7,13.7,327.0,117.0,0.0,1.0,1.0,0.0,1.0,0.0,1.0,0.0,1.0,0.0,1.0,0.0,1.0,0.0,0.0,1.0,0.0,1.0,0.0830388771427294,0.5777385107523547,0.21024735384440774,0.1289752577955473,0.1553571344438599,0.7642857154515018,0.028571437036217007,0.05178571346653016,0.8621908068384496,0.08833922352068369,0.01943463561010439,0.030035334261413693,1.0,0.0,1.0,0.0,0.0,0.0,0.0,1.0,0.0,1.0,0.0,1.0,0.0,1.0,0.0,1.0,0.0,0.6150235020992607,0.3427231081595198,0.004694300875849544,0.03755909561106907,0.82157691790182,0.17842307398589907,1.0,0.0
645,5.11,16.35,116.0,22.0,6.0,9.0,6.0,7.0,40.2,19.4,89.7,4.55,12.8,13.0,387.0,8.0,1.0,0.0,1.0,0.0,1.0,0.0,1.0,0.0,1.0,0.0,1.0,0.0,0.0,1.0,0.0,1.0,0.0,1.0,0.0,0.0,1.0,0.0,0.0,0.0,1.0,0.0,1.0,0.0,0.0,0.0,1.0,0.0,1.0,0.0,0.0,0.0,0.0,1.0,0.0,0.0,1.0,0.0,1.0,1.0,0.0,1.0,0.0,0.6150236019983623,0.342722867513201,0.004695037714266603,0.03755848432012232,1.0,0.0,1.0,0.0
646,7.26,13.93,122.8,21.0,5.0,8.0,7.0,12.0,37.8,15.1,84.0,5.0,13.6,14.6,250.0,78.0,0.0,1.0,1.0,0.0,1.0,0.0,1.0,0.0,1.0,0.0,0.0,1.0,1.0,0.0,1.0,0.0,0.0,1.0,0.0,1.0,0.0,0.0,0.0,1.0,0.0,0.0,0.0,1.0,0.0,0.0,1.0,0.0,1.0,0.0,0.0,0.0,0.0,1.0,0.0,1.0,0.0,1.0,0.0,1.0,0.0,0.0,1.0,0.0,1.0,0.0,0.0,1.0,0.0,1.0,0.0
647,16.93,19.15,177.0,60.0,10.0,10.0,10.0,10.0,38.2,20.4,86.6,5.14,12.4,14.0,316.0,97.0,1.0,0.0,1.0,0.0,0.0,1.0,1.0,0.0,1.0,0.0,0.0,1.0,0.0,1.0,1.0,0.0,0.0,1.0,0.0,0.0,0.0,1.0,0.0,1.0,0.0,0.0,1.0,0.0,0.0,0.0,0.0,1.0,1.0,0.0,0.0,0.0,0.0,1.0,0.0,0.0,1.0,1.0,0.0,1.0,0.0,0.0,1.0,0.0,1.0,0.0,0.0,1.0,0.0,0.7653061762586972,0.23469382085949253
648,11.91,15.97,137.5,30.2,6.0,8.0,5.0,5.5,37.5,25.7,90.2,4.73,13.3,12.3,414.0,0.0,0.0,1.0,1.0,0.0,1.0,0.0,1.0,0.0,1.0,0.0,1.0,0.0,0.0,1.0,0.0,1.0,0.0,1.0,0.0,1.0,0.0,0.0,0.0,1.0,0.0,0.0,1.0,0.0,0.0,0.0,1.0,0.0,1.0,0.0,0.0,0.0,1.0,0.0,0.0,1.0,0.0,1.0,0.0,1.0,0.0,1.0,0.0,0.6150232209942341,0.3427230025947807,0.004694784499223892,0.037559014029439064,1.0,0.0,0.7653062241040451,0.23469377057995555
649,12.82,16.98,158.0,42.4,5.0,4.0,6.0,8.0,37.0,6.4,66.9836135542152,4.946189305931464,13.906248182297105,13.126218870309385,247.70846100174566,28.0,0.0,1.0,1.0,0.0,1.0,0.0,1.0,0.0,0.0,1.0,0.0,1.0,1.0,0.0,1.0,0.0,0.5086206985823808,0.49137930092886173,0.0,0.0,1.0,0.0,0.0,0.0,1.0,0.0,1.0,0.0,0.0,0.0,1.0,0.0,0.0,0.0,1.0,0.0,0.0,1.0,0.0,1.0,0.0,1.0,0.0,1.0,0.0,0.0,1.0,1.0,0.0,0.0,0.0,1.0,0.0,1.0,0.0
650,14.55,18.31,184.0,62.0,4.0,5.0,4.0,8.608207239377899,39.4,13.8,67.7,5.32,15.1,13.6,171.0,152.0,0.0,1.0,0.0,1.0,1.0,0.0,1.0,0.0,0.0,1.0,1.0,0.0,1.0,0.0,0.0,1.0,1.0,0.0,0.08303887075343552,0.5777385142089099,0.2102473555849398,0.12897525926792364,0.15535713916600047,0.7642857121848139,0.028571429931328995,0.05178571908154439,0.8621908161835775,0.08833922062246413,0.019434635158083413,0.030035327709997284,1.0,0.0,0.0,0.0,1.0,0.0,0.0,1.0,0.0,0.0,1.0,0.9369676361244812,0.06303236364574494,1.0,0.0,0.0,1.0,0.6150232372070127,0.3427229298767075,0.004694675829491346,0.03755918477380926,0.8215767480677735,0.17842325273025372,1.0,0.0
651,10.25,16.89,146.0,36.0,6.0,5.0,4.0,9.0,36.8,16.2,84.3,4.49,12.6,12.8,227.0,93.0,0.0,1.0,1.0,0.0,1.0,0.0,1.0,0.0,0.0,1.0,1.0,0.0,1.0,0.0,0.0,1.0,0.0,1.0,0.0830388711291109,0.5777385210072887,0.21024735372292758,0.12897525360776962,0.15535714267047906,0.764285715933602,0.02857142552148506,0.05178571587933334,0.8621908171964706,0.08833922326713906,0.01943463167370274,0.030035327384148602,0.0,1.0,0.0,1.0,0.0,0.0,0.0,1.0,0.0,1.0,0.0,0.9369676365841808,0.06303236317637295,1.0,0.0,0.0,1.0,0.6150233957616331,0.3427230656104606,0.004694509963177329,0.03755904059981918,1.0,0.0,1.0,0.0
652,11.96,24.86,169.0,71.0,4.0,9.0,6.0,8.0,36.9,13.1,83.8,4.78,12.2,14.4,249.0,34.0,0.0,1.0,1.0,0.0,0.0,1.0,1.0,0.0,1.0,0.0,1.0,0.0,0.0,1.0,1.0,0.0,0.0,1.0,1.0,0.0,0.0,0.0,0.0,1.0,0.0,0.0,1.0,0.0,0.0,0.0,1.0,0.0,1.0,0.0,0.0,0.0,0.0,1.0,0.0,1.0,0.0,1.0,0.0,1.0,0.0,1.0,0.0,0.6150234019686356,0.34272296385363055,0.004694948360326134,0.03755869064721373,1.0,0.0,0.7653060615783078,0.23469394156687184
653,10.52,22.28,134.0,40.0,5.0,8.0,5.0,7.0,37.8,18.2,87.7,4.32,12.2,11.6,259.0,13.0,0.0,1.0,1.0,0.0,1.0,0.0,1.0,0.0,1.0,0.0,1.0,0.0,1.0,0.0,1.0,0.0,0.0,1.0,0.0830388751800728,0.5777385053029522,0.2102473581116593,0.1289752612661903,0.15535714274083434,0.7642857159422773,0.028571439063990955,0.05178570189669218,0.862190821959759,0.08833922373493763,0.01943462898937731,0.030035324505665484,1.0,0.0,1.0,0.0,0.0,0.0,0.0,1.0,0.0,1.0,0.0,1.0,0.0,1.0,0.0,1.0,0.0,0.6150231992519393,0.3427230944573143,0.004694623908322981,0.03755910582699784,0.8215767970537233,0.17842320116786248,0.7653062442962778,0.2346937493189557
654,10.87,14.81,137.5,28.0,5.0,6.0,4.0,9.0,37.6,10.3,68.1,5.49,14.8,12.2,223.0,6.0,0.0,1.0,1.0,0.0,0.0,1.0,1.0,0.0,1.0,0.0,1.0,0.0,0.0,1.0,0.0,1.0,1.0,0.0,0.0,1.0,0.0,0.0,0.0,1.0,0.0,0.0,1.0,0.0,0.0,0.0,1.0,0.0,1.0,0.0,0.0,0.0,0.0,1.0,0.0,0.0,1.0,1.0,0.0,1.0,0.0,0.0,1.0,0.6150233790174371,0.3427231344922783,0.004694745727476635,0.037558744428472624,1.0,0.0,0.7653060593778137,0.23469394405966437
655,14.2,20.96,162.0,55.0,28.0,9.0,6.0,10.193841845326885,37.2,17.1,84.6,3.62,10.0,14.2,443.0,27.0,1.0,0.0,1.0,0.0,0.0,1.0,1.0,0.0,1.0,0.0,1.0,0.0,0.0,1.0,1.0,0.0,0.0,1.0,0.0,0.0,1.0,0.0,0.0,0.0,1.0,0.0,1.0,0.0,0.0,0.0,1.0,0.0,1.0,0.0,0.0,0.0,0.0,1.0,0.0,0.0,1.0,1.0,0.0,1.0,0.0,0.0,1.0,0.6150230975780526,0.3427231736608859,0.0046961966889049744,0.03755751642291971,1.0,0.0,0.7653062697067142,0.2346937225077057
656,13.47,23.31,155.0,56.0,8.0,9.0,7.0,12.0,38.4,27.3,78.6,5.34,15.6,12.8,277.0,46.0,0.0,1.0,1.0,0.0,0.0,1.0,1.0,0.0,0.0,1.0,1.0,0.0,0.0,1.0,1.0,0.0,0.0,1.0,0.0,0.0,1.0,0.0,0.0,0.0,1.0,0.0,1.0,0.0,0.0,0.0,1.0,0.0,1.0,0.0,0.0,0.0,0.0,1.0,0.0,0.0,1.0,1.0,0.0,1.0,0.0,0.0,1.0,0.6150234091107694,0.34272302510563246,0.004694968975665237,0.037558597983676334,1.0,0.0,0.7653059929923859,0.2346940139676511
657,15.9,19.18,159.0,48.5,6.0,6.0,7.0,7.071844077849661,37.2,7.6,64.4,4.65,13.8,12.5,361.0,0.0,1.0,0.0,1.0,0.0,0.0,1.0,1.0,0.0,1.0,0.0,0.0,1.0,0.0,1.0,1.0,0.0,1.0,0.0,0.0,1.0,0.0,0.0,0.0,1.0,0.0,0.0,1.0,0.0,0.0,0.0,1.0,0.0,1.0,0.0,0.0,0.0,0.0,1.0,0.0,1.0,0.0,1.0,0.0,1.0,0.0,1.0,0.0,0.6150235769952865,0.3427230911667868,0.004694887838505579,0.03755842967654044,0.82157683662006,0.1784231595494784,0.7653061254490876,0.23469387440174305
658,11.81,20.55,156.0,50.0,5.0,6.0,4.0,8.0,37.4,13.6,76.5,5.02,13.8,13.0,292.0,5.0,1.0,0.0,1.0,0.0,1.0,0.0,1.0,0.0,0.0,1.0,1.0,0.0,1.0,0.0,0.0,1.0,0.0,1.0,0.0,1.0,0.0,0.0,0.0,1.0,0.0,0.0,1.0,0.0,0.0,0.0,1.0,0.0,1.0,0.0,0.0,0.0,0.0,1.0,0.0,0.0,1.0,0.9369676358761785,0.06303236392021727,1.0,0.0,1.0,0.0,0.6150235959096718,0.3427230717713119,0.004694990789469111,0.037558323425818,1.0,0.0,0.7653059864818051,0.23469402068221012
659,5.92,16.06,123.0,24.3,9.0,6.0,6.0,8.244943030743187,39.0,11.8,82.8,5.33,12.9,14.7,309.0,20.0,0.0,1.0,1.0,0.0,0.0,1.0,1.0,0.0,0.0,1.0,1.0,0.0,0.0,1.0,1.0,0.0,0.0,1.0,0.08303886658151816,0.5777385191060852,0.21024735578257836,0.12897525841666624,0.15535714565799108,0.7642857160286252,0.02857144073909701,0.05178569693644175,0.8621908190048544,0.08833920762704772,0.019434613097112585,0.030035361007826777,1.0,0.0,1.0,0.0,0.0,0.0,0.0,1.0,0.0,1.0,0.0,1.0,0.0,1.0,0.0,0.0,1.0,0.0,1.0,0.0,0.0,1.0,0.0,1.0,0.0
660,12.15,14.42,165.5,39.5,5.0,5.0,4.0,7.9,36.8,12.5,74.9,4.85,13.6,12.9,283.0,12.0,0.0,1.0,1.0,0.0,1.0,0.0,1.0,0.0,0.0,1.0,1.0,0.0,0.0,1.0,0.0,1.0,1.0,0.0,0.0,1.0,0.0,0.0,0.0,1.0,0.0,0.0,1.0,0.0,0.0,0.0,1.0,0.0,1.0,0.0,0.0,0.0,0.0,1.0,0.0,0.0,1.0,0.9369676403247407,0.06303235922700667,1.0,0.0,1.0,0.0,1.0,0.0,0.0,0.0,1.0,0.0,0.0,1.0
661,11.38,21.08,154.0,50.0,4.0,8.0,9.0,12.0,38.5,24.1,86.0,4.81,13.6,12.5,362.0,38.0,0.0,1.0,1.0,0.0,1.0,0.0,1.0,0.0,0.0,1.0,0.0,1.0,0.0,1.0,1.0,0.0,0.0,1.0,0.0,1.0,0.0,0.0,0.0,1.0,0.0,0.0,1.0,0.0,0.0,0.0,1.0,0.0,1.0,0.0,0.0,0.0,0.0,1.0,0.0,0.0,1.0,0.9369676385777264,0.06303236108136467,1.0,0.0,1.0,0.0,0.0,1.0,0.0,0.0,1.0,0.0,0.765305987282533,0.23469401980182336
662,14.95,20.31,160.0,52.0,10.0,5.0,4.0,7.5,36.1,7.9,51.8,5.03,14.3,12.8,205.0,0.0,1.0,0.0,1.0,0.0,0.0,1.0,1.0,0.0,1.0,0.0,1.0,0.0,1.0,0.0,0.0,1.0,1.0,0.0,0.0,0.0,0.0,1.0,0.0,1.0,0.0,0.0,1.0,0.0,0.0,0.0,1.0,0.0,1.0,0.0,0.0,0.0,1.0,0.0,0.0,1.0,0.0,1.0,0.0,1.0,0.0,0.0,1.0,0.615023335903645,0.34272308087912506,0.004694824216677662,0.037558766430322965,0.8215767175155504,0.1784232849139027,1.0,0.0
663,12.83,19.13,168.0,54.0,7.0,8.0,7.0,10.0,38.2,13.1,78.8,4.77,14.2,11.7,192.0,1.0,1.0,0.0,1.0,0.0,0.0,1.0,1.0,0.0,0.0,1.0,1.0,0.0,1.0,0.0,1.0,0.0,0.0,1.0,0.0,1.0,0.0,0.0,0.0,0.0,0.0,1.0,1.0,0.0,0.0,0.0,1.0,0.0,1.0,0.0,0.0,0.0,0.0,1.0,0.0,0.0,1.0,0.9369676198815432,0.0630323807510671,0.9957865254062432,0.004213474153136443,0.0,1.0,0.0,1.0,0.0,0.0,1.0,0.0,0.7653061206403826,0.2346938792752521
664,17.52,31.84,155.0,76.5,3.0,4.0,5.0,6.0,37.3,8.4,53.5,4.69,13.4,13.0,341.0,7.0,1.0,0.0,1.0,0.0,0.0,1.0,1.0,0.0,1.0,0.0,0.0,1.0,1.0,0.0,0.0,1.0,1.0,0.0,0.0,1.0,0.0,0.0,0.0,1.0,0.0,0.0,1.0,0.0,0.0,0.0,1.0,0.0,0.0,0.0,1.0,0.0,1.0,0.0,0.0,0.0,1.0,0.9369676262882575,0.06303237403107775,1.0,0.0,1.0,0.0,0.6150237023307892,0.34272301272524885,0.004695014959208987,0.037558247174071746,0.8215765973672483,0.17842341141195217,0.7653060487507902,0.23469395524192715
665,14.59,28.44,156.0,69.2,7.0,4.0,3.0,10.0,36.5,7.8,50.7,4.61,13.4,12.6,284.0,13.0,1.0,0.0,1.0,0.0,0.0,1.0,1.0,0.0,1.0,0.0,1.0,0.0,1.0,0.0,0.0,1.0,1.0,0.0,0.0,1.0,0.0,0.0,0.0,1.0,0.0,0.0,1.0,0.0,0.0,0.0,1.0,0.0,1.0,0.0,0.0,0.0,1.0,0.0,0.0,0.0,1.0,1.0,0.0,1.0,0.0,1.0,0.0,0.0,1.0,0.0,0.0,0.8215767491041877,0.17842325169301532,0.7653058983705964,0.23469411342370694
666,5.01,14.89,103.0,15.8,5.0,3.0,3.0,11.0,37.3,13.1,68.4,4.27,11.5,12.6,259.0,90.0,0.0,1.0,1.0,0.0,1.0,0.0,1.0,0.0,0.0,1.0,1.0,0.0,0.0,1.0,0.0,1.0,1.0,0.0,0.0,1.0,0.0,0.0,0.0,1.0,0.0,0.0,1.0,0.0,0.0,0.0,1.0,0.0,0.0,1.0,0.0,0.0,0.0,1.0,0.0,0.0,1.0,0.9369676220889023,0.06303237844226939,1.0,0.0,0.0,1.0,1.0,0.0,0.0,0.0,1.0,0.0,0.7653059519646473,0.23469405706074264
667,12.47,15.37,142.0,31.0,5.0,9.0,6.0,7.0,37.9,12.2,77.2,5.16,14.6,12.1,247.0,0.0,1.0,0.0,1.0,0.0,0.0,1.0,1.0,0.0,1.0,0.0,1.0,0.0,0.0,1.0,0.0,1.0,0.0,1.0,0.0,1.0,0.0,0.0,0.0,1.0,0.0,0.0,1.0,0.0,0.0,0.0,1.0,0.0,1.0,0.0,0.0,0.0,0.0,1.0,0.0,1.0,0.0,1.0,0.0,1.0,0.0,0.0,1.0,1.0,0.0,0.0,0.0,0.8215768108275171,0.17842318666416657,0.76530601713579,0.23469398843456524
668,11.03,24.62,151.5,56.5,10.0,6.0,4.0,9.0,37.8,11.0,80.2,4.85,13.7,12.9,263.0,26.0,0.0,1.0,1.0,0.0,1.0,0.0,1.0,0.0,0.0,1.0,1.0,0.0,1.0,0.0,0.0,1.0,0.0,1.0,0.0,1.0,0.0,0.0,0.0,1.0,0.0,0.0,1.0,0.0,0.0,0.0,1.0,0.0,1.0,0.0,0.0,0.0,0.0,1.0,0.0,0.0,1.0,0.9369676357600675,0.06303236405122759,1.0,0.0,0.0,1.0,0.6150233503202924,0.3427231499888428,0.004695147556005308,0.03755834587627316,1.0,0.0,0.7653060819807502,0.23469392021683222
669,10.94,15.75,138.0,30.0,4.0,7.0,5.0,10.0,36.8,16.1,85.5,4.8,14.0,13.0,340.0,2.0,0.0,1.0,1.0,0.0,1.0,0.0,1.0,0.0,1.0,0.0,1.0,0.0,0.0,1.0,0.0,1.0,0.0,1.0,0.08303886701930163,0.5777385195732601,0.21024735060177457,0.12897526276943927,0.15535713652878635,0.7642857153404192,0.028571420421387717,0.05178572839551354,0.862190815772607,0.08833921928915378,0.01943462453930489,0.030035340442524205,1.0,0.0,1.0,0.0,0.0,0.0,0.0,1.0,0.0,0.0,1.0,1.0,0.0,1.0,0.0,1.0,0.0,0.0,1.0,0.0,0.0,0.8215768849449483,0.17842310868322153,0.7653059130860309,0.23469409799359608
670,8.76,19.81,131.0,34.0,4.0,7.0,5.0,10.0,36.9,20.3,87.7,4.69,12.9,11.9,236.0,4.0,0.0,1.0,1.0,0.0,1.0,0.0,1.0,0.0,1.0,0.0,1.0,0.0,0.0,1.0,0.0,1.0,0.0,1.0,0.0,1.0,0.0,0.0,0.0,1.0,0.0,0.0,1.0,0.0,0.0,0.0,0.9395683506274088,0.06043164909185017,1.0,0.0,0.0,0.0,0.0,1.0,0.0,0.0,1.0,1.0,0.0,1.0,0.0,1.0,0.0,0.6150234278357096,0.3427231264964896,0.004694542636580645,0.03755890879674517,1.0,0.0,0.0,1.0
671,10.81,18.12,138.0,34.5,5.0,8.0,5.0,8.420857636831135,37.5,15.9,78.4,4.6,12.9,12.2,320.0,77.0,1.0,0.0,1.0,0.0,1.0,0.0,1.0,0.0,1.0,0.0,1.0,0.0,0.0,1.0,0.0,1.0,0.0,1.0,0.08303887238319574,0.5777385136228863,0.210247351940415,0.12897526186361108,0.15535713497089576,0.76428570827841,0.028571416627923174,0.051785741423409415,0.862190803603082,0.08833922858095011,0.019434647233320335,0.03003532051853841,0.939568353980268,0.060431645563649106,1.0,0.0,0.0,0.0,0.0,0.0,1.0,0.31640058083592293,0.6835994191491548,1.0,0.0,1.0,0.0,0.0,1.0,0.6150233868929054,0.3427230127509904,0.004694383968563032,0.03755923532220873,1.0,0.0,0.0,1.0
672,13.19,24.59,157.5,61.0,6.0,6.0,5.0,10.0,38.5,18.5,84.5,5.07,13.5,12.6,347.0,21.0,0.0,1.0,1.0,0.0,1.0,0.0,1.0,0.0,0.0,1.0,1.0,0.0,1.0,0.0,0.0,1.0,0.0,1.0,0.0,1.0,0.0,0.0,0.0,1.0,0.0,0.0,1.0,0.0,0.0,0.0,0.9395683428344495,0.060431657294863106,0.0,1.0,0.0,0.0,0.0,1.0,0.0,0.31640057560393076,0.6835994246552255,0.9369676380349483,0.06303236165199155,1.0,0.0,0.0,1.0,0.0,1.0,0.0,0.0,1.0,0.0,1.0,0.0
673,6.48,12.15,120.0,17.5,8.0,6.0,4.0,9.0,36.8,16.9,78.4,4.73,13.0,12.3,278.0,21.0,0.0,1.0,1.0,0.0,1.0,0.0,1.0,0.0,0.0,1.0,1.0,0.0,1.0,0.0,0.0,1.0,0.0,1.0,1.0,0.0,0.0,0.0,0.0,0.0,0.0,1.0,1.0,0.0,0.0,0.0,0.0,1.0,0.0,0.0,1.0,0.0,0.0,1.0,0.0,0.3164005760074313,0.6835994242314873,0.9369676167803154,0.06303238401659617,1.0,0.0,0.0,1.0,0.0,1.0,0.0,0.0,0.0,1.0,0.0,1.0
674,5.12,15.39,114.0,20.0,7.0,7.0,5.0,8.507390840273365,37.5,18.8,85.9,4.41,12.4,12.5,346.0,12.0,0.0,1.0,1.0,0.0,1.0,0.0,1.0,0.0,0.0,1.0,1.0,0.0,0.0,1.0,0.0,1.0,0.0,1.0,0.08303887316288527,0.5777385155042509,0.21024735303543662,0.1289752579151262,0.15535714456329797,0.7642857129337353,0.028571429681733096,0.05178571272915067,0.8621908166742328,0.0883392164368626,0.019434612580199295,0.030035354778766954,0.9395683453976873,0.06043165459597066,1.0,0.0,0.0,0.0,0.0,1.0,0.0,0.3164005705831914,0.6835994299422583,0.9369676344597392,0.06303236540856383,1.0,0.0,0.0,1.0,0.0,1.0,0.0,0.0,1.0,0.0,0.0,1.0
675,8.38,14.52,132.5,25.5,3.0,8.0,6.0,6.0,39.2,12.4,81.8,4.4,12.0,13.1,305.0,20.0,1.0,0.0,1.0,0.0,1.0,0.0,1.0,0.0,1.0,0.0,1.0,0.0,0.0,1.0,0.0,1.0,0.0,1.0,0.08303888256366654,0.5777385082835624,0.21024734652386667,0.12897526204957122,0.15535713994798117,0.764285712246872,0.02857142486463482,0.051785723378680704,0.8621908068439244,0.08833921693045244,0.019434634251935923,0.030035342616384963,0.9395683470306926,0.06043165287923924,1.0,0.0,0.0,0.0,0.0,1.0,0.0,0.3164005806186948,0.6835994193771211,1.0,0.0,1.0,0.0,0.0,1.0,0.615023617762327,0.3427229949625714,0.0046945571238948824,0.037558826683125934,0.0,1.0,0.0,1.0
676,13.49,18.43,158.0,46.0,4.0,2.0,2.0,10.9,37.2,6.9,51.0,4.45,13.5,12.0,302.0,5.0,1.0,0.0,1.0,0.0,1.0,0.0,1.0,0.0,0.0,1.0,1.0,0.0,1.0,0.0,0.0,1.0,1.0,0.0,0.0,1.0,0.0,0.0,0.0,1.0,0.0,0.0,1.0,0.0,0.0,0.0,0.9395683503625576,0.06043164937434631,1.0,0.0,0.0,0.0,0.0,1.0,0.0,0.0,1.0,1.0,0.0,1.0,0.0,1.0,0.0,1.0,0.0,0.0,0.0,1.0,0.0,0.0,1.0
677,6.76,22.47,141.5,45.0,10.0,6.0,4.0,8.638022666648837,39.0,12.0,68.3,4.75,13.1,13.5,201.0,101.0,0.0,1.0,1.0,0.0,1.0,0.0,1.0,0.0,1.0,0.0,1.0,0.0,1.0,0.0,0.0,1.0,1.0,0.0,0.08303887813692035,0.5777385108441104,0.2102473507193603,0.12897525982564795,0.15535714878235118,0.7642857160862921,0.028571432908677807,0.05178570152961526,0.8621908126416091,0.0883392204417649,0.019434634823542574,0.030035332070932563,1.0,0.0,1.0,0.0,0.0,0.0,0.0,1.0,0.0,0.0,1.0,1.0,0.0,1.0,0.0,0.0,1.0,0.6150234081132377,0.3427231280063795,0.004695065663656406,0.03755839097304514,0.8215768245722277,0.17842317220420678,0.7653061432223028,0.23469385570175605
678,14.63,18.44,161.0,47.8,8.0,7.0,6.0,6.0,39.1,12.6,80.1,4.25,13.3,12.1,208.0,31.0,1.0,0.0,1.0,0.0,1.0,0.0,1.0,0.0,0.0,1.0,1.0,0.0,0.0,1.0,0.0,1.0,0.0,1.0,0.0,1.0,0.0,0.0,0.0,1.0,0.0,0.0,1.0,0.0,0.0,0.0,0.9395683526363561,0.060431646976233155,1.0,0.0,0.0,0.0,0.0,0.0,1.0,1.0,0.0,1.0,0.0,1.0,0.0,0.0,1.0,0.6150234027251817,0.3427230262312754,0.004694310723613149,0.03755927897994249,1.0,0.0,1.0,0.0
679,11.48,18.81,144.0,39.0,9.0,4.0,3.0,5.1,38.6,4.4,58.133232723407325,4.8,14.0,12.8,313.0,4.0,1.0,0.0,1.0,0.0,1.0,0.0,1.0,0.0,0.0,1.0,1.0,0.0,1.0,0.0,0.0,1.0,1.0,0.0,0.0,0.0,1.0,0.0,0.0,1.0,0.0,0.0,1.0,0.0,0.0,0.0,1.0,0.0,1.0,0.0,0.0,0.0,1.0,0.0,0.0,0.0,1.0,0.9369676414052958,0.06303235810384777,1.0,0.0,0.0,1.0,0.6150234565333,0.3427229678866499,0.004695538218943529,0.03755802159244093,1.0,0.0,1.0,0.0
680,11.01,13.71,162.5,36.2,9.0,6.0,5.0,12.0,40.0,21.7,79.0,5.1,12.8,14.0,216.0,198.0,1.0,0.0,1.0,0.0,1.0,0.0,1.0,0.0,0.0,1.0,1.0,0.0,0.0,1.0,1.0,0.0,0.0,1.0,0.0,0.0,1.0,0.0,1.0,0.0,0.0,0.0,1.0,0.0,0.0,0.0,1.0,0.0,0.0,0.0,1.0,0.0,0.0,1.0,0.0,0.316400575393879,0.6835994248770876,0.9369676245520163,0.06303237583458499,1.0,0.0,0.0,1.0,0.6150232501450688,0.3427232294545399,0.004694717828264472,0.03755881340721434,1.0,0.0,0.0,1.0
681,10.12,15.41,140.0,30.2,8.0,9.0,9.0,9.365184251126008,39.8,13.8,79.0,4.56,12.9,12.2,246.0,203.0,0.0,1.0,0.0,1.0,1.0,0.0,1.0,0.0,1.0,0.0,0.0,1.0,0.0,1.0,1.0,0.0,0.0,1.0,0.0,0.0,1.0,0.0,0.0,0.0,0.0,1.0,1.0,0.0,0.0,0.0,1.0,0.0,0.0,1.0,0.0,0.0,0.0,0.0,1.0,0.0,1.0,0.9369675933147564,0.06303240872626503,1.0,0.0,0.0,1.0,0.6150231938931368,0.3427231104515004,0.004694486673193832,0.03755923542320361,1.0,0.0,1.0,0.0
682,11.5,15.39,154.0,36.5,6.0,9.0,8.0,10.0,37.4,20.0,85.5,4.83,13.4,12.1,266.0,19.0,0.0,1.0,1.0,0.0,1.0,0.0,1.0,0.0,1.0,0.0,0.0,1.0,0.0,1.0,1.0,0.0,0.0,1.0,0.08303886532787763,0.5777385088363978,0.21024735685277696,0.12897526949228988,0.1553571401639594,0.7642857052165328,0.02857143614602653,0.0517857189690103,0.8621908325761993,0.08833921858369997,0.01943461986011885,0.030035327839954884,1.0,0.0,1.0,0.0,0.0,0.0,0.0,1.0,0.0,0.0,1.0,0.0,1.0,1.0,0.0,1.0,0.0,0.0,1.0,0.0,0.0,1.0,0.0,0.0,1.0
683,10.17,16.28,144.5,34.0,4.0,7.0,6.0,7.0,37.0,16.8,87.1,4.72,13.0,13.2,297.0,1.0,1.0,0.0,1.0,0.0,0.0,1.0,1.0,0.0,0.0,1.0,1.0,0.0,0.0,1.0,0.0,1.0,0.0,1.0,0.0,1.0,0.0,0.0,0.0,1.0,0.0,0.0,1.0,0.0,0.0,0.0,1.0,0.0,0.0,1.0,0.0,0.0,0.0,1.0,0.0,0.31640057584929726,0.6835994243972572,0.9369676355088533,0.06303236430013692,1.0,0.0,1.0,0.0,0.6150235864422325,0.34272300764453123,0.004694894287933238,0.03755850057076193,1.0,0.0,0.0,1.0
684,17.05,24.51,169.0,70.0,5.0,7.0,6.0,8.0,38.0,11.2,67.7,4.05,13.3,11.8,243.0,29.0,1.0,0.0,1.0,0.0,0.0,1.0,1.0,0.0,0.0,1.0,1.0,0.0,0.0,1.0,0.0,1.0,1.0,0.0,0.0,1.0,0.0,0.0,0.0,1.0,0.0,0.0,1.0,0.0,0.0,0.0,0.0,1.0,0.0,1.0,0.0,0.0,0.0,1.0,0.0,0.0,1.0,0.9369676331617041,0.06303236677863422,1.0,0.0,0.0,1.0,0.6150237731313846,0.34272296397969526,0.004694679290530135,0.03755856506297017,0.0,1.0,0.0,1.0
685,12.31,24.62,157.4,61.0,6.0,10.0,9.0,9.098110028778748,38.0,17.9,83.5,5.25,14.5,13.3,252.0,30.0,1.0,0.0,0.0,1.0,0.0,1.0,1.0,0.0,1.0,0.0,0.0,1.0,0.0,1.0,0.0,1.0,0.0,1.0,0.0,0.0,0.0,1.0,1.0,0.0,0.0,0.0,0.0,1.0,0.0,0.0,1.0,0.0,1.0,0.0,0.0,0.0,0.0,1.0,0.0,1.0,0.0,0.0,1.0,1.0,0.0,1.0,0.0,0.6150232116389008,0.3427229827054813,0.004694638855545885,0.037559194580682354,0.0,1.0,0.0,1.0
686,8.64,21.36,136.0,39.5,5.0,9.0,8.0,8.468071049353707,39.0,15.8,77.9,5.37,14.2,14.2,350.0,62.0,0.0,1.0,0.0,1.0,1.0,0.0,1.0,0.0,1.0,0.0,0.0,1.0,0.0,1.0,0.0,1.0,0.0,1.0,0.0,0.0,0.0,1.0,1.0,0.0,0.0,0.0,1.0,0.0,0.0,0.0,1.0,0.0,0.0,1.0,0.0,0.0,0.0,1.0,0.0,0.31640058449321273,0.6835994152996637,1.0,0.0,1.0,0.0,1.0,0.0,0.6150234817622009,0.34272306150954435,0.00469469614399598,0.0375587606613943,0.0,1.0,0.0,1.0
687,7.56,12.6,121.5,18.6,8.0,7.0,5.0,9.1,38.3,18.7,91.9,4.77,12.8,13.1,214.0,81.0,1.0,0.0,1.0,0.0,1.0,0.0,1.0,0.0,1.0,0.0,1.0,0.0,1.0,0.0,0.0,1.0,0.0,1.0,0.08303887427337353,0.5777385147005336,0.21024735211276824,0.12897525850968017,0.15535713714650945,0.7642857103308086,0.028571432904968108,0.05178572017147953,0.8621907977990554,0.08833922524805249,0.019434628889145045,0.03003534913550887,1.0,0.0,1.0,0.0,0.0,0.0,0.0,1.0,0.0,0.0,1.0,0.9369676111286952,0.06303238996580052,1.0,0.0,0.0,1.0,0.0,1.0,0.0,0.0,1.0,0.0,0.0,1.0
688,17.71,21.57,180.0,69.9,4.0,8.0,6.0,10.7,37.9,18.7,84.0,5.37,15.6,12.2,342.0,6.0,0.0,1.0,1.0,0.0,1.0,0.0,1.0,0.0,0.0,1.0,1.0,0.0,0.0,1.0,1.0,0.0,0.0,1.0,0.08303885621032792,0.5777385116372609,0.2102473615930356,0.12897527153240418,0.15535712778796884,0.7642857117176026,0.028571419382252827,0.05178574272382097,0.8621908236426885,0.08833922437733155,0.019434630324433155,0.03003532063169778,1.0,0.0,0.0,0.0,1.0,0.0,0.0,0.0,1.0,0.0,1.0,0.936967637501489,0.06303236221268516,1.0,0.0,0.0,1.0,0.6150232932115872,0.3427230316365517,0.00469456777114885,0.03755912773110781,1.0,0.0,0.765306060577033,0.23469394268110944
689,16.86,23.98,180.0,77.7,4.0,9.0,7.0,9.095100266473704,38.1,17.2,78.7,5.36,16.6,12.5,208.0,54.0,0.0,1.0,0.0,1.0,1.0,0.0,1.0,0.0,1.0,0.0,1.0,0.0,0.0,1.0,1.0,0.0,0.0,1.0,0.08303885752208306,0.5777385054945596,0.21024736062572114,0.12897527757768246,0.1553571233234381,0.7642857081846164,0.02857143623420222,0.05178573396287589,0.8621908369957705,0.08833922099063252,0.019434625276273265,0.03003531497224754,1.0,0.0,1.0,0.0,0.0,0.0,0.0,1.0,0.0,0.0,1.0,0.0,1.0,1.0,0.0,1.0,0.0,0.6150232225717531,0.3427229183294591,0.00469483370145285,0.03755905019169403,1.0,0.0,1.0,0.0
690,13.83,23.83,160.0,61.0,5.0,6.0,4.0,12.0,37.5,12.9,70.3,4.61,13.3,13.3,241.0,4.0,0.0,1.0,1.0,0.0,1.0,0.0,1.0,0.0,0.0,1.0,1.0,0.0,0.0,1.0,0.0,1.0,1.0,0.0,0.0,1.0,0.0,0.0,0.0,1.0,0.0,0.0,1.0,0.0,0.0,0.0,1.0,0.0,1.0,0.0,0.0,0.0,0.0,1.0,0.0,1.0,0.0,1.0,0.0,1.0,0.0,1.0,0.0,0.6150234897409512,0.34272303542660887,0.004694830196853683,0.03755864128500763,1.0,0.0,0.7653059664167108,0.23469404184351506
691,14.65,17.84,162.3,47.0,5.0,6.0,5.0,10.0,38.0,14.6,74.9,4.58,12.8,13.6,251.0,7.0,1.0,0.0,1.0,0.0,1.0,0.0,1.0,0.0,0.0,1.0,1.0,0.0,0.0,1.0,0.0,1.0,1.0,0.0,0.0,1.0,0.0,0.0,0.0,1.0,0.0,0.0,1.0,0.0,0.0,0.0,1.0,0.0,1.0,0.0,0.0,0.0,0.0,1.0,0.0,0.0,1.0,0.9369676444819267,0.0630323548613343,1.0,0.0,0.0,1.0,0.0,1.0,0.0,0.0,1.0,0.0,0.7653059795274717,0.2346940280359261
692,10.1,19.04,152.0,44.0,5.0,8.0,8.0,13.0,37.6,13.8,86.6,4.39,12.6,12.9,361.0,3.0,1.0,0.0,1.0,0.0,0.0,1.0,1.0,0.0,0.0,1.0,0.0,1.0,0.0,1.0,0.0,1.0,0.0,1.0,0.08303886761482204,0.5777385195052969,0.2102473538134335,0.12897525889985817,0.15535713801394968,0.7642857190909155,0.028571427872433053,0.051785715176234315,0.86219081124815,0.0883392214951535,0.019434625871552424,0.030035341644964353,1.0,0.0,1.0,0.0,0.0,0.0,0.0,1.0,0.0,0.31640057892448037,0.6835994211605534,1.0,0.0,1.0,0.0,0.0,1.0,0.0,1.0,0.0,0.0,1.0,0.0,0.7653059719611371,0.2346940359429699
693,10.77,21.79,150.0,49.0,7.0,9.0,9.0,11.0,37.8,22.5,83.5,5.49,14.9,13.4,260.0,181.0,0.0,1.0,1.0,0.0,0.0,1.0,1.0,0.0,0.0,1.0,0.0,1.0,0.0,1.0,1.0,0.0,0.0,1.0,0.0,0.0,1.0,0.0,0.0,1.0,0.0,0.0,1.0,0.0,0.0,0.0,1.0,0.0,0.0,0.0,1.0,0.0,0.0,1.0,0.0,0.0,1.0,0.9369676350794701,0.06303236476833418,1.0,0.0,1.0,0.0,0.6150235993835065,0.3427231456606309,0.004695367349628943,0.03755785601808914,1.0,0.0,0.7653061828140657,0.23469381407212342
694,13.83,21.75,147.0,47.0,5.0,3.0,2.0,11.0,37.9,9.4,71.1,4.92,13.2,12.7,234.0,9.0,0.0,1.0,1.0,0.0,1.0,0.0,1.0,0.0,0.0,1.0,1.0,0.0,1.0,0.0,0.0,1.0,1.0,0.0,0.08303886150838291,0.57773852740298,0.21024734926621647,0.12897526184368002,0.1553571387527528,0.7642857158161659,0.028571424475801854,0.051785721336230606,0.8621908128812379,0.0883392164529968,0.019434621620845416,0.030035349559510593,1.0,0.0,0.0,1.0,0.0,0.0,0.0,1.0,0.0,0.0,1.0,0.9369676377598544,0.06303236195185002,1.0,0.0,0.0,1.0,0.0,1.0,0.0,0.0,1.0,0.0,0.7653059947199752,0.23469401214236607
695,14.4,17.04,161.8,44.6,3.0,2.0,4.0,6.339651023164317,37.2,6.7,56.1,5.27,15.8,12.6,315.0,0.0,1.0,0.0,0.0,1.0,1.0,0.0,1.0,0.0,0.0,1.0,0.0,1.0,1.0,0.0,0.0,1.0,1.0,0.0,0.0,1.0,0.0,0.0,0.0,1.0,0.0,0.0,1.0,0.0,0.0,0.0,1.0,0.0,1.0,0.0,0.0,0.0,0.0,1.0,0.0,0.0,1.0,0.9369676335244097,0.06303236639484056,1.0,0.0,0.0,1.0,0.6150234106257297,0.3427229576596651,0.004695036673651565,0.037558597648227776,0.8215767705242608,0.1784232291389235,0.765305997558664,0.23469400913437177
696,8.86,15.75,119.0,22.3,3.0,7.0,6.0,15.0,37.0,12.2,77.7,4.76,13.5,12.9,250.0,14.0,1.0,0.0,1.0,0.0,0.0,1.0,1.0,0.0,0.0,1.0,1.0,0.0,0.0,1.0,0.0,1.0,0.0,1.0,0.0830388710993546,0.5777385187826826,0.21024735251333648,0.12897525723177128,0.15535712972118831,0.7642857191098598,0.028571429608529875,0.05178572236365708,0.8621907942160423,0.08833922481184076,0.019434628941745635,0.030035353400044706,1.0,0.0,1.0,0.0,0.0,0.0,0.0,1.0,0.0,1.0,0.0,1.0,0.0,1.0,0.0,0.0,1.0,0.6150235771905699,0.3427231060780631,0.004694222150222527,0.0375590975079767,1.0,0.0,0.7653059131288339,0.2346940979945542
697,3.33,15.31,96.3,14.2,4.0,6.0,7.0,8.0,38.5,33.3,79.8,4.42,12.9,13.5,330.0,37.0,0.0,1.0,1.0,0.0,1.0,0.0,1.0,0.0,0.0,1.0,0.0,1.0,0.0,1.0,1.0,0.0,0.0,1.0,0.08303886827987805,0.5777385162179662,0.2102473520010697,0.12897526350561395,0.15535714923485633,0.7642857082272998,0.028571443311710465,0.05178569865158067,0.8621908135901355,0.08833923138145539,0.01943461584160855,0.030035339004589323,1.0,0.0,1.0,0.0,0.0,0.0,0.0,1.0,0.0,0.0,1.0,0.9369676265109459,0.0630323737797408,1.0,0.0,1.0,0.0,0.0,1.0,0.0,0.0,1.0,0.0,0.7653059510017255,0.2346940581133481
698,7.99,13.55,128.0,22.1,5.0,5.0,4.0,5.0,36.5,7.0,57.4,4.73,13.8,12.1,251.0,0.0,1.0,0.0,1.0,0.0,1.0,0.0,1.0,0.0,1.0,0.0,1.0,0.0,0.0,1.0,1.0,0.0,1.0,0.0,0.0,0.0,1.0,0.0,0.0,1.0,0.0,0.0,1.0,0.0,0.0,0.0,1.0,0.0,0.0,1.0,0.0,0.0,1.0,0.0,0.0,0.0,1.0,1.0,0.0,1.0,0.0,1.0,0.0,0.6150236408370044,0.34272292795496484,0.004695456949033727,0.03755794787273603,0.821576731014287,0.1784232707131379,1.0,0.0
699,12.04,15.22,170.4,44.2,6.0,8.0,6.0,9.239613160244316,38.1,19.4,86.0,4.76,12.8,13.2,286.0,121.0,1.0,0.0,0.0,1.0,1.0,0.0,1.0,0.0,0.0,1.0,1.0,0.0,0.0,1.0,0.0,1.0,0.0,1.0,1.0,0.0,0.0,0.0,0.0,1.0,0.0,0.0,0.0,1.0,0.0,0.0,1.0,0.0,1.0,0.0,0.0,0.0,0.0,1.0,0.0,0.0,1.0,0.9369676403933915,0.06303235915089123,1.0,0.0,1.0,0.0,0.6150232834179286,0.3427228567128531,0.004694651257431404,0.03755923661680627,0.8215767006377988,0.178423302642445,1.0,0.0
700,10.99,19.17,148.0,42.0,4.0,8.0,6.0,8.0,37.5,18.5,76.6,5.51,15.3,13.3,222.0,1.0,0.0,1.0,1.0,0.0,1.0,0.0,1.0,0.0,0.0,1.0,1.0,0.0,0.0,1.0,1.0,0.0,0.0,1.0,0.0,1.0,0.0,0.0,0.0,1.0,0.0,0.0,1.0,0.0,0.0,0.0,1.0,0.0,0.0,0.0,1.0,0.0,0.0,1.0,0.0,0.316400580540253,0.6835994194584225,0.9369676442559396,0.06303235510550598,1.0,0.0,1.0,0.0,0.6150234848317263,0.3427230541480788,0.004695136598898864,0.03755831284991906,0.8215767375780308,0.17842326376101947,1.0,0.0
701,15.44,22.85,182.0,75.7,4.0,8.0,6.0,7.0,39.0,18.7,87.2471540616815,5.4,15.0,12.7,275.0,130.0,0.0,1.0,1.0,0.0,1.0,0.0,1.0,0.0,0.0,1.0,1.0,0.0,0.0,1.0,0.0,1.0,0.0,1.0,0.0,0.0,1.0,0.0,0.0,1.0,0.0,0.0,1.0,0.0,0.0,0.0,1.0,0.0,0.0,0.0,1.0,0.0,0.0,1.0,0.0,0.0,1.0,0.936967637577177,0.06303236211686924,1.0,0.0,1.0,0.0,0.6150236457538982,0.3427230234752551,0.004695056840981593,0.03755825278052516,0.8215766245242495,0.17842338280375214,0.7653060590264809,0.23469394424131007
702,11.55,17.53,152.0,40.5,6.0,9.0,7.0,10.0,37.8,12.6,85.1,5.04,14.7,12.3,255.0,5.0,1.0,0.0,1.0,0.0,1.0,0.0,1.0,0.0,1.0,0.0,0.0,1.0,0.0,1.0,0.0,1.0,0.0,1.0,0.0,0.0,1.0,0.0,1.0,0.0,0.0,0.0,1.0,0.0,0.0,0.0,1.0,0.0,0.0,0.0,1.0,0.0,0.0,1.0,0.0,0.0,1.0,1.0,0.0,1.0,0.0,0.0,1.0,0.6150236255597086,0.3427231653842041,0.004694880087238507,0.03755830681863137,1.0,0.0,0.7653060624060515,0.23469394080659978
703,8.94,14.91,138.5,28.6,3.0,4.0,3.0,8.7,36.5,13.7,71.0,5.21,13.7,13.7,290.0,6.0,0.0,1.0,1.0,0.0,1.0,0.0,1.0,0.0,0.0,1.0,1.0,0.0,1.0,0.0,0.0,1.0,1.0,0.0,0.08303887062539872,0.5777385198453866,0.21024734552415025,0.1289752637994922,0.15535714736178075,0.7642857172382993,0.028571427177410458,0.05178570773337843,0.8621908111645924,0.0883392240319284,0.019434630281063514,0.030035334534260216,1.0,0.0,1.0,0.0,0.0,0.0,0.0,1.0,0.0,0.0,1.0,0.9369676434310594,0.06303235596721724,1.0,0.0,1.0,0.0,0.6150235601852135,0.34272299987790833,0.00469515497727413,0.037558269326466664,1.0,0.0,1.0,0.0
704,14.6,29.24,179.4,94.1,9.0,7.0,4.0,10.712559639911522,39.5,16.2,77.9,4.88,14.5,14.0,233.0,210.0,0.0,1.0,0.0,1.0,1.0,0.0,0.0,1.0,1.0,0.0,1.0,0.0,0.0,1.0,0.0,1.0,0.0,1.0,0.0,0.0,0.0,1.0,0.0,0.0,0.0,1.0,1.0,0.0,0.0,0.0,1.0,0.0,1.0,0.0,0.0,0.0,0.0,1.0,0.0,0.0,1.0,0.0,1.0,1.0,0.0,0.0,1.0,0.6150232226126677,0.3427230329708424,0.004694599262028976,0.03755917035570211,1.0,0.0,0.7653059211234456,0.23469408928439128
705,7.11,17.08,121.0,25.0,5.0,7.0,6.0,12.0,38.2,16.5,80.8,4.77,13.3,12.8,367.0,23.0,0.0,1.0,1.0,0.0,1.0,0.0,1.0,0.0,0.0,1.0,1.0,0.0,0.0,1.0,0.0,1.0,0.0,1.0,0.08303886485349188,0.5777385172298608,0.21024735402547656,0.12897526406695792,0.15535714144009694,0.7642857140429091,0.02857142213562247,0.051785722699145054,0.8621908159664622,0.08833921411025625,0.019434627863532783,0.03003534227125959,1.0,0.0,0.0,1.0,0.0,0.0,1.0,0.0,0.0,0.0,1.0,0.9369676373006615,0.06303236243268073,1.0,0.0,1.0,0.0,0.0,1.0,0.0,0.0,0.8215767543510935,0.1784232461274915,0.7653059302754875,0.23469407984661772
706,15.07,18.83,158.0,47.0,4.0,5.0,7.0,7.953706845436055,37.2,8.6,83.8,4.54,14.0,12.2,176.0,0.0,1.0,0.0,0.0,1.0,1.0,0.0,1.0,0.0,0.0,1.0,0.0,1.0,0.0,1.0,1.0,0.0,0.0,1.0,0.0,1.0,0.0,0.0,0.0,1.0,0.0,0.0,1.0,0.0,0.0,0.0,1.0,0.0,1.0,0.0,0.0,0.0,0.0,1.0,0.0,0.31640058348332534,0.6835994163616554,0.9369676280350719,0.06303237217953694,1.0,0.0,0.0,1.0,0.6150233001086274,0.34272300951464674,0.004694735271023931,0.03755897236330541,0.8215767989728968,0.1784231991893669,0.7653060539093466,0.23469394982988034
707,7.88,18.7,130.0,31.6,7.0,7.0,6.0,10.0,38.2,22.7,90.5,5.05,13.5,12.3,457.0,44.0,0.0,1.0,1.0,0.0,1.0,0.0,1.0,0.0,0.0,1.0,1.0,0.0,0.0,1.0,0.0,1.0,0.0,1.0,0.08303887350455763,0.5777385124699235,0.21024734872805628,0.12897526517176539,0.15535714305383952,0.7642857131140196,0.02857142356918818,0.05178572045966323,0.8621908205884439,0.08833922144619233,0.01943463610352114,0.030035321084280864,1.0,0.0,1.0,0.0,0.0,0.0,0.0,0.0,1.0,0.0,1.0,0.936967635896029,0.06303236391000744,1.0,0.0,1.0,0.0,0.6150234406162163,0.3427230797677353,0.004694632156289735,0.03755885192026309,0.8215768233224625,0.17842317352901915,0.7653059734221811,0.23469403444082093
708,14.35,19.74,151.0,45.0,7.0,4.0,6.0,6.926933759763713,38.0,8.8,58.5,4.49,13.8,12.2,246.0,0.0,1.0,0.0,0.0,1.0,1.0,0.0,1.0,0.0,0.0,1.0,0.0,1.0,0.0,1.0,1.0,0.0,1.0,0.0,0.0,1.0,0.0,0.0,0.0,1.0,0.0,0.0,1.0,0.0,0.0,0.0,1.0,0.0,0.0,0.0,1.0,0.0,0.0,1.0,0.0,1.0,0.0,0.936967637552721,0.06303236216302899,1.0,0.0,1.0,0.0,0.6150232558978688,0.34272301658964843,0.004695050726165828,0.03755868857171607,0.82157668017302,0.17842332424406282,0.7653061727116954,0.23469382472191735
709,12.41,25.25,166.5,70.0,4.0,8.0,7.0,7.5,39.4,11.4,76.6,4.95,13.7,13.4,243.0,71.0,1.0,0.0,1.0,0.0,0.0,1.0,1.0,0.0,0.0,1.0,1.0,0.0,1.0,0.0,1.0,0.0,0.0,1.0,0.08303886597094612,0.577738511799231,0.2102473529786819,0.1289752696494244,0.15535713393842565,0.7642857138429817,0.028571442033759165,0.05178571055471426,0.8621908190188163,0.08833921766445108,0.01943463384494737,0.03003532910167328,1.0,0.0,0.0,0.0,1.0,0.0,0.0,1.0,0.0,1.0,0.0,0.9369676318088772,0.06303236819408975,1.0,0.0,1.0,0.0,0.0,1.0,0.0,0.0,0.8215766633386843,0.17842334190405307,0.7653061363142929,0.23469386276166404
710,14.99,19.91,152.0,46.0,4.0,5.0,3.0,7.387729135425879,37.3,14.6,68.5,4.49,12.7,12.8,328.0,2.0,1.0,0.0,0.0,1.0,1.0,0.0,1.0,0.0,0.0,1.0,1.0,0.0,1.0,0.0,0.0,1.0,1.0,0.0,0.0,1.0,0.0,0.0,0.0,1.0,0.0,0.0,1.0,0.0,0.0,0.0,0.0,1.0,1.0,0.0,0.0,0.0,1.0,0.0,0.0,0.0,1.0,1.0,0.0,1.0,0.0,0.0,1.0,0.615023146256201,0.3427228360406541,0.0046949492490743205,0.03755910063293799,0.821576744443782,0.17842325654430002,0.7653061346678043,0.23469386479720733
711,7.2,14.3,129.3,23.9,5.0,9.0,8.0,14.0,37.5,17.8,77.0,4.97,14.3,12.7,345.0,8.0,0.0,1.0,1.0,0.0,0.0,1.0,1.0,0.0,0.0,1.0,0.0,1.0,0.0,1.0,0.0,1.0,0.0,1.0,0.0,0.0,1.0,0.0,0.0,1.0,0.0,0.0,1.0,0.0,0.0,0.0,1.0,0.0,1.0,0.0,0.0,0.0,0.0,1.0,0.0,0.0,1.0,1.0,0.0,1.0,0.0,0.0,1.0,0.6150235391286624,0.3427231118720545,0.004695100933567842,0.03755822930107744,1.0,0.0,0.0,1.0
712,11.51,18.17,146.5,39.0,4.0,2.0,2.0,8.0,36.8,9.3,70.0,4.64,13.2,12.7,291.0,1.0,0.0,1.0,1.0,0.0,1.0,0.0,1.0,0.0,0.0,1.0,1.0,0.0,1.0,0.0,0.0,1.0,1.0,0.0,0.0,1.0,0.0,0.0,0.0,1.0,0.0,0.0,1.0,0.0,0.0,0.0,1.0,0.0,1.0,0.0,0.0,0.0,0.0,1.0,0.0,0.0,1.0,0.9369676430649257,0.06303235635560933,1.0,0.0,1.0,0.0,0.0,1.0,0.0,0.0,1.0,0.0,1.0,0.0
