Category 1,Category 2,Category 3,Category 4,Category 5,Category 6,Category 7,Category 8,Category 9,Category 10
0.2048611111111111,0.49450549450549447,0.6189111747851003,0.14285714285714285,0.2283950617283951,0.7037037037037038,0.5999999999999943,0.38144329896907214,0.44444444444444453,0.18421052631578938
0.2361111111111111,0.6043956043956044,0.7249283667621776,0.14893617021276595,0.4197530864197531,0.9382716049382718,1.0,0.21649484536082486,0.4609053497942388,0.11842105263157876
0.30555555555555547,0.21978021978021978,0.11747851002865328,0.1155015197568389,0.055555555555555566,0.4320987654320988,0.3999999999999986,0.39175257731958757,0.23456790123456794,0.23684210526315774
0.038194444444444434,0.49450549450549447,0.04584527220630371,0.12765957446808507,0.12345679012345681,0.425925925925926,0.3999999999999986,0.5567010309278353,0.34156378600823056,0.4736842105263155
0.059027777777777776,0.3296703296703296,0.30085959885386815,0.12765957446808507,0.45679012345679015,0.580246913580247,0.4379999999999978,0.3711340206185567,0.18106995884773663,0.26315789473684204
0.22569444444444442,0.3516483516483516,0.16905444126074495,0.0364741641337386,0.20987654320987656,0.34567901234567905,0.19999999999999574,0.48453608247422686,0.3009876543209877,0.9999999999999998
0.19444444444444442,0.37362637362637363,0.03724928366762178,0.05167173252279635,0.2469135802469136,0.4444444444444445,0.19999999999999574,0.2474226804123716,0.19753086419753085,0.7105263157894737
0.13888888888888884,0.3846153846153845,0.025787965616045842,0.07902735562310029,0.23456790123456792,0.4197530864197531,0.19999999999999574,0.40206185567010344,0.32921810699588483,0.48684210526315774
0.2708333333333333,0.48351648351648346,0.26074498567335247,0.14893617021276595,0.23456790123456792,0.6172839506172841,0.3999999999999986,0.38144329896907214,0.27572016460905346,0.26315789473684204
0.12499999999999996,0.37362637362637363,0.025787965616045842,0.09349544072948329,0.4444444444444445,0.4320987654320988,0.19999999999999574,0.4123711340206184,0.6172839506172841,0.644736842105263
0.392361111111111,0.2747252747252747,0.163323782234957,0.182370820668693,0.3348148148148147,0.808641975308642,0.39999999999999863,0.48453608247422686,0.37860082304526754,0.3157894736842104
0.21527777777777773,0.8131868131868131,0.04584527220630371,0.06990881458966566,0.25308641975308643,0.5280246913580249,0.19999999999999574,0.525773195876289,0.37860082304526754,0.8421052631578945
0.13888888888888884,0.39560439560439553,0.7507163323782234,0.09118541033434649,0.2839506172839506,0.4938271604938272,0.7999999999999972,0.463917525773196,0.26337448559670784,0.1315789473684208
0.11701388888888895,0.45054945054945045,0.6131805157593122,0.09118541033434649,0.3703703703703704,0.4876543209876543,0.6999999999999963,0.5051546391752582,0.6419753086419754,0.31776315789473697
0.21527777777777773,0.46153846153846145,0.6189111747851003,0.10942249240121579,0.44697530864197527,0.8333333333333335,0.7999999999999972,0.40020618556701015,0.5267489711934157,0.21052631578947345
0.31597222222222215,0.6923076923076922,0.4670487106017192,0.10638297872340424,0.4320987654320988,0.5987654320987655,0.5999999999999943,0.329896907216495,0.27572016460905346,0.11842105263157876
0.18055555555555552,0.2857142857142857,0.4670487106017192,0.057750759878419454,0.0,0.29629629629629634,0.3999999999999986,0.3195876288659796,0.16872427983539096,0.5526315789473684
0.09374999999999996,0.5384615384615384,0.36575931232091685,0.15501519756838905,0.39506172839506176,0.6699999999999998,0.49599999999999655,0.6391752577319587,0.16872427983539096,0.18421052631578938
0.11458333333333333,0.37362637362637363,0.3524355300859599,0.06990881458966566,0.23456790123456792,1.0000000000000002,0.3999999999999986,0.4536082474226806,0.4320987654320988,0.43421052631578916
0.1597222222222222,0.2857142857142857,0.5644699140401146,0.13069908814589662,0.345679012345679,0.5679012345679013,0.5999999999999943,0.525773195876289,0.19753086419753085,0.2211842105263157
0.18055555555555552,0.39560439560439553,0.28366762177650434,0.07902735562310029,0.35185185185185186,0.6296296296296298,0.3999999999999986,0.2886597938144333,0.13168724279835392,0.5263157894736841
0.21527777777777773,0.39560439560439553,0.002865329512893984,0.08206686930091184,0.308641975308642,0.5987654320987655,0.19999999999999574,0.329896907216495,0.16872427983539096,0.7105263157894737
0.2048611111111111,0.3186813186813186,0.04584527220630371,0.07902735562310029,0.29629629629629634,0.37654320987654327,0.0,0.329896907216495,0.24691358024691368,0.9999999999999998
0.06944444444444443,0.39560439560439553,0.0487106017191977,0.07902735562310029,0.29629629629629634,0.40740740740740744,0.19999999999999574,0.2989690721649487,0.40740740740740744,0.5921052631578945
0.30555555555555547,0.2637362637362637,0.2922636103151862,0.11854103343465044,0.3209876543209877,0.580246913580247,0.3999999999999986,0.3608247422680413,0.48559670781893005,0.21052631578947345
0.09374999999999996,0.7802197802197801,0.7650429799426933,0.2580851063829787,0.15432098765432103,0.425925925925926,0.6879999999999957,0.36474226804123694,0.3539094650205762,0.26315789473684204
0.14930555555555552,0.46153846153846145,0.6045845272206304,0.182370820668693,0.3765432098765432,0.666820987654321,0.5999999999999943,0.15463917525773185,0.24691358024691368,0.1578947368421051
0.22569444444444442,0.3516483516483516,0.3123209169054441,0.13373860182370817,0.2716049382716049,0.54320987654321,0.3999999999999986,0.38144329896907214,0.19753086419753085,0.17105263157894712
0.0833333333333333,0.3296703296703296,0.014326647564469906,0.06990881458966566,0.14814814814814817,0.19135802469135804,0.19999999999999574,0.2783505154639174,0.3662551440329218,0.5263157894736841
0.17586805555555554,0.3186813186813186,0.8567335243553008,0.09118541033434649,0.5493827160493828,0.7785185185185184,0.7999999999999972,0.34020618556701043,0.32921810699588483,0.18657894736842093
0.13888888888888884,0.3516483516483516,0.5759312320916905,0.10638297872340424,0.2716049382716049,0.654320987654321,0.7999999999999972,0.3711340206185567,0.31275720164609055,0.1315789473684208
0.12499999999999996,0.6153846153846154,0.6275071633237821,0.1458966565349544,0.20370370370370372,0.6111111111111113,0.647999999999995,0.23711340206185572,0.33078189300411537,0.18421052631578938
0.10416666666666664,0.5494505494505494,0.42120343839541546,0.07902735562310029,0.6234567901234569,0.6419753086419755,0.5039999999999963,0.39175257731958757,0.4197530864197532,0.381578947368421
0.25,0.3076923076923077,0.02292263610315185,0.13069908814589662,0.2839506172839506,0.7283950617283952,0.3999999999999986,0.4948453608247423,0.48559670781893005,0.39473684210526305
0.21527777777777773,0.3186813186813186,0.09169054441260743,0.04255319148936169,0.2839506172839506,0.4108024691358032,0.3999999999999986,0.536082474226804,0.5267489711934157,0.5789473684210524
0.1875,0.2637362637362637,0.30085959885386815,0.08510638297872339,0.20987654320987656,0.425925925925926,0.3999999999999986,0.6082474226804124,0.3662551440329218,0.5263157894736841
0.12499999999999996,0.3516483516483516,0.2922636103151862,0.05167173252279635,0.1049382716049383,0.29629629629629634,0.3999999999999986,0.3711340206185567,0.4197530864197532,0.4999999999999998
0.2361111111111111,0.37362637362637363,0.22349570200573063,0.10638297872340424,0.20370370370370372,0.33333333333333337,0.3999999999999986,0.5051546391752582,0.48559670781893005,0.6973684210526316
0.12499999999999996,0.41758241758241754,0.6418338108882521,0.14285714285714285,0.2469135802469136,0.4753086419753087,0.7999999999999972,0.4536082474226806,0.3539094650205762,0.2894736842105261
0.361111111111111,0.2967032967032967,0.014326647564469906,0.14285714285714285,0.024691358024691367,0.40740740740740744,0.3999999999999986,0.47422680412371143,0.37860082304526754,0.18421052631578938
0.22569444444444442,0.3406593406593406,0.005730659025787961,0.027355623100303948,0.4074074074074074,0.5679012345679013,0.19999999999999574,0.195876288659794,0.1152263374485597,0.605263157894737
0.2261805555555556,0.40659340659340654,0.01719197707736389,0.07902735562310029,0.1358024691358025,0.25925925925925924,0.0,0.329896907216495,0.34156378600823056,0.8157894736842104
0.11458333333333333,0.3406593406593406,0.13753581661891115,0.027355623100303948,0.308641975308642,0.54320987654321,0.3999999999999986,0.4123711340206184,0.2098765432098766,0.48684210526315774
0.2361111111111111,0.5494505494505494,0.08309455587392547,0.12462006079027355,0.12345679012345681,0.5925925925925927,0.3999999999999986,0.4536082474226806,0.5390946502057613,0.3421052631578947
0.10416666666666664,0.45054945054945045,0.06017191977077364,0.14285714285714285,0.17901234567901236,0.6419753086419755,0.3999999999999986,0.7010309278350517,0.5102880658436215,0.43421052631578916
0.47222222222222215,0.3846153846153845,0.09481375358166186,0.07294832826747721,0.19753086419753088,0.40740740740740744,0.19999999999999574,0.4948453608247423,0.44444444444444453,0.8157894736842104
0.23982638888888883,0.2967032967032967,0.27790830945558764,0.057750759878419454,0.308641975308642,0.40740740740740744,0.3999999999999986,0.7525773195876289,0.5925925925925928,0.7105263157894737
0.19444444444444442,0.3296703296703296,0.31805157593123207,0.06079027355623099,0.25308641975308643,0.5308641975308643,0.3999999999999986,0.4536082474226806,0.30041152263374493,0.5263157894736841
0.038194444444444434,0.8131868131868131,0.08661891117478504,0.07598784194528876,0.18586419753086417,0.4753086419753087,0.3999999999999986,0.4948453608247423,0.2880658436213992,0.381578947368421
0.09374999999999996,0.2967032967032967,0.5988538681948424,0.1519756838905775,0.35185185185185186,0.5925925925925927,0.5999999999999943,0.20618556701030943,0.23456790123456794,0.1315789473684208
0.2361111111111111,0.3296703296703296,0.0487106017191977,0.06990881458966566,0.3209876543209877,0.54320987654321,0.19999999999999574,0.525773195876289,0.24691358024691368,0.8421052631578945
0.02777777777777775,0.40659340659340654,0.5530085959885386,0.10030395136778114,0.2777777777777778,0.3888888888888889,0.3999999999999986,0.2989690721649487,0.4197530864197532,0.4736842105263155
0.13031250000000003,0.5164835164835164,0.1518624641833811,0.09726443768996959,0.7654320987654323,0.6404938271604936,0.3999999999999986,0.4473195876288662,0.49971193415637893,0.5789473684210524
0.2361111111111111,0.1758241758241758,0.28366762177650434,0.10942249240121579,0.2283950617283951,0.5185185185185186,0.3999999999999986,0.4123711340206184,0.31275720164609055,0.27631578947368407
0.2361111111111111,0.3296703296703296,0.06876790830945559,0.13069908814589662,0.14814814814814817,0.48148148148148145,0.19999999999999574,0.3711340206185567,0.37860082304526754,0.8421052631578945
0.1728125,0.46153846153846145,0.09455587392550141,0.06686930091185408,0.2469135802469136,0.29629629629629634,0.19999999999999574,0.536082474226804,0.23456790123456794,0.644736842105263
0.1597222222222222,0.3186813186813186,0.6590257879656161,0.11854103343465044,0.308641975308642,0.6604938271604939,0.5999999999999943,0.4536082474226806,0.2880658436213992,0.2273684210526315
0.2048611111111111,0.35879120879120835,0.18624641833810887,0.07294832826747721,0.19753086419753088,0.48148148148148145,0.3999999999999986,0.4123711340206184,0.27572016460905346,0.48684210526315774
0.10416666666666664,0.3296703296703296,0.6131805157593122,0.14893617021276595,0.4197530864197531,0.830246913580247,0.7999999999999972,0.38134020618556674,0.34119341563786015,0.17539473684210502
0.17875,0.3846153846153845,0.3151862464183381,0.14893617021276595,0.35185185185185186,0.7407407407407409,0.3999999999999986,0.40206185567010344,0.3539094650205762,0.26315789473684204
0.25,0.5274725274725274,0.8538681948424067,0.121580547112462,0.4320987654320988,0.9567901234567904,0.8259999999999975,0.3298969072164947,0.424156378600823,0.1315789473684208
0.5694444444444443,0.2637362637362637,0.014326647564469906,0.09118541033434649,0.0308641975308642,0.20987654320987653,0.3999999999999986,0.6288659793814433,0.1152263374485597,0.4210526315789471
0.19444444444444442,0.3076923076923077,0.025787965616045842,0.09118541033434649,0.08024691358024692,0.29629629629629634,0.3999999999999986,0.4123711340206184,0.5514403292181072,0.5394736842105261
0.059027777777777776,0.43956043956043955,0.06876790830945559,0.08206686930091184,0.12962962962962965,0.37654320987654327,0.3999999999999986,0.7010309278350517,0.24691358024691368,0.5921052631578945
0.3715277777777777,0.3076923076923077,0.15759312320916904,0.06686930091185408,0.3333333333333333,0.5000000000000001,0.3999999999999986,0.4948453608247423,0.31275720164609055,0.5723684210526314
0.392361111111111,0.19780219780219777,0.1146131805157593,0.14285714285714285,0.12962962962962965,0.54320987654321,0.3999999999999986,0.3711340206185567,0.3662551440329218,0.48684210526315774
0.22569444444444442,0.3516483516483516,0.6275071633237821,0.08510638297872339,0.0308641975308642,0.28395061728395066,0.3999999999999986,0.38144329896907214,0.14403292181069965,0.7894736842105263
0.2048611111111111,0.2747252747252747,0.13753581661891115,0.10638297872340424,0.2283950617283951,0.425925925925926,0.3999999999999986,0.3608247422680413,0.2222222222222222,0.5263157894736841
0.059027777777777776,0.2967032967032967,0.5128939828080228,0.057750759878419454,0.30246913580246915,0.3580246913580247,0.3999999999999986,0.39175257731958757,0.14403292181069965,0.48684210526315774
0.06944444444444443,0.39560439560439553,0.16905444126074495,0.10030395136778114,0.19753086419753088,0.37654320987654327,0.3999999999999986,0.329896907216495,0.31275720164609055,0.26315789473684204
0.43749999999999994,0.21978021978021978,0.07163323782234957,0.1580547112462006,0.1358024691358025,0.4197530864197531,0.3999999999999986,0.4123711340206184,0.2222222222222222,0.21052631578947345
0.17013888888888884,0.2857142857142857,0.8051575931232091,0.24620060790273554,0.25308641975308643,0.5308641975308643,0.7999999999999972,0.4123711340206184,0.2098765432098766,0.1452631578947368
0.13888888888888884,0.6153846153846154,0.002865329512893984,0.09726443768996959,0.3580246913580247,0.5370370370370371,0.19999999999999574,0.40206185567010344,0.5102880658436215,0.2894736842105261
0.19444444444444442,0.2967032967032967,0.6733524355300858,0.07902735562310029,0.23456790123456792,0.4826543209876542,0.3999999999999986,0.4226804123711343,0.27572016460905346,0.868421052631579
0.3368055555555555,0.37362637362637363,0.3839541547277937,0.12462006079027355,0.2903703703703704,0.5740740740740742,0.5999999999999943,0.4536082474226806,0.3662551440329218,0.18421052631578938
0.22569444444444442,0.8131868131868131,0.45272206303724927,0.09118541033434649,0.40123456790123463,0.6273148148148149,0.5999999999999943,0.2783505154639174,0.26337448559670784,0.11842105263157876
0.32638888888888884,0.3076923076923077,0.26074498567335247,0.08206686930091184,0.19753086419753088,0.3580246913580247,0.3999999999999986,0.40206185567010344,0.4609053497942388,0.8026315789473684
0.1597222222222222,0.48351648351648346,0.6876790830945557,0.17112462006079032,0.30246913580246915,0.6419753086419755,0.5999999999999943,0.38144329896907214,0.3662551440329218,0.21052631578947345
0.17013888888888884,0.2967032967032967,0.15472779369627507,0.06079027355623099,0.14814814814814817,0.28395061728395066,0.19999999999999574,0.3711340206185567,0.2098765432098766,0.605263157894737
0.12499999999999996,0.2857142857142857,0.01719197707736389,0.09726443768996959,0.22222222222222227,0.7037037037037038,0.19999999999999574,0.2886597938144333,0.15637860082304533,0.5526315789473684
0.6041666666666665,0.25274725274725274,0.19197707736389683,0.07598784194528876,0.14814814814814817,0.48148148148148145,0.3099999999999973,0.670103092783505,0.4076131687242799,0.8421052631578945
0.13888888888888884,0.3626373626373626,0.22922636103151864,0.09422492401215804,0.18518518518518523,0.5185185185185186,0.3999999999999986,0.4226804123711343,0.4609053497942388,0.26315789473684204
0.12499999999999996,0.41758241758241754,0.09169054441260743,0.4559270516717325,0.08024691358024692,0.2222222222222222,0.19999999999999574,0.20618556701030943,0.5390946502057613,0.5921052631578945
0.31597222222222215,0.25274725274725274,0.20916905444126072,0.13069908814589662,0.18518518518518523,0.5679012345679013,0.3999999999999986,0.47422680412371143,0.15637860082304533,0.3421052631578947
0.5486111111111109,0.07692307692307693,0.28366762177650434,0.10638297872340424,0.25308641975308643,0.5617283950617284,0.3999999999999986,0.5567010309278353,0.4609053497942388,0.2894736842105261
0.13888888888888884,0.5054945054945055,0.031518624641833796,0.057750759878419454,0.2283950617283951,0.46913580246913583,0.19999999999999574,0.463917525773196,0.31275720164609055,0.7894736842105263
0.12499999999999996,0.20879120879120877,0.16905444126074495,0.2887537993920973,0.11111111111111113,0.4320987654320988,0.3999999999999986,0.2783505154639174,0.27572016460905346,0.27631578947368407
0.10416666666666664,0.2967032967032967,0.01719197707736389,0.07294832826747721,0.1358024691358025,0.23456790123456794,0.19999999999999574,0.38144329896907214,0.18106995884773663,0.644736842105263
0.10416666666666664,0.6483516483516483,0.002865329512893984,0.46504559270516715,0.29629629629629634,0.5000000000000001,0.3999999999999986,0.2989690721649487,0.2572427983539096,0.18421052631578938
0.11458333333333333,0.5714285714285714,0.26074498567335247,0.11854103343465044,0.20987654320987656,0.46296296296296297,0.3999999999999986,0.4536082474226806,0.34156378600823056,0.32894736842105265
0.361111111111111,0.3076923076923077,0.16905444126074495,0.1155015197568389,0.25308641975308643,0.37654320987654327,0.3999999999999986,0.40206185567010344,0.4320987654320988,0.7368421052631577
0.07638888888888888,0.3186813186813186,0.0,0.10334346504559269,0.14814814814814817,0.23456790123456794,0.19999999999999574,0.5051546391752582,0.32921810699588483,0.32894736842105265
0.2638888888888889,0.5604395604395603,0.49564469914040094,0.11854103343465044,0.42592592592592593,0.6604938271604939,0.5979999999999943,0.329896907216495,0.3662551440329218,0.18421052631578938
0.10416666666666664,0.3296703296703296,0.6131805157593122,0.14893617021276595,0.4197530864197531,0.830246913580247,0.7999999999999972,0.38144329896907214,0.341687242798354,0.1578947368421051
0.22569444444444442,0.5494505494505494,0.5132951289398278,0.14893617021276595,0.54320987654321,0.7592592592592594,0.5999999999999943,0.3265979381443296,0.36444444444444457,0.21052631578947345
0.2708333333333333,0.2637362637362637,0.0487106017191977,0.09422492401215804,0.15432098765432103,0.5493827160493828,0.3999999999999986,0.42958762886597945,0.19753086419753085,0.5263157894736841
0.19444444444444442,0.39560439560439553,0.63323782234957,0.121580547112462,0.2716049382716049,0.6172839506172841,0.5999999999999943,0.38144329896907214,0.4320987654320988,0.4473684210526314
0.19444444444444442,0.15384615384615385,0.3581661891117478,0.06686930091185408,0.2283950617283951,0.54320987654321,0.3999999999999986,0.5051546391752582,0.27572016460905346,0.26315789473684204
0.2361111111111111,0.24175824175824173,0.5515759312320914,0.1155015197568389,0.29629629629629634,0.506172839506173,0.5999999999999943,0.4536082474226806,0.5761316872427985,0.4210526315789471
0.11458333333333333,0.43956043956043955,0.02292263610315185,0.09726443768996959,0.3203703703703703,0.5617283950617284,0.19999999999999574,0.4536082474226806,0.946502057613169,0.631578947368421
0.19444444444444442,0.2637362637362637,0.07163323782234957,0.11088145896656537,0.22222222222222227,0.6049382716049384,0.3999999999999986,0.4948453608247423,0.4320987654320988,0.4473684210526314
0.10416666666666664,0.3076923076923077,0.07736389684813752,0.06686930091185408,0.17901234567901236,0.3024691358024692,0.3999999999999986,0.536082474226804,0.4197530864197532,0.605263157894737
0.22569444444444442,0.5824175824175823,0.3667621776504298,0.1519756838905775,0.2777777777777778,0.8641975308641977,0.48399999999999677,0.4123711340206184,0.27572016460905346,0.18421052631578938
0.1875,0.3296703296703296,0.008595988538681945,0.09118541033434649,0.1358024691358025,0.2654320987654321,0.3999999999999986,0.25773195876288657,0.4320987654320988,0.4736842105263155
0.392361111111111,0.23076923076923073,0.1461318051575931,0.07294832826747721,0.08024691358024692,0.32098765432098764,0.19999999999999574,0.4948453608247423,0.40740740740740744,0.868421052631579
0.18055555555555552,0.24175824175824173,0.7793696275071632,0.07294832826747721,0.11111111111111113,0.4320987654320988,0.7999999999999972,0.3195876288659796,0.3950617283950618,0.21052631578947345
0.2534722222222222,0.346153846153846,0.1710315186246417,0.1155015197568389,0.3827160493827161,0.7654320987654323,0.3999999999999986,0.5955670103092785,0.6296296296296298,0.39473684210526305
0.22569444444444442,0.3296703296703296,0.07163323782234957,0.08510638297872339,0.2283950617283951,0.29629629629629634,0.0,0.329896907216495,0.16872427983539096,0.8421052631578945
0.4930555555555555,0.010989010989010988,0.08595988538681948,0.07294832826747721,0.4444444444444445,0.4567901234567902,0.19999999999999574,0.39175257731958757,0.09053497942386829,0.6842105263157896
0.1597222222222222,0.5934065934065934,0.28366762177650434,0.10805471124620057,0.45679012345679015,0.6790123456790125,0.4059999999999985,0.5667010309278353,0.6172839506172841,0.4210526315789471
0.19444444444444442,0.49450549450549447,0.32091690544412604,0.1580547112462006,0.2469135802469136,0.5308641975308643,0.5999999999999943,0.47927835051546425,0.7078189300411523,0.5526315789473684
0.19444444444444442,0.2967032967032967,0.43553008595988535,0.057750759878419454,0.19753086419753088,0.4012345679012346,0.3999999999999986,0.44329896907216515,0.16872427983539096,0.4736842105263155
0.19444444444444442,0.5054945054945055,0.10888252148997132,0.15501519756838905,0.30246913580246915,0.506172839506173,0.39999999999999863,0.38144329896907214,0.4609053497942388,0.26315789473684204
0.00347222222222221,0.37362637362637363,0.3667621776504298,0.10334346504559269,0.3209876543209877,0.4197530864197531,0.3999999999999986,0.6391752577319587,0.2222222222222222,0.2236842105263157
0.17013888888888884,0.2857142857142857,0.8051575931232091,0.24620060790273554,0.25308641975308643,0.5308641975308643,0.7999999999999972,0.4123711340206184,0.23526748971193412,0.1315789473684208
0.28124999999999994,0.3516483516483516,0.014326647564469906,0.1398176291793313,0.19753086419753088,0.6666666666666667,0.3999999999999986,0.6082474226804124,0.40740740740740744,0.1315789473684208
0.10416666666666664,0.47252747252747246,0.32091690544412604,0.10942249240121579,0.20370370370370372,0.5864197530864199,0.5999999999999943,0.4226804123711343,0.4197530864197532,0.17105263157894712
0.09374999999999996,0.3626373626373626,0.18624641833810887,0.11854103343465044,0.32716049382716056,0.4938271604938272,0.3999999999999986,0.3711340206185567,0.4320987654320988,0.5263157894736841
0.06944444444444443,0.3296703296703296,0.29799426934097417,0.09118541033434649,0.30246913580246915,0.38271604938271603,0.3999999999999986,0.16494845360824772,0.44444444444444453,0.5263157894736841
0.25,0.43956043956043955,0.27793696275071633,0.08510638297872339,0.2469135802469136,0.5246913580246915,0.3999999999999986,0.2886597938144333,0.09053497942386829,0.6842105263157896
0.18055555555555552,0.5384615384615384,0.32091690544412604,0.12462006079027355,0.4938271604938272,0.851851851851852,0.3999999999999986,0.4123711340206184,0.2880658436213992,0.23684210526315774
0.14930555555555552,0.2857142857142857,0.03724928366762178,0.15501519756838905,0.4197530864197531,0.5740740740740742,0.3999999999999986,0.4123711340206184,0.3539094650205762,0.32894736842105265
0.2048611111111111,0.7362637362637362,0.335243553008596,0.12252279635258359,0.4197530864197531,0.6419753086419755,0.5999999999999943,0.35927835051546386,0.23456790123456794,0.1578947368421051
0.5694444444444443,0.13186813186813184,0.1776504297994269,0.16413373860182368,0.25308641975308643,0.7654320987654323,0.3999999999999986,0.4536082474226806,0.32921810699588483,0.1578947368421051
0.13888888888888884,0.41758241758241754,0.3581661891117478,0.13373860182370817,0.3209876543209877,0.5740740740740742,0.40999999999999837,0.30927835051546415,0.30041152263374493,0.39473684210526305
0.10416666666666664,0.37362637362637363,0.01719197707736389,0.09148936170212763,0.22222222222222227,0.4444444444444445,0.3999999999999986,0.38144329896907214,0.23456790123456794,0.4473684210526314
0.059027777777777776,0.39560439560439553,0.08309455587392547,0.0547112462006079,0.20987654320987656,0.3580246913580247,0.3999999999999986,0.3608247422680413,0.18106995884773663,0.5526315789473684
0.25,0.46153846153846145,0.25501432664756446,0.15501519756838905,0.20370370370370372,0.580246913580247,0.3999999999999986,0.40206185567010344,0.27572016460905346,0.27631578947368407
0.26041666666666663,0.40659340659340654,0.2464183381088825,0.06079027355623099,0.32716049382716056,0.506172839506173,0.19999999999999574,0.48453608247422686,0.23456790123456794,0.7894736842105263
0.06944444444444443,0.3296703296703296,0.09169054441260743,0.07294832826747721,0.25308641975308643,0.46913580246913583,0.3999999999999986,0.2886597938144333,0.34156378600823056,0.4210526315789471
0.19444444444444442,0.24175824175824173,0.3982808022922636,0.09422492401215804,0.2283950617283951,0.41358024691358025,0.3999999999999986,0.2989690721649487,0.10288065843621402,0.48684210526315774
0.17013888888888884,0.46153846153846145,0.28939828080229224,0.10942249240121579,0.4938271604938272,0.8148148148148149,0.3999999999999986,0.44329896907216515,0.3355555555555557,0.22328947368421015
0.2048611111111111,0.45054945054945045,0.4584527220630372,0.121580547112462,0.4320987654320988,0.5679012345679013,0.3999999999999986,0.329896907216495,0.47325102880658443,0.5263157894736841
0.013888888888888881,0.33571428571428547,0.4040114613180516,0.14285714285714285,0.5061728395061729,0.6234567901234569,0.3999999999999986,0.6185567010309279,0.23456790123456794,0.23684210526315774
0.059027777777777776,0.44219780219780197,0.040114613180515755,0.04559270516717325,0.22222222222222227,0.5308641975308643,0.19999999999999574,0.2783505154639174,0.7242798353909466,0.7894736842105263
0.1597222222222222,0.2637362637362637,0.17191977077363893,0.1398176291793313,0.3209876543209877,0.8271604938271606,0.3999999999999986,0.5876288659793816,0.5761316872427985,0.26315789473684204
0.28124999999999994,0.47252747252747246,0.4269340974212035,0.1398176291793313,0.22222222222222227,0.5555555555555557,0.5899999999999945,0.6185567010309279,0.30041152263374493,0.26315789473684204
0.059027777777777776,0.3186813186813186,0.4383954154727793,0.1155015197568389,0.46913580246913583,0.54320987654321,0.3999999999999986,0.44329896907216515,0.2222222222222222,0.48684210526315774
0.21527777777777773,0.3846153846153845,0.17478510028653294,0.06686930091185408,0.2469135802469136,0.5679012345679013,0.3999999999999986,0.39175257731958757,0.2880658436213992,0.605263157894737
0.26041666666666663,0.3626373626373626,0.17478510028653294,0.07294832826747721,0.14395061728395064,0.28395061728395066,0.3999999999999986,0.6082474226804124,0.4609053497942388,0.6973684210526316
0.13888888888888884,0.4520879120879118,0.03724928366762178,0.04559270516717325,0.3333333333333333,0.5617283950617284,0.19999999999999574,0.525773195876289,0.40740740740740744,0.7894736842105263
0.1597222222222222,0.3076923076923077,0.01719197707736389,0.09422492401215804,0.23456790123456792,0.41358024691358025,0.3999999999999986,0.4123711340206184,0.3950617283950618,0.5394736842105261
0.18055555555555552,0.5384615384615384,0.13753581661891115,0.08206686930091184,0.3580246913580247,0.5308641975308643,0.19999999999999574,0.2886597938144333,0.19753086419753085,0.631578947368421
0.09374999999999996,0.2857142857142857,0.06017191977077364,0.1236778115501519,0.04938271604938273,0.54320987654321,0.3999999999999986,0.2989690721649487,0.6707818930041154,0.3157894736842104
0.19444444444444442,0.3846153846153845,0.06094555873925503,0.13373860182370817,0.30246913580246915,0.5370370370370371,0.19999999999999574,0.65979381443299,0.6049382716049384,0.5789473684210524
0.21527777777777773,0.8131868131868131,0.04584527220630371,0.06990881458966566,0.25308641975308643,0.5987654320987655,0.19999999999999574,0.525773195876289,0.37860082304526754,0.8421052631578945
0.26041666666666663,0.1648351648351648,0.01719197707736389,0.1398176291793313,0.48148148148148157,0.7098765432098767,0.3999999999999986,0.329896907216495,0.26337448559670784,0.2376315789473684
0.1597222222222222,0.3406593406593406,0.5300859598853868,0.13711246200607907,0.3198148148148149,0.7037037037037038,0.5999999999999943,0.7216494845360826,0.31275720164609055,0.3157894736842104
0.18055555555555552,0.3869230769230766,0.2521489971346705,0.121580547112462,0.3703703703703704,0.6111111111111113,0.39799999999999863,0.4536082474226806,0.48559670781893005,0.5263157894736841
0.14930555555555552,0.41758241758241754,0.34383954154727797,0.10942249240121579,0.40104938271604934,0.7160493827160495,0.3999999999999986,0.39175257731958757,0.3539094650205762,0.26315789473684204
0.2916666666666666,0.3076923076923077,0.2521489971346705,0.07294832826747721,0.35185185185185186,0.5281481481481484,0.3999999999999986,0.525773195876289,0.30041152263374493,0.631578947368421
0.13888888888888884,0.45054945054945045,0.014326647564469906,0.121580547112462,0.2716049382716049,0.5740740740740742,0.3999999999999986,0.329896907216495,0.31275720164609055,0.5526315789473684
0.10416666666666664,0.43956043956043955,0.02292263610315185,0.11854103343465044,0.17283950617283952,0.33333333333333337,0.3999999999999986,0.44329896907216515,0.2880658436213992,0.3421052631578947
0.10416666666666664,0.42857142857142855,0.025787965616045842,0.12765957446808507,0.1358024691358025,0.580246913580247,0.3999999999999986,0.2474226804123716,0.24691358024691368,0.4210526315789471
0.26041666666666663,0.39560439560439553,0.025787965616045842,0.06686930091185408,0.08641975308641978,0.5555555555555557,0.3999999999999986,0.3195876288659796,0.37860082304526754,0.3157894736842104
0.2361111111111111,0.3702197802197798,0.3123209169054441,0.04255319148936169,0.2716049382716049,0.46913580246913583,0.3999999999999986,0.39175257731958757,0.5514403292181072,0.8421052631578945
0.19444444444444442,0.45054945054945045,0.16753581661891107,0.10638297872340424,0.39506172839506176,0.580246913580247,0.3999999999999986,0.65979381443299,0.34156378600823056,0.4736842105263155
0.5937499999999998,0.3076923076923077,0.163323782234957,0.06686930091185408,0.1358024691358025,0.2777777777777778,0.19999999999999574,0.3608247422680413,0.5102880658436215,0.8552631578947365
0.2916666666666666,0.5604395604395603,0.4335816618911174,0.10638297872340424,0.4938271604938272,0.7148765432098763,0.5999999999999943,0.4226804123711343,0.27572016460905346,0.1315789473684208
0.25,0.48351648351648346,0.25501432664756446,0.0364741641337386,0.055555555555555566,0.3148148148148148,0.3999999999999986,0.21649484536082486,0.2222222222222222,0.8026315789473684
0.0833333333333333,0.3076923076923077,0.41260744985673353,0.09118541033434649,0.22222222222222227,0.4197530864197531,0.3999999999999986,0.3608247422680413,0.2880658436213992,0.4999999999999998
0.28124999999999994,0.2967032967032967,0.10888252148997132,0.06686930091185408,0.08641975308641978,0.25925925925925924,0.19999999999999574,0.16494845360824772,0.6049382716049384,0.8026315789473684
0.19444444444444442,0.5054945054945055,0.10888252148997132,0.15501519756838905,0.30246913580246915,0.506172839506173,0.3999999999999986,0.38144329896907214,0.4609053497942388,0.26315789473684204
0.12499999999999996,0.3516483516483516,0.22922636103151864,0.09726443768996959,0.14814814814814817,0.4444444444444445,0.3999999999999986,0.4123711340206184,0.4197530864197532,0.5526315789473684
0.1597222222222222,0.3186813186813186,0.27507163323782235,0.024316109422492398,0.23456790123456792,0.4197530864197531,0.3179999999999974,0.3711340206185567,0.07818930041152267,0.48684210526315774
0.19444444444444442,0.45054945054945045,0.02292263610315185,0.10638297872340424,0.07407407407407408,0.4753086419753087,0.3999999999999986,0.5051546391752582,0.2880658436213992,0.39473684210526305
0.12499999999999996,0.21978021978021978,0.6962750716332378,0.10638297872340424,0.3209876543209877,0.4197530864197531,0.5999999999999943,0.4536082474226806,0.30041152263374493,0.1578947368421051
0.09374999999999996,0.2857142857142857,0.20057306590257876,0.09422492401215804,0.23456790123456792,0.5308641975308643,0.3999999999999986,0.4948453608247423,0.5925925925925928,0.26315789473684204
0.11458333333333333,0.5604395604395603,0.7707736389684813,0.12455927051671728,0.2592592592592593,0.46913580246913583,0.7999999999999972,0.44329896907216515,0.31275720164609055,0.1315789473684208
0.12499999999999996,0.3516483516483516,0.38968481375358166,0.09422492401215804,0.16049382716049385,0.40740740740740744,0.3999999999999986,0.5670103092783507,0.40740740740740744,0.4736842105263155
0.2048611111111111,0.3186813186813186,0.15100286532951265,0.10942249240121579,0.4197530864197531,0.697530864197531,0.3999999999999986,0.5670103092783507,0.5925925925925928,0.43421052631578916
0.5416666666666665,0.10989010989010989,0.09169054441260743,0.10030395136778114,0.19753086419753088,0.28395061728395066,0.3999999999999986,0.5773195876288661,0.19753086419753085,0.2236842105263157
0.13888888888888884,0.5384615384615384,0.002865329512893984,0.1519756838905775,0.1049382716049383,0.25925925925925924,0.3999999999999986,0.3195876288659796,0.19753086419753085,0.4210526315789471
0.25,0.3516483516483516,0.025787965616045842,0.10334346504559269,0.20987654320987656,0.3395061728395062,0.19999999999999574,0.536082474226804,0.3539094650205762,0.7499999999999998
0.21527777777777773,0.2967032967032967,0.19197707736389683,0.15501519756838905,0.20370370370370372,0.580246913580247,0.3999999999999986,0.4536082474226806,0.34156378600823056,0.7368421052631577
0.02777777777777775,0.5164835164835164,0.03724928366762178,0.27355623100303955,0.308641975308642,0.6049382716049384,0.3999999999999986,0.4536082474226806,0.16872427983539096,0.3157894736842104
0.2361111111111111,0.3186813186813186,0.18624641833810887,0.07902735562310029,0.3209876543209877,0.5740740740740742,0.3999999999999986,0.6082474226804124,0.26337448559670784,0.7368421052631577
0.22569444444444442,0.2967032967032967,0.22922636103151864,0.07902735562310029,0.17283950617283952,0.4336419753086418,0.3999999999999986,0.5670103092783507,0.40740740740740744,0.5263157894736841
0.12499999999999996,0.2637362637362637,0.025787965616045842,0.09726443768996959,0.12345679012345681,0.6111111111111113,0.3999999999999986,0.49855670103092775,0.3950617283950618,0.5526315789473684
0.14930555555555552,0.3406593406593406,0.02292263610315185,0.11854103343465044,0.25308641975308643,0.39506172839506176,0.3999999999999986,0.4536082474226806,0.4197530864197532,0.48684210526315774
0.0833333333333333,0.39560439560439553,0.01719197707736389,0.1155015197568389,0.055555555555555566,0.24691358024691357,0.3999999999999986,0.8969072164948453,0.5925925925925928,0.4999999999999998
0.1597222222222222,0.3296703296703296,0.32091690544412604,0.08510638297872339,0.5308641975308643,0.7654320987654323,0.3999999999999986,0.34020618556701043,0.3539094650205762,0.4527631578947367
0.32638888888888884,0.40659340659340654,0.18722063037249267,0.1398176291793313,0.2777777777777778,0.5679012345679013,0.3999999999999986,0.40206185567010344,0.3539094650205762,0.2236842105263157
0.361111111111111,0.3076923076923077,0.4785100286532951,0.06686930091185408,0.23456790123456792,0.3148148148148148,0.3999999999999986,0.2783505154639174,0.19753086419753085,0.7631578947368418
0.25,0.2857142857142857,0.6790830945558738,0.12462006079027355,0.5308641975308643,0.8209876543209877,0.7999999999999972,0.30927835051546415,0.5925925925925928,0.26315789473684204
0.21527777777777773,0.3296703296703296,0.06590257879656158,0.08510638297872339,0.04938271604938273,0.8209876543209877,0.3999999999999986,0.44329896907216515,0.5102880658436215,0.32894736842105265
0.0833333333333333,0.3076923076923077,0.040114613180515755,0.09726443768996959,0.4197530864197531,0.6172839506172841,0.3999999999999986,0.3711340206185567,0.2880658436213992,0.381578947368421
0.3715277777777777,0.3626373626373626,0.01719197707736389,0.12462006079027355,0.08024691358024692,0.43827160493827166,0.24999999999999645,0.670103092783505,0.27572016460905346,0.605263157894737
0.2361111111111111,0.2857142857142857,0.34383954154727797,0.1398176291793313,0.2469135802469136,0.697530864197531,0.5999999999999943,0.48453608247422686,0.3662551440329218,0.2288157894736839
0.2048611111111111,0.1648351648351648,0.014326647564469906,0.0547112462006079,0.08024691358024692,0.29629629629629634,0.19999999999999574,0.536082474226804,0.2222222222222222,0.5921052631578945
0.059027777777777776,0.2967032967032967,0.6733524355300858,0.12765957446808507,0.18518518518518523,0.5123456790123458,0.5999999999999943,0.16494845360824772,0.26337448559670784,0.13276315789473664
0.17013888888888884,0.3626373626373626,0.5042979942693409,0.1519756838905775,0.3765432098765432,0.48148148148148145,0.5999999999999943,0.34020618556701043,0.4197530864197532,0.3421052631578947
0.47222222222222215,0.1758241758241758,0.08595988538681948,0.07902735562310029,0.19543209876543227,0.48148148148148145,0.0,0.44329896907216515,0.3950617283950618,0.9078947368421051
0.19444444444444442,0.42857142857142855,0.025787965616045842,0.07449848024316115,0.3703703703703704,0.5617283950617284,0.0,0.329896907216495,0.5390946502057613,0.8552631578947365
0.0,0.3186813186813186,0.014326647564469906,0.07598784194528876,0.345679012345679,0.5308641975308643,0.3999999999999986,0.4123711340206184,0.4197530864197532,0.4736842105263155
0.1597222222222222,0.2747252747252747,0.025787965616045842,0.057750759878419454,0.2716049382716049,0.3888888888888889,0.35599999999999793,0.536082474226804,0.27572016460905346,0.5394736842105261
0.12499999999999996,0.2857142857142857,0.3667621776504298,0.0486322188449848,0.17283950617283952,0.4197530864197531,0.3999999999999986,0.23711340206185572,0.23456790123456794,0.5921052631578945
0.32638888888888884,0.18681318681318682,0.5530085959885386,0.06990881458966566,0.46913580246913583,0.7222222222222223,0.5999999999999943,0.329896907216495,0.34156378600823056,0.23684210526315774
0.10416666666666664,0.40659340659340654,0.2464183381088825,0.0486322188449848,0.17901234567901236,0.3580246913580247,0.3999999999999986,0.6082474226804124,0.34156378600823056,0.7368421052631577
0.31597222222222215,0.42846153846153867,0.025787965616045842,0.49848024316109424,0.2592592592592593,0.5000000000000001,0.3999999999999986,0.3608247422680413,0.3950617283950618,0.17105263157894712
0.25,0.3516483516483516,0.6790830945558738,0.10908814589665655,0.3716666666666666,0.8888888888888891,0.5999999999999943,0.48453608247422686,0.39695473251028807,0.4210526315789471
0.2708333333333333,0.42857142857142855,0.07163323782234957,0.121580547112462,0.18518518518518523,0.6049382716049384,0.3999999999999986,0.44329896907216515,0.40740740740740744,0.5394736842105261
0.12499999999999996,0.25274725274725274,0.7564469914040114,0.11854103343465044,0.2839506172839506,0.4444444444444445,0.7999999999999972,0.329896907216495,0.30041152263374493,0.1315789473684208
0.25,0.3076923076923077,0.025787965616045842,0.07294832826747721,0.19753086419753088,0.40740740740740744,0.3999999999999986,0.5051546391752582,0.44444444444444453,0.4473684210526314
0.17013888888888884,0.3543956043956042,0.19770773638968478,0.08206686930091184,0.17283950617283952,0.4938271604938272,0.3999999999999986,0.525773195876289,0.1152263374485597,0.368421052631579
0.22569444444444442,0.5714285714285714,0.040114613180515755,0.0547112462006079,0.024691358024691367,0.20987654320987653,0.3999999999999986,0.3195876288659796,0.26337448559670784,0.4210526315789471
0.22569444444444442,0.3516483516483516,0.01719197707736389,0.0364741641337386,0.14814814814814817,0.6419753086419755,0.3999999999999986,0.2989690721649487,0.40740740740740744,0.3157894736842104
0.1597222222222222,0.23076923076923073,0.031518624641833796,0.10638297872340424,0.15432098765432103,0.4012345679012346,0.3999999999999986,0.536082474226804,0.47325102880658443,0.5263157894736841
0.14930555555555552,0.24175824175824173,0.45272206303724927,0.10030395136778114,0.19753086419753088,0.29012345679012347,0.3999999999999986,0.12371134020618557,0.16872427983539096,0.2894736842105261
0.25,0.3076923076923077,0.24355300859598852,0.018237082066869297,0.3209876543209877,0.38271604938271603,0.19999999999999574,0.47422680412371143,0.1152263374485597,0.7368421052631577
0.06944444444444443,0.39560439560439553,0.33810888252148996,0.05167173252279635,0.345679012345679,0.41358024691358025,0.3999999999999986,0.38144329896907214,0.2535390946502056,0.7631578947368418
0.2048611111111111,0.37362637362637363,0.5186246418338109,0.057750759878419454,0.2592592592592593,0.6851851851851852,0.5999999999999943,0.3711340206185567,0.31275720164609055,0.4473684210526314
0.17013888888888884,0.5604395604395603,0.08309455587392547,0.10942249240121579,0.19753086419753088,0.6111111111111113,0.3999999999999986,0.2474226804123716,0.3539094650205762,0.3967105263157893
0.059027777777777776,0.3626373626373626,0.031518624641833796,0.06990881458966566,0.11111111111111113,0.3580246913580247,0.3999999999999986,0.38144329896907214,0.24691358024691368,0.2894736842105261
0.09374999999999996,0.42857142857142855,0.008595988538681945,0.06686930091185408,0.09876543209876545,0.24691358024691357,0.19999999999999574,0.536082474226804,0.19753086419753085,0.868421052631579
0.12499999999999996,0.3516483516483516,0.4383954154727793,0.10334346504559269,0.3904938271604936,0.6307716049382719,0.5999999999999943,0.3608247422680413,0.3466666666666665,0.26315789473684204
0.09374999999999996,0.41758241758241754,0.014326647564469906,0.03343465045592705,0.2283950617283951,0.3888888888888889,0.19999999999999574,0.3608247422680413,0.19753086419753085,0.5921052631578945
0.19444444444444442,0.3296703296703296,0.10601719197707735,0.09118541033434649,0.17901234567901236,0.4320987654320988,0.3999999999999986,0.2989690721649487,0.26337448559670784,0.1052631578947365
0.2361111111111111,0.19780219780219777,0.30659025787965616,0.09726443768996959,0.5679012345679013,0.8765432098765433,0.3999999999999986,0.38144329896907214,0.34370370370370346,0.1578947368421051
0.19444444444444442,0.24175824175824173,0.5501432664756446,0.09118541033434649,0.40123456790123463,0.5740740740740742,0.3999999999999986,0.463917525773196,0.26337448559670784,0.4736842105263155
0.14930555555555552,0.2967032967032967,0.04584527220630371,0.13069908814589662,0.4074074074074074,0.7407407407407409,0.3999999999999986,0.463917525773196,0.3539094650205762,0.48684210526315774
0.31597222222222215,0.3076923076923077,0.3839541547277937,0.07902735562310029,0.061728395061728406,0.33333333333333337,0.3999999999999986,0.3195876288659796,0.15637860082304533,0.7105263157894737
0.28124999999999994,0.6373626373626372,0.4868481375358165,0.10638297872340424,0.32716049382716056,0.4320987654320988,0.5999999999999943,0.39175257731958757,0.3662551440329218,0.17105263157894712
0.2048611111111111,0.3626373626373626,0.002865329512893984,0.09726443768996959,0.14814814814814817,0.43827160493827166,0.19999999999999574,0.4536082474226806,0.3539094650205762,0.5921052631578945
0.09374999999999996,0.3296703296703296,0.5501432664756446,0.1398176291793313,0.3827160493827161,0.9012345679012347,0.5999999999999943,0.35731958762886573,0.34156378600823056,0.18421052631578938
0.2361111111111111,0.5384615384615384,0.040114613180515755,0.06079027355623099,0.345679012345679,0.40740740740740744,0.19999999999999574,0.3195876288659796,0.30041152263374493,0.7894736842105263
0.19444444444444442,0.6153846153846154,0.040114613180515755,0.4954407294832827,0.3827160493827161,0.39506172839506176,0.3999999999999986,0.34020618556701043,0.18106995884773663,0.21052631578947345
0.11458333333333333,0.3296703296703296,0.3610315186246418,0.07902735562310029,0.3703703703703704,0.48148148148148145,0.3999999999999986,0.4343298969072167,0.2098765432098766,0.4473684210526314
0.06944444444444443,0.8131868131868131,0.21123209169054447,0.12765957446808507,0.22222222222222227,0.48148148148148145,0.3999999999999986,0.5051546391752582,0.2222222222222222,0.7631578947368418
0.09374999999999996,0.2857142857142857,0.5300859598853868,0.121580547112462,0.39506172839506176,0.5617283950617284,0.5999999999999943,0.536082474226804,0.28855967078189315,0.1578947368421051
0.09374999999999996,0.36120879120879074,0.025787965616045842,0.13069908814589662,0.3209876543209877,0.39506172839506176,0.3999999999999986,0.7422680412371134,0.5637860082304527,0.42960526315789443
0.0833333333333333,0.39560439560439553,0.5644699140401146,0.14893617021276595,0.5740740740740742,0.6296296296296298,0.5899999999999949,0.6391752577319587,0.15637860082304533,0.23052631578947355
0.17013888888888884,0.5384615384615384,0.10888252148997132,0.0486322188449848,0.20987654320987656,0.3148148148148148,0.3999999999999986,0.2886597938144333,0.1152263374485597,0.5789473684210524
0.04861111111111109,0.5384615384615384,0.031518624641833796,0.06079027355623099,0.12345679012345681,0.4567901234567902,0.3999999999999986,0.2886597938144333,0.2222222222222222,0.39473684210526305
0.09374999999999996,0.23076923076923073,0.005730659025787961,0.3205775075987842,0.7160493827160495,0.6111111111111113,0.3999999999999986,0.5670103092783507,0.24691358024691368,0.0
0.0,0.3186813186813186,0.014326647564469906,0.07598784194528876,0.345679012345679,0.5308641975308643,0.3999999999999986,0.4123711340206184,0.4197530864197532,0.4598684210526309
0.3715277777777777,0.2967032967032967,0.34670487106017195,0.08255319148936169,0.4753086419753087,0.6172839506172841,0.3999999999999986,0.40206185567010344,0.27251028806584365,0.6578947368421051
0.0833333333333333,0.5054945054945055,0.08819484240687679,0.17629179331306988,0.2839506172839506,0.6172839506172841,0.3999999999999986,0.5876288659793816,0.2880658436213992,0.5394736842105261
0.21527777777777773,0.24175824175824173,0.25501432664756446,0.14893617021276595,0.345679012345679,0.6481481481481484,0.3999999999999986,0.3711340206185567,0.15637860082304533,0.368421052631579
0.6041666666666665,0.13186813186813184,0.014326647564469906,0.0,0.012345679012345682,0.0,0.3999999999999986,0.5463917525773199,0.16872427983539096,0.9605263157894737
0.12499999999999996,0.25274725274725274,0.7564469914040114,0.11854103343465044,0.2839506172839506,0.4444444444444445,0.7999999999999972,0.329896907216495,0.30427983539094655,0.1455263157894736
0.25597222222222227,0.6813186813186812,0.4670487106017192,0.11854103343465044,0.5246913580246915,0.7776543209876536,0.5999999999999943,0.40206185567010344,0.3539094650205762,0.11842105263157876
0.13888888888888884,0.43956043956043955,0.30659025787965616,0.12462006079027355,0.08024691358024692,0.5210493827160492,0.5999999999999943,0.30927835051546415,0.8024691358024693,0.2894736842105261
0.13888888888888884,0.5054945054945055,0.25501432664756446,0.07902735562310029,0.12345679012345681,0.30864197530864196,0.3999999999999986,0.34020618556701043,0.7242798353909466,0.644736842105263
0.17013888888888884,0.42857142857142855,0.025787965616045842,0.024316109422492398,0.08024691358024692,0.22839506172839508,0.19999999999999574,0.48453608247422686,0.683127572016461,0.5789473684210524
0.10416666666666664,0.3296703296703296,0.24355300859598852,0.08206686930091184,0.23499999999999985,0.45061728395061734,0.3999999999999986,0.47422680412371143,0.3662551440329218,0.48684210526315774
0.34374999999999994,0.14285714285714285,0.025787965616045842,0.09422492401215804,0.07407407407407408,0.2222222222222222,0.3999999999999986,0.525773195876289,0.37860082304526754,0.43421052631578916
0.40277777777777773,0.3961538461538461,0.39911174785100273,0.7841945288753799,0.32716049382716056,0.6942592592592596,0.46799999999999714,0.3797938144329898,0.325843621399177,0.2672368421052631
0.21527777777777773,0.1758241758241758,0.15472779369627507,0.0547112462006079,0.2839506172839506,0.3703703703703704,0.19999999999999574,0.536082474226804,0.16872427983539096,0.6578947368421051
0.0,0.3186813186813186,0.014326647564469906,0.07598784194528876,0.345679012345679,0.5308641975308643,0.3999999999999986,0.4123711340206184,0.4197530864197532,0.4736842105263155
0.059027777777777776,0.2747252747252747,0.41260744985673353,0.12462006079027355,0.46913580246913583,0.5185185185185186,0.3999999999999986,0.40206185567010344,0.19753086419753085,0.3421052631578947
0.11458333333333333,0.3186813186813186,0.03724928366762178,0.07294832826747721,0.22222222222222227,0.4444444444444445,0.3999999999999986,0.536082474226804,0.3539094650205762,0.5263157894736841
0.059027777777777776,0.3516483516483516,0.5358166189111747,0.07598784194528876,0.12962962962962965,0.5987654320987655,0.5999999999999943,0.14432989690721687,0.16872427983539096,0.17105263157894712
0.0833333333333333,0.3296703296703296,0.5501432664756446,0.17021276595744678,0.1358024691358025,0.6604938271604939,0.5999999999999943,0.2474226804123716,0.37860082304526754,0.17105263157894712
0.09374999999999996,0.6593406593406592,0.1461318051575931,0.08206686930091184,0.0308641975308642,0.4567901234567902,0.3999999999999986,0.1752577319587627,0.47325102880658443,0.4210526315789471
0.26041666666666663,0.48351648351648346,0.15472779369627507,0.11854103343465044,0.40123456790123463,0.5493827160493828,0.27199999999999686,0.25773195876288657,0.6954732510288067,0.7499999999999998
0.19444444444444442,0.24175824175824173,0.04584527220630371,0.07294832826747721,0.2469135802469136,0.4320987654320988,0.19999999999999574,0.5773195876288661,0.27572016460905346,0.8026315789473684
0.2048611111111111,0.5384615384615384,0.025787965616045842,0.4468085106382979,0.4074074074074074,0.5679012345679013,0.3999999999999986,0.30865979381443265,0.34156378600823056,0.17105263157894712
0.6527777777777777,0.06593406593406592,0.27507163323782235,0.10030395136778114,0.055555555555555566,0.3024691358024692,0.3999999999999986,0.65979381443299,0.27572016460905346,0.381578947368421
0.09374999999999996,0.3626373626373626,0.4269340974212035,0.17325227963525833,0.5000000000000001,0.506172839506173,0.3999999999999986,0.12371134020618557,0.23456790123456794,0.18421052631578938
0.14930555555555552,0.19780219780219777,0.5915759312320914,0.1155015197568389,0.25308641975308643,0.6172839506172841,0.5999999999999943,0.44329896907216515,0.4320987654320988,0.3157894736842104
0.21527777777777773,0.39560439560439553,0.27507163323782235,0.12437689969604852,0.32191358024691347,0.6820061728395062,0.4019999999999986,0.7010309278350517,0.5390946502057613,0.381578947368421
0.4305555555555555,0.24175824175824173,0.04584527220630371,0.09474164133738602,0.23456790123456792,0.5308641975308643,0.39999999999999863,0.6185567010309279,0.40740740740740744,0.4210526315789471
0.13847222222222222,0.5650549450549448,0.4738395415472777,0.12495440729483287,0.4197530864197531,0.5925925925925927,0.5999999999999943,0.731958762886598,0.7078189300411523,0.4210526315789471
0.25,0.3296703296703296,0.10028653295128936,0.07902735562310029,0.2283950617283951,0.46913580246913583,0.19999999999999574,0.536082474226804,0.2222222222222222,0.894736842105263
0.30555555555555547,0.37362637362637363,0.34383954154727797,0.13373860182370817,0.345679012345679,0.6481481481481484,0.571999999999995,0.41979381443298963,0.37860082304526754,0.21052631578947345
0.2708333333333333,0.4878021978021976,0.6217765042979941,0.10638297872340424,0.42592592592592593,0.6851851851851852,0.7999999999999972,0.4123711340206184,0.4609053497942388,0.19973684210526302
0.26041666666666663,0.5384615384615384,0.29799426934097417,0.13373860182370817,0.2493827160493827,0.5555555555555557,0.5999999999999943,0.5001030927835051,0.4979423868312758,0.381578947368421
0.038194444444444434,0.3846153846153845,0.025787965616045842,0.09118541033434649,0.17901234567901236,0.48148148148148145,0.3999999999999986,0.2268041237113403,0.5925925925925928,0.4210526315789471
0.14930555555555552,0.41758241758241754,0.32951289398280803,0.10030395136778114,0.4444444444444445,0.7283950617283952,0.3999999999999986,0.4536082474226806,0.30041152263374493,0.21052631578947345
0.1597222222222222,0.45054945054945045,0.04584527220630371,0.08206686930091184,0.4074074074074074,0.6358024691358026,0.19999999999999574,0.525773195876289,0.2098765432098766,0.7368421052631577
0.0833333333333333,0.3516483516483516,0.2922636103151862,0.11854103343465044,0.12345679012345681,0.40740740740740744,0.3999999999999986,0.6391752577319587,0.27572016460905346,0.4210526315789471
0.12499999999999996,0.3076923076923077,0.5128939828080228,0.12100303951367782,0.54320987654321,0.54320987654321,0.5999999999999943,0.2474226804123716,0.09053497942386829,0.21052631578947345
0.1660763888888889,0.43956043956043955,0.6693696275071632,0.12924012158054712,0.39506172839506176,0.7160493827160495,0.7999999999999972,0.5670103092783507,0.24691358024691368,0.18960526315789458
0.2582986111111112,0.48351648351648346,0.34383954154727797,0.8389057750759878,0.2688271604938271,0.54320987654321,0.3999999999999986,0.3442268041237111,0.3013168724279836,0.2002631578947366
0.2048611111111111,0.2747252747252747,0.025787965616045842,0.06990881458966566,0.2283950617283951,0.425925925925926,0.0,0.329896907216495,0.26337448559670784,0.9078947368421051
0.17013888888888884,0.46153846153846145,0.4068767908309456,0.10638297872340424,0.2283950617283951,0.5308641975308643,0.3999999999999986,0.4123711340206184,0.31275720164609055,0.18421052631578938
0.17013888888888884,0.3406593406593406,0.07163323782234957,0.10334346504559269,0.45679012345679015,0.6913580246913581,0.3999999999999986,0.6391752577319587,0.5925925925925928,0.4473684210526314
0.2708333333333333,0.42857142857142855,0.002865329512893984,0.10030395136778114,0.1049382716049383,0.20987654320987653,0.3999999999999986,0.21649484536082486,0.06584362139917699,0.4210526315789471
0.22569444444444442,0.09890109890109888,0.025787965616045842,0.09422492401215804,0.4444444444444445,0.5555555555555557,0.3999999999999986,0.4226804123711343,0.30041152263374493,0.3421052631578947
0.28124999999999994,0.3516483516483516,0.4441260744985673,0.10942249240121579,0.2716049382716049,0.5123456790123458,0.3999999999999986,0.329896907216495,0.13168724279835392,0.631578947368421
0.059027777777777776,0.3296703296703296,0.2693409742120344,0.10334346504559269,0.3333333333333333,0.5864197530864199,0.3999999999999986,0.8247422680412373,0.30041152263374493,0.4473684210526314
0.0833333333333333,0.5054945054945055,0.5873925501432664,0.13373860182370817,0.29629629629629634,0.4444444444444445,0.5999999999999943,0.39175257731958757,0.3539094650205762,0.3421052631578947
0.13888888888888884,0.3516483516483516,0.3524355300859599,0.15501519756838905,0.3703703703703704,0.7222222222222223,0.3999999999999986,0.4226804123711343,0.2222222222222222,0.32907894736842075
0.19444444444444442,0.41758241758241754,0.05444126074498567,0.13373860182370817,0.28246913580246913,0.5987654320987655,0.19999999999999574,0.3711340206185567,0.37860082304526754,0.5394736842105261
0.059027777777777776,0.39560439560439553,0.03724928366762178,0.10030395136778114,0.08641975308641978,0.20987654320987653,0.3999999999999986,0.4536082474226806,0.40740740740740744,0.48684210526315774
0.2048611111111111,0.48351648351648346,0.1289398280802292,0.6382978723404255,0.5987654320987655,0.7098765432098767,0.3999999999999986,0.25773195876288657,0.19753086419753085,0.18421052631578938
0.11104166666666669,0.5384615384615384,0.22922636103151864,0.09370820668693006,0.3338271604938272,0.45061728395061734,0.3999999999999986,0.25773195876288657,0.9876543209876546,0.43421052631578916
0.2916666666666666,0.3296703296703296,0.2464183381088825,0.09422492401215804,0.3827160493827161,0.5308641975308643,0.19999999999999574,0.4123711340206184,0.04938271604938271,0.9736842105263157
0.21527777777777773,0.3626373626373626,0.12320916905444126,0.08206686930091184,0.2839506172839506,0.5925925925925927,0.19999999999999574,0.4123711340206184,0.29827160493827176,0.7631578947368418
0.26041666666666663,0.3076923076923077,0.6361031518624641,0.11854103343465044,0.3827160493827161,0.7716049382716051,0.7039999999999957,0.463917525773196,0.30041152263374493,0.26315789473684204
0.26041666666666663,0.3186813186813186,0.0630372492836676,0.07902735562310029,0.18518518518518523,0.3703703703703704,0.19999999999999574,0.30927835051546415,0.27572016460905346,0.6578947368421051
0.11458333333333333,0.41758241758241754,0.0630372492836676,0.04559270516717325,0.308641975308642,0.38271604938271603,0.3999999999999986,0.48453608247422686,0.2222222222222222,0.5394736842105261
0.14930555555555552,0.20879120879120877,0.19197707736389683,0.10334346504559269,0.12345679012345681,0.3703703703703704,0.3999999999999986,0.865979381443299,0.44444444444444453,0.3421052631578947
0.0833333333333333,0.3296703296703296,0.014326647564469906,0.06990881458966566,0.14814814814814817,0.19135802469135804,0.19999999999999574,0.2783505154639174,0.3662551440329218,0.5263157894736841
0.11458333333333333,0.23076923076923073,0.19770773638968478,0.29179331306990886,0.15432098765432103,0.3888888888888889,0.3999999999999986,0.3195876288659796,0.30041152263374493,0.27631578947368407
0.12499999999999996,0.3516483516483516,0.03724928366762178,0.10942249240121579,0.308641975308642,0.45061728395061734,0.3999999999999986,0.23711340206185572,0.27572016460905346,0.43421052631578916
0.14930555555555552,0.3186813186813186,0.4269340974212035,0.12765957446808507,0.15432098765432103,0.3888888888888889,0.3999999999999986,0.3711340206185567,0.15637860082304533,0.26315789473684204
0.5034722222222221,0.24175824175824173,0.36962750716332377,0.07294832826747721,0.20370370370370372,0.506172839506173,0.5999999999999943,0.44329896907216515,0.3662551440329218,0.2823684210526313
0.1597222222222222,0.5274725274725274,0.0630372492836676,0.10030395136778114,0.20987654320987656,0.6296296296296298,0.5999999999999943,0.4226804123711343,0.47325102880658443,0.2894736842105261
0.09374999999999996,0.3076923076923077,0.025787965616045842,0.1155015197568389,0.16049382716049385,0.3271604938271605,0.19999999999999574,0.4123711340206184,0.3662551440329218,0.644736842105263
0.02777777777777775,0.3186813186813186,0.5988538681948424,0.14893617021276595,0.25308641975308643,0.34567901234567905,0.5999999999999943,0.4123711340206184,0.2098765432098766,0.23684210526315774
0.13888888888888884,0.2637362637362637,0.6131805157593122,0.1398176291793313,0.1358024691358025,0.34567901234567905,0.5999999999999943,0.4123711340206184,0.3539094650205762,0.27631578947368407
0.09374999999999996,0.3846153846153845,0.040114613180515755,0.07902735562310029,0.25308641975308643,0.3703703703703704,0.3999999999999986,0.4536082474226806,0.40740740740740744,0.48684210526315774
0.2361111111111111,0.2857142857142857,0.5272206303724928,0.10638297872340424,0.17901234567901236,0.8024691358024694,0.3999999999999986,0.3608247422680413,0.4609053497942388,0.32894736842105265
0.17013888888888884,0.45054945054945045,0.0630372492836676,0.12462006079027355,0.22222222222222227,0.41358024691358025,0.3999999999999986,0.21649484536082486,0.27572016460905346,0.3421052631578947
0.2361111111111111,0.3516483516483516,0.1833810888252149,0.13565349544072944,0.308641975308642,0.7222222222222223,0.3999999999999986,0.4536082474226806,0.40740740740740744,0.3327631578947367
0.12499999999999996,0.40659340659340654,0.6590257879656161,0.13069908814589662,0.54320987654321,0.6913580246913581,0.7559999999999966,0.5485567010309286,0.814814814814815,0.2236842105263157
0.4201388888888888,0.0,0.031518624641833796,0.17933130699088143,0.04938271604938273,0.38271604938271603,0.3999999999999986,0.8247422680412373,0.2222222222222222,0.2894736842105261
0.059027777777777776,0.3296703296703296,0.5902578796561604,0.14893617021276595,0.25308641975308643,0.6481481481481484,0.5999999999999943,0.16494845360824772,0.27572016460905346,0.16460526315789445
0.059027777777777776,0.48351648351648346,0.025787965616045842,0.10334346504559269,0.18518518518518523,0.40740740740740744,0.3999999999999986,0.3608247422680413,0.683127572016461,0.39473684210526305
0.06944444444444443,0.41758241758241754,0.031518624641833796,0.06686930091185408,0.20987654320987656,0.4197530864197531,0.3999999999999986,0.44061855670103084,0.4197530864197532,0.5921052631578945
0.013888888888888881,0.3186813186813186,0.43553008595988535,0.09118541033434649,0.3209876543209877,0.3580246913580247,0.3999999999999986,0.4226804123711343,0.19753086419753085,0.3157894736842104
0.15833333333333335,0.40659340659340654,0.3037249283667622,0.10334346504559269,0.46913580246913583,0.7283950617283952,0.3999999999999986,0.44329896907216515,0.3539094650205762,0.23684210526315774
0.0833333333333333,0.49450549450549447,0.163323782234957,0.1155015197568389,0.45061728395061734,0.6419753086419755,0.3999999999999986,0.3711340206185567,0.5102880658436215,0.5526315789473684
0.26041666666666663,0.20879120879120877,0.22922636103151864,0.09726443768996959,0.16049382716049385,0.5555555555555557,0.3999999999999986,0.39175257731958757,0.5267489711934157,0.32894736842105265
0.21527777777777773,0.3626373626373626,0.5501432664756446,0.09726443768996959,0.4753086419753087,0.6481481481481484,0.5999999999999943,0.34020618556701043,0.4320987654320988,0.3157894736842104
0.11458333333333333,0.3516483516483516,0.002865329512893984,0.08003039513677812,0.29629629629629634,0.4567901234567902,0.19999999999999574,0.47422680412371143,0.30041152263374493,0.4473684210526314
0.1892361111111111,0.2747252747252747,0.7564469914040114,0.1155015197568389,0.1049382716049383,0.40740740740740744,0.5999999999999943,0.39175257731958757,0.24691358024691368,0.1984210526315788
0.2048611111111111,0.3296703296703296,0.014326647564469906,0.0303951367781155,0.14814814814814817,0.40740740740740744,0.18599999999999603,0.5670103092783507,0.19753086419753085,0.8421052631578945
0.2361111111111111,0.2747252747252747,0.040114613180515755,0.07294832826747721,0.2839506172839506,0.5185185185185186,0.3999999999999986,0.6907216494845358,0.3539094650205762,0.48684210526315774
0.26041666666666663,0.2747252747252747,0.1833810888252149,0.08510638297872339,0.11111111111111113,0.4567901234567902,0.3999999999999986,0.5773195876288661,0.6296296296296298,0.8026315789473684
0.9999999999999998,0.5054945054945055,0.025787965616045842,0.1155015197568389,0.19055555555555553,0.540925925925926,0.5999999999999943,0.2783505154639174,0.34156378600823056,0.381578947368421
0.04861111111111109,0.3186813186813186,0.02292263610315185,0.09990881458966566,0.061728395061728406,0.2222222222222222,0.3999999999999986,0.5773195876288661,0.2098765432098766,0.368421052631579
0.038194444444444434,0.3296703296703296,0.20916905444126072,0.10942249240121579,0.19753086419753088,0.3888888888888889,0.3999999999999986,0.5463917525773199,0.2880658436213992,0.2236842105263157
0.21527777777777773,0.24175824175824173,0.4297994269340974,0.12462006079027355,0.45061728395061734,0.7407407407407409,0.5999999999999943,0.329896907216495,0.2222222222222222,0.2236842105263157
0.06944444444444443,0.43956043956043955,0.6303724928366762,0.11854103343465044,0.3703703703703704,0.6122222222222224,0.7999999999999972,0.5670103092783507,0.7242798353909466,0.18421052631578938
0.18055555555555552,0.47252747252747246,0.30659025787965616,0.12462006079027355,0.5185185185185186,0.9567901234567904,0.3999999999999986,0.3711340206185567,0.31275720164609055,0.23473684210526294
0.3715277777777777,0.5384615384615384,0.3151862464183381,0.10942249240121579,0.11111111111111113,0.654320987654321,0.3999999999999986,0.3608247422680413,0.3235802469135804,0.11842105263157876
0.19538194444444446,0.3186813186813186,0.30659025787965616,0.12462006079027355,0.29629629629629634,0.6049382716049384,0.5999999999999943,0.43329896907216503,0.19753086419753085,0.27631578947368407
0.13888888888888884,0.39560439560439553,0.031518624641833796,0.08297872340425533,0.5925925925925927,0.4567901234567902,0.19999999999999574,0.47422680412371143,1.0,0.7105263157894737
0.11458333333333333,0.37362637362637363,0.5071633237822348,0.09118541033434649,0.4320987654320988,0.5308641975308643,0.3999999999999986,0.2783505154639174,0.10288065843621402,0.39473684210526305
0.392361111111111,0.19780219780219777,0.12762177650429785,0.14285714285714285,0.12962962962962965,0.54320987654321,0.3999999999999986,0.3711340206185567,0.3662551440329218,0.48684210526315774
0.12499999999999996,0.20879120879120877,0.014326647564469906,0.17629179331306988,0.2777777777777778,0.7407407407407409,0.3999999999999986,0.2989690721649487,0.3539094650205762,0.26315789473684204
0.13888888888888884,0.5054945054945055,0.008595988538681945,0.14285714285714285,0.055555555555555566,0.25308641975308643,0.3999999999999986,0.20618556701030943,0.34156378600823056,0.18421052631578938
0.13888888888888884,0.2967032967032967,0.41260744985673353,0.1458966565349544,0.5925925925925927,0.506172839506173,0.3999999999999986,0.40206185567010344,0.2222222222222222,0.381578947368421
0.04861111111111109,0.5164835164835164,0.48424068767908307,0.07598784194528876,0.3827160493827161,0.48148148148148145,0.3999999999999986,0.2886597938144333,0.4115637860082305,0.43421052631578916
0.013888888888888881,0.3626373626373626,0.09455587392550141,0.10638297872340424,0.15432098765432103,0.25925925925925924,0.19999999999999574,0.4123711340206184,0.1152263374485597,0.8552631578947365
0.14930555555555552,0.37362637362637363,0.08595988538681948,0.11854103343465044,0.5123456790123457,0.7392901234567905,0.3999999999999986,0.536082474226804,0.4609053497942388,0.2894736842105261
0.4270833333333333,0.3516483516483516,0.20057306590257876,0.10334346504559269,0.12962962962962965,0.38271604938271603,0.3999999999999986,0.47422680412371143,0.2880658436213992,0.4736842105263155
0.14930555555555552,0.6043956043956044,0.335243553008596,0.09422492401215804,0.5308641975308643,0.8456790123456791,0.46199999999999725,0.47422680412371143,0.3539094650205762,0.21052631578947345
0.10416666666666664,0.41758241758241754,0.5042979942693409,0.1458966565349544,0.3605555555555558,0.654320987654321,0.7999999999999972,0.5670103092783507,0.7736625514403294,0.1578947368421051
0.22569444444444442,0.41758241758241754,0.4441260744985673,0.06079027355623099,0.4197530864197531,0.5308641975308643,0.3999999999999986,0.5670103092783507,0.31818930041152266,0.644736842105263
0.31597222222222215,0.3406593406593406,0.6217765042979941,0.10334346504559269,0.20987654320987656,0.5892592592592596,0.7999999999999972,0.4123711340206184,0.40740740740740744,0.18421052631578938
0.12499999999999996,0.2637362637362637,0.17478510028653294,0.10638297872340424,0.30246913580246915,0.6111111111111113,0.3999999999999986,0.2474226804123716,0.06584362139917699,0.605263157894737
0.0833333333333333,0.3296703296703296,0.01681948424068766,0.06079027355623099,0.17283950617283952,0.25925925925925924,0.19999999999999574,0.463917525773196,0.37860082304526754,0.5789473684210524
0.2048611111111111,0.38604395604395597,0.10028653295128936,0.12495440729483284,0.3703703703703704,0.5555555555555557,0.3999999999999986,0.525773195876289,0.683127572016461,0.3421052631578947
0.06944444444444443,0.3626373626373626,0.23782234957020051,0.07902735562310029,0.2059876543209877,0.41358024691358025,0.3999999999999986,0.5463917525773199,0.4609053497942388,0.368421052631579
0.11458333333333333,0.2967032967032967,0.7936962750716331,0.1321884498480243,0.3209876543209877,0.5555555555555557,0.7999999999999972,0.536082474226804,0.16872427983539096,0.11842105263157876
0.1485416666666665,0.3076923076923077,0.6217765042979941,0.1334650455927051,0.4320987654320988,0.8024691358024694,0.5999999999999943,0.3711340206185567,0.27860082304526773,0.19565789473684206
0.4270833333333333,0.25274725274725274,0.2664756446991404,0.07294832826747721,0.2612345679012345,0.6049382716049384,0.3999999999999986,0.2989690721649487,0.32921810699588483,0.5526315789473684
0.22569444444444442,0.3076923076923077,0.031518624641833796,0.08206686930091184,0.08024691358024692,0.4444444444444445,0.3999999999999986,0.5463917525773199,0.3662551440329218,0.4210526315789471
0.2916666666666666,0.24175824175824173,0.34383954154727797,0.17659574468085104,0.2777777777777778,0.8456790123456791,0.5999999999999943,0.5365979381443302,0.48559670781893005,0.27631578947368407
0.0833333333333333,0.24175824175824173,0.2148997134670487,0.08206686930091184,0.061728395061728406,0.30864197530864196,0.3999999999999986,0.670103092783505,0.27572016460905346,0.7368421052631577
0.17013888888888884,0.40659340659340654,0.2148997134670487,0.04255319148936169,0.23456790123456792,0.3888888888888889,0.19999999999999574,0.30927835051546415,0.13168724279835392,0.8026315789473684
0.18055555555555552,0.2857142857142857,0.12320916905444126,0.2006079027355623,0.19753086419753088,0.24074074074074076,0.19999999999999574,0.34020618556701043,0.19753086419753085,0.605263157894737
0.06944444444444443,0.37362637362637363,0.031518624641833796,0.270516717325228,0.32716049382716056,0.5123456790123458,0.3999999999999986,0.4116494845360824,0.3741152263374486,0.27631578947368407
0.26041666666666663,0.37362637362637363,0.5415472779369627,0.121580547112462,0.037037037037037035,0.1234567901234568,0.3999999999999986,0.4226804123711343,0.2222222222222222,0.644736842105263
0.11458333333333333,0.4113186813186809,0.06876790830945559,0.11854103343465044,0.4753086419753087,0.734567901234568,0.3999999999999986,0.8556701030927836,0.6419753086419754,0.368421052631579
0.4930555555555555,0.3296703296703296,0.335243553008596,0.04559270516717325,0.09876543209876545,0.24691358024691357,0.3999999999999986,0.20618556701030943,0.16872427983539096,0.7476315789473681
0.0833333333333333,0.40659340659340654,0.01719197707736389,0.12462006079027355,0.0308641975308642,0.34567901234567905,0.3999999999999986,0.4123711340206184,0.37860082304526754,0.368421052631579
0.26041666666666663,0.43956043956043955,0.23412607449856732,0.1155015197568389,0.3144444444444446,0.654320987654321,0.3999999999999986,0.39175257731958757,0.3539094650205762,0.26315789473684204
0.18906249999999997,0.5494505494505494,0.5730659025787964,0.13617021276595737,0.54320987654321,0.7592592592592594,0.5999999999999943,0.25773195876288657,0.31275720164609055,0.19631578947368392
0.17013888888888884,0.3186813186813186,0.008595988538681945,0.06686930091185408,0.20370370370370372,0.35185185185185186,0.19999999999999574,0.6082474226804124,0.27572016460905346,0.7499999999999998
0.04166666666666667,0.5384615384615384,0.20916905444126072,0.121580547112462,0.42592592592592593,0.6296296296296298,0.3999999999999986,0.7731958762886597,0.27572016460905346,0.48684210526315774
0.2708333333333333,0.5824175824175823,0.4269340974212035,0.14689969604863218,0.2839506172839506,0.580246913580247,0.5999999999999943,0.3771134020618556,0.2222222222222222,0.23684210526315774
0.3368055555555555,0.24175824175824173,0.1833810888252149,0.13373860182370817,0.3827160493827161,0.54320987654321,0.3999999999999986,0.38144329896907214,0.5102880658436215,0.21052631578947345
0.13888888888888884,0.2747252747252747,0.025787965616045842,0.12462006079027355,0.3333333333333333,0.5370370370370371,0.3999999999999986,0.6391752577319587,0.40740740740740744,0.381578947368421
0.2048611111111111,0.2747252747252747,0.4498567335243553,0.09118541033434649,0.2469135802469136,0.45061728395061734,0.3999999999999986,0.536082474226804,0.14403292181069965,0.368421052631579
0.0833333333333333,0.3296703296703296,0.01719197707736389,0.1155015197568389,0.3827160493827161,0.7777777777777779,0.3999999999999986,0.2886597938144333,0.19753086419753085,0.2236842105263157
0.2361111111111111,0.25274725274725274,0.4040114613180516,0.04559270516717325,0.19753086419753088,0.4444444444444445,0.3999999999999986,0.4123711340206184,0.3950617283950618,0.7368421052631577
0.00347222222222221,0.37362637362637363,0.6074498567335243,0.09422492401215804,0.3209876543209877,0.425925925925926,0.5999999999999943,0.3195876288659796,0.47325102880658443,0.5263157894736841
0.392361111111111,0.2857142857142857,0.2521489971346705,0.46504559270516715,0.3827160493827161,0.7195061728395067,0.3999999999999986,0.38144329896907214,0.31275720164609055,0.2324342105263157
0.5034722222222221,0.24010989010988973,0.4613180515759312,0.2633434650455926,0.4320987654320988,0.7530864197530865,0.5999999999999943,0.4536082474226806,0.33193415637860085,0.23684210526315774
0.13888888888888884,0.3406593406593406,0.16905444126074495,0.1155015197568389,0.32716049382716056,0.46913580246913583,0.3999999999999986,0.536082474226804,0.5390946502057613,0.48684210526315774
0.19444444444444442,0.5054945054945055,0.6676217765042979,0.13215805471124617,0.2469135802469136,0.5966666666666667,0.7999999999999972,0.34979381443298946,0.36032921810699586,0.17105263157894712
0.3715277777777777,0.2637362637362637,0.5186246418338109,0.14893617021276595,0.54320987654321,0.8209876543209877,0.5999999999999943,0.2989690721649487,0.41032921810699596,0.23605263157894718
0.12499999999999996,0.40703296703296693,0.08595988538681948,0.07702127659574463,0.32716049382716056,0.5493827160493828,0.19999999999999574,0.536082474226804,0.23456790123456794,0.7368421052631577
0.14930555555555552,0.2637362637362637,0.04584527220630371,0.11854103343465044,0.22222222222222227,0.33333333333333337,0.3999999999999986,0.536082474226804,0.26337448559670784,0.32894736842105265
0.04861111111111109,0.46153846153846145,0.040114613180515755,0.10942249240121579,0.25648148148148137,0.5925925925925927,0.3999999999999986,0.2474226804123716,0.48559670781893005,0.44671052631578934
0.11458333333333333,0.40659340659340654,0.10888252148997132,0.027355623100303948,0.14814814814814817,0.28395061728395066,0.19999999999999574,0.6185567010309279,0.31275720164609055,0.6973684210526316
0.10416666666666664,0.43956043956043955,0.0487106017191977,0.006079027355623101,0.14814814814814817,0.3580246913580247,0.19999999999999574,0.5876288659793816,0.4197530864197532,0.7105263157894737
0.18055555555555552,0.43956043956043955,0.01719197707736389,0.2188449848024316,0.32716049382716056,0.46913580246913583,0.3959999999999985,0.5463917525773199,0.31275720164609055,0.368421052631579
0.17013888888888884,0.5494505494505494,0.48424068767908307,0.0547112462006079,0.18518518518518523,0.3395061728395062,0.44799999999999757,0.463917525773196,0.34156378600823056,0.43421052631578916
0.10416666666666664,0.3296703296703296,0.002865329512893984,0.021276595744680847,0.012345679012345682,0.07407407407407408,0.19999999999999574,0.44329896907216515,0.16872427983539096,0.6973684210526316
0.1597222222222222,0.40659340659340654,0.5816618911174785,0.16413373860182368,0.4074074074074074,0.7469135802469137,0.5999999999999943,0.2474226804123716,0.27572016460905346,0.18421052631578938
0.1597222222222222,0.5494505494505494,0.3123209169054441,0.11854103343465044,0.42592592592592593,0.7160493827160495,0.3999999999999986,0.4123711340206184,0.2880658436213992,0.21052631578947345
0.25,0.23076923076923073,0.008595988538681945,0.1398176291793313,0.21932098765432112,0.5679012345679013,0.3999999999999986,0.3711340206185567,0.2880658436213992,0.23684210526315774
0.1597222222222222,0.40659340659340654,0.08309455587392547,0.0919148936170213,0.17901234567901236,0.5000000000000001,0.3999999999999986,0.2886597938144333,0.3950617283950618,0.5526315789473684
0.10416666666666664,0.48351648351648346,0.008595988538681945,0.1519756838905775,0.17901234567901236,0.41358024691358025,0.3999999999999986,0.329896907216495,0.1152263374485597,0.5526315789473684
0.1597222222222222,0.5384615384615384,0.3753581661891117,0.125258358662614,0.23456790123456792,0.7160493827160495,0.5999999999999943,0.5670103092783507,0.47160493827160493,0.3421052631578947
0.17013888888888884,0.3406593406593406,0.1289398280802292,0.04255319148936169,0.16049382716049385,0.3703703703703704,0.19999999999999574,0.2474226804123716,0.31275720164609055,0.7105263157894737
0.21527777777777773,0.4939560439560436,0.33810888252148996,0.15744680851063833,0.3827160493827161,0.7283950617283952,0.5999999999999943,0.731958762886598,0.5280658436213993,0.3077631578947367
0.18055555555555552,0.2637362637362637,0.01719197707736389,0.10638297872340424,0.14814814814814817,0.37654320987654327,0.3999999999999986,0.5051546391752582,0.24691358024691368,0.4999999999999998
0.4930555555555555,0.15384615384615385,0.34383954154727797,0.06686930091185408,0.2716049382716049,0.6296296296296298,0.3999999999999986,0.5117525773195879,0.3662551440329218,0.7894736842105263
0.13888888888888884,0.3846153846153845,0.43553008595988535,0.10030395136778114,0.42592592592592593,0.5308641975308643,0.5999999999999943,0.463917525773196,0.31275720164609055,0.20947368421052626
0.28124999999999994,0.3846153846153845,0.3581661891117478,0.08510638297872339,0.2839506172839506,0.46913580246913583,0.3999999999999986,0.2474226804123716,0.1152263374485597,0.7631578947368418
0.4270833333333333,0.5384615384615384,0.28366762177650434,0.10334346504559269,0.22222222222222227,0.5679012345679013,0.3999999999999986,0.4536082474226806,0.13168724279835392,0.3421052631578947
0.13888888888888884,0.3186813186813186,0.10601719197707735,0.03343465045592705,0.1358024691358025,0.32098765432098764,0.19999999999999574,0.48453608247422686,0.3662551440329218,0.5526315789473684
0.14930555555555552,0.45054945054945045,0.3610315186246418,0.12465045592705173,0.22222222222222227,0.5679012345679013,0.3999999999999986,0.4536082474226806,0.5102880658436215,0.32894736842105265
0.19444444444444442,0.34714285714285686,0.040114613180515755,0.10030395136778114,0.2592592592592593,0.4938271604938272,0.3999999999999986,0.6494845360824741,0.3539094650205762,0.4736842105263155
0.19961805555555545,0.3076923076923077,0.489971346704871,0.12765957446808507,0.2592592592592593,0.6177777777777781,0.5999999999999943,0.536082474226804,0.2880658436213992,0.26315789473684204
0.1597222222222222,0.3186813186813186,0.014326647564469906,0.19148936170212766,0.30246913580246915,0.46913580246913583,0.3999999999999986,0.5670103092783507,0.4609053497942388,0.5263157894736841
0.038194444444444434,0.41758241758241754,0.008595988538681945,0.09726443768996959,0.16049382716049385,0.29012345679012347,0.19999999999999574,0.2886597938144333,0.40740740740740744,0.5921052631578945
0.21527777777777773,0.5384615384615384,0.5272206303724928,0.12462006079027355,0.39506172839506176,0.5493827160493828,0.5999999999999943,0.329896907216495,0.44444444444444453,0.381578947368421
0.25,0.48351648351648346,0.2148137535816618,0.1458966565349544,0.4074074074074074,0.6296296296296298,0.3999999999999986,0.34020618556701043,0.32921810699588483,0.27631578947368407
0.10416666666666664,0.2967032967032967,0.4613180515759312,0.08510638297872339,0.22222222222222227,0.4938271604938272,0.3999999999999986,0.3608247422680413,0.27572016460905346,0.43421052631578916
0.1597222222222222,0.3076923076923077,0.6217765042979941,0.1458966565349544,0.4320987654320988,0.8024691358024694,0.5999999999999943,0.3711340206185567,0.19753086419753085,0.223815789473684
0.2916666666666666,0.769230769230769,0.5186246418338109,0.19148936170212758,0.15432098765432103,0.6049382716049384,0.6499999999999951,0.2474226804123716,0.6584362139917695,0.2236842105263157
0.10416666666666664,0.47252747252747246,0.650429799426934,0.1398176291793313,0.4753086419753087,0.7160493827160495,0.7619999999999966,0.5051546391752582,0.46967078189300415,0.1315789473684208
0.12499999999999996,0.3406593406593406,0.2521489971346705,0.0547112462006079,0.3209876543209877,0.4938271604938272,0.3999999999999986,0.329896907216495,0.34156378600823056,0.48684210526315774
0.21527777777777773,0.5164835164835164,0.025787965616045842,0.12462006079027355,0.39506172839506176,0.7283950617283952,0.3999999999999986,0.4226804123711343,0.2880658436213992,0.26315789473684204
0.13888888888888884,0.7472527472527473,0.4670487106017192,0.11854103343465044,0.2839506172839506,0.506172839506173,0.5999999999999943,0.2474226804123716,0.19753086419753085,0.1315789473684208
0.38194444444444436,0.7142857142857142,0.4068767908309456,0.23100303951367782,0.07407407407407408,0.6111111111111113,0.3999999999999986,0.2886597938144333,0.32921810699588483,0.23684210526315774
0.19444444444444442,0.3406593406593406,0.06017191977077364,0.1155015197568389,0.20987654320987656,0.8148148148148149,0.3999999999999986,0.463917525773196,0.5390946502057613,0.3157894736842104
0.0833333333333333,0.3406593406593406,0.7564469914040114,0.1458966565349544,0.2469135802469136,0.7654320987654323,0.7999999999999972,0.3711340206185567,0.30041152263374493,0.17105263157894712
0.14930555555555552,0.49450549450549447,0.13753581661891115,0.0486322188449848,0.15432098765432103,0.48148148148148145,0.3879999999999984,0.7525773195876289,0.34156378600823056,0.5526315789473684
0.18055555555555552,0.40659340659340654,0.002865329512893984,0.04255319148936169,0.07407407407407408,0.16049382716049387,0.0,0.525773195876289,0.13168724279835392,0.894736842105263
0.10416666666666664,0.3406593406593406,0.03724928366762178,0.08510638297872339,0.2592592592592593,0.4320987654320988,0.19999999999999574,0.48453608247422686,0.2098765432098766,0.6973684210526316
0.36458333333333326,0.41758241758241754,0.3839541547277937,0.15501519756838905,0.5246913580246915,0.9567901234567904,0.5319999999999958,0.463917525773196,0.40740740740740744,0.18421052631578938
0.1597222222222222,0.42857142857142855,0.8309455587392549,0.14778115501519756,0.32716049382716056,0.5925925925925927,0.7999999999999972,0.2268041237113403,0.31275720164609055,0.17105263157894712
0.2708333333333333,0.2747252747252747,0.22063037249283665,0.06686930091185408,0.17283950617283952,0.45061728395061734,0.3999999999999986,0.195876288659794,0.5637860082304527,0.39473684210526305
0.059027777777777776,0.8021978021978021,0.008595988538681945,0.4346504559270517,0.45679012345679015,0.5740740740740742,0.3999999999999986,0.329896907216495,0.09053497942386829,0.21052631578947345
0.10416666666666664,0.43956043956043955,0.08793696275071629,0.08206686930091184,0.2716049382716049,0.39506172839506176,0.3999999999999986,0.670103092783505,0.3539094650205762,0.5921052631578945
0.10416666666666664,0.43956043956043955,0.3151862464183381,0.06686930091185408,0.40123456790123463,0.6790123456790125,0.3999999999999986,0.31494845360824725,0.04938271604938271,0.5921052631578945
0.5659722222222221,0.10989010989010989,0.025787965616045842,0.19148936170212766,0.18518518518518523,0.5925925925925927,0.3999999999999986,0.44329896907216515,0.32921810699588483,0.2894736842105261
0.2361111111111111,0.6813186813186812,0.4498567335243553,0.07902735562310029,0.4444444444444445,0.5864197530864199,0.5999999999999943,0.3711340206185567,0.27572016460905346,0.1578947368421051
0.12499999999999996,0.3516483516483516,0.0630372492836676,0.05167173252279635,0.2777777777777778,0.33333333333333337,0.19999999999999574,0.4948453608247423,0.47325102880658443,0.6842105263157896
0.19444444444444442,0.3626373626373626,0.01719197707736389,0.09118541033434649,0.11111111111111113,0.3580246913580247,0.19999999999999574,0.3195876288659796,0.2098765432098766,0.644736842105263
0.2361111111111111,0.3296703296703296,0.0487106017191977,0.06990881458966566,0.3209876543209877,0.54320987654321,0.19999999999999574,0.5049484536082482,0.24691358024691368,0.8421052631578945
0.02777777777777775,0.24175824175824173,0.5444126074498566,0.15501519756838905,0.17901234567901236,0.7098765432098767,0.3999999999999986,0.5463917525773199,0.24691358024691368,0.644736842105263
0.22569444444444442,0.37362637362637363,0.27507163323782235,0.11908814589665645,0.40123456790123463,0.8395061728395062,0.3999999999999986,0.5460824742268042,0.4320987654320988,0.39473684210526305
0.13888888888888884,0.5494505494505494,0.4383954154727793,0.10334346504559269,0.48148148148148157,0.5000000000000001,0.3999999999999986,0.12371134020618557,0.30041152263374493,0.18421052631578938
0.3368055555555555,0.7252747252747253,0.48756446991403984,0.13069908814589662,0.617283950617284,0.7530864197530865,0.5999999999999943,0.31226804123711316,0.30041152263374493,0.17842105263157879
0.17013888888888884,0.6373626373626372,0.3237822349570201,0.09726443768996959,0.4938271604938272,0.697530864197531,0.5999999999999943,0.3195876288659796,0.19753086419753085,0.17105263157894712
0.2708333333333333,0.39560439560439553,0.03724928366762178,0.08510638297872339,0.22290123456790123,0.46913580246913583,0.3999999999999986,0.48453608247422686,0.32921810699588483,0.5263157894736841
0.06944444444444443,0.37362637362637363,0.05444126074498567,0.09422492401215804,0.29629629629629634,0.41358024691358025,0.19999999999999574,0.47422680412371143,0.2880658436213992,0.8552631578947365
0.25,0.2967032967032967,0.08157593123209171,0.5957446808510637,0.08024691358024692,0.7283950617283952,0.3999999999999986,0.4941237113402064,0.5102880658436215,0.35499999999999976
0.04861111111111109,0.42857142857142855,0.04584527220630371,0.10334346504559269,0.15432098765432103,0.6111111111111113,0.3999999999999986,0.731958762886598,0.31275720164609055,0.3421052631578947
0.1597222222222222,0.19780219780219777,0.025787965616045842,0.14893617021276595,0.08641975308641978,0.5185185185185186,0.3999999999999986,0.3608247422680413,0.24691358024691368,0.26315789473684204
0.2048611111111111,0.3516483516483516,0.22922636103151864,0.08297872340425533,0.26179012345679015,0.4197530864197531,0.3999999999999986,0.2886597938144333,0.4609053497942388,0.5526315789473684
0.14930555555555552,0.3296703296703296,0.01719197707736389,0.08206686930091184,0.07407407407407408,0.34567901234567905,0.19999999999999574,0.21649484536082486,0.16872427983539096,0.7894736842105263
0.14930555555555552,0.3846153846153845,0.01719197707736389,0.08510638297872339,0.16049382716049385,0.6419753086419755,0.19999999999999574,0.34020618556701043,0.32921810699588483,0.4473684210526314
0.25,0.37362637362637363,0.05444126074498567,0.10638297872340424,0.48148148148148157,0.6604938271604939,0.19999999999999574,0.48453608247422686,0.3950617283950618,0.9210526315789471
0.13194444444444442,0.2637362637362637,0.41260744985673353,0.14285714285714285,0.46913580246913583,0.5308641975308643,0.3999999999999986,0.4123711340206184,0.2098765432098766,0.381578947368421
0.31597222222222215,0.2637362637362637,0.08595988538681948,0.012158054711246202,0.16049382716049385,0.28395061728395066,0.19999999999999574,0.2886597938144333,0.18106995884773663,0.605263157894737
0.12499999999999996,0.7912087912087911,0.27507163323782235,0.10030395136778114,0.25308641975308643,0.6481481481481484,0.4019999999999986,0.3711340206185567,0.16872427983539096,0.41921052631578926
0.13888888888888884,0.3076923076923077,0.4040114613180516,0.04255319148936169,0.19753086419753088,0.4567901234567902,0.3999999999999986,0.5051546391752582,0.19753086419753085,0.5789473684210524
0.09374999999999996,0.2857142857142857,0.36962750716332377,0.09118541033434649,0.32716049382716056,0.7037037037037038,0.3999999999999986,0.4123711340206184,0.30041152263374493,0.32894736842105265
0.18055555555555552,0.2747252747252747,0.22922636103151864,0.08510638297872339,0.4074074074074074,0.5925925925925927,0.3999999999999986,0.5051546391752582,0.19753086419753085,0.23684210526315774
0.02777777777777775,0.2967032967032967,0.08309455587392547,0.07598784194528876,0.2469135802469136,0.271604938271605,0.3999999999999986,0.4536082474226806,0.6954732510288067,0.5789473684210524
0.06944444444444443,0.2967032967032967,0.17478510028653294,0.12765957446808507,0.17283950617283952,0.3580246913580247,0.3999999999999986,0.329896907216495,0.31275720164609055,0.26315789473684204
0.26041666666666663,0.25274725274725274,0.2521489971346705,0.09118541033434649,0.2839506172839506,0.54320987654321,0.3999999999999986,0.4226804123711343,0.5514403292181072,0.3421052631578947
0.11458333333333333,0.37362637362637363,0.5071633237822348,0.10334346504559269,0.2839506172839506,0.8333333333333335,0.3999999999999986,0.329896907216495,0.3906172839506175,0.27631578947368407
0.30555555555555547,0.311428571428571,0.26074498567335247,0.12765957446808507,0.12962962962962965,0.48320987654320974,0.3999999999999986,0.34020618556701043,0.4197530864197532,0.5526315789473684
0.21527777777777773,0.46153846153846145,0.3012607449856733,0.04255319148936169,0.40123456790123463,0.6790123456790125,0.3999999999999986,0.2886597938144333,0.1152263374485597,0.5921052631578945
0.21527777777777773,0.18681318681318682,0.09169054441260743,0.09422492401215804,0.17901234567901236,0.46913580246913583,0.3999999999999986,0.25773195876288657,0.30041152263374493,0.17105263157894712
0.19444444444444442,0.2857142857142857,0.0487106017191977,0.12462006079027355,0.08024691358024692,0.30864197530864196,0.3999999999999986,0.39175257731958757,0.19753086419753085,0.23684210526315774
0.19444444444444442,0.2857142857142857,0.536590257879656,0.1155015197568389,0.3765432098765432,0.6913580246913581,0.5999999999999943,0.34020618556701043,0.37860082304526754,0.17105263157894712
0.12499999999999996,0.5384615384615384,0.13753581661891115,0.10030395136778114,0.19753086419753088,0.3888888888888889,0.3999999999999986,0.34020618556701043,0.2098765432098766,0.43421052631578916
0.11458333333333333,0.3296703296703296,0.22063037249283665,0.10638297872340424,0.3333333333333333,0.6172839506172841,0.3999999999999986,0.8041237113402064,0.23456790123456794,0.4473684210526314
0.22569444444444442,0.3406593406593406,0.005730659025787961,0.027355623100303948,0.4074074074074074,0.5679012345679013,0.19999999999999574,0.195876288659794,0.1152263374485597,0.605263157894737
0.17013888888888884,0.3626373626373626,0.031518624641833796,0.11854103343465044,0.345679012345679,0.6419753086419755,0.3999999999999986,0.3711340206185567,0.27572016460905346,0.43421052631578916
0.22569444444444442,0.3406593406593406,0.4154727793696275,0.09422492401215804,0.061728395061728406,0.6790123456790125,0.3859999999999981,0.670103092783505,0.4197530864197532,0.5921052631578945
0.49999999999999994,0.2857142857142857,0.16905444126074495,0.1398176291793313,0.12345679012345681,0.4490123456790123,0.3999999999999986,0.47422680412371143,0.30041152263374493,0.18421052631578938
0.13888888888888884,0.3626373626373626,0.5003151862464181,0.13455927051671732,0.345679012345679,0.654320987654321,0.5999999999999943,0.6391752577319587,0.24691358024691368,0.3157894736842104
0.4201388888888888,0.3186813186813186,0.1518624641833811,0.04559270516717325,0.1358024691358025,0.3703703703703704,0.3999999999999986,0.25773195876288657,0.2219341563786008,0.7631578947368418
0.12499999999999996,0.37362637362637363,0.04584527220630371,0.10975683890577508,0.22222222222222227,0.38271604938271603,0.39999999999999863,0.9896907216494846,0.44444444444444453,0.39473684210526305
0.3368055555555555,0.2637362637362637,0.20916905444126072,0.07598784194528876,0.25308641975308643,0.4320987654320988,0.19999999999999574,0.3711340206185567,0.27572016460905346,0.8552631578947365
0.26041666666666663,0.3846153846153845,0.04584527220630371,0.10030395136778114,0.04938271604938273,0.6419753086419755,0.19999999999999574,0.3608247422680413,0.23456790123456794,0.7105263157894737
0.13888888888888884,0.2967032967032967,0.6103151862464182,0.06990881458966566,0.35185185185185186,0.6419753086419755,0.7999999999999972,0.0,0.26337448559670784,0.2894736842105261
0.13888888888888884,0.3516483516483516,0.0487106017191977,0.08510638297872339,0.308641975308642,0.4444444444444445,0.19999999999999574,0.5463917525773199,0.3950617283950618,0.6578947368421051
0.0833333333333333,0.40659340659340654,0.02292263610315185,0.09422492401215804,0.1049382716049383,0.35185185185185186,0.19999999999999574,0.30927835051546415,0.4979423868312758,0.7105263157894737
0.13194444444444442,0.41758241758241754,0.01719197707736389,0.2127659574468085,0.3703703703703704,0.4938271604938272,0.3999999999999986,0.536082474226804,0.2222222222222222,0.39473684210526305
0.21527777777777773,0.2967032967032967,0.4957020057306591,0.05167173252279635,0.16049382716049385,0.3580246913580247,0.3999999999999986,0.21649484536082486,0.19753086419753085,0.644736842105263
0.361111111111111,0.3076923076923077,0.5128939828080228,0.14893617021276595,0.17283950617283952,0.6728395061728396,0.5999999999999943,0.536082474226804,0.4197530864197532,0.2236842105263157
0.10416666666666664,0.3186813186813186,0.5042979942693409,0.06626139817629179,0.15432098765432103,0.3395061728395062,0.3999999999999986,0.4123711340206184,0.14403292181069965,0.6842105263157896
0.1597222222222222,0.3076923076923077,0.2951289398280802,0.05167173252279635,0.09876543209876545,0.2777777777777778,0.3999999999999986,0.20618556701030943,0.18106995884773663,0.605263157894737
0.32246527777777795,0.23076923076923073,0.7048710601719197,0.2127659574468085,0.3209876543209877,0.7654320987654323,0.6419999999999956,0.2783505154639174,0.3539094650205762,0.3157894736842104
0.14930555555555552,0.3186813186813186,0.3524355300859599,0.08206686930091184,1.0,0.8148148148148149,0.3999999999999986,0.16494845360824772,0.19753086419753085,0.5263157894736841
0.10416666666666664,0.1648351648351648,0.2664756446991404,0.1155015197568389,0.19753086419753088,0.4197530864197531,0.3999999999999986,0.2474226804123716,0.4609053497942388,0.32894736842105265
0.02777777777777775,0.37362637362637363,0.38968481375358166,0.17021276595744678,0.308641975308642,0.4753086419753087,0.5999999999999943,0.4536082474226806,0.2098765432098766,0.27631578947368407
0.361111111111111,0.3516483516483516,0.025787965616045842,0.121580547112462,0.061728395061728406,0.23456790123456794,0.3999999999999986,0.329896907216495,0.23456790123456794,0.5921052631578945
0.15250000000000002,0.8131868131868131,0.5071633237822348,0.13103343465045586,0.40253086419753076,0.6481481481481484,0.5999999999999943,0.7835051546391756,0.5618518518518519,0.368421052631579
0.17013888888888884,0.47252747252747246,0.5014326647564469,0.10942249240121579,0.4684567901234567,0.7716049382716051,0.5999999999999943,0.4948453608247423,0.4197530864197532,0.25171052631578933
0.12499999999999996,0.3296703296703296,0.36962750716332377,0.0364741641337386,0.12345679012345681,0.4444444444444445,0.3999999999999986,0.2474226804123716,0.14403292181069965,0.43421052631578916
0.21527777777777773,0.3516483516483516,0.02292263610315185,0.10914893617021278,0.20370370370370372,0.49870370370370387,0.3999999999999986,0.536082474226804,0.26337448559670784,0.368421052631579
0.12499999999999996,0.2747252747252747,0.014326647564469906,0.12765957446808507,0.7777777777777779,0.6790123456790125,0.359999999999998,0.65979381443299,0.5102880658436215,0.5394736842105261
0.2916666666666666,0.3626373626373626,0.14040114613180513,0.0486322188449848,0.308641975308642,0.4938271604938272,0.22199999999999606,0.5051546391752582,0.2098765432098766,0.8157894736842104
0.22569444444444442,0.25274725274725274,0.05444126074498567,0.1547112462006079,0.17358024691358026,0.506172839506173,0.3999999999999986,0.3608247422680413,0.5102880658436215,0.3157894736842104
0.361111111111111,0.3076923076923077,0.4785100286532951,0.06686930091185408,0.23456790123456792,0.3148148148148148,0.3999999999999986,0.2783505154639174,0.19753086419753085,0.7631578947368418
0.2916666666666666,0.3516483516483516,0.09922636103151859,0.0547112462006079,0.3209876543209877,0.37654320987654327,0.19999999999999574,0.6288659793814433,0.4197530864197532,0.8157894736842104
0.12499999999999996,0.3186813186813186,0.002865329512893984,0.07294832826747721,0.2592592592592593,0.32098765432098764,0.19999999999999574,0.38144329896907214,0.16872427983539096,0.5394736842105261
0.26041666666666663,0.7252747252747253,0.6905444126074498,0.1155015197568389,0.26320987654320976,0.6024074074074073,0.5999999999999943,0.38144329896907214,0.3539094650205762,0.2323684210526315
0.2048611111111111,0.3858241758241756,0.0630372492836676,0.12765957446808507,0.12345679012345681,0.4444444444444445,0.3999999999999986,0.3711340206185567,0.6049382716049384,0.39473684210526305
0.14930555555555552,0.37362637362637363,0.014326647564469906,0.07294832826747721,0.3827160493827161,0.6049382716049384,0.08999999999999815,0.5463917525773199,0.1152263374485597,0.894736842105263
0.059027777777777776,0.24175824175824173,0.03724928366762178,0.10030395136778114,0.2777777777777778,0.39506172839506176,0.19999999999999574,0.47422680412371143,0.1152263374485597,0.5921052631578945
0.09374999999999996,0.3406593406593406,0.6275071633237821,0.10942249240121579,0.30246913580246915,0.7530864197530865,0.5999999999999943,0.34020618556701043,0.3539094650205762,0.21052631578947345
0.14930555555555552,0.3186813186813186,0.5730659025787964,0.09118541033434649,0.3827160493827161,0.4938271604938272,0.3999999999999986,0.5567010309278353,0.30041152263374493,0.5263157894736841
0.19444444444444442,0.3076923076923077,0.15472779369627507,0.09653495440729483,0.4074074074074074,0.6049382716049384,0.39999999999999863,0.5773195876288661,0.27572016460905346,0.4736842105263155
0.21527777777777773,0.5494505494505494,0.5186246418338109,0.10942249240121579,0.29629629629629634,0.537901234567901,0.5999999999999943,0.2886597938144333,0.3950617283950618,0.1578947368421051
0.8263888888888887,0.3819780219780219,0.3610315186246418,0.10176291793313064,0.308641975308642,0.7160493827160495,0.4539999999999974,0.41257731958762867,0.16872427983539096,0.4736842105263155
0.19444444444444442,0.2967032967032967,0.6733524355300858,0.07902735562310029,0.23456790123456792,0.506172839506173,0.3999999999999986,0.4226804123711343,0.27572016460905346,0.868421052631579
0.10416666666666664,0.3516483516483516,0.1643553008595988,0.06079027355623099,0.19753086419753088,0.4444444444444445,0.3999999999999986,0.6082474226804124,0.5925925925925928,0.5526315789473684
0.22569444444444442,0.2857142857142857,0.0630372492836676,0.13069908814589662,0.20987654320987656,0.6419753086419755,0.3999999999999986,0.5876288659793816,0.31275720164609055,0.4210526315789471
0.7499999999999998,0.5494505494505494,0.08856733524355301,0.10942249240121579,0.2283950617283951,0.506172839506173,0.19999999999999574,0.48453608247422686,0.32921810699588483,0.644736842105263
0.18055555555555552,0.2857142857142857,0.33810888252148996,0.10030395136778114,0.15432098765432103,0.5398148148148146,0.3999999999999986,0.6494845360824741,0.5390946502057613,0.3157894736842104
0.12499999999999996,0.29956043956043915,0.47277936962750716,0.14893617021276595,0.9012345679012347,0.6851851851851852,0.3999999999999986,0.329896907216495,0.16872427983539096,0.3692105263157893
0.18055555555555552,0.20879120879120877,0.2664756446991404,0.10942249240121579,0.7901234567901236,0.6790123456790125,0.3999999999999986,0.40206185567010344,0.14403292181069965,0.368421052631579
0.2708333333333333,0.5604395604395603,0.01719197707736389,0.0547112462006079,0.061728395061728406,0.37654320987654327,0.19999999999999574,0.670103092783505,0.24691358024691368,0.6842105263157896
0.30555555555555547,0.3186813186813186,0.5873925501432664,0.121580547112462,0.4074074074074074,0.734567901234568,0.5999999999999943,0.2474226804123716,0.48559670781893005,0.26315789473684204
0.21527777777777773,0.3296703296703296,0.01719197707736389,0.0547112462006079,0.18518518518518523,0.3395061728395062,0.0,0.536082474226804,0.2222222222222222,0.9736842105263157
0.11458333333333333,0.3406593406593406,0.23782234957020051,0.1155015197568389,0.22222222222222227,0.4012345679012346,0.3999999999999986,0.4948453608247423,0.3539094650205762,0.48684210526315774
0.1955208333333333,0.5164835164835164,0.6590257879656161,0.1519756838905775,0.308641975308642,0.9197530864197533,0.7999999999999972,0.3686597938144328,0.5637860082304527,0.17105263157894712
0.18055555555555552,0.3296703296703296,0.0630372492836676,0.08206686930091184,0.2777777777777778,0.4876543209876543,0.19999999999999574,0.15463917525773185,0.09053497942386829,0.605263157894737
0.19444444444444442,0.37483516483516455,0.6372779369627505,0.10638297872340424,0.3765432098765432,0.6172839506172841,0.7999999999999972,0.5670103092783507,0.41514403292181057,0.24026315789473673
0.3368055555555555,0.0,0.03724928366762178,0.17325227963525833,0.2777777777777778,0.3148148148148148,0.3999999999999986,0.4948453608247423,0.5761316872427985,0.48684210526315774
0.10416666666666664,0.2857142857142857,0.5444126074498566,0.1155015197568389,0.4753086419753087,0.54320987654321,0.3999999999999986,0.4948453608247423,0.15637860082304533,0.48684210526315774
0.21527777777777773,0.3516483516483516,0.025787965616045842,0.06686930091185408,0.23456790123456792,0.6172839506172841,0.3999999999999986,0.20618556701030943,0.24691358024691368,0.43421052631578916
0.14930555555555552,0.2967032967032967,0.0487106017191977,0.121580547112462,0.308641975308642,0.654320987654321,0.39999999999999863,0.8350515463917527,0.40740740740740744,0.3421052631578947
0.059027777777777776,0.37362637362637363,0.0,0.0547112462006079,0.19753086419753088,0.271604938271605,0.3999999999999986,0.48453608247422686,0.3662551440329218,0.368421052631579
0.21722222222222232,0.2857142857142857,0.5042979942693409,0.1398176291793313,0.4320987654320988,0.6666666666666667,0.5999999999999943,0.3608247422680413,0.48559670781893005,0.3157894736842104
0.059027777777777776,0.2967032967032967,0.6733524355300858,0.12765957446808507,0.18518518518518523,0.5123456790123458,0.5999999999999943,0.16494845360824772,0.26337448559670784,0.11842105263157876
0.13888888888888884,0.2637362637362637,0.03724928366762178,0.08206686930091184,0.2469135802469136,0.4320987654320988,0.19999999999999574,0.4536082474226806,0.3662551440329218,0.5921052631578945
0.12499999999999996,0.45054945054945045,0.6676217765042979,0.12765957446808507,0.4320987654320988,0.6658641975308645,0.7999999999999972,0.5463917525773199,0.47325102880658443,0.1578947368421051
0.18055555555555552,0.5106593406593404,0.4441260744985673,0.10334346504559269,0.3827160493827161,0.8950617283950619,0.5999999999999943,0.2886597938144333,0.23456790123456794,0.19763157894736824
0.12499999999999996,0.3076923076923077,0.3151862464183381,0.10334346504559269,0.45061728395061734,0.6790123456790125,0.3999999999999986,0.3711340206185567,0.4197530864197532,0.3421052631578947
0.14930555555555552,0.3846153846153845,0.008595988538681945,0.13373860182370817,0.2716049382716049,0.5555555555555557,0.3999999999999986,0.65979381443299,0.27572016460905346,0.3421052631578947
0.3472222222222222,0.45054945054945045,0.06876790830945559,0.07294832826747721,0.16049382716049385,0.5555555555555557,0.3999999999999986,0.30927835051546415,0.37860082304526754,0.5263157894736841
0.06597222222222222,0.2637362637362637,0.014326647564469906,0.13069908814589662,0.18518518518518523,0.3888888888888889,0.3999999999999986,0.5463917525773199,0.31275720164609055,0.18421052631578938
0.18055555555555552,0.1648351648351648,0.031518624641833796,0.14893617021276595,0.2716049382716049,0.48148148148148145,0.3999999999999986,0.3711340206185567,0.2880658436213992,0.1315789473684208
0.2708333333333333,0.04395604395604395,0.01719197707736389,0.16413373860182368,0.17283950617283952,0.5273456790123457,0.3999999999999986,0.4948453608247423,0.40740740740740744,0.21052631578947345
0.1628819444444444,0.3296703296703296,0.32091690544412604,0.12462006079027355,0.30246913580246915,0.580246913580247,0.3999999999999986,0.5111340206185566,0.4609053497942388,0.3421052631578947
0.1597222222222222,0.2967032967032967,0.3782234957020057,0.09118541033434649,0.2839506172839506,0.48148148148148145,0.3999999999999986,0.4948453608247423,0.14403292181069965,0.5789473684210524
0.19444444444444442,0.24175824175824173,0.489971346704871,0.07902735562310029,0.20370370370370372,0.5740740740740742,0.3999999999999986,0.2474226804123716,0.13168724279835392,0.4473684210526314
0.0833333333333333,0.3076923076923077,0.41260744985673353,0.09118541033434649,0.22222222222222227,0.4197530864197531,0.3999999999999986,0.3608247422680413,0.2880658436213992,0.4999999999999998
0.17795138888888887,0.6153846153846154,0.22103151862464188,0.17325227963525833,0.3742592592592593,0.6689506172839509,0.39799999999999863,0.3913402061855669,0.3116460905349794,0.2236842105263157
0.10416666666666664,0.2857142857142857,0.6361031518624641,0.10942249240121579,0.4197530864197531,0.46913580246913583,0.5999999999999943,0.2474226804123716,0.6049382716049384,0.23684210526315774
0.09374999999999996,0.5054945054945055,0.13753581661891115,0.09726443768996959,0.6543209876543211,0.7283950617283952,0.3999999999999986,0.4226804123711343,0.48559670781893005,0.34973684210526307
0.21527777777777773,0.3186813186813186,0.06590257879656158,0.08206686930091184,0.04938271604938273,0.8209876543209877,0.3999999999999986,0.4226804123711343,0.5102880658436215,0.32894736842105265
0.15086805555555557,0.37362637362637363,0.1776504297994269,0.06079027355623099,0.2592592592592593,0.506172839506173,0.3999999999999986,0.4536082474226806,0.19753086419753085,0.4473684210526314
0.38194444444444436,0.07692307692307693,0.014326647564469906,0.057750759878419454,0.061728395061728406,0.4938271604938272,0.19999999999999574,0.2268041237113403,0.06584362139917699,0.48684210526315774
0.16423611111111117,0.2967032967032967,0.031518624641833796,0.09422492401215804,0.1358024691358025,0.425925925925926,0.3999999999999986,0.5773195876288661,0.5102880658436215,0.43421052631578916
0.12499999999999996,0.42857142857142855,0.23782234957020051,0.07598784194528876,0.345679012345679,0.5370370370370371,0.19999999999999574,0.3608247422680413,0.13168724279835392,0.7894736842105263
0.22569444444444442,0.2857142857142857,0.29799426934097417,0.12765957446808507,0.2839506172839506,0.6049382716049384,0.5999999999999943,0.329896907216495,0.26337448559670784,0.17105263157894712
0.18055555555555552,0.8131868131868131,0.031518624641833796,0.07902735562310029,0.20314814814814805,0.4567901234567902,0.3999999999999986,0.5773195876288661,0.32921810699588483,0.5526315789473684
0.09374999999999996,0.45054945054945045,0.014326647564469906,0.09422492401215804,0.29629629629629634,0.54320987654321,0.19999999999999574,0.1752577319587627,0.24691358024691368,0.5921052631578945
0.21527777777777773,0.40659340659340654,0.02292263610315185,0.13069908814589662,0.11111111111111113,0.5940123456790123,0.3999999999999986,0.5463917525773199,0.5102880658436215,0.3421052631578947
0.21527777777777773,0.5274725274725274,0.30085959885386815,0.1398176291793313,0.2592592592592593,0.5679012345679013,0.5139999999999961,0.4123711340206184,0.3950617283950618,0.3157894736842104
0.21527777777777773,0.3626373626373626,0.06017191977077364,0.10030395136778114,0.23456790123456792,0.48148148148148145,0.19999999999999574,0.5463917525773199,0.24691358024691368,0.7740789473684214
0.30902777777777773,0.2747252747252747,0.13180515759312317,0.08437689969604864,0.29629629629629634,0.4567901234567902,0.3999999999999986,0.5098969072164949,0.5267489711934157,0.5526315789473684
0.25,0.2857142857142857,0.6790830945558738,0.12489361702127669,0.5308641975308643,0.8209876543209877,0.7999999999999972,0.38639175257731945,0.5925925925925928,0.26315789473684204
0.19444444444444442,0.24175824175824173,0.29799426934097417,0.09726443768996959,0.19753086419753088,0.6049382716049384,0.3999999999999986,0.65979381443299,0.5390946502057613,0.3157894736842104
0.4479166666666666,0.3296703296703296,0.15472779369627507,0.182370820668693,0.29629629629629634,0.6358024691358026,0.3999999999999986,0.44329896907216515,0.24691358024691368,0.18421052631578938
0.11458333333333333,0.6593406593406592,0.06017191977077364,0.1155015197568389,0.3703703703703704,0.6358024691358026,0.39999999999999863,0.2989690721649487,0.40740740740740744,0.368421052631579
0.12499999999999996,0.24175824175824173,0.7249283667621776,0.10638297872340424,0.30246913580246915,0.40740740740740744,0.5999999999999943,0.47422680412371143,0.32921810699588483,0.17105263157894712
0.0833333333333333,0.40659340659340654,0.031518624641833796,0.10334346504559269,0.11111111111111113,0.38271604938271603,0.3999999999999986,0.4123711340206184,0.3539094650205762,0.48684210526315774
0.21527777777777773,0.24175824175824173,0.12148997134670475,0.1155015197568389,0.11111111111111113,0.5123456790123458,0.3999999999999986,0.329896907216495,0.7078189300411523,0.4210526315789471
0.21527777777777773,0.2747252747252747,0.0487106017191977,0.0547112462006079,0.25308641975308643,0.4444444444444445,0.19999999999999574,0.5773195876288661,0.5637860082304527,0.7894736842105263
0.25,0.21978021978021978,0.04584527220630371,0.06079027355623099,0.3827160493827161,0.6111111111111113,0.3999999999999986,0.6288659793814433,0.3950617283950618,0.5263157894736841
0.13888888888888884,0.21978021978021978,0.48424068767908307,0.10638297872340424,0.35185185185185186,0.4938271604938272,0.3999999999999986,0.21649484536082486,0.3662551440329218,0.2894736842105261
0.2048611111111111,0.43956043956043955,0.8538681948424067,0.10334346504559269,0.2777777777777778,0.5987654320987655,0.7999999999999972,0.195876288659794,0.31275720164609055,0.1578947368421051
0.19444444444444442,0.3114285714285709,0.5186246418338109,0.121580547112462,0.32716049382716056,0.6296296296296298,0.3999999999999986,0.46309278350515437,0.30041152263374493,0.368421052631579
0.16388888888888886,0.317472527472527,0.3810888252148997,0.10638297872340424,0.2716049382716049,0.48148148148148145,0.3999999999999986,0.2268041237113403,0.09053497942386829,0.5263157894736841
0.14930555555555552,0.42857142857142855,0.031518624641833796,0.14285714285714285,0.2839506172839506,0.6049382716049384,0.3999999999999986,0.4536082474226806,0.37860082304526754,0.2236842105263157
0.22569444444444442,0.2967032967032967,0.3667621776504298,0.027355623100303948,0.45061728395061734,0.5987654320987655,0.3999999999999986,0.329896907216495,0.19753086419753085,0.5263157894736841
0.13888888888888884,0.46153846153846145,0.7908309455587392,0.12765957446808507,0.2716049382716049,0.5493827160493828,0.7999999999999972,0.4536082474226806,0.24691358024691368,0.13960526315789465
0.12499999999999996,0.43956043956043955,0.638968481375358,0.10030395136778114,0.345679012345679,0.49074074074074076,0.7999999999999972,0.5773195876288661,0.23456790123456794,0.18421052631578938
0.28124999999999994,0.5824175824175823,0.5530085959885386,0.12462006079027355,0.5000000000000001,0.5308641975308643,0.5999999999999943,0.20618556701030943,0.2880658436213992,0.18421052631578938
0.0833333333333333,0.3296703296703296,0.05444126074498567,0.08510638297872339,0.30246913580246915,0.7407407407407409,0.3999999999999986,0.5463917525773199,0.18106995884773663,0.7368421052631577
0.19444444444444442,0.4316483516483514,0.5530085959885386,0.12462006079027355,0.4938271604938272,0.6265432098765433,0.5999999999999943,0.30927835051546415,0.2880658436213992,0.18421052631578938
0.13888888888888884,0.37362637362637363,0.02292263610315185,0.04255319148936169,0.17283950617283952,0.41358024691358025,0.19399999999999587,0.5773195876288661,0.18106995884773663,0.8157894736842104
0.14930555555555552,0.2967032967032967,0.48424068767908307,0.07294832826747721,0.308641975308642,0.6728395061728396,0.5999999999999943,0.34360824742268015,0.27572016460905346,0.17105263157894712
0.11458333333333333,0.48351648351648346,0.0487106017191977,0.07902735562310029,0.061728395061728406,0.4444444444444445,0.3999999999999986,0.25773195876288657,0.6172839506172841,0.8421052631578945
0.1813194444444444,0.39560439560439553,0.15366762177650428,0.14285714285714285,0.23456790123456792,0.7901234567901236,0.39999999999999863,0.5135051546391756,0.44444444444444453,0.39328947368421047
0.13888888888888884,0.3516483516483516,0.3524355300859599,0.15501519756838905,0.3703703703703704,0.7222222222222223,0.3999999999999986,0.4226804123711343,0.2222222222222222,0.32894736842105265
0.14930555555555552,0.24175824175824173,0.031518624641833796,0.08510638297872339,0.29629629629629634,0.6049382716049384,0.3999999999999986,0.6288659793814433,0.4197530864197532,0.32894736842105265
0.10416666666666664,0.40659340659340654,0.031518624641833796,0.12462006079027355,0.20987654320987656,0.4876543209876543,0.3999999999999986,0.39175257731958757,0.37860082304526754,0.48684210526315774
0.11458333333333333,0.40659340659340654,0.03724928366762178,0.12462006079027355,0.17283950617283952,0.34567901234567905,0.3999999999999986,0.40206185567010344,0.32921810699588483,0.4999999999999998
0.18055555555555552,0.2637362637362637,0.17478510028653294,0.2948328267477204,0.2777777777777778,0.48148148148148145,0.3999999999999986,0.39175257731958757,0.34156378600823056,0.27631578947368407
0.17013888888888884,0.37362637362637363,0.2693409742120344,0.0547112462006079,0.15432098765432103,0.6234567901234569,0.3999999999999986,0.329896907216495,0.3539094650205762,0.4473684210526314
0.10416666666666664,0.37362637362637363,0.3982808022922636,0.09726443768996959,0.29629629629629634,0.5672222222222222,0.4079999999999984,0.38144329896907214,0.30082304526748965,0.368421052631579
0.19444444444444442,0.3296703296703296,0.20630372492836674,0.14285714285714285,0.345679012345679,0.6172839506172841,0.3999999999999986,0.3711340206185567,0.32921810699588483,0.39473684210526305
0.11458333333333333,0.43956043956043955,0.01719197707736389,0.09118541033434649,0.29629629629629634,0.39506172839506176,0.3999999999999986,0.4536082474226806,0.4390534979423868,0.48684210526315774
0.25,0.3516483516483516,0.008595988538681945,0.09726443768996959,0.30246913580246915,0.45061728395061734,0.19999999999999574,0.30927835051546415,0.18106995884773663,0.7368421052631577
0.392361111111111,0.2857142857142857,0.06595988538681953,0.10030395136778114,0.20987654320987656,0.29629629629629634,0.19999999999999574,0.6082474226804124,0.3662551440329218,0.6973684210526316
0.04861111111111109,0.3076923076923077,0.163323782234957,0.0547112462006079,0.09876543209876545,0.39506172839506176,0.3999999999999986,0.47422680412371143,0.30041152263374493,0.4210526315789471
0.21527777777777773,0.43956043956043955,0.04584527220630371,0.05167173252279635,0.17283950617283952,0.4567901234567902,0.3999999999999986,0.38144329896907214,0.2098765432098766,0.4999999999999998
0.0833333333333333,0.2857142857142857,0.7564469914040114,0.13069908814589662,0.12345679012345681,0.5679012345679013,0.5999999999999943,0.2474226804123716,0.26337448559670784,0.23684210526315774
0.2048611111111111,0.5714285714285714,0.040114613180515755,0.1054407294832826,0.3209876543209877,0.7530864197530865,0.39999999999999863,0.48453608247422686,0.42897119341563794,0.4210526315789471
0.21527777777777773,0.3076923076923077,0.22349570200573063,0.10638297872340424,0.23456790123456792,0.46913580246913583,0.3999999999999986,0.40206185567010344,0.3662551440329218,0.381578947368421
0.17013888888888884,0.3626373626373626,0.014326647564469906,0.0486322188449848,0.3580246913580247,0.4197530864197531,0.19999999999999574,0.5773195876288661,0.26337448559670784,0.5921052631578945
0.12499999999999996,0.6263736263736263,0.025787965616045842,0.6778115501519756,0.09876543209876545,0.4369135802469135,0.3999999999999986,0.40206185567010344,0.26337448559670784,0.3421052631578947
0.17013888888888884,0.5384615384615384,0.34383954154727797,0.11854103343465044,0.42592592592592593,0.7407407407407409,0.3999999999999986,0.41835051546391755,0.2222222222222222,0.39473684210526305
0.2708333333333333,0.21978021978021978,0.22349570200573063,0.07294832826747721,0.12962962962962965,0.43827160493827166,0.3999999999999986,0.5567010309278353,0.26337448559670784,0.368421052631579
0.4930555555555555,0.1648351648351648,0.41260744985673353,0.06079027355623099,0.1358024691358025,0.46913580246913583,0.3999999999999986,0.5773195876288661,0.31275720164609055,0.6335526315789477
0.21527777777777773,0.3626373626373626,0.06876790830945559,0.10334346504559269,0.20987654320987656,0.46913580246913583,0.19999999999999574,0.5670103092783507,0.27572016460905346,0.8026315789473684
0.14930555555555552,0.2967032967032967,0.025787965616045842,0.1519756838905775,0.25308641975308643,0.580246913580247,0.3999999999999986,0.4536082474226806,0.4320987654320988,0.26315789473684204
0.18055555555555552,0.2637362637362637,0.5415472779369627,0.10638297872340424,0.3765432098765432,0.4444444444444445,0.5999999999999943,0.2886597938144333,0.4320987654320988,0.3421052631578947
0.2708333333333333,0.8131868131868131,0.008595988538681945,0.10638297872340424,0.12962962962962965,0.5000000000000001,0.3999999999999986,0.3711340206185567,0.4197530864197532,0.381578947368421
0.10416666666666664,0.37362637362637363,0.22349570200573063,0.07598784194528876,0.2469135802469136,0.29629629629629634,0.3999999999999986,0.4226804123711343,0.30041152263374493,0.605263157894737
0.28124999999999994,0.21978021978021978,0.03724928366762178,0.8966565349544072,0.17901234567901236,0.5308641975308643,0.3999999999999986,0.46597938144329865,0.5267489711934157,0.3157894736842104
0.11458333333333333,0.6043956043956044,0.63323782234957,0.1398176291793313,0.2592592592592593,0.6111111111111113,0.5999999999999943,0.195876288659794,0.27572016460905346,0.21052631578947345
0.14930555555555552,0.40659340659340654,0.04584527220630371,0.06079027355623099,0.0308641975308642,0.20987654320987653,0.19999999999999574,0.536082474226804,0.14403292181069965,0.7368421052631577
0.30555555555555547,0.18681318681318682,0.3667621776504298,0.1490881458966565,0.39506172839506176,0.8271604938271606,0.5139999999999961,0.6907216494845358,0.355514403292181,0.23684210526315774
0.10416666666666664,0.3296703296703296,0.23209169054441256,0.07294832826747721,0.2716049382716049,0.580246913580247,0.5999999999999943,0.6907216494845358,0.2222222222222222,0.07894736842105243
0.26041666666666663,0.2747252747252747,0.3436962750716334,0.061519756838905745,0.29629629629629634,0.38271604938271603,0.3999999999999986,0.16494845360824772,0.0,0.7368421052631577
0.3368055555555555,0.37362637362637363,0.1776504297994269,0.10030395136778114,0.1358024691358025,0.48148148148148145,0.3999999999999986,0.48453608247422686,0.24691358024691368,0.4210526315789471
0.25,0.8571428571428571,0.06355300859598854,0.09610942249240122,0.15432098765432103,0.5133333333333334,0.3999999999999986,0.4538144329896908,0.4197530864197532,0.5263157894736841
0.12499999999999996,0.3626373626373626,0.06017191977077364,0.13373860182370817,0.1049382716049383,0.271604938271605,0.3999999999999986,0.44329896907216515,0.23456790123456794,0.4473684210526314
0.11111111111111109,0.1758241758241758,0.5386819484240686,0.13069908814589662,0.23456790123456792,0.4320987654320988,0.3999999999999986,0.6185567010309279,0.19753086419753085,0.48684210526315774
0.13888888888888884,0.2857142857142857,0.335243553008596,0.14285714285714285,0.3703703703703704,0.7037037037037038,0.3999999999999986,0.3711340206185567,0.34156378600823056,0.23684210526315774
0.17013888888888884,0.25274725274725274,0.19770773638968478,0.07294832826747721,0.3765432098765432,0.6172839506172841,0.39999999999999863,1.0,0.38884773662551453,0.43421052631578916
0.11458333333333333,0.3516483516483516,0.03724928366762178,0.10942249240121579,0.29629629629629634,0.34567901234567905,0.2079999999999959,0.463917525773196,0.934156378600823,0.7631578947368418
0.5312499999999999,0.12956043956043936,0.28939828080229224,0.10638297872340424,0.2592592592592593,0.5555555555555557,0.3999999999999986,0.5670103092783507,0.44444444444444453,0.2894736842105261
0.06944444444444443,0.3186813186813186,0.07163323782234957,0.0547112462006079,0.4074074074074074,0.4444444444444445,0.11399999999999785,0.2886597938144333,0.13168724279835392,0.8552631578947365
0.12499999999999996,0.39560439560439553,0.025787965616045842,0.11762917933130695,0.15432098765432103,0.5864197530864199,0.3999999999999986,0.44329896907216515,0.3950617283950618,0.4210526315789471
0.5138888888888887,0.42857142857142855,0.14040114613180513,0.07294832826747721,0.16049382716049385,0.4312962962962962,0.3999999999999986,0.525773195876289,0.5761316872427985,0.8421052631578945
0.31597222222222215,0.2857142857142857,0.08595988538681948,0.08510638297872339,0.30246913580246915,0.7283950617283952,0.38599999999999846,0.6288659793814433,0.3539094650205762,0.48684210526315774
0.21527777777777773,0.3626373626373626,0.12320916905444126,0.06990881458966566,0.18518518518518523,0.4320987654320988,0.19999999999999574,0.44329896907216515,0.27572016460905346,0.644736842105263
0.13888888888888884,0.3626373626373626,0.008595988538681945,0.10334346504559269,0.3580246913580247,0.40740740740740744,0.19999999999999574,0.2886597938144333,0.5514403292181072,0.5871052631578949
0.1597222222222222,0.49450549450549447,0.32091690544412604,0.121580547112462,0.42166666666666663,0.7283950617283952,0.3999999999999986,0.44958762886597897,0.3950617283950618,0.18421052631578938
0.22569444444444442,0.3626373626373626,0.5444126074498566,0.08510638297872339,0.25308641975308643,0.4320987654320988,0.3999999999999986,0.2886597938144333,0.5514403292181072,0.4210526315789471
0.13888888888888884,0.2637362637362637,0.14040114613180513,0.10942249240121579,0.2777777777777778,0.5246913580246915,0.3999999999999986,0.39175257731958757,0.5390946502057613,0.5789473684210524
0.19444444444444442,0.40659340659340654,0.3810888252148997,0.08206686930091184,0.11111111111111113,0.271604938271605,0.3999999999999986,0.2989690721649487,0.40740740740740744,0.5394736842105261
0.4583333333333332,0.06593406593406592,0.08595988538681948,0.13373860182370817,0.2283950617283951,0.28395061728395066,0.3999999999999986,0.5463917525773199,0.26337448559670784,0.2236842105263157
0.2077430555555555,0.47197802197802197,0.42120343839541546,0.10638297872340424,0.6234567901234569,0.9444444444444446,0.5999999999999943,0.48453608247422686,0.44971193415637845,0.28013157894736834
0.1423611111111111,0.2967032967032967,0.5014326647564469,0.057750759878419454,0.2592592592592593,0.4444444444444445,0.3999999999999986,0.3195876288659796,0.3539094650205762,0.23684210526315774
0.12499999999999996,0.24175824175824173,0.01719197707736389,0.08510638297872339,0.024691358024691367,0.46913580246913583,0.19999999999999574,0.34020618556701043,0.18106995884773663,0.5526315789473684
0.0833333333333333,0.39560439560439553,0.02292263610315185,0.07902735562310029,0.308641975308642,0.43827160493827166,0.3999999999999986,0.4517525773195878,0.946502057613169,0.26315789473684204
0.12499999999999996,0.37362637362637363,0.044412607449856756,0.07902735562310029,0.2469135802469136,0.35185185185185186,0.19999999999999574,0.30927835051546415,0.6707818930041154,0.631578947368421
0.5937499999999998,0.3296703296703296,0.01719197707736389,0.057750759878419454,0.12962962962962965,0.271604938271605,0.19999999999999574,0.40206185567010344,0.27646090534979434,0.8552631578947365
0.059027777777777776,0.3296703296703296,0.08309455587392547,0.10334346504559269,0.2592592592592593,0.3271604938271605,0.19999999999999574,0.14432989690721687,0.31275720164609055,0.5526315789473684
0.09374999999999996,0.3296703296703296,0.5501432664756446,0.1398176291793313,0.3827160493827161,0.9012345679012347,0.5999999999999943,0.35731958762886573,0.34156378600823056,0.18421052631578938
0.17013888888888884,0.5384615384615384,0.20057306590257876,0.09422492401215804,0.1358024691358025,0.3703703703703704,0.3999999999999986,0.3711340206185567,0.14403292181069965,0.368421052631579
0.1597222222222222,0.3076923076923077,0.42120343839541546,0.08234042553191485,0.4444444444444445,0.4938271604938272,0.3999999999999986,0.4536082474226806,0.15637860082304533,0.4999999999999998
0.18055555555555552,0.3846153846153845,0.32091690544412604,0.121580547112462,0.6049382716049384,0.7654320987654323,0.3999999999999986,0.47422680412371143,0.26337448559670784,0.26565789473684204
0.361111111111111,0.2637362637362637,0.2693409742120344,0.15501519756838905,0.308641975308642,0.6727777777777778,0.3999999999999986,0.44329896907216515,0.23456790123456794,0.313552631578947
0.25,0.3963736263736262,0.08309455587392547,0.13069908814589662,0.19753086419753088,0.47950617283950614,0.19999999999999574,0.5463917525773199,0.3950617283950618,0.8157894736842104
0.059027777777777776,0.5384615384615384,0.02292263610315185,0.08206686930091184,0.20370370370370372,0.38271604938271603,0.3999999999999986,0.463917525773196,0.44444444444444453,0.4473684210526314
0.4826388888888888,0.23076923076923073,0.7106017191977076,0.12027355623100307,0.3209876543209877,0.7037037037037038,0.5999999999999943,0.441340206185567,0.40740740740740744,0.4210526315789471
0.06944444444444443,0.8131868131868131,0.452808022922636,0.25927051671732504,0.48148148148148157,0.6183641975308642,0.5999999999999951,0.8247422680412373,0.6954732510288067,0.35355263157894745
0.26041666666666663,0.7582417582417581,0.02292263610315185,0.15501519756838905,0.08024691358024692,0.6604938271604939,0.3999999999999986,0.30927835051546415,0.31275720164609055,0.2894736842105261
0.13888888888888884,0.42857142857142855,0.031518624641833796,0.09215805471124622,0.19753086419753088,0.39506172839506176,0.3999999999999986,0.4123711340206184,0.31275720164609055,0.5394736842105261
0.2048611111111111,0.4842857142857142,0.5071633237822348,0.10334346504559269,0.5246913580246915,0.9012345679012347,0.5999999999999943,0.42185567010309255,0.5267489711934157,0.27381578947368407
0.09374999999999996,0.42857142857142855,0.01719197707736389,0.07902735562310029,0.2469135802469136,0.30864197530864196,0.3999999999999986,0.40206185567010344,0.3539094650205762,0.43421052631578916
0.20833333333333326,0.21978021978021978,0.0630372492836676,0.12462006079027355,0.12962962962962965,0.506172839506173,0.3999999999999986,0.4536082474226806,0.5925925925925928,0.3421052631578947
0.10416666666666664,0.41758241758241754,0.02292263610315185,0.07294832826747721,0.2839506172839506,0.38271604938271603,0.0,0.3608247422680413,0.37860082304526754,0.8157894736842104
0.013888888888888881,0.39560439560439553,0.06017191977077364,0.10638297872340424,0.3703703703703704,0.5555555555555557,0.3999999999999986,0.4948453608247423,0.4311522633744856,0.5921052631578945
0.26041666666666663,0.5384615384615384,0.29799426934097417,0.10942249240121579,0.48148148148148157,0.8024691358024694,0.3999999999999986,0.329896907216495,0.2222222222222222,0.17105263157894712
0.0833333333333333,0.3406593406593406,0.03724928366762178,0.12462006079027355,0.2777777777777778,0.48148148148148145,0.3999999999999986,0.8041237113402064,0.5761316872427985,0.4210526315789471
0.1597222222222222,0.3626373626373626,0.06017191977077364,0.027355623100303948,0.12345679012345681,0.271604938271605,0.19999999999999574,0.4948453608247423,0.2880658436213992,0.7499999999999998
0.09374999999999996,0.42857142857142855,0.01719197707736389,0.07902735562310029,0.2469135802469136,0.30864197530864196,0.3999999999999986,0.40206185567010344,0.3539094650205762,0.43421052631578916
0.12499999999999996,0.3626373626373626,0.05444126074498567,0.10942249240121579,0.23456790123456792,0.3703703703703704,0.3999999999999986,0.6391752577319587,0.4197530864197532,0.5921052631578945
0.04861111111111109,0.3076923076923077,0.6361031518624641,0.13069908814589662,0.22222222222222227,0.5679012345679013,0.5999999999999943,0.21649484536082486,0.2098765432098766,0.17105263157894712
0.13888888888888884,0.42857142857142855,0.6131805157593122,0.15501519756838905,0.3827160493827161,0.7469135802469137,0.5999999999999943,0.23711340206185572,0.32921810699588483,0.17105263157894712
0.12499999999999996,0.45054945054945045,0.2693409742120344,0.07294832826747721,0.30246913580246915,0.4320987654320988,0.3999999999999986,0.4123711340206184,0.30041152263374493,0.605263157894737
0.3472222222222222,0.20879120879120877,0.27793696275071633,0.09726443768996959,0.4938271604938272,0.5740740740740742,0.3999999999999986,0.463917525773196,0.33300411522633744,0.3421052631578947
0.13194444444444442,0.43956043956043955,0.15472779369627507,0.057750759878419454,0.22222222222222227,0.4444444444444445,0.19999999999999574,0.7835051546391756,0.16872427983539096,0.8421052631578945
0.1597222222222222,0.49450549450549447,0.06876790830945559,0.10942249240121579,0.308641975308642,0.4444444444444445,0.19999999999999574,0.40206185567010344,0.32921810699588483,0.6842105263157896
0.22569444444444442,0.5384615384615384,0.6676217765042979,0.1155015197568389,0.08641975308641978,0.4444444444444445,0.7999999999999972,0.4123711340206184,0.2880658436213992,0.26315789473684204
0.26041666666666663,0.1758241758241758,0.28366762177650434,0.08206686930091184,0.19753086419753088,0.4320987654320988,0.3999999999999986,0.670103092783505,0.2880658436213992,0.3421052631578947
0.12499999999999996,0.21978021978021978,0.6962750716332378,0.10638297872340424,0.3209876543209877,0.4197530864197531,0.5999999999999943,0.4536082474226806,0.30041152263374493,0.1578947368421051
0.2048611111111111,0.25274725274725274,0.014326647564469906,0.10638297872340424,0.29629629629629634,0.697530864197531,0.19999999999999574,0.5051546391752582,0.14403292181069965,0.6842105263157896
0.25,0.3516483516483516,0.335243553008596,0.08510638297872339,0.055555555555555566,0.09876543209876544,0.19999999999999574,0.4536082474226806,0.16872427983539096,0.8157894736842104
0.40277777777777773,0.3186813186813186,0.6418338108882521,0.0364741641337386,0.16049382716049385,0.54320987654321,0.3999999999999986,0.3711340206185567,0.32921810699588483,0.6973684210526316
0.4297569444444448,0.4017582417582415,0.38681948424068774,0.9999999999999999,0.4061111111111112,0.8641975308641977,0.4779999999999969,0.3904123711340206,0.32921810699588483,0.26052631578947366
0.31597222222222215,0.2857142857142857,0.4154727793696275,0.1580547112462006,0.25308641975308643,0.7037037037037038,0.3999999999999986,0.2886597938144333,0.24691358024691368,0.4999999999999998
0.06944444444444443,0.3186813186813186,0.19197707736389683,0.05167173252279635,0.18518518518518523,0.4012345679012346,0.19999999999999574,0.38144329896907214,0.14403292181069965,0.7499999999999998
0.1715625,0.407362637362637,0.02292263610315185,0.07902735562310029,0.35185185185185186,0.46913580246913583,0.19999999999999574,0.4226804123711343,0.3662551440329218,0.7631578947368418
0.4479166666666666,0.2637362637362637,0.06017191977077364,0.10334346504559269,0.09876543209876545,0.5925925925925927,0.19999999999999574,0.4536082474226806,0.48559670781893005,0.868421052631579
0.20499999999999996,0.3925274725274721,0.6676217765042979,0.13373860182370817,0.6481481481481483,0.7716049382716051,0.5999999999999943,0.44329896907216515,0.4006584362139918,0.24223684210526295
0.4930555555555555,0.18681318681318682,0.33810888252148996,0.09422492401215804,0.08641975308641978,0.20370370370370372,0.3999999999999986,0.329896907216495,0.09053497942386829,0.26315789473684204
0.18055555555555552,0.2747252747252747,0.04584527220630371,0.09726443768996959,0.055555555555555566,0.40740740740740744,0.3999999999999986,0.329896907216495,0.40740740740740744,0.17105263157894712
0.17013888888888884,0.1648351648351648,0.01719197707736389,0.1398176291793313,0.2716049382716049,0.46913580246913583,0.3999999999999986,0.329896907216495,0.30041152263374493,0.1315789473684208
0.0833333333333333,0.5384615384615384,0.014326647564469906,0.06990881458966566,0.20987654320987656,0.29012345679012347,0.3999999999999986,0.2474226804123716,0.5925925925925928,0.4210526315789471
0.14930555555555552,0.3186813186813186,0.05444126074498567,0.03343465045592705,0.1358024691358025,0.30864197530864196,0.19999999999999574,0.48453608247422686,0.2880658436213992,0.7894736842105263
0.6666666666666664,0.10989010989010989,0.5587392550143266,0.10638297872340424,0.345679012345679,0.8395061728395062,0.5999999999999943,0.4129896907216496,0.3539094650205762,0.2810526315789472
0.4583333333333332,0.2857142857142857,0.22349570200573063,0.08510638297872339,0.20370370370370372,0.4938271604938272,0.19999999999999574,0.3608247422680413,0.04938271604938271,0.868421052631579
0.1597222222222222,0.42857142857142855,0.06017191977077364,0.07902735562310029,0.2283950617283951,0.46913580246913583,0.19999999999999574,0.5051546391752582,0.26337448559670784,0.7368421052631577
0.2361111111111111,0.2857142857142857,0.031518624641833796,0.1519756838905775,0.12345679012345681,0.5370370370370371,0.3999999999999986,0.47422680412371143,0.16872427983539096,0.4736842105263155
0.21527777777777773,0.3186813186813186,0.09169054441260743,0.04255319148936169,0.2839506172839506,0.39506172839506176,0.3999999999999986,0.536082474226804,0.5267489711934157,0.5789473684210524
0.17013888888888884,0.2637362637362637,0.3839541547277937,0.10638297872340424,0.4320987654320988,0.580246913580247,0.3999999999999986,0.536082474226804,0.19753086419753085,0.23684210526315774
0.2706249999999999,0.5384615384615384,0.03724928366762178,0.10942249240121579,0.23456790123456792,0.5516666666666667,0.3999999999999986,0.6185567010309279,0.47325102880658443,0.381578947368421
0.18055555555555552,0.5054945054945055,0.47277936962750716,0.1398176291793313,0.345679012345679,0.6851851851851852,0.5959999999999944,0.4123711340206184,0.5761316872427985,0.3110526315789473
0.19444444444444442,0.2747252747252747,0.5530085959885386,0.14285714285714285,0.2592592592592593,0.734567901234568,0.5999999999999943,0.48453608247422686,0.26337448559670784,0.17105263157894712
0.14930555555555552,0.37362637362637363,0.1776504297994269,0.09422492401215804,0.3333333333333333,0.6172839506172841,0.3999999999999986,0.44329896907216515,0.47325102880658443,0.4473684210526314
0.2361111111111111,0.3846153846153845,0.025787965616045842,0.12765957446808507,0.04938271604938273,0.6296296296296298,0.3999999999999986,0.47422680412371143,0.24691358024691368,0.4736842105263155
0.19444444444444442,0.46153846153846145,0.04584527220630371,0.06079027355623099,0.2283950617283951,0.3395061728395062,0.3999999999999986,0.329896907216495,0.2098765432098766,0.5921052631578945
0.12499999999999996,0.3599999999999997,0.23209169054441256,0.14285714285714285,0.308641975308642,0.580246913580247,0.3999999999999986,0.44329896907216515,0.44444444444444453,0.48684210526315774
0.17013888888888884,0.19780219780219777,0.025787965616045842,0.07294832826747721,0.12962962962962965,0.5123456790123458,0.3999999999999986,0.5463917525773199,0.15637860082304533,0.381578947368421
0.14930555555555552,0.40659340659340654,0.24355300859598852,0.0486322188449848,0.29629629629629634,0.4197530864197531,0.19999999999999574,0.4226804123711343,0.14403292181069965,0.7631578947368418
0.2048611111111111,0.3516483516483516,0.025787965616045842,0.0303951367781155,0.12345679012345681,0.14814814814814814,0.19999999999999574,0.5773195876288661,0.15637860082304533,0.605263157894737
0.14930555555555552,0.5164835164835164,0.07779369627507164,0.10334346504559269,0.12962962962962965,0.4938271604938272,0.3999999999999986,0.4226804123711343,0.2880658436213992,0.5263157894736841
0.21527777777777773,0.49450549450549447,0.12320916905444126,0.6382978723404255,0.6049382716049384,0.697530864197531,0.39999999999999863,0.2783505154639174,0.2378189300411524,0.1989473684210526
0.12499999999999996,0.3626373626373626,0.040114613180515755,0.09726443768996959,0.5308641975308643,0.6296296296296298,0.3999999999999986,0.5463917525773199,0.4320987654320988,0.4210526315789471
0.4583333333333332,0.5934065934065934,0.25063037249283654,0.07902735562310029,0.2967283950617283,0.654320987654321,0.3999999999999986,0.4987628865979384,0.31275720164609055,0.7368421052631577
0.3472222222222222,0.21978021978021978,0.025787965616045842,0.16413373860182368,0.1049382716049383,0.6481481481481484,0.3999999999999986,0.30927835051546415,0.2222222222222222,0.23684210526315774
0.17013888888888884,0.2857142857142857,0.0630372492836676,0.07598784194528876,0.061728395061728406,0.25308641975308643,0.19999999999999574,0.3608247422680413,0.32921810699588483,0.7236842105263157
0.13888888888888884,0.5384615384615384,0.32091690544412604,0.07598784194528876,0.16049382716049385,0.34567901234567905,0.3999999999999986,0.2886597938144333,0.14403292181069965,0.6973684210526316
0.038194444444444434,0.5384615384615384,0.23209169054441256,0.1398176291793313,0.16049382716049385,0.4444444444444445,0.3999999999999986,0.5773195876288661,0.16872427983539096,0.23684210526315774
0.12499999999999996,0.5384615384615384,0.2337535816618912,0.121580547112462,0.4074074074074074,0.7592592592592594,0.4019999999999986,0.45793814432989677,0.27572016460905346,0.381578947368421
0.26041666666666663,0.8131868131868131,0.47564469914040114,0.1945288753799392,0.3575925925925925,0.7020061728395064,0.5999999999999943,0.6125773195876287,0.7613168724279836,0.33026315789473687
0.11458333333333333,0.5384615384615384,0.04584527220630371,0.08106382978723403,0.345679012345679,0.580246913580247,0.21999999999999603,0.5463917525773199,0.27572016460905346,0.8026315789473684
0.4166666666666666,0.3516483516483516,0.025787965616045842,0.027355623100303948,0.16049382716049385,0.4567901234567902,0.19999999999999574,0.39175257731958757,0.30065843621399185,0.8157894736842104
0.10416666666666664,0.41758241758241754,0.008595988538681945,0.08206686930091184,0.15432098765432103,0.25925925925925924,0.3999999999999986,0.4536082474226806,0.18106995884773663,0.5263157894736841
0.1597222222222222,0.2637362637362637,0.040114613180515755,0.121580547112462,0.19753086419753088,0.46913580246913583,0.3999999999999986,0.5876288659793816,0.48559670781893005,0.368421052631579
0.17013888888888884,0.20879120879120877,0.33810888252148996,0.13069908814589662,0.4197530864197531,0.7138888888888891,0.3999999999999986,0.40206185567010344,0.37860082304526754,0.2894736842105261
0.3368055555555555,0.054945054945054944,0.031518624641833796,0.17325227963525833,0.12345679012345681,0.45061728395061734,0.3999999999999986,0.4536082474226806,0.4320987654320988,0.21052631578947345
0.12499999999999996,0.39560439560439553,0.2148997134670487,0.0547112462006079,0.2283950617283951,0.3888888888888889,0.3999999999999986,0.44329896907216515,0.31275720164609055,0.6578947368421051
0.2647222222222222,0.2857142857142857,0.3839541547277937,0.15501519756838905,0.2592592592592593,0.7777777777777779,0.5999999999999943,0.38144329896907214,0.4197530864197532,0.2236842105263157
0.06944444444444443,0.3516483516483516,0.03724928366762178,0.1398176291793313,0.3703703703703704,0.5740740740740742,0.3999999999999986,0.525773195876289,0.6954732510288067,0.27631578947368407
0.32638888888888884,0.3516483516483516,0.040114613180515755,0.07598784194528876,0.30246913580246915,0.3024691358024692,0.19999999999999574,0.7938144329896906,0.32921810699588483,0.8157894736842104
0.2361111111111111,0.3406593406593406,0.040114613180515755,0.10401215805471126,0.3580246913580247,0.7592592592592594,0.3999999999999986,0.2886597938144333,0.32921810699588483,0.43421052631578916
0.21527777777777773,0.5384615384615384,0.1776504297994269,0.06702127659574465,0.12345679012345681,0.3888888888888889,0.3999999999999986,0.4948453608247423,0.5925925925925928,0.7631578947368418
0.25,0.45054945054945045,0.05444126074498567,0.0486322188449848,0.09876543209876545,0.28395061728395066,0.19999999999999574,0.4948453608247423,0.5267489711934157,0.7631578947368418
0.06944444444444443,0.2967032967032967,0.031518624641833796,0.08206686930091184,0.14814814814814817,0.3580246913580247,0.3999999999999986,0.670103092783505,0.24691358024691368,0.5263157894736841
0.12499999999999996,0.5824175824175823,0.656160458452722,0.13373860182370817,0.16049382716049385,0.5185185185185186,0.5999999999999943,0.20618556701030943,0.15637860082304533,0.23684210526315774
0.3368055555555555,0.3008791208791204,0.6418338108882521,0.14285714285714285,0.20987654320987656,0.6728395061728396,0.7999999999999972,0.4123711340206184,0.34156378600823056,0.2894736842105261
0.2361111111111111,0.25274725274725274,0.7048710601719197,0.1458966565349544,0.2777777777777778,0.6790123456790125,0.5999999999999943,0.4948453608247423,0.40740740740740744,0.18421052631578938
0.11875000000000008,0.37362637362637363,0.02292263610315185,0.1458966565349544,0.39506172839506176,0.5864197530864199,0.3999999999999986,0.525773195876289,0.7489711934156379,0.27631578947368407
0.22569444444444442,0.3076923076923077,0.025787965616045842,0.07598784194528876,0.20987654320987656,0.39506172839506176,0.0,0.2474226804123716,0.2222222222222222,0.9078947368421051
0.26041666666666663,0.21978021978021978,0.22922636103151864,0.17021276595744678,0.4074074074074074,0.7901234567901236,0.3999999999999986,0.4123711340206184,0.35489711934156376,0.3157894736842104
0.30555555555555547,0.2871428571428568,0.14040114613180513,0.16413373860182368,0.20370370370370372,0.4197530864197531,0.3999999999999986,0.3195876288659796,0.14403292181069965,0.21052631578947345
0.13888888888888884,0.3296703296703296,0.04584527220630371,0.06990881458966566,0.11111111111111113,0.33333333333333337,0.19999999999999574,0.5051546391752582,0.2222222222222222,0.6578947368421051
0.1597222222222222,0.5604395604395603,0.32951289398280803,0.11854103343465044,0.48148148148148157,0.734567901234568,0.3999999999999986,0.4536082474226806,0.34156378600823056,0.21052631578947345
0.21562499999999996,0.20879120879120877,0.1776504297994269,0.1155015197568389,0.45061728395061734,0.6172839506172841,0.3999999999999986,0.5463917525773199,0.5637860082304527,0.43421052631578916
0.22569444444444442,0.45670329670329646,0.30085959885386815,0.1580547112462006,0.2777777777777778,0.6728395061728396,0.511999999999996,0.670103092783505,0.5102880658436215,0.5394736842105261
0.18055555555555552,0.8131868131868131,0.02292263610315185,0.5562310030395136,0.2592592592592593,0.4567901234567902,0.3999999999999986,0.3674226804123712,0.30041152263374493,0.22671052631578914
0.4479166666666666,0.3186813186813186,0.4813753581661891,0.3965045592705168,0.48148148148148157,0.773734567901235,0.5999999999999943,0.38144329896907214,0.34263374485596715,0.26315789473684204
0.26041666666666663,0.39560439560439553,0.36962750716332377,0.0547112462006079,0.26623456790123445,0.48148148148148145,0.3999999999999986,0.5051546391752582,0.15637860082304533,0.6842105263157896
0.09374999999999996,0.3406593406593406,0.03724928366762178,0.17021276595744678,0.23456790123456792,0.6666666666666667,0.3999999999999986,0.5773195876288661,0.27572016460905346,0.644736842105263
0.25,0.15384615384615385,0.1833810888252149,0.13373860182370817,0.20370370370370372,0.48148148148148145,0.3999999999999986,0.42907216494845357,0.32921810699588483,0.23684210526315774
0.09374999999999996,0.3846153846153845,0.5816618911174785,0.08510638297872339,0.3827160493827161,0.4444444444444445,0.3999999999999986,0.2474226804123716,0.5267489711934157,0.4736842105263155
0.09374999999999996,0.3626373626373626,0.02292263610315185,0.06079027355623099,0.16049382716049385,0.3148148148148148,0.19999999999999574,0.329896907216495,0.5102880658436215,0.7499999999999998
0.12499999999999996,0.2967032967032967,0.03724928366762178,0.1519756838905775,0.35185185185185186,0.6168209876543211,0.3999999999999986,0.525773195876289,0.27572016460905346,0.32894736842105265
0.2048611111111111,0.5274725274725274,0.06876790830945559,0.12462006079027355,0.2777777777777778,0.6913580246913581,0.3999999999999986,0.4123711340206184,0.5390946502057613,0.4473684210526314
0.1597222222222222,0.3076923076923077,0.47277936962750716,0.14893617021276595,0.37456790123456807,0.6790123456790125,0.5919999999999945,0.6391752577319587,0.26337448559670784,0.26315789473684204
0.10416666666666664,0.3406593406593406,0.30085959885386815,0.1398176291793313,0.2469135802469136,0.8271604938271606,0.3999999999999986,0.536082474226804,0.47325102880658443,0.4210526315789471
0.2916666666666666,0.37362637362637363,0.10888252148997132,0.05167173252279635,0.32716049382716056,0.6234567901234569,0.19999999999999574,0.25773195876288657,0.13168724279835392,0.7631578947368418
0.19444444444444442,0.5604395604395603,0.2723495702005731,0.12705167173252277,0.3827160493827161,0.7325925925925926,0.3999999999999986,0.4123711340206184,0.37860082304526754,0.23684210526315774
0.18055555555555552,0.19780219780219777,0.3151862464183381,0.121580547112462,0.35185185185185186,0.7222222222222223,0.3999999999999986,0.463917525773196,0.31275720164609055,0.17105263157894712
0.13888888888888884,0.2747252747252747,0.03724928366762178,0.07902735562310029,0.20987654320987656,0.54320987654321,0.3999999999999986,0.536082474226804,0.40740740740740744,0.39473684210526305
0.26041666666666663,0.3296703296703296,0.04584527220630371,0.10942249240121579,0.345679012345679,0.54320987654321,0.3999999999999986,0.2474226804123716,0.2880658436213992,0.48684210526315774
0.17013888888888884,0.37362637362637363,0.25501432664756446,0.07294832826747721,0.19753086419753088,0.3641975308641976,0.3999999999999986,0.463917525773196,0.23456790123456794,0.21052631578947345
0.16666666666666663,0.7142857142857142,0.01719197707736389,0.22796352583586624,0.12345679012345681,0.5185185185185186,0.3999999999999986,0.3521649484536083,0.24691358024691368,0.23684210526315774
0.19444444444444442,0.39560439560439553,0.04584527220630371,0.09726443768996959,0.29629629629629634,0.3271604938271605,0.19999999999999574,0.4948453608247423,0.9876543209876546,0.6842105263157896
0.21527777777777773,0.7802197802197801,0.02292263610315185,0.5106382978723404,0.345679012345679,0.5679012345679013,0.39999999999999863,0.329896907216495,0.24691358024691368,0.1578947368421051
0.11458333333333333,0.3076923076923077,0.08595988538681948,0.06990881458966566,0.29629629629629634,0.34567901234567905,0.19999999999999574,0.2474226804123716,0.26337448559670784,0.6578947368421051
0.22569444444444442,0.2857142857142857,0.1833810888252149,0.08206686930091184,0.2777777777777778,0.5679012345679013,0.3999999999999986,0.4536082474226806,0.23456790123456794,0.4210526315789471
0.13888888888888884,0.41758241758241754,0.6189111747851003,0.15501519756838905,0.4320987654320988,0.7530864197530865,0.5999999999999943,0.329896907216495,0.27572016460905346,0.17105263157894712
0.2361111111111111,0.41758241758241754,0.1805157593123209,0.06990881458966566,0.17283950617283952,0.34567901234567905,0.19999999999999574,0.6391752577319587,0.3970781893004115,0.6578947368421051
0.30555555555555547,0.37362637362637363,0.34383954154727797,0.13373860182370817,0.345679012345679,0.6481481481481484,0.5999999999999943,0.3608247422680413,0.37860082304526754,0.217631578947368
0.2708333333333333,0.2857142857142857,0.27507163323782235,0.07294832826747721,0.2777777777777778,0.45061728395061734,0.3999999999999986,0.6082474226804124,0.3641152263374485,0.605263157894737
0.32638888888888884,0.46153846153846145,0.2464183381088825,0.1704559270516717,0.3209876543209877,0.6790123456790125,0.3999999999999986,0.3711340206185567,0.40740740740740744,0.23684210526315774
0.32638888888888884,0.3516483516483516,0.23782234957020051,0.07294832826747721,0.39506172839506176,0.48148148148148145,0.3359999999999977,0.7216494845360826,0.4609053497942388,0.7894736842105263
0.34374999999999994,0.20879120879120877,0.03724928366762178,0.09118541033434649,0.20370370370370372,0.32098765432098764,0.3999999999999986,0.7422680412371134,0.23456790123456794,0.3421052631578947
0.12499999999999996,0.3076923076923077,0.0630372492836676,0.09422492401215804,0.17901234567901236,0.46913580246913583,0.3999999999999986,0.4226804123711343,0.32921810699588483,0.43421052631578916
0.13888888888888884,0.43956043956043955,0.4154727793696275,0.07902735562310029,0.17901234567901236,0.32098765432098764,0.3999999999999986,0.2783505154639174,0.24691358024691368,0.43421052631578916
0.47222222222222215,0.2637362637362637,0.0,0.0547112462006079,0.22222222222222227,0.30864197530864196,0.3999999999999986,0.40206185567010344,0.1152263374485597,0.18421052631578938
0.14930555555555552,0.2857142857142857,0.33810888252148996,0.14285714285714285,0.3703703703703704,0.7037037037037038,0.3999999999999986,0.3711340206185567,0.3539094650205762,0.26315789473684204
0.22569444444444442,0.40659340659340654,0.2464183381088825,0.13373860182370817,0.3097530864197532,0.6296296296296298,0.3999999999999986,0.47422680412371143,0.2098765432098766,0.1315789473684208
0.26041666666666663,0.42857142857142855,0.20057306590257876,0.09422492401215804,0.35185185185185186,0.6296296296296298,0.3999999999999986,0.536082474226804,0.31275720164609055,0.7631578947368418
0.2361111111111111,0.3516483516483516,0.34383954154727797,0.10334346504559269,0.2469135802469136,0.3888888888888889,0.3999999999999986,0.47422680412371143,0.31275720164609055,0.5526315789473684
0.13888888888888884,0.40659340659340654,0.3237822349570201,0.12765957446808507,0.4753086419753087,0.5740740740740742,0.3999999999999986,0.12371134020618557,0.34156378600823056,0.2236842105263157
0.2361111111111111,0.3626373626373626,0.4154727793696275,0.06686930091185408,0.16049382716049385,0.3271604938271605,0.3999999999999986,0.34020618556701043,0.26337448559670784,0.7105263157894737
0.12499999999999996,0.46153846153846145,0.06876790830945559,0.1398176291793313,0.20370370370370372,0.425925925925926,0.3999999999999986,0.2474226804123716,0.26337448559670784,0.3421052631578947
0.2361111111111111,0.2637362637362637,0.2464183381088825,0.121580547112462,0.23456790123456792,0.8950617283950619,0.3999999999999986,0.463917525773196,0.5102880658436215,0.23684210526315774
0.2361111111111111,0.2637362637362637,0.02292263610315185,0.16413373860182368,0.3333333333333333,0.7962962962962965,0.3999999999999986,0.7938144329896906,0.3662551440329218,0.21052631578947345
0.3472222222222222,0.15384615384615385,0.45272206303724927,0.1155015197568389,0.12962962962962965,0.34567901234567905,0.3999999999999986,0.4536082474226806,0.13168724279835392,0.4736842105263155
0.13888888888888884,0.43956043956043955,0.30659025787965616,0.09422492401215804,0.39506172839506176,0.580246913580247,0.3999999999999986,0.3608247422680413,0.23596707818930032,0.5921052631578945
0.10416666666666664,0.3846153846153845,0.24355300859598852,0.04255319148936169,0.061728395061728406,0.1234567901234568,0.3999999999999986,0.06185567010309301,0.37860082304526754,0.4999999999999998
0.1597222222222222,0.2637362637362637,0.30085959885386815,0.10638297872340424,0.15432098765432103,0.4197530864197531,0.3999999999999986,0.6082474226804124,0.4609053497942388,0.43421052631578916
0.1910763888888888,0.3296703296703296,0.002865329512893984,0.10942249240121579,0.11111111111111113,0.40740740740740744,0.3999999999999986,0.20618556701030943,0.2098765432098766,0.368421052631579
0.02777777777777775,0.4334065934065932,0.15954154727793687,0.1155015197568389,0.09876543209876545,0.425925925925926,0.3999999999999986,0.39030927835051527,0.8806584362139919,0.644736842105263
0.3715277777777777,0.19780219780219777,0.3151862464183381,0.2887537993920973,0.20987654320987656,0.624814814814815,0.5999999999999943,0.7731958762886597,0.40378600823045274,0.21052631578947345
0.11458333333333333,0.43956043956043955,0.040114613180515755,0.06079027355623099,0.3765432098765432,0.506172839506173,0.3999999999999986,0.6391752577319587,0.34156378600823056,0.605263157894737
0.13888888888888884,0.46153846153846145,0.30085959885386815,0.10638297872340424,0.4444444444444445,0.734567901234568,0.3999999999999986,0.4536082474226806,0.32921810699588483,0.2236842105263157
0.31597222222222215,0.2637362637362637,0.008595988538681945,0.121580547112462,0.04938271604938273,0.4444444444444445,0.3999999999999986,0.2474226804123716,0.10288065843621402,0.368421052631579
0.17708333333333345,0.37362637362637363,0.02292263610315185,0.04255319148936169,0.17283950617283952,0.41358024691358025,0.19999999999999574,0.5773195876288661,0.18106995884773663,0.8157894736842104
0.1490625,0.3296703296703296,0.5587392550143266,0.11854103343465044,0.5493827160493828,0.6172839506172841,0.5999999999999943,0.40206185567010344,0.3539094650205762,0.23013157894736838
0.1597222222222222,0.3516483516483516,0.5214899713467048,0.09726443768996959,0.3333333333333333,0.48148148148148145,0.3999999999999986,0.41257731958762867,0.3950617283950618,0.4210526315789471
0.13888888888888884,0.3516483516483516,0.02292263610315185,0.121580547112462,0.46913580246913583,0.4197530864197531,0.3999999999999986,0.34020618556701043,0.4197530864197532,0.5263157894736841
0.23263888888888884,0.2967032967032967,0.05555873925501438,0.04559270516717325,0.1049382716049383,0.24691358024691357,0.19999999999999574,0.5876288659793816,0.2222222222222222,0.6842105263157896
0.19444444444444442,0.3186813186813186,0.08595988538681948,0.08510638297872339,0.19753086419753088,0.39506172839506176,0.19999999999999574,0.5463917525773199,0.23456790123456794,0.631578947368421
0.1597222222222222,0.23076923076923073,0.6762177650429799,0.09118541033434649,0.20987654320987656,0.6111111111111113,0.7059999999999961,0.7010309278350517,0.5390946502057613,0.27631578947368407
0.14930555555555552,0.3626373626373626,0.5272206303724928,0.1155015197568389,0.23456790123456792,0.5555555555555557,0.5999999999999943,0.5773195876288661,0.2222222222222222,0.26315789473684204
0.059027777777777776,0.39450549450549416,0.01719197707736389,0.1458966565349544,0.12962962962962965,0.5740740740740742,0.3999999999999986,0.463917525773196,0.31275720164609055,0.5526315789473684
0.19444444444444442,0.2967032967032967,0.1776504297994269,0.07574468085106385,0.4444444444444445,0.5308641975308643,0.19999999999999574,0.40206185567010344,0.24691358024691368,0.7894736842105263
0.13888888888888884,0.3406593406593406,0.45272206303724927,0.08510638297872339,0.46913580246913583,0.6333333333333335,0.5999999999999943,0.3711340206185567,0.4197530864197532,0.26315789473684204
0.18055555555555552,0.3574725274725271,0.5988538681948424,0.0547112462006079,0.2592592592592593,0.44987654320987663,0.3999999999999986,0.5773195876288661,0.3539094650205762,0.6973684210526316
0.17013888888888884,0.3626373626373626,0.7822349570200572,0.12462006079027355,0.3209876543209877,0.7592592592592594,0.7999999999999972,0.30927835051546415,0.33234567901234585,0.18421052631578938
0.2241666666666668,0.5494505494505494,0.4886246418338107,0.11854103343465044,0.45061728395061734,0.8024691358024694,0.5999999999999943,0.329896907216495,0.48559670781893005,0.23684210526315774
0.5138888888888887,0.3186813186813186,0.0630372492836676,0.09422492401215804,0.1049382716049383,0.46419753086419724,0.3999999999999986,0.5463917525773199,0.6707818930041154,0.381578947368421
0.1597222222222222,0.24175824175824173,0.1146131805157593,0.121580547112462,0.3209876543209877,0.6172839506172841,0.3999999999999986,0.40206185567010344,0.3539094650205762,0.43421052631578916
0.6249999999999999,0.5274725274725274,0.5415472779369627,0.6269604863221885,0.43222222222222223,0.8703703703703705,0.5959999999999944,0.4123711340206184,0.4030041152263376,0.24499999999999988
0.059027777777777776,0.40659340659340654,0.031518624641833796,0.08206686930091184,0.20370370370370372,0.40740740740740744,0.3999999999999986,0.6082474226804124,0.3539094650205762,0.3157894736842104
0.17013888888888884,0.3516483516483516,0.02292263610315185,0.121580547112462,0.17283950617283952,0.271604938271605,0.19999999999999574,0.21649484536082486,0.30041152263374493,0.6973684210526316
0.19444444444444442,0.37362637362637363,0.5959885386819483,0.09726443768996959,0.354320987654321,0.6172839506172841,0.5999999999999943,0.3711340206185567,0.2222222222222222,0.32894736842105265
0.11458333333333333,0.39560439560439553,0.7936962750716331,0.1155015197568389,0.2469135802469136,0.506172839506173,0.7999999999999972,0.4948453608247423,0.32921810699588483,0.1315789473684208
0.30555555555555547,0.2570329670329668,0.09169054441260743,0.10334346504559269,0.12345679012345681,0.23456790123456794,0.19999999999999574,0.4536082474226806,0.31275720164609055,0.9078947368421051
0.26041666666666663,0.2857142857142857,0.43553008595988535,0.09726443768996959,0.40123456790123463,0.6419753086419755,0.3999999999999986,0.329896907216495,0.15637860082304533,0.631578947368421
0.28819444444444436,0.0879120879120879,0.4690257879656159,0.09726443768996959,0.2839506172839506,0.54320987654321,0.5999999999999943,0.44154639175257715,0.2098765432098766,0.32894736842105265
0.3368055555555555,0.010989010989010988,0.24355300859598852,0.121580547112462,0.14814814814814817,0.24691358024691357,0.3999999999999986,0.4226804123711343,0.24691358024691368,0.3421052631578947
0.10416666666666664,0.45054945054945045,0.3810888252148997,0.10638297872340424,0.3727160493827161,0.6419753086419755,0.3999999999999986,0.38144329896907214,0.4609053497942388,0.3157894736842104
0.1597222222222222,0.5384615384615384,0.7335243553008595,0.121580547112462,0.4262962962962964,0.8950617283950619,0.7999999999999972,0.2886597938144333,0.37860082304526754,0.21052631578947345
0.11458333333333333,0.3076923076923077,0.031518624641833796,0.13069908814589662,0.30043209876543203,0.54320987654321,0.3999999999999986,0.463917525773196,0.24691358024691368,0.368421052631579
0.1597222222222222,0.33802197802197775,0.5358166189111747,0.12462006079027355,0.41358024691358025,0.45061728395061734,0.5999999999999943,0.329896907216495,0.2880658436213992,0.23684210526315774
0.21527777777777773,0.46494505494505495,0.5186246418338109,0.10942249240121579,0.29629629629629634,0.48148148148148145,0.5999999999999943,0.2886597938144333,0.3950617283950618,0.1578947368421051
0.28124999999999994,0.5714285714285714,0.4269340974212035,0.12765957446808507,0.22222222222222227,0.5308641975308643,0.5999999999999943,0.3195876288659796,0.2222222222222222,0.23684210526315774
0.17013888888888884,0.2637362637362637,0.02292263610315185,0.1398176291793313,0.5246913580246915,0.5740740740740742,0.3999999999999986,0.4536082474226806,0.5102880658436215,0.4210526315789471
0.23163194444444457,0.48054945054945036,0.42120343839541546,0.1155015197568389,0.4235802469135801,0.8271604938271606,0.3999999999999986,0.9381443298969074,0.4197530864197532,0.6842105263157896
0.21527777777777773,0.9999999999999999,0.26234957020057303,0.09504559270516713,0.35487654320987666,0.6272839506172841,0.3999999999999986,0.6185567010309279,0.34156378600823056,0.644736842105263
0.31597222222222215,0.2637362637362637,0.1833810888252149,0.08206686930091184,0.35185185185185186,0.5246913580246915,0.3999999999999986,0.463917525773196,0.26337448559670784,0.5526315789473684
0.0833333333333333,0.4212087912087907,0.6156160458452724,0.11854103343465044,0.35185185185185186,0.6054629629629631,0.7999999999999972,0.5311340206185574,0.7078189300411523,0.18421052631578938
0.2048611111111111,0.3296703296703296,0.3810888252148997,0.13069908814589662,0.18518518518518523,0.5082716049382717,0.3999999999999986,0.47422680412371143,0.4320987654320988,0.5789473684210524
0.19444444444444442,0.2637362637362637,0.7793696275071632,0.11854103343465044,0.32716049382716056,0.41358024691358025,0.7079999999999959,0.34020618556701043,0.2880658436213992,0.1578947368421051
0.0833333333333333,0.3626373626373626,0.32951289398280803,0.13069908814589662,0.24111111111111108,0.4938271604938272,0.5999999999999943,0.5051546391752582,0.27572016460905346,0.11842105263157876
0.12499999999999996,0.2747252747252747,0.7478510028653295,0.12765957446808507,0.345679012345679,0.5246913580246915,0.7999999999999972,0.536082474226804,0.18106995884773663,0.1315789473684208
0.059027777777777776,0.2967032967032967,0.6733524355300858,0.12765957446808507,0.18518518518518523,0.5123456790123458,0.5999999999999943,0.16494845360824772,0.26337448559670784,0.11842105263157876
0.0833333333333333,0.41758241758241754,0.335243553008596,0.12462006079027355,0.345679012345679,0.6790123456790125,0.3999999999999986,0.536082474226804,0.40740740740740744,0.3157894736842104
0.17013888888888884,0.37362637362637363,0.25501432664756446,0.12765957446808507,0.2777777777777778,0.6296296296296298,0.3999999999999986,0.4226804123711343,0.6172839506172841,0.605263157894737
0.10416666666666664,0.42857142857142855,0.008595988538681945,0.09726443768996959,0.2839506172839506,0.5925925925925927,0.19999999999999574,0.329896907216495,0.26337448559670784,0.6842105263157896
0.392361111111111,0.2637362637362637,0.489971346704871,0.13069908814589662,0.4444444444444445,0.6916666666666664,0.3999999999999986,0.329896907216495,0.4320987654320988,0.3157894736842104
0.12499999999999996,0.2637362637362637,0.18624641833810887,0.27355623100303955,0.2283950617283951,0.46296296296296297,0.3999999999999986,0.2886597938144333,0.30041152263374493,0.1052631578947365
0.11458333333333333,0.37362637362637363,0.12111747851002859,0.1519756838905775,0.19259259259259254,0.3703703703703704,0.3999999999999986,0.2474226804123716,0.47325102880658443,0.23684210526315774
0.04861111111111109,0.37362637362637363,0.48424068767908307,0.12765957446808507,0.21080246913580244,0.35185185185185186,0.5999999999999943,0.4536082474226806,0.34156378600823056,0.3421052631578947
0.2916666666666666,0.3406593406593406,0.1776504297994269,0.08510638297872339,0.006172839506172839,0.48148148148148145,0.3999999999999986,0.16494845360824772,0.6419753086419754,0.7105263157894737
0.04861111111111109,0.3076923076923077,0.6361031518624641,0.13145896656534936,0.22222222222222227,0.5595679012345673,0.5999999999999943,0.21649484536082486,0.2098765432098766,0.17105263157894712
0.2048611111111111,0.5086813186813182,0.15876790830945545,0.6504559270516717,0.5987654320987655,0.7056172839506183,0.3999999999999986,0.2783505154639174,0.23456790123456794,0.18421052631578938
0.13888888888888884,0.2747252747252747,0.32664756446991405,0.10030395136778114,0.11111111111111113,0.4012345679012346,0.3999999999999986,0.65979381443299,0.4979423868312758,0.39473684210526305
0.11458333333333333,0.46153846153846145,0.01719197707736389,0.10942249240121579,0.29425925925925916,0.4753086419753087,0.22999999999999624,0.329896907216495,0.8395061728395062,0.6310526315789474
0.18055555555555552,0.3076923076923077,0.0,0.0364741641337386,0.22222222222222227,0.48148148148148145,0.19999999999999574,0.25773195876288657,0.15637860082304533,0.7631578947368418
0.23263888888888884,0.41758241758241754,0.08309455587392547,0.06990881458966566,0.061728395061728406,0.24074074074074076,0.19999999999999574,0.3711340206185567,0.47325102880658443,0.48684210526315774
0.12499999999999996,0.24175824175824173,0.7249283667621776,0.10638297872340424,0.30246913580246915,0.40740740740740744,0.5999999999999943,0.47422680412371143,0.32921810699588483,0.17105263157894712
0.2361111111111111,0.39560439560439553,0.6446991404011461,0.09726443768996959,0.3703703703703704,0.7407407407407409,0.5999999999999943,0.329896907216495,0.10288065843621402,0.3421052631578947
0.26041666666666663,0.3296703296703296,0.39255014326647564,0.1519756838905775,0.2592592592592593,0.6913580246913581,0.3999999999999986,0.39175257731958757,0.27572016460905346,0.4210526315789471
0.2361111111111111,0.42857142857142855,0.1146131805157593,0.3495440729483283,0.17901234567901236,0.5342592592592592,0.3999999999999986,0.329896907216495,0.2880658436213992,0.21052631578947345
0.11458333333333333,0.3076923076923077,0.025787965616045842,0.1155015197568389,0.19753086419753088,0.22839506172839508,0.3999999999999986,0.6494845360824741,0.32921810699588483,0.5394736842105261
0.10416666666666664,0.3296703296703296,0.1776504297994269,0.09726443768996959,0.308641975308642,0.5679012345679013,0.3999999999999986,0.40206185567010344,0.15637860082304533,0.381578947368421
0.12499999999999996,0.5384615384615384,0.23782234957020051,0.0547112462006079,0.23456790123456792,0.48148148148148145,0.3999999999999986,0.6288659793814433,0.16872427983539096,0.5789473684210524
0.17013888888888884,0.3076923076923077,0.39255014326647564,0.05167173252279635,0.08641975308641978,0.4567901234567902,0.3999999999999986,0.4123711340206184,0.14403292181069965,0.7105263157894737
0.25,0.3516483516483516,0.47277936962750716,0.07902735562310029,0.2414814814814814,0.4444444444444445,0.3999999999999986,0.39175257731958757,0.14403292181069965,0.6874999999999997
0.10416666666666664,0.3406593406593406,0.008595988538681945,0.06079027355623099,0.16049382716049385,0.25925925925925924,0.19999999999999574,0.47422680412371143,0.37860082304526754,0.5789473684210524
0.10416666666666664,0.3296703296703296,0.031518624641833796,0.06079027355623099,0.15432098765432103,0.19135802469135804,0.19999999999999574,0.65979381443299,0.4197530864197532,0.6626315789473687
0.21527777777777773,0.39560439560439553,0.42120343839541546,0.10030395136778114,0.25308641975308643,0.654320987654321,0.5999999999999943,0.463917525773196,0.3662551440329218,0.2236842105263157
0.17013888888888884,0.3406593406593406,0.03724928366762178,0.06686930091185408,0.2777777777777778,0.40740740740740744,0.19999999999999574,0.2268041237113403,0.26337448559670784,0.6842105263157896
0.19444444444444442,0.37362637362637363,0.17478510028653294,0.14285714285714285,0.16049382716049385,0.4938271604938272,0.3999999999999986,0.44329896907216515,0.30041152263374493,0.6973684210526316
0.14930555555555552,0.41758241758241754,0.5472779369627506,0.07294832826747721,0.04938271604938273,0.3662962962962962,0.41999999999999815,0.34020618556701043,0.44444444444444453,0.8552631578947365
0.09374999999999996,0.41758241758241754,0.19770773638968478,0.021276595744680847,0.16049382716049385,0.29629629629629634,0.19999999999999574,0.2989690721649487,0.16872427983539096,0.7894736842105263
0.0833333333333333,0.2857142857142857,0.025787965616045842,0.09726443768996959,0.308641975308642,0.5370370370370371,0.3999999999999986,0.5670103092783507,0.6419753086419754,0.38473684210526315
0.1917361111111111,0.5384615384615384,0.39255014326647564,0.1155015197568389,0.3703703703703704,0.7283950617283952,0.5999999999999943,0.38144329896907214,0.36983539094650214,0.3421052631578947
0.22569444444444442,0.5164835164835164,0.1673638968481375,0.11632218844984799,0.3580246913580247,0.5493827160493828,0.3999999999999985,0.525773195876289,0.6954732510288067,0.49328947368421056
0.2916666666666666,0.25274725274725274,0.3982808022922636,0.1519756838905775,0.42592592592592593,0.6419753086419755,0.3999999999999986,0.463917525773196,0.24691358024691368,0.3421052631578947
0.26041666666666663,0.5384615384615384,0.4138395415472778,0.1155015197568389,0.4320987654320988,0.8765432098765433,0.48399999999999677,0.329896907216495,0.37860082304526754,0.4736842105263155
0.4166666666666666,0.39560439560439553,0.09126074498567335,0.057750759878419454,0.23456790123456792,0.5123456790123458,0.19999999999999574,0.38144329896907214,0.19753086419753085,0.7368421052631577
0.2916666666666666,0.25274725274725274,0.3982808022922636,0.1519756838905775,0.42592592592592593,0.6419753086419755,0.3999999999999986,0.463917525773196,0.24691358024691368,0.3421052631578947
0.0833333333333333,0.40681318681318657,0.6131805157593122,0.1264133738601824,0.3703703703703704,0.4876543209876543,0.5999999999999943,0.5051546391752582,0.6419753086419754,0.39473684210526305
0.0833333333333333,0.39560439560439553,0.07163323782234957,0.12462006079027355,0.29629629629629634,0.46296296296296297,0.3999999999999986,0.8041237113402064,0.5260905349794238,0.39473684210526305
0.26041666666666663,0.3406593406593406,0.7134670487106016,0.13069908814589662,0.14814814814814817,0.5555555555555557,0.5999999999999943,0.30927835051546415,0.40740740740740744,0.18421052631578938
0.26041666666666663,0.3076923076923077,0.5186246418338109,0.12462006079027355,0.23456790123456792,0.5679012345679013,0.5999999999999943,0.4536082474226806,0.34156378600823056,0.39473684210526305
0.10416666666666664,0.42857142857142855,0.08309455587392547,0.10638297872340424,0.2283950617283951,0.697530864197531,0.3999999999999986,0.670103092783505,0.27572016460905346,0.48684210526315774
0.12499999999999996,0.41758241758241754,0.6418338108882521,0.14285714285714285,0.2469135802469136,0.4753086419753087,0.7999999999999972,0.4536082474226806,0.3539094650205762,0.2894736842105261
0.14930555555555552,0.2857142857142857,0.040114613180515755,0.06990881458966566,0.48148148148148157,0.506172839506173,0.19999999999999574,0.4226804123711343,0.7613168724279836,0.6842105263157896
0.26041666666666663,0.5054945054945055,0.1776504297994269,0.0547112462006079,0.15432098765432103,0.34567901234567905,0.3759999999999982,0.525773195876289,0.5102880658436215,0.7499999999999998
0.059027777777777776,0.4295604395604392,0.02292263610315185,0.07294832826747721,0.20987654320987656,0.4020370370370372,0.3999999999999986,0.4948453608247423,0.4197530864197532,0.5921052631578945
0.14930555555555552,0.3186813186813186,0.5902578796561604,0.08215805471124618,0.4197530864197531,0.506172839506173,0.3999999999999986,0.4123711340206184,0.19753086419753085,0.4473684210526314
0.2048611111111111,0.1758241758241758,0.025787965616045842,0.08510638297872339,0.9876543209876544,0.9228395061728396,0.3999999999999986,0.39175257731958757,0.31275720164609055,0.3421052631578947
0.038194444444444434,0.45054945054945045,0.002865329512893984,0.08206686930091184,0.16049382716049385,0.34567901234567905,0.3999999999999986,0.48453608247422686,0.26337448559670784,0.4999999999999998
0.5381944444444443,0.07692307692307693,0.28366762177650434,0.10920972644376911,0.2777777777777778,0.5617283950617284,0.3999999999999986,0.5670103092783507,0.44444444444444453,0.2894736842105261
0.2361111111111111,0.3626373626373626,0.07736389684813752,0.1665349544072947,0.308641975308642,0.8611111111111113,0.3999999999999986,0.39175257731958757,0.48559670781893005,0.3421052631578947
0.17013888888888884,0.3076923076923077,0.040114613180515755,0.10334346504559269,0.17901234567901236,0.3580246913580247,0.19999999999999574,0.38144329896907214,0.27572016460905346,0.7894736842105263
0.3715277777777777,0.2637362637362637,0.47564469914040114,0.06079027355623099,0.3209876543209877,0.6419753086419755,0.3999999999999986,0.3711340206185567,0.26337448559670784,0.5789473684210524
0.04861111111111109,0.3186813186813186,0.19197707736389683,0.15501519756838905,0.20987654320987656,0.3888888888888889,0.3999999999999986,0.731958762886598,0.27572016460905346,0.381578947368421
0.1597222222222222,0.3516483516483516,0.18171919770773626,0.07294832826747721,0.308641975308642,0.425925925925926,0.39999999999999863,0.536082474226804,0.4609053497942388,0.48684210526315774
0.04861111111111109,0.3626373626373626,0.1776504297994269,0.1580547112462006,0.23456790123456792,0.4444444444444445,0.3999999999999986,0.6494845360824741,0.2098765432098766,0.17105263157894712
0.19444444444444442,0.5384615384615384,0.3151862464183381,0.10942249240121579,0.3765432098765432,0.7592592592592594,0.3999999999999986,0.528556701030928,0.4197530864197532,0.5263157894736841
0.3472222222222222,0.37362637362637363,0.07163323782234957,0.0303951367781155,0.2592592592592593,0.3580246913580247,0.19999999999999574,0.4536082474226806,0.19753086419753085,0.8421052631578945
0.22569444444444442,0.3186813186813186,0.025787965616045842,0.08206686930091184,0.25308641975308643,0.48148148148148145,0.19999999999999574,0.3711340206185567,0.16872427983539096,0.7368421052631577
0.18055555555555552,0.3516483516483516,0.27507163323782235,0.11854103343465044,0.3703703703703704,0.5974074074074077,0.3999999999999986,0.463917525773196,0.2098765432098766,0.5921052631578945
0.11458333333333333,0.3516483516483516,0.0630372492836676,0.08206686930091184,0.20987654320987656,0.5370370370370371,0.3999999999999986,0.44329896907216515,0.44444444444444453,0.3421052631578947
0.013888888888888881,0.41758241758241754,0.002865329512893984,0.07294832826747721,0.2777777777777778,0.30864197530864196,0.19999999999999574,0.07216494845360844,0.4197530864197532,0.6973684210526316
0.21527777777777773,0.8131868131868131,0.16091690544412593,0.09726443768996959,0.31228395061728387,0.6111111111111113,0.3999999999999986,0.43422680412371134,0.2880658436213992,0.32894736842105265
0.0833333333333333,0.3296703296703296,0.5501432664756446,0.17021276595744678,0.1358024691358025,0.6604938271604939,0.5999999999999943,0.2474226804123716,0.37860082304526754,0.17105263157894712
0.2916666666666666,0.40659340659340654,0.18624641833810887,0.09726443768996959,0.308641975308642,0.6475925925925928,0.3999999999999986,0.4456701030927833,0.3539094650205762,0.3157894736842104
0.19444444444444442,0.3846153846153845,0.664756446991404,0.14893617021276595,0.23456790123456792,0.43827160493827166,0.7999999999999972,0.4948453608247423,0.3539094650205762,0.27631578947368407
0.12499999999999996,0.3516483516483516,0.07163323782234957,0.10942249240121579,0.22222222222222227,0.3703703703703704,0.3999999999999986,0.329896907216495,0.48559670781893005,0.5789473684210524
0.0833333333333333,0.46153846153846145,0.19770773638968478,0.07902735562310029,0.037037037037037035,0.271604938271605,0.3999999999999986,0.40206185567010344,0.37860082304526754,0.644736842105263
0.40277777777777773,0.7142857142857142,0.4488825214899712,0.4096960486322188,0.20370370370370372,0.7037037037037038,0.5999999999999943,0.2474226804123716,0.15637860082304533,0.21052631578947345
0.17013888888888884,0.43956043956043955,0.014326647564469906,0.10030395136778114,0.055555555555555566,0.20370370370370372,0.3999999999999986,0.15463917525773185,0.3539094650205762,0.4473684210526314
0.20798611111111107,0.3846153846153845,0.2148997134670487,0.14285714285714285,0.2839506172839506,0.7098765432098767,0.3999999999999986,0.329896907216495,0.3539094650205762,0.39473684210526305
0.2361111111111111,0.46153846153846145,0.02292263610315185,0.1155015197568389,0.09876543209876545,0.7222222222222223,0.3999999999999986,0.329896907216495,0.32921810699588483,0.27631578947368407
0.14930555555555552,0.45054945054945045,0.7793696275071632,0.1155015197568389,0.30246913580246915,0.5555555555555557,0.7999999999999972,0.5463917525773199,0.2098765432098766,0.11842105263157876
0.04861111111111109,0.5384615384615384,0.014326647564469906,0.121580547112462,0.15432098765432103,0.3580246913580247,0.3999999999999986,0.4226804123711343,0.32921810699588483,0.21052631578947345
0.059027777777777776,0.48351648351648346,0.025787965616045842,0.10334346504559269,0.18172839506172844,0.40740740740740744,0.3999999999999986,0.3608247422680413,0.683127572016461,0.39473684210526305
0.1597222222222222,0.2637362637362637,0.04584527220630371,0.1398176291793313,0.0308641975308642,0.4567901234567902,0.3999999999999986,0.463917525773196,0.6172839506172841,0.5921052631578945
0.26041666666666663,0.19780219780219777,0.25501432664756446,0.24012158054711244,0.3951234567901234,0.9444444444444446,0.5999999999999943,0.6391752577319587,0.32921810699588483,0.21052631578947345
0.2843402777777779,0.35824175824175797,0.17478510028653294,0.07176291793313067,0.19753086419753088,0.45061728395061734,0.3999999999999986,0.6185567010309279,0.6584362139917695,0.7894736842105263
0.1597222222222222,0.2967032967032967,0.1776504297994269,0.06079027355623099,0.23456790123456792,0.33333333333333337,0.3999999999999986,0.25773195876288657,0.13168724279835392,0.6973684210526316
0.06944444444444443,0.37362637362637363,0.25501432664756446,0.10030395136778114,0.11111111111111113,0.41358024691358025,0.3999999999999986,0.2474226804123716,0.2222222222222222,0.48684210526315774
0.2708333333333333,0.3516483516483516,0.2781948424068768,0.06686930091185408,0.22222222222222227,0.4197530864197531,0.3999999999999986,0.3711340206185567,0.5514403292181072,0.8552631578947365
0.11458333333333333,0.3846153846153845,0.6275071633237821,0.121580547112462,0.2716049382716049,0.6913580246913581,0.5999999999999943,0.2989690721649487,0.31275720164609055,0.1578947368421051
0.3049305555555557,0.3387912087912084,0.30085959885386815,0.28571428571428575,0.20987654320987656,0.7592592592592594,0.5999999999999943,0.7422680412371134,0.6296296296296298,0.21052631578947345
0.11458333333333333,0.7912087912087911,0.03724928366762178,0.5349544072948328,0.5185185185185186,0.6109876543209879,0.3999999999999986,0.2268041237113403,0.3662551440329218,0.21052631578947345
0.12499999999999996,0.2857142857142857,0.3839541547277937,0.0486322188449848,0.2839506172839506,0.4567901234567902,0.3999999999999986,0.30927835051546415,0.14403292181069965,0.7894736842105263
0.5034722222222221,0.1648351648351648,0.42120343839541546,0.20960486322188437,0.29629629629629634,0.6952469135802469,0.5999999999999943,0.5051546391752582,0.37860082304526754,0.23684210526315774
0.1744791666666667,0.46153846153846145,0.0487106017191977,0.13373860182370817,0.061728395061728406,0.3148148148148148,0.3999999999999986,0.536082474226804,0.34156378600823056,0.6578947368421051
0.14930555555555552,0.45054945054945045,0.774126074498568,0.1155015197568389,0.30246913580246915,0.5513580246913584,0.7999999999999972,0.5463917525773199,0.2098765432098766,0.13513157894736827
0.059027777777777776,0.3296703296703296,0.2693409742120344,0.10334346504559269,0.3333333333333333,0.5864197530864199,0.3999999999999986,0.8247422680412373,0.30041152263374493,0.4473684210526314
0.13888888888888884,0.3846153846153845,0.27793696275071633,0.057750759878419454,0.35185185185185186,0.4320987654320988,0.3999999999999986,0.07216494845360844,0.40740740740740744,0.5263157894736841
0.17013888888888884,0.37362637362637363,0.02292263610315185,0.1155015197568389,0.0308641975308642,0.07407407407407408,0.3999999999999986,0.525773195876289,0.5267489711934157,0.4210526315789471
0.19444444444444442,0.3406593406593406,0.19567335243553008,0.09422492401215804,0.3703703703703704,0.6481481481481484,0.3999999999999986,0.525773195876289,0.44444444444444453,0.4473684210526314
0.28124999999999994,0.2637362637362637,0.04584527220630371,0.04255319148936169,0.2469135802469136,0.37654320987654327,0.19999999999999574,0.5670103092783507,0.47325102880658443,0.8421052631578945
0.12499999999999996,0.41758241758241754,0.43553008595988535,0.1580547112462006,0.18932098765432104,0.3641975308641976,0.5999999999999943,0.3711340206185567,0.31275720164609055,0.3421052631578947
0.02777777777777775,0.2967032967032967,0.17478510028653294,0.23100303951367782,0.2592592592592593,0.6666666666666667,0.3999999999999986,0.463917525773196,0.2098765432098766,0.5394736842105261
0.12499999999999996,0.49450549450549447,0.9999999999999999,0.37082066869300917,0.4320987654320988,0.4567901234567902,0.7459999999999964,0.34020618556701043,0.35757201646090536,0.22276315789473677
0.14930555555555552,0.3296703296703296,0.4297994269340974,0.19756838905775076,0.345679012345679,0.6913580246913581,0.5999999999999943,0.12371134020618557,0.30041152263374493,0.1578947368421051
0.12920138888888888,0.3516483516483516,0.2521489971346705,0.057750759878419454,0.2592592592592593,0.4876543209876543,0.3999999999999986,0.731958762886598,0.23456790123456794,0.4210526315789471
0.2048611111111111,0.2967032967032967,0.040114613180515755,0.0364741641337386,0.08641975308641978,0.271604938271605,0.19999999999999574,0.4536082474226806,0.3662551440329218,0.8026315789473684
0.09374999999999996,0.3516483516483516,0.13180515759312317,0.09726443768996959,0.19753086419753088,0.271604938271605,0.3999999999999986,0.16494845360824772,0.44444444444444453,0.43421052631578916
0.31597222222222215,0.37362637362637363,0.4196848137535817,0.14893617021276595,0.2716049382716049,0.6913580246913581,0.5999999999999943,0.4948453608247423,0.48559670781893005,0.381578947368421
0.2916666666666666,0.3626373626373626,0.01719197707736389,0.05167173252279635,0.08641975308641978,0.29012345679012347,0.19999999999999574,0.5876288659793816,0.19753086419753085,0.644736842105263
0.25,0.24175824175824173,0.20057306590257876,0.11854103343465044,0.17901234567901236,0.580246913580247,0.3999999999999986,0.4536082474226806,0.31275720164609055,0.39473684210526305
0.19444444444444442,0.37362637362637363,0.36962750716332377,0.121580547112462,0.2469135802469136,0.41358024691358025,0.3999999999999986,0.48453608247422686,0.40740740740740744,0.5263157894736841
0.13888888888888884,0.39560439560439553,0.7507163323782234,0.09118541033434649,0.2839506172839506,0.5055246913580251,0.7999999999999972,0.463917525773196,0.26337448559670784,0.1315789473684208
0.17013888888888884,0.37362637362637363,0.6217765042979941,0.1884498480243161,0.2716049382716049,0.734567901234568,0.5999999999999943,0.3195876288659796,0.3950617283950618,0.18421052631578938
0.14930555555555552,0.6813186813186812,0.4498567335243553,0.10942249240121579,0.40123456790123463,0.5864197530864199,0.5999999999999943,0.40206185567010344,0.27572016460905346,0.1315789473684208
0.22569444444444442,0.3296703296703296,0.002865329512893984,0.10942249240121579,0.11111111111111113,0.40740740740740744,0.3999999999999986,0.20618556701030943,0.2098765432098766,0.368421052631579
0.10416666666666664,0.3626373626373626,0.040114613180515755,0.12765957446808507,0.20987654320987656,0.6913580246913581,0.3999999999999986,0.40206185567010344,0.26337448559670784,0.17105263157894712
0.17013888888888884,0.3406593406593406,0.0630372492836676,0.10638297872340424,0.22222222222222227,0.48148148148148145,0.3999999999999986,0.5670103092783507,0.5390946502057613,0.4999999999999998
0.2708333333333333,0.43956043956043955,0.2521489971346705,0.09118541033434649,0.2716049382716049,0.6234567901234569,0.3999999999999986,0.39175257731958757,0.14403292181069965,0.5202631578947365
0.17013888888888884,0.2967032967032967,0.6617478510028652,0.12291793313069908,0.33438271604938274,0.6481481481481484,0.7999999999999972,0.5773195876288661,0.3343621399176954,0.23684210526315774
0.19444444444444442,0.3296703296703296,0.34383954154727797,0.04559270516717325,0.2839506172839506,0.4197530864197531,0.3999999999999986,0.2474226804123716,0.19753086419753085,0.7499999999999998
0.11458333333333333,0.3076923076923077,0.08595988538681948,0.07294832826747721,0.17283950617283952,0.41358024691358025,0.3999999999999986,0.5773195876288661,0.5390946502057613,0.381578947368421
0.09374999999999996,0.3186813186813186,0.01719197707736389,0.1155015197568389,0.22222222222222227,0.33333333333333337,0.19999999999999574,0.4536082474226806,0.3950617283950618,0.5789473684210524
0.10416666666666664,0.2967032967032967,0.4040114613180516,0.08206686930091184,0.1358024691358025,0.3888888888888889,0.3999999999999986,0.2886597938144333,0.18106995884773663,0.43421052631578916
0.17013888888888884,0.2637362637362637,0.2922636103151862,0.08510638297872339,0.20987654320987656,0.5185185185185186,0.3999999999999986,0.5773195876288661,0.48559670781893005,0.4210526315789471
0.19444444444444442,0.45054945054945045,0.28366762177650434,0.1155015197568389,0.46913580246913583,0.7530864197530865,0.3999999999999986,0.38144329896907214,0.32921810699588483,0.23684210526315774
0.1597222222222222,0.41758241758241754,0.3237822349570201,0.10942249240121579,0.42592592592592593,0.8148148148148149,0.4079999999999984,0.4123711340206184,0.30041152263374493,0.18421052631578938
0.13888888888888884,0.3296703296703296,0.28939828080229224,0.08206686930091184,0.5000000000000001,0.9259259259259262,0.3999999999999986,0.30927835051546415,0.14403292181069965,0.21052631578947345
0.30555555555555547,0.2747252747252747,0.41260744985673353,0.09422492401215804,0.20987654320987656,0.518271604938272,0.5999999999999943,0.5051546391752582,0.33617283950617316,0.21052631578947345
0.00347222222222221,0.5384615384615384,0.16905444126074495,0.121580547112462,0.20370370370370372,0.506172839506173,0.3999999999999986,0.5271134020618559,0.24691358024691368,0.4473684210526314
0.12499999999999996,0.37549450549450536,0.6131805157593122,0.08510638297872339,0.4197530864197531,0.5370370370370371,0.7999999999999972,0.2886597938144333,0.30041152263374493,0.21052631578947345
0.10416666666666664,0.46153846153846145,0.031518624641833796,0.09726443768996959,0.2716049382716049,0.46913580246913583,0.3999999999999986,0.3608247422680413,0.34156378600823056,0.5921052631578945
0.11458333333333333,0.3690109890109886,0.07736389684813752,0.121580547112462,0.23592592592592598,0.5246913580246915,0.3999999999999986,0.5567010309278353,0.683127572016461,0.4244736842105263
0.0833333333333333,0.24175824175824173,0.031518624641833796,0.10334346504559269,0.35185185185185186,0.5925925925925927,0.3999999999999986,0.4226804123711343,0.32921810699588483,0.381578947368421
0.28124999999999994,0.40659340659340654,0.1833810888252149,0.021276595744680847,0.30246913580246915,0.425925925925926,0.19999999999999574,0.329896907216495,0.34156378600823056,0.8157894736842104
0.06944444444444443,0.3516483516483516,0.031518624641833796,0.13829787234042543,0.12345679012345681,0.3703703703703704,0.3999999999999986,0.38144329896907214,0.4609053497942388,0.26315789473684204
0.2048611111111111,0.5824175824175823,0.040114613180515755,0.09422492401215804,0.3209876543209877,0.7469135802469137,0.3999999999999986,0.4948453608247423,0.47325102880658443,0.4210526315789471
0.2011111111111113,0.5225274725274722,0.36962750716332377,0.24316109422492396,0.39506172839506176,0.6604938271604939,0.5999999999999943,0.12371134020618557,0.3539094650205762,0.17105263157894712
0.10416666666666664,0.3516483516483516,0.19197707736389683,0.009118541033434645,0.23456790123456792,0.3703703703703704,0.3999999999999986,0.2474226804123716,0.2098765432098766,0.5263157894736841
0.25,0.2637362637362637,0.6991404011461316,0.10942249240121579,0.23456790123456792,0.5617283950617284,0.5999999999999943,0.329896907216495,0.37860082304526754,0.21052631578947345
0.2048611111111111,0.5714285714285714,0.3237822349570201,0.12462006079027355,0.2716049382716049,0.7469135802469137,0.3999999999999986,0.40206185567010344,0.3662551440329218,0.26315789473684204
0.5312499999999999,0.21978021978021978,0.4383954154727793,0.25227963525835867,0.12345679012345681,0.34567901234567905,0.5999999999999943,0.3711340206185567,0.2222222222222222,0.23684210526315774
0.31597222222222215,0.23076923076923073,0.45272206303724927,0.2948328267477204,0.08641975308641978,0.33333333333333337,0.5999999999999943,0.2886597938144333,0.31275720164609055,0.2236842105263157
0.09374999999999996,0.2967032967032967,0.5988538681948424,0.1519756838905775,0.35185185185185186,0.5925925925925927,0.5999999999999943,0.20618556701030943,0.23456790123456794,0.1315789473684208
0.18055555555555552,0.49450549450549447,0.34383954154727797,0.12765957446808507,0.4074074074074074,0.7654320987654323,0.3999999999999986,0.4123711340206184,0.32921810699588483,0.26315789473684204
0.3472222222222222,0.3186813186813186,0.1518624641833811,0.057750759878419454,0.23456790123456792,0.3703703703703704,0.19999999999999574,0.2474226804123716,0.1152263374485597,0.8421052631578945
0.09374999999999996,0.39560439560439553,0.0487106017191977,0.07598784194528876,0.2061111111111111,0.35185185185185186,0.3999999999999986,0.39175257731958757,0.40740740740740744,0.48684210526315774
0.3715277777777777,0.2857142857142857,0.05444126074498567,0.14285714285714285,0.14814814814814817,0.697530864197531,0.39999999999999863,0.7835051546391756,0.44444444444444453,0.3421052631578947
0.0833333333333333,0.3406593406593406,0.5214899713467048,0.1398176291793313,0.3580246913580247,0.5308641975308643,0.5999999999999943,0.30927835051546415,0.3950617283950618,0.1578947368421051
0.17708333333333331,0.3076923076923077,0.27793696275071633,0.07902735562310029,0.3580246913580247,0.5740740740740742,0.3999999999999986,0.5773195876288661,0.27572016460905346,0.48684210526315774
0.09374999999999996,0.3846153846153845,0.031518624641833796,0.08206686930091184,0.2839506172839506,0.39506172839506176,0.19999999999999574,0.4123711340206184,0.5925925925925928,0.6973684210526316
0.21527777777777773,0.3186813186813186,0.7363896848137536,0.14285714285714285,0.17283950617283952,0.5123456790123458,0.7999999999999972,0.40206185567010344,0.19753086419753085,0.17105263157894712
0.31597222222222215,0.31175824175824135,0.13048710601719196,0.14285714285714285,0.20370370370370372,0.6033950617283952,0.3999999999999986,0.670103092783505,0.44444444444444453,0.43421052631578916
0.22305555555555562,0.2637362637362637,0.025787965616045842,0.06990881458966566,0.5185185185185186,0.654320987654321,0.19999999999999574,0.5484536082474228,0.4320987654320988,0.7499999999999998
0.19791666666666663,0.5384615384615384,0.48424068767908307,0.07598784194528876,0.45061728395061734,0.7204012345679013,0.5999999999999943,0.329896907216495,0.40740740740740744,0.1578947368421051
0.13888888888888884,0.37362637362637363,0.1461318051575931,0.11854103343465044,0.17901234567901236,0.48148148148148145,0.3999999999999986,0.44329896907216515,0.37860082304526754,0.2894736842105261
0.059027777777777776,0.3296703296703296,0.025787965616045842,0.17629179331306988,0.2592592592592593,0.6419753086419755,0.3999999999999986,0.3608247422680413,0.24691358024691368,0.5986842105263157
0.1597222222222222,0.3626373626373626,0.07736389684813752,0.1398176291793313,0.08024691358024692,0.25308641975308643,0.3999999999999986,0.15463917525773185,0.32921810699588483,0.26315789473684204
0.0833333333333333,0.5384615384615384,0.031518624641833796,0.09726443768996959,0.30246913580246915,0.4938271604938272,0.3999999999999986,0.2886597938144333,0.34156378600823056,0.3157894736842104
0.32638888888888884,0.3406593406593406,0.002865329512893984,0.121580547112462,0.17283950617283952,0.654320987654321,0.3999999999999986,0.4536082474226806,0.7078189300411523,0.26315789473684204
0.30555555555555547,0.3186813186813186,0.07163323782234957,0.425531914893617,0.1049382716049383,0.3395061728395062,0.3999999999999986,0.4123711340206184,0.48559670781893005,0.26315789473684204
0.013888888888888881,0.39307692307692277,0.01719197707736389,0.10030395136778114,0.3333333333333333,0.6172839506172841,0.3999999999999986,0.3711340206185567,0.32921810699588483,0.2894736842105261
0.2361111111111111,0.6703296703296703,0.5082234957020056,0.09726443768996959,0.5246913580246915,0.7283950617283952,0.5959999999999944,0.2474226804123716,0.40740740740740744,0.2236842105263157
0.16545138888888894,0.3076923076923077,0.0487106017191977,0.1155015197568389,0.25308641975308643,0.38271604938271603,0.19999999999999574,0.3711340206185567,0.10288065843621402,0.6973684210526316
0.31597222222222215,0.25274725274725274,0.28366762177650434,0.06990881458966566,0.22222222222222227,0.4753086419753087,0.3999999999999986,0.38144329896907214,0.24691358024691368,0.43421052631578916
0.09374999999999996,0.3626373626373626,0.15472779369627507,0.08510638297872339,0.3827160493827161,0.506172839506173,0.19999999999999574,0.40206185567010344,0.24691358024691368,0.5789473684210524
0.2048611111111111,0.054945054945054944,0.0,0.08510638297872339,0.07407407407407408,0.08024691358024692,0.3999999999999986,0.5773195876288661,0.15637860082304533,0.21052631578947345
0.2048611111111111,0.15384615384615385,0.28653295128939826,0.10942249240121579,0.39506172839506176,0.6851851851851852,0.3999999999999986,0.463917525773196,0.24691358024691368,0.17105263157894712
