Category 1,Category 2,Category 3,Category 4,Category 5,Category 6,Category 7,Category 8,Category 9,Category 10
0.32777777777777783,,0.6189111747851003,0.27976190476190477,,0.7354838709677419,,0.4624999999999999,0.45,0.18421052631578938
0.37777777777777777,0.7432432432432433,0.7249283667621776,0.29166666666666663,0.5396825396825395,0.9806451612903226,,0.26249999999999973,,0.11842105263157876
0.48888888888888893,0.2702702702702703,0.11747851002865328,0.22619047619047616,,0.45161290322580644,0.5,0.47499999999999964,0.2375,0.23684210526315774
0.06111111111111109,0.6081081081081081,0.04584527220630371,0.24999999999999994,0.15873015873015872,0.4451612903225806,,,0.3458333333333334,0.4736842105263155
0.09444444444444441,0.4054054054054054,0.30085959885386815,,,0.6064516129032258,0.5,0.4499999999999993,0.1833333333333333,0.26315789473684204
0.36111111111111116,0.43243243243243246,0.16905444126074495,0.07142857142857144,0.26984126984126977,0.36129032258064514,0.2499999999999858,0.5874999999999999,0.38333333333333325,
0.3111111111111111,0.4594594594594595,0.03724928366762178,0.10119047619047618,0.31746031746031744,0.46451612903225803,0.2499999999999858,0.2999999999999998,0.2,0.7105263157894737
0.22222222222222224,0.4729729729729729,0.025787965616045842,0.15476190476190477,0.3015873015873015,0.43870967741935485,0.2499999999999858,0.4874999999999998,0.3333333333333333,0.48684210526315774
0.43333333333333346,,0.26074498567335247,0.29166666666666663,0.3015873015873015,0.6451612903225806,0.5,0.4624999999999999,0.2791666666666666,0.26315789473684204
0.19999999999999998,0.4594594594594595,,0.06547619047619048,0.5714285714285714,0.45161290322580644,0.2499999999999858,0.49999999999999956,0.625,0.644736842105263
0.6277777777777778,0.33783783783783783,0.163323782234957,0.3571428571428571,0.6349206349206348,0.8451612903225806,0.5,0.5874999999999999,,0.3157894736842104
0.34444444444444444,,0.04584527220630371,0.13690476190476192,0.32539682539682535,0.6258064516129033,0.2499999999999858,0.6374999999999997,0.38333333333333325,
0.22222222222222224,0.48648648648648646,0.7507163323782234,0.17857142857142855,0.365079365079365,0.5161290322580645,1.0,0.5625,0.26666666666666666,0.1315789473684208
0.13333333333333328,0.5540540540540541,0.6131805157593122,0.17857142857142855,0.47619047619047616,0.5096774193548387,0.7499999999999858,0.6124999999999998,0.6499999999999999,0.39473684210526305
0.34444444444444444,0.5675675675675675,0.6189111747851003,0.21428571428571425,0.45238095238095233,,,,0.5333333333333332,0.21052631578947345
0.5055555555555555,0.8513513513513513,0.4670487106017192,0.20833333333333331,,0.6258064516129033,0.7499999999999858,0.3999999999999999,0.2791666666666666,0.11842105263157876
0.28888888888888886,0.35135135135135137,0.4670487106017192,,0.0,0.3096774193548387,0.5,0.38749999999999973,0.17083333333333328,0.5526315789473684
0.15,0.6621621621621622,0.6762177650429799,0.30357142857142855,0.5079365079365079,0.5290322580645161,1.0,0.7749999999999995,0.17083333333333328,0.18421052631578938
0.18333333333333338,0.4594594594594595,0.3524355300859599,0.13690476190476192,0.3015873015873015,,0.5,0.5499999999999994,,0.43421052631578916
0.25555555555555554,0.35135135135135137,0.5644699140401146,0.25595238095238093,0.4444444444444444,0.5935483870967742,,0.6374999999999997,0.2,0.2236842105263157
0.28888888888888886,0.48648648648648646,0.28366762177650434,0.15476190476190477,0.45238095238095233,0.6580645161290323,0.5,0.3500000000000001,0.13333333333333336,0.5263157894736841
0.34444444444444444,0.48648648648648646,0.002865329512893984,0.1607142857142857,0.39682539682539686,0.6258064516129033,0.2499999999999858,0.3999999999999999,0.17083333333333328,0.7105263157894737
0.32777777777777783,0.39189189189189183,0.04584527220630371,0.15476190476190477,0.38095238095238093,0.3935483870967742,0.0,0.3999999999999999,0.25000000000000006,0.9999999999999998
0.11111111111111113,0.48648648648648646,0.0487106017191977,0.15476190476190477,,0.4258064516129032,0.2499999999999858,0.3624999999999998,0.4124999999999999,
0.48888888888888893,0.3243243243243243,0.2922636103151862,0.23214285714285715,0.4126984126984127,0.6064516129032258,0.5,0.43749999999999956,0.49166666666666664,0.21052631578947345
0.15,,0.7650429799426933,0.1964285714285714,0.19841269841269843,0.4451612903225806,,0.1499999999999999,0.35833333333333334,0.26315789473684204
0.2388888888888889,0.5675675675675675,,,0.4841269841269841,0.8064516129032259,0.7499999999999858,0.18749999999999956,0.25000000000000006,0.1578947368421051
0.36111111111111116,0.43243243243243246,0.3123209169054441,0.26190476190476186,0.3492063492063492,0.5677419354838709,0.5,0.4624999999999999,0.2,0.17105263157894712
0.13333333333333328,0.4054054054054054,0.014326647564469906,0.13690476190476192,0.1904761904761905,0.19999999999999998,0.2499999999999858,0.3374999999999999,0.3708333333333333,0.5263157894736841
0.16666666666666666,0.39189189189189183,,0.17857142857142855,0.7063492063492063,,1.0,0.41249999999999964,0.3333333333333333,0.21052631578947345
0.22222222222222224,,0.5759312320916905,,0.3492063492063492,0.6838709677419353,,0.4499999999999993,0.3166666666666667,0.1315789473684208
0.19999999999999998,0.7567567567567568,,0.2857142857142857,0.26190476190476186,0.6387096774193548,0.7499999999999858,0.28749999999999964,0.22500000000000003,0.18421052631578938
0.16666666666666666,,0.42120343839541546,0.15476190476190477,0.8015873015873015,0.6709677419354839,0.7499999999999858,0.47499999999999964,0.425,0.381578947368421
0.4,,0.02292263610315185,0.25595238095238093,0.365079365079365,0.7612903225806451,0.5,0.5999999999999996,0.49166666666666664,0.39473684210526305
0.34444444444444444,0.39189189189189183,,0.08333333333333333,0.365079365079365,0.41290322580645156,0.5,0.6499999999999995,0.5333333333333332,0.5789473684210524
0.30000000000000004,0.3243243243243243,0.30085959885386815,0.16666666666666663,0.26984126984126977,0.4451612903225806,0.5,,0.3708333333333333,0.5263157894736841
0.19999999999999998,0.43243243243243246,0.2922636103151862,0.10119047619047618,0.1349206349206349,0.3096774193548387,0.5,0.4499999999999993,,0.4999999999999998
0.37777777777777777,0.4594594594594595,0.22349570200573063,0.20833333333333331,0.26190476190476186,0.34838709677419355,0.5,0.6124999999999998,,0.6973684210526316
0.19999999999999998,0.5135135135135135,0.6418338108882521,0.27976190476190477,0.31746031746031744,0.49677419354838703,1.0,,0.35833333333333334,0.2894736842105261
0.5777777777777777,0.36486486486486486,0.014326647564469906,0.27976190476190477,0.03174603174603175,0.4258064516129032,0.5,0.5749999999999997,0.38333333333333325,0.18421052631578938
0.36111111111111116,0.4189189189189189,0.005730659025787961,0.05357142857142856,,0.5935483870967742,0.2499999999999858,0.23749999999999982,0.1166666666666667,0.605263157894737
0.13333333333333328,0.5,0.01719197707736389,0.15476190476190477,0.1746031746031746,0.27096774193548384,0.0,0.3999999999999999,0.3458333333333334,0.8157894736842104
0.18333333333333338,0.4189189189189189,0.13753581661891115,0.05357142857142856,0.39682539682539686,0.5677419354838709,0.5,0.49999999999999956,0.21249999999999997,0.48684210526315774
0.37777777777777777,,0.08309455587392547,0.24404761904761907,0.15873015873015872,0.6193548387096774,0.5,0.5499999999999994,0.5458333333333332,0.3421052631578947
0.16666666666666666,0.5540540540540541,0.06017191977077364,0.27976190476190477,0.23015873015873015,0.6709677419354839,0.5,0.8499999999999996,0.5166666666666666,0.43421052631578916
,,0.13753581661891115,0.14285714285714285,0.25396825396825395,0.4258064516129032,0.2499999999999858,0.5999999999999996,0.45,
0.0222222222222222,0.36486486486486486,0.1833810888252149,0.1130952380952381,,0.4258064516129032,0.5,0.9124999999999996,0.6000000000000001,0.7105263157894737
0.3111111111111111,0.4054054054054054,0.31805157593123207,0.11904761904761903,0.32539682539682535,0.5548387096774193,0.5,0.5499999999999994,,0.5263157894736841
0.06111111111111109,,0.03724928366762178,0.14880952380952384,0.19841269841269843,0.49677419354838703,0.5,0.5999999999999996,,0.381578947368421
0.15,0.36486486486486486,0.5988538681948424,0.2976190476190476,0.45238095238095233,0.6193548387096774,,0.25,0.2375,0.1315789473684208
0.37777777777777777,0.4054054054054054,0.0487106017191977,0.13690476190476192,0.4126984126984127,0.5677419354838709,,0.6374999999999997,0.25000000000000006,0.8421052631578945
0.044444444444444425,0.5,0.5530085959885386,0.1964285714285714,0.3571428571428571,0.40645161290322573,0.5,0.3624999999999998,0.425,0.4736842105263155
0.25555555555555554,,0.1518624641833811,0.19047619047619047,,,0.5,0.21249999999999947,0.4791666666666666,0.5789473684210524
,0.21621621621621623,0.28366762177650434,0.21428571428571425,0.2936507936507936,0.5419354838709678,0.5,0.49999999999999956,0.3166666666666667,0.27631578947368407
0.37777777777777777,0.4054054054054054,0.06876790830945559,0.25595238095238093,0.1904761904761905,0.5032258064516129,0.2499999999999858,0.4499999999999993,0.38333333333333325,0.8421052631578945
0.15,0.5675675675675675,0.09455587392550141,0.13095238095238093,0.31746031746031744,0.3096774193548387,0.2499999999999858,,0.2375,
0.25555555555555554,0.39189189189189183,0.6590257879656161,0.23214285714285715,0.39682539682539686,0.6903225806451612,,0.5499999999999994,0.2916666666666667,0.2236842105263157
0.32777777777777783,0.5,0.18624641833810887,0.14285714285714285,0.25396825396825395,0.5032258064516129,0.5,0.49999999999999956,0.2791666666666666,0.48684210526315774
0.16666666666666666,,0.6131805157593122,0.29166666666666663,0.5396825396825395,,1.0,0.4624999999999999,0.30416666666666664,0.1578947368421051
0.27222222222222214,,0.3151862464183381,0.29166666666666663,0.45238095238095233,0.7741935483870968,0.5,0.4874999999999998,0.35833333333333334,
0.4,0.6486486486486486,0.8538681948424067,0.23809523809523808,0.5555555555555555,,,0.25,0.22500000000000003,0.1315789473684208
0.9111111111111112,0.3243243243243243,0.014326647564469906,0.17857142857142855,0.03968253968253968,0.21935483870967737,0.5,,0.1166666666666667,0.4210526315789471
0.3111111111111111,,0.025787965616045842,0.17857142857142855,0.10317460317460317,0.3096774193548387,0.5,0.49999999999999956,,0.5394736842105261
0.09444444444444441,0.5405405405405406,0.06876790830945559,0.1607142857142857,0.16666666666666666,0.3935483870967742,0.5,,0.25000000000000006,0.5921052631578945
0.5944444444444444,0.3783783783783784,0.15759312320916904,0.13095238095238093,0.4285714285714285,0.5225806451612903,0.5,0.5999999999999996,0.3166666666666667,0.5723684210526314
0.6277777777777778,0.24324324324324323,0.1146131805157593,0.27976190476190477,0.16666666666666666,0.5677419354838709,0.5,0.4499999999999993,0.3708333333333333,0.48684210526315774
0.36111111111111116,0.43243243243243246,,0.16666666666666663,0.03968253968253968,0.2967741935483871,0.5,0.4624999999999999,,0.7894736842105263
0.32777777777777783,0.33783783783783783,0.13753581661891115,,0.2936507936507936,0.4451612903225806,0.5,0.43749999999999956,0.22500000000000003,
0.09444444444444441,0.36486486486486486,0.5128939828080228,0.1130952380952381,0.38888888888888884,0.3741935483870968,0.5,0.47499999999999964,0.14583333333333337,0.48684210526315774
0.11111111111111113,0.48648648648648646,0.16905444126074495,0.1964285714285714,0.25396825396825395,0.3935483870967742,0.5,0.3999999999999999,0.3166666666666667,0.26315789473684204
0.7000000000000001,0.2702702702702703,0.07163323782234957,,0.1746031746031746,0.43870967741935485,0.5,0.49999999999999956,0.22500000000000003,0.21052631578947345
,0.35135135135135137,0.8051575931232091,0.4821428571428571,0.32539682539682535,0.5548387096774193,,0.49999999999999956,0.21249999999999997,0.1315789473684208
0.22222222222222224,0.7567567567567568,0.002865329512893984,0.19047619047619047,,0.5612903225806452,0.2499999999999858,0.4874999999999998,0.5166666666666666,0.2894736842105261
0.3111111111111111,0.36486486486486486,,0.15476190476190477,0.3015873015873015,0.5290322580645161,,0.5124999999999997,0.2791666666666666,0.868421052631579
0.538888888888889,0.4594594594594595,0.3839541547277937,0.24404761904761907,0.2857142857142857,,0.7499999999999858,0.5499999999999994,0.3708333333333333,0.18421052631578938
0.36111111111111116,,0.45272206303724927,0.17857142857142855,0.5158730158730158,0.5870967741935483,0.7499999999999858,0.3374999999999999,0.26666666666666666,0.11842105263157876
0.5222222222222223,0.3783783783783784,0.26074498567335247,0.1607142857142857,0.25396825396825395,0.3741935483870968,0.5,0.4874999999999998,0.46666666666666673,0.8026315789473684
0.25555555555555554,0.5945945945945946,,,,0.6709677419354839,,0.4624999999999999,0.3708333333333333,0.21052631578947345
0.27222222222222214,0.36486486486486486,0.15472779369627507,0.11904761904761903,0.1904761904761905,0.2967741935483871,0.2499999999999858,0.4499999999999993,0.21249999999999997,0.605263157894737
0.19999999999999998,0.35135135135135137,0.01719197707736389,0.19047619047619047,0.2857142857142857,0.7354838709677419,0.2499999999999858,0.3500000000000001,0.15833333333333338,0.5526315789473684
,0.3108108108108108,0.19197707736389683,0.14880952380952384,0.1904761904761905,0.5032258064516129,0.2499999999999858,0.8124999999999996,0.3333333333333333,
0.22222222222222224,0.44594594594594594,0.22922636103151864,0.18452380952380953,0.2380952380952381,0.5419354838709678,0.5,,0.46666666666666673,0.26315789473684204
0.19999999999999998,0.5135135135135135,0.09169054441260743,,0.10317460317460317,0.23225806451612901,0.2499999999999858,0.25,0.5458333333333332,0.5921052631578945
,,0.20916905444126072,0.25595238095238093,0.2380952380952381,0.5935483870967742,0.5,0.5749999999999997,0.15833333333333338,0.3421052631578947
,0.0945945945945946,,0.20833333333333331,0.32539682539682535,0.5870967741935483,0.5,0.6749999999999998,0.46666666666666673,0.2894736842105261
0.22222222222222224,0.6216216216216216,0.031518624641833796,0.1130952380952381,0.2936507936507936,0.4903225806451612,0.2499999999999858,0.5625,0.3166666666666667,0.7894736842105263
0.19999999999999998,0.25675675675675674,0.16905444126074495,,0.14285714285714285,0.45161290322580644,0.5,0.3374999999999999,,0.27631578947368407
0.16666666666666666,0.36486486486486486,0.01719197707736389,0.14285714285714285,0.1746031746031746,0.24516129032258066,0.2499999999999858,0.4624999999999999,0.1833333333333333,0.644736842105263
0.16666666666666666,0.7972972972972973,,,0.38095238095238093,,0.5,0.3624999999999998,0.2,0.18421052631578938
0.18333333333333338,0.7027027027027027,0.26074498567335247,0.23214285714285715,0.26984126984126977,0.4838709677419354,0.5,0.5499999999999994,0.3458333333333334,0.32894736842105265
0.5777777777777777,0.3783783783783784,0.16905444126074495,0.22619047619047616,,0.3935483870967742,0.5,,0.43749999999999994,
0.12222222222222226,0.39189189189189183,0.0,0.20238095238095238,0.1904761904761905,0.24516129032258066,0.2499999999999858,0.6124999999999998,0.3333333333333333,0.32894736842105265
0.4222222222222223,0.6891891891891891,0.664756446991404,0.23214285714285715,0.5476190476190476,0.6903225806451612,0.7499999999999858,0.3999999999999999,,0.18421052631578938
0.16666666666666666,0.4054054054054054,0.6131805157593122,,0.5396825396825395,0.8677419354838709,1.0,0.4624999999999999,0.30416666666666664,0.1578947368421051
0.36111111111111116,0.6756756756756757,0.5730659025787964,0.29166666666666663,,,0.7499999999999858,0.31249999999999956,0.3166666666666667,0.21052631578947345
0.43333333333333346,0.3243243243243243,0.0487106017191977,0.18452380952380953,0.19841269841269843,0.5741935483870967,,0.6999999999999997,0.2,0.5263157894736841
0.3111111111111111,0.48648648648648646,,0.23809523809523808,0.3492063492063492,0.6451612903225806,,0.4624999999999999,0.43749999999999994,0.4473684210526314
0.3111111111111111,0.1891891891891892,0.3581661891117478,0.13095238095238093,,0.5677419354838709,0.5,,0.2791666666666666,0.26315789473684204
0.37777777777777777,0.2972972972972973,0.7277936962750715,0.22619047619047616,0.38095238095238093,0.5290322580645161,0.7499999999999858,0.5499999999999994,,0.4210526315789471
0.18333333333333338,0.5405405405405406,0.02292263610315185,0.19047619047619047,0.8333333333333334,0.5870967741935483,0.2499999999999858,0.5499999999999994,,0.631578947368421
0.3111111111111111,,0.07163323782234957,0.20833333333333331,0.2857142857142857,0.6322580645161291,0.5,0.5999999999999996,0.43749999999999994,0.4473684210526314
0.16666666666666666,0.3783783783783784,0.07736389684813752,0.13095238095238093,0.23015873015873015,0.31612903225806455,0.5,,0.425,0.605263157894737
0.36111111111111116,0.7162162162162162,0.3667621776504298,0.2976190476190476,0.3571428571428571,0.9032258064516129,0.7499999999999858,0.49999999999999956,0.2791666666666666,0.18421052631578938
0.30000000000000004,0.4054054054054054,0.008595988538681945,0.17857142857142855,0.1746031746031746,0.27741935483870966,0.5,0.31249999999999956,0.43749999999999994,0.4736842105263155
0.6277777777777778,0.28378378378378377,0.1461318051575931,0.14285714285714285,0.10317460317460317,0.3354838709677419,0.2499999999999858,0.5999999999999996,,0.868421052631579
0.28888888888888886,0.2972972972972973,,0.14285714285714285,0.14285714285714285,0.45161290322580644,,0.38749999999999973,0.39999999999999997,0.21052631578947345
0.40555555555555567,0.1891891891891892,0.22922636103151864,0.22619047619047616,,0.8,,0.6499999999999995,,
0.36111111111111116,0.4054054054054054,0.07163323782234957,0.16666666666666663,0.2936507936507936,0.3096774193548387,0.0,0.3999999999999999,0.17083333333333328,0.8421052631578945
0.788888888888889,0.013513513513513514,0.08595988538681948,0.14285714285714285,0.5714285714285714,0.4774193548387097,0.2499999999999858,0.47499999999999964,,0.6842105263157896
0.25555555555555554,0.7297297297297297,0.28366762177650434,0.22619047619047616,,0.7096774193548386,0.5,0.5124999999999997,,0.4210526315789471
0.3111111111111111,0.6081081081081081,0.32091690544412604,0.30952380952380953,0.31746031746031744,0.5548387096774193,0.7499999999999858,0.6749999999999998,0.7166666666666666,0.5526315789473684
,0.36486486486486486,0.43553008595988535,0.1130952380952381,0.25396825396825395,0.4193548387096774,0.5,,0.17083333333333328,0.4736842105263155
0.3111111111111111,0.6216216216216216,0.10888252148997132,0.30357142857142855,0.38888888888888884,0.5290322580645161,0.5,0.4624999999999999,0.46666666666666673,0.26315789473684204
0.005555555555555536,0.4594594594594595,0.3667621776504298,0.20238095238095238,0.4126984126984127,0.43870967741935485,0.5,0.7749999999999995,0.22500000000000003,0.2236842105263157
0.27222222222222214,0.35135135135135137,0.8051575931232091,,0.32539682539682535,0.5548387096774193,1.0,0.49999999999999956,0.21249999999999997,0.1315789473684208
0.44999999999999996,0.43243243243243246,0.014326647564469906,0.2738095238095238,0.25396825396825395,0.696774193548387,0.5,0.7374999999999994,0.4124999999999999,0.1315789473684208
0.16666666666666666,0.581081081081081,0.32091690544412604,0.21428571428571425,0.26190476190476186,0.6129032258064516,,0.5124999999999997,0.425,0.17105263157894712
0.15,0.44594594594594594,0.18624641833810887,0.23214285714285715,,0.5161290322580645,0.5,0.4499999999999993,0.43749999999999994,0.5263157894736841
0.11111111111111113,0.4054054054054054,0.29799426934097417,0.17857142857142855,0.38888888888888884,0.39999999999999997,0.5,0.19999999999999973,0.45,0.5263157894736841
0.4,0.5405405405405406,,,0.31746031746031744,0.5483870967741935,0.5,0.3500000000000001,0.09166666666666667,0.6842105263157896
0.28888888888888886,0.6621621621621622,0.32091690544412604,0.24404761904761907,0.6349206349206348,,0.5,0.49999999999999956,0.2916666666666667,0.23684210526315774
0.2388888888888889,0.35135135135135137,0.03724928366762178,0.30357142857142855,0.5396825396825395,0.6,0.5,0.49999999999999956,0.35833333333333334,0.32894736842105265
0.32777777777777783,0.9054054054054055,0.335243553008596,0.1607142857142857,0.5396825396825395,0.6709677419354839,,0.19999999999999973,0.2375,0.1578947368421051
,0.16216216216216214,0.1776504297994269,0.3214285714285714,0.32539682539682535,0.8,0.5,0.5499999999999994,0.3333333333333333,0.1578947368421051
0.22222222222222224,,0.3581661891117478,0.26190476190476186,0.4126984126984127,0.6,0.5,0.375,0.30416666666666664,0.39473684210526305
0.16666666666666666,0.4594594594594595,0.01719197707736389,,0.2857142857142857,0.46451612903225803,0.5,0.4624999999999999,0.2375,0.4473684210526314
0.09444444444444441,0.48648648648648646,0.08309455587392547,,0.26984126984126977,0.3741935483870968,,0.43749999999999956,0.1833333333333333,0.5526315789473684
0.4,0.5675675675675675,0.25501432664756446,0.30357142857142855,0.26190476190476186,,0.5,0.4874999999999998,0.2791666666666666,0.27631578947368407
0.41666666666666674,0.5,0.2464183381088825,0.11904761904761903,0.4206349206349207,0.5290322580645161,0.2499999999999858,0.5874999999999999,,0.7894736842105263
0.11111111111111113,0.4054054054054054,0.09169054441260743,0.14285714285714285,0.32539682539682535,0.4903225806451612,0.5,0.3500000000000001,0.3458333333333334,0.4210526315789471
,0.2972972972972973,,0.18452380952380953,0.2936507936507936,0.432258064516129,0.5,0.3624999999999998,0.10416666666666669,0.48684210526315774
0.27222222222222214,,0.28939828080229224,0.21428571428571425,0.6349206349206348,0.8516129032258064,0.5,0.5374999999999996,0.39999999999999997,0.26315789473684204
0.32777777777777783,,0.4584527220630372,0.23809523809523808,0.5555555555555555,0.5935483870967742,0.5,,0.4791666666666666,0.5263157894736841
0.0222222222222222,0.43243243243243246,0.4040114613180516,0.27976190476190477,0.6507936507936507,0.6516129032258065,0.5,0.7499999999999996,0.2375,0.23684210526315774
0.09444444444444441,0.5540540540540541,0.040114613180515755,0.08928571428571429,0.2857142857142857,0.5548387096774193,0.2499999999999858,0.3374999999999999,,0.7894736842105263
0.25555555555555554,0.3243243243243243,0.17191977077363893,0.2738095238095238,0.4126984126984127,0.8645161290322579,0.5,0.7124999999999999,0.5833333333333333,0.26315789473684204
,0.581081081081081,0.4269340974212035,0.2738095238095238,0.2857142857142857,0.5806451612903225,0.7499999999999858,,0.30416666666666664,0.26315789473684204
0.09444444444444441,0.39189189189189183,0.4383954154727793,0.22619047619047616,0.6031746031746031,0.5677419354838709,0.5,0.5374999999999996,0.22500000000000003,0.48684210526315774
0.34444444444444444,0.4729729729729729,0.17478510028653294,0.13095238095238093,0.31746031746031744,0.5935483870967742,0.5,0.47499999999999964,0.2916666666666667,
0.41666666666666674,0.44594594594594594,0.17478510028653294,0.14285714285714285,0.1746031746031746,0.2967741935483871,0.5,0.7374999999999994,,0.6973684210526316
0.22222222222222224,0.43243243243243246,0.03724928366762178,0.08928571428571429,0.4285714285714285,0.5870967741935483,0.2499999999999858,0.6374999999999997,0.4124999999999999,0.7894736842105263
0.25555555555555554,0.3783783783783784,0.01719197707736389,0.18452380952380953,0.3015873015873015,0.432258064516129,0.5,0.49999999999999956,0.39999999999999997,0.5394736842105261
0.28888888888888886,0.6621621621621622,0.13753581661891115,0.1607142857142857,0.46031746031746024,0.5548387096774193,0.2499999999999858,0.3500000000000001,0.2,0.631578947368421
0.15,0.35135135135135137,0.06017191977077364,0.17857142857142855,0.06349206349206349,,0.5,0.3624999999999998,,0.3157894736842104
0.3111111111111111,0.4729729729729729,0.01719197707736389,,0.38888888888888884,0.5612903225806452,0.2499999999999858,0.7999999999999998,0.6125,
0.34444444444444444,,0.04584527220630371,0.13690476190476192,0.32539682539682535,0.6258064516129033,0.2499999999999858,0.6374999999999997,0.38333333333333325,
0.41666666666666674,0.2027027027027027,0.01719197707736389,0.2738095238095238,0.6190476190476191,0.7419354838709677,0.5,0.3999999999999999,0.26666666666666666,0.21052631578947345
0.25555555555555554,,0.5300859598853868,0.30952380952380953,0.5238095238095237,0.7354838709677419,,0.8749999999999996,0.3166666666666667,0.3157894736842104
0.28888888888888886,0.43243243243243246,0.2521489971346705,0.23809523809523808,0.47619047619047616,0.6387096774193548,0.5,0.5499999999999994,0.49166666666666664,0.5263157894736841
0.2388888888888889,0.5135135135135135,0.34383954154727797,0.21428571428571425,0.5079365079365079,0.7483870967741935,0.5,0.47499999999999964,0.35833333333333334,0.26315789473684204
0.4666666666666667,0.3783783783783784,0.2521489971346705,0.14285714285714285,0.45238095238095233,0.6064516129032258,0.5,0.6374999999999997,0.30416666666666664,0.631578947368421
0.22222222222222224,0.5540540540540541,0.014326647564469906,0.23809523809523808,0.3492063492063492,0.6,0.5,0.3999999999999999,0.3166666666666667,0.5526315789473684
0.16666666666666666,,0.02292263610315185,0.23214285714285715,0.2222222222222222,0.34838709677419355,0.5,0.5374999999999996,0.2916666666666667,0.3421052631578947
0.16666666666666666,0.5270270270270271,0.025787965616045842,0.24999999999999994,0.1746031746031746,,0.5,0.2999999999999998,0.25000000000000006,0.4210526315789471
0.41666666666666674,,0.025787965616045842,0.13095238095238093,0.1111111111111111,0.5806451612903225,0.5,0.38749999999999973,0.38333333333333325,0.3157894736842104
0.37777777777777777,0.39189189189189183,0.3123209169054441,0.08333333333333333,0.3492063492063492,0.4903225806451612,0.5,0.47499999999999964,0.5583333333333333,
0.3111111111111111,0.5540540540540541,0.05444126074498567,0.20833333333333331,,,0.5,0.7999999999999998,0.3458333333333334,0.4736842105263155
,0.3783783783783784,0.163323782234957,0.13095238095238093,0.1746031746031746,0.2903225806451613,0.2499999999999858,0.43749999999999956,0.5166666666666666,0.8552631578947365
0.4666666666666667,0.6891891891891891,0.5042979942693409,0.20833333333333331,0.6349206349206348,0.6580645161290323,,0.5124999999999997,0.2791666666666666,0.1315789473684208
0.4,,0.25501432664756446,0.07142857142857144,0.07142857142857142,0.3290322580645161,0.5,0.26249999999999973,0.22500000000000003,0.8026315789473684
0.13333333333333328,0.3783783783783784,0.41260744985673353,0.17857142857142855,0.2857142857142857,0.43870967741935485,0.5,0.43749999999999956,0.2916666666666667,0.4999999999999998
0.44999999999999996,0.36486486486486486,0.10888252148997132,0.13095238095238093,0.1111111111111111,0.27096774193548384,0.2499999999999858,0.19999999999999973,0.6125,0.8026315789473684
0.3111111111111111,,0.10888252148997132,0.30357142857142855,0.38888888888888884,,,0.4624999999999999,0.46666666666666673,0.26315789473684204
0.19999999999999998,,0.22922636103151864,0.19047619047619047,0.1904761904761905,0.46451612903225803,0.5,0.49999999999999956,0.425,0.5526315789473684
,0.39189189189189183,0.27507163323782235,0.04761904761904763,0.3015873015873015,0.43870967741935485,0.5,0.4499999999999993,0.07916666666666672,0.48684210526315774
0.3111111111111111,0.5540540540540541,0.02292263610315185,0.20833333333333331,0.09523809523809523,0.49677419354838703,0.5,0.6124999999999998,0.2916666666666667,0.39473684210526305
0.19999999999999998,0.2702702702702703,,0.20833333333333331,0.4126984126984127,0.43870967741935485,0.7499999999999858,0.5499999999999994,0.30416666666666664,0.1578947368421051
,0.35135135135135137,0.20057306590257876,0.18452380952380953,0.3015873015873015,0.5548387096774193,0.5,0.5999999999999996,0.6000000000000001,0.26315789473684204
0.18333333333333338,0.6891891891891891,0.7707736389684813,0.21428571428571425,0.33333333333333337,0.4903225806451612,1.0,0.5374999999999996,0.3166666666666667,0.1315789473684208
0.19999999999999998,0.43243243243243246,0.38968481375358166,0.18452380952380953,0.2063492063492063,0.4258064516129032,0.5,0.6875,0.4124999999999999,0.4736842105263155
0.32777777777777783,0.39189189189189183,0.03724928366762178,0.21428571428571425,0.5396825396825395,0.7290322580645161,0.5,0.6875,,0.43421052631578916
,0.13513513513513514,0.09169054441260743,0.1964285714285714,0.25396825396825395,0.2967741935483871,0.5,0.6999999999999997,0.2,0.2236842105263157
0.22222222222222224,,0.002865329512893984,0.2976190476190476,0.1349206349206349,0.27096774193548384,0.5,0.38749999999999973,0.2,0.4210526315789471
0.4,0.43243243243243246,0.025787965616045842,0.20238095238095238,0.26984126984126977,0.3548387096774193,0.2499999999999858,0.6499999999999995,0.35833333333333334,
0.34444444444444444,0.36486486486486486,0.19197707736389683,0.30357142857142855,0.26190476190476186,0.6064516129032258,0.5,0.5499999999999994,,
0.044444444444444425,0.6351351351351351,0.03724928366762178,0.5357142857142857,0.39682539682539686,0.6322580645161291,0.5,0.5499999999999994,0.17083333333333328,0.3157894736842104
,0.39189189189189183,0.18624641833810887,0.15476190476190477,0.4126984126984127,0.6,0.5,0.7374999999999994,0.26666666666666666,
0.36111111111111116,0.36486486486486486,0.22922636103151864,0.15476190476190477,0.2222222222222222,0.4258064516129032,0.5,,0.4124999999999999,0.5263157894736841
0.19999999999999998,0.3243243243243243,0.025787965616045842,,0.15873015873015872,0.6387096774193548,0.5,0.5874999999999999,0.39999999999999997,0.5526315789473684
0.2388888888888889,0.4189189189189189,0.02292263610315185,0.23214285714285715,0.32539682539682535,0.41290322580645156,,0.5499999999999994,0.425,0.48684210526315774
0.13333333333333328,0.48648648648648646,0.01719197707736389,0.22619047619047616,0.07142857142857142,0.25806451612903225,0.5,,0.6000000000000001,0.4999999999999998
0.25555555555555554,0.4054054054054054,0.32091690544412604,0.16666666666666663,,,,0.41249999999999964,0.35833333333333334,0.368421052631579
0.5222222222222223,0.5,0.36962750716332377,0.2738095238095238,0.3571428571428571,,0.5,0.4874999999999998,0.35833333333333334,0.2236842105263157
0.5777777777777777,0.3783783783783784,0.4785100286532951,,0.3015873015873015,0.3290322580645161,0.5,0.3374999999999999,0.2,0.7631578947368418
0.4,0.35135135135135137,0.6790830945558738,,,0.8580645161290321,1.0,0.375,,
0.34444444444444444,0.4054054054054054,0.06590257879656158,0.16666666666666663,0.06349206349206349,,0.5,0.5374999999999996,0.5166666666666666,0.32894736842105265
0.13333333333333328,0.3783783783783784,0.040114613180515755,0.19047619047619047,0.5396825396825395,0.6451612903225806,0.5,0.4499999999999993,0.2916666666666667,0.381578947368421
0.5944444444444444,0.44594594594594594,0.01719197707736389,0.24404761904761907,0.10317460317460317,0.4580645161290322,0.5,,0.2791666666666666,0.605263157894737
0.37777777777777777,0.35135135135135137,,0.2738095238095238,,0.7290322580645161,0.7499999999999858,0.5874999999999999,,0.21052631578947345
0.32777777777777783,0.2027027027027027,0.014326647564469906,0.10714285714285714,0.10317460317460317,0.3096774193548387,0.2499999999999858,0.6499999999999995,0.22500000000000003,0.5921052631578945
0.09444444444444441,0.36486486486486486,0.6733524355300858,0.24999999999999994,0.2380952380952381,0.535483870967742,0.7499999999999858,0.19999999999999973,0.26666666666666666,0.11842105263157876
0.27222222222222214,0.44594594594594594,0.5042979942693409,0.2976190476190476,0.4841269841269841,0.5032258064516129,0.7499999999999858,0.41249999999999964,0.425,0.3421052631578947
0.7555555555555555,0.21621621621621623,0.08595988538681948,0.15476190476190477,0.33333333333333337,0.5032258064516129,0.0,0.5374999999999996,0.39999999999999997,0.9078947368421051
0.3111111111111111,0.5270270270270271,0.025787965616045842,0.11904761904761903,0.47619047619047616,0.5870967741935483,0.0,0.3999999999999999,0.5458333333333332,0.8552631578947365
0.0,0.39189189189189183,0.014326647564469906,0.14880952380952384,0.4444444444444444,0.5548387096774193,0.5,0.49999999999999956,0.425,
0.25555555555555554,0.33783783783783783,0.025787965616045842,0.1130952380952381,0.3492063492063492,0.40645161290322573,0.2499999999999858,0.6499999999999995,0.2791666666666666,0.5394736842105261
0.19999999999999998,0.35135135135135137,0.3667621776504298,0.09523809523809525,0.2222222222222222,0.43870967741935485,0.5,,0.2375,0.5921052631578945
0.5222222222222223,0.22972972972972974,0.5530085959885386,0.13690476190476192,0.6031746031746031,0.7548387096774193,0.7499999999999858,0.3999999999999999,0.3458333333333334,0.23684210526315774
0.16666666666666666,0.5,0.2464183381088825,0.09523809523809525,0.23015873015873015,0.3741935483870968,0.5,0.7374999999999994,0.3458333333333334,0.7368421052631577
0.5055555555555555,0.7297297297297297,0.025787965616045842,,0.33333333333333337,0.5225806451612903,0.5,0.43749999999999956,,0.17105263157894712
0.4,0.43243243243243246,0.6790830945558738,0.27976190476190477,0.6349206349206348,0.9290322580645161,0.7499999999999858,,0.43749999999999994,0.4210526315789471
0.43333333333333346,0.5270270270270271,0.07163323782234957,0.23809523809523808,0.2380952380952381,0.6322580645161291,0.5,0.5374999999999996,0.4124999999999999,0.5394736842105261
0.19999999999999998,0.3108108108108108,,,0.365079365079365,0.46451612903225803,,0.3999999999999999,0.30416666666666664,0.1315789473684208
0.4,0.3783783783783784,0.025787965616045842,0.14285714285714285,0.25396825396825395,0.4258064516129032,,0.6124999999999998,0.45,0.4473684210526314
0.27222222222222214,0.2972972972972973,0.19770773638968478,0.1607142857142857,0.2222222222222222,0.5161290322580645,0.5,0.6374999999999997,0.1166666666666667,0.368421052631579
0.36111111111111116,0.7027027027027027,0.040114613180515755,0.10714285714285714,0.03174603174603175,0.21935483870967737,0.5,0.38749999999999973,0.26666666666666666,0.4210526315789471
0.36111111111111116,0.43243243243243246,0.01719197707736389,0.07142857142857144,0.1904761904761905,0.6709677419354839,0.5,0.3624999999999998,0.4124999999999999,
0.25555555555555554,0.28378378378378377,0.031518624641833796,0.20833333333333331,0.19841269841269843,0.4193548387096774,0.5,0.6499999999999995,,0.5263157894736841
0.2388888888888889,0.2972972972972973,,0.1964285714285714,0.25396825396825395,0.3032258064516129,,0.1499999999999999,0.17083333333333328,
0.4,0.3783783783783784,0.24355300859598852,0.03571428571428571,0.4126984126984127,0.39999999999999997,0.2499999999999858,,0.1166666666666667,
0.11111111111111113,0.48648648648648646,0.33810888252148996,0.10119047619047618,0.4444444444444444,0.432258064516129,0.5,0.4624999999999999,0.2375,0.7631578947368418
0.32777777777777783,0.4594594594594595,0.5186246418338109,0.1130952380952381,0.33333333333333337,0.7161290322580645,0.7499999999999858,,0.3166666666666667,0.4473684210526314
0.27222222222222214,0.6891891891891891,0.08309455587392547,0.21428571428571425,0.25396825396825395,0.6387096774193548,0.5,0.2999999999999998,0.35833333333333334,0.5526315789473684
0.09444444444444441,0.44594594594594594,0.031518624641833796,0.13690476190476192,0.14285714285714285,0.3741935483870968,0.5,0.4624999999999999,0.25000000000000006,0.2894736842105261
0.15,0.5270270270270271,0.008595988538681945,0.13095238095238093,0.12698412698412698,0.25806451612903225,0.2499999999999858,,0.2,0.868421052631579
0.19999999999999998,0.43243243243243246,0.4383954154727793,0.20238095238095238,0.6428571428571428,,0.7499999999999858,0.43749999999999956,0.39999999999999997,0.26315789473684204
0.15,,0.014326647564469906,0.06547619047619048,0.2936507936507936,0.40645161290322573,0.2499999999999858,0.43749999999999956,0.2,0.5921052631578945
0.3111111111111111,,0.10601719197707735,0.17857142857142855,0.23015873015873015,0.45161290322580644,0.5,0.3624999999999998,0.26666666666666666,0.1052631578947365
0.37777777777777777,0.24324324324324323,0.30659025787965616,0.19047619047619047,0.73015873015873,,0.5,0.4624999999999999,0.2375,0.1578947368421051
0.3111111111111111,0.2972972972972973,,0.17857142857142855,0.5158730158730158,0.6,0.5,0.5625,0.26666666666666666,
0.2388888888888889,0.36486486486486486,0.04584527220630371,0.25595238095238093,0.5238095238095237,0.7741935483870968,,0.5625,0.35833333333333334,0.48684210526315774
0.5055555555555555,0.3783783783783784,0.3839541547277937,0.15476190476190477,,0.34838709677419355,0.5,0.38749999999999973,0.15833333333333338,0.7105263157894737
0.44999999999999996,0.7837837837837837,,0.20833333333333331,0.4206349206349207,0.45161290322580644,,0.47499999999999964,0.3708333333333333,0.17105263157894712
0.32777777777777783,0.44594594594594594,0.002865329512893984,0.19047619047619047,0.1904761904761905,,0.2499999999999858,0.5499999999999994,0.35833333333333334,0.5921052631578945
0.15,0.4054054054054054,0.5501432664756446,0.2738095238095238,0.492063492063492,0.9419354838709677,0.7499999999999858,0.4624999999999999,0.3458333333333334,0.18421052631578938
0.37777777777777777,0.6621621621621622,0.040114613180515755,0.11904761904761903,0.4444444444444444,0.4258064516129032,0.2499999999999858,0.38749999999999973,0.30416666666666664,0.7894736842105263
0.3111111111111111,,0.040114613180515755,,,0.41290322580645156,0.5,0.41249999999999964,0.1833333333333333,0.21052631578947345
0.18333333333333338,0.4054054054054054,0.3610315186246418,0.15476190476190477,,0.5032258064516129,0.5,0.49999999999999956,0.21249999999999997,0.4473684210526314
0.11111111111111113,1.0,0.1289398280802292,0.24999999999999994,0.2857142857142857,0.5032258064516129,0.5,,0.22500000000000003,0.7631578947368418
0.15,0.35135135135135137,0.5300859598853868,0.23809523809523808,0.5079365079365079,0.5870967741935483,0.7499999999999858,0.6499999999999995,,0.1578947368421051
0.15,0.33783783783783783,0.025787965616045842,0.25595238095238093,,0.41290322580645156,0.5,0.8999999999999999,,0.43421052631578916
0.13333333333333328,,0.5644699140401146,,0.738095238095238,0.6580645161290323,1.0,0.7749999999999995,0.15833333333333338,0.18421052631578938
0.27222222222222214,0.6621621621621622,0.10888252148997132,0.09523809523809525,0.26984126984126977,0.3290322580645161,0.5,0.3500000000000001,0.1166666666666667,
0.07777777777777775,,0.031518624641833796,0.11904761904761903,0.15873015873015872,0.4774193548387097,,0.3500000000000001,0.22500000000000003,0.39473684210526305
0.15,0.28378378378378377,0.005730659025787961,0.13690476190476192,,0.6387096774193548,0.5,0.6875,0.25000000000000006,0.0
0.0,0.39189189189189183,0.014326647564469906,0.14880952380952384,0.4444444444444444,0.5548387096774193,0.5,0.49999999999999956,0.425,0.4736842105263155
,0.36486486486486486,0.34670487106017195,0.2976190476190476,0.611111111111111,,0.5,0.4874999999999998,0.17083333333333328,
0.13333333333333328,0.6216216216216216,0.025787965616045842,0.34523809523809523,0.365079365079365,0.6451612903225806,0.5,0.7124999999999999,0.2916666666666667,0.5394736842105261
,0.2972972972972973,0.25501432664756446,0.29166666666666663,0.4444444444444444,0.6774193548387097,0.5,0.4499999999999993,0.15833333333333338,0.368421052631579
,0.16216216216216214,0.014326647564469906,0.0,0.015873015873015872,0.0,0.5,0.6625000000000001,0.17083333333333328,
0.19999999999999998,0.3108108108108108,0.7564469914040114,0.23214285714285715,0.365079365079365,0.46451612903225803,1.0,0.3999999999999999,0.30416666666666664,0.1315789473684208
0.5055555555555555,0.8378378378378378,0.4670487106017192,0.23214285714285715,,0.7225806451612903,0.7499999999999858,0.4874999999999998,0.35833333333333334,0.11842105263157876
0.22222222222222224,0.5405405405405406,0.30659025787965616,0.24404761904761907,0.10317460317460317,0.2838709677419355,0.7499999999999858,0.375,,0.2894736842105261
0.22222222222222224,,0.25501432664756446,0.15476190476190477,0.15873015873015872,0.32258064516129026,0.5,0.41249999999999964,0.7333333333333332,0.644736842105263
0.27222222222222214,0.5270270270270271,0.025787965616045842,0.04761904761904763,0.10317460317460317,0.23870967741935484,0.2499999999999858,0.5874999999999999,0.6916666666666667,
0.16666666666666666,0.4054054054054054,0.24355300859598852,0.1607142857142857,0.3015873015873015,0.47096774193548385,0.5,0.5749999999999997,0.3708333333333333,0.48684210526315774
0.55,0.17567567567567569,0.025787965616045842,0.18452380952380953,0.09523809523809523,0.23225806451612901,0.5,0.6374999999999997,0.38333333333333325,0.43421052631578916
0.6444444444444445,,0.5587392550143266,,0.4206349206349207,0.9032258064516129,,0.26249999999999973,0.3708333333333333,0.21052631578947345
0.34444444444444444,0.21621621621621623,0.15472779369627507,0.10714285714285714,0.365079365079365,0.3870967741935484,0.2499999999999858,0.6499999999999995,0.17083333333333328,0.6578947368421051
0.0,0.39189189189189183,0.014326647564469906,0.14880952380952384,0.4444444444444444,0.5548387096774193,0.5,0.49999999999999956,0.425,0.4736842105263155
0.09444444444444441,0.33783783783783783,0.41260744985673353,0.24404761904761907,0.6031746031746031,0.5419354838709678,0.5,0.4874999999999998,0.2,0.3421052631578947
0.18333333333333338,0.39189189189189183,0.03724928366762178,0.14285714285714285,0.2857142857142857,0.46451612903225803,0.5,0.6499999999999995,0.35833333333333334,0.5263157894736841
0.09444444444444441,,0.5358166189111747,0.14880952380952384,0.16666666666666666,0.6258064516129033,0.7499999999999858,0.17499999999999982,0.17083333333333328,0.17105263157894712
0.13333333333333328,0.4054054054054054,,0.3333333333333333,0.1746031746031746,0.6903225806451612,0.7499999999999858,0.2999999999999998,0.38333333333333325,0.17105263157894712
0.15,0.8108108108108107,0.1461318051575931,0.1607142857142857,0.03968253968253968,0.4774193548387097,0.5,0.21249999999999947,0.4791666666666666,0.4210526315789471
0.41666666666666674,0.5945945945945946,0.15472779369627507,0.23214285714285715,0.5158730158730158,0.5741935483870967,0.2499999999999858,0.31249999999999956,0.7041666666666666,0.7499999999999998
,0.2972972972972973,0.04584527220630371,0.14285714285714285,0.31746031746031744,0.45161290322580644,0.2499999999999858,0.6999999999999997,0.2791666666666666,0.8026315789473684
0.32777777777777783,,0.025787965616045842,,0.5238095238095237,0.5935483870967742,0.5,0.3999999999999999,0.3458333333333334,0.17105263157894712
,0.08108108108108107,0.27507163323782235,0.1964285714285714,0.07142857142857142,0.31612903225806455,0.5,0.7999999999999998,0.2791666666666666,0.381578947368421
,0.44594594594594594,0.4269340974212035,0.33928571428571425,0.6428571428571428,0.5290322580645161,0.5,0.1499999999999999,0.2375,0.18421052631578938
0.2388888888888889,0.24324324324324323,0.2693409742120344,0.22619047619047616,0.32539682539682535,0.6451612903225806,0.7499999999999858,0.5374999999999996,0.43749999999999994,
,0.48648648648648646,0.27507163323782235,0.2857142857142857,0.4444444444444444,,0.7499999999999858,0.8499999999999996,0.5458333333333332,0.381578947368421
0.688888888888889,0.2972972972972973,0.04584527220630371,0.22619047619047616,0.3015873015873015,0.5548387096774193,0.5,0.7499999999999996,0.4124999999999999,0.4210526315789471
0.15,0.581081081081081,,0.21428571428571425,0.5396825396825395,0.6193548387096774,0.7499999999999858,,,
,0.4054054054054054,0.10028653295128936,0.15476190476190477,0.2936507936507936,0.4903225806451612,0.2499999999999858,0.6499999999999995,0.22500000000000003,0.894736842105263
0.48888888888888893,0.4594594594594595,0.34383954154727797,0.26190476190476186,0.4444444444444444,0.6774193548387097,0.7499999999999858,0.43749999999999956,0.38333333333333325,0.21052631578947345
0.43333333333333346,0.39189189189189183,0.6217765042979941,0.20833333333333331,0.5476190476190476,0.7161290322580645,,0.49999999999999956,0.46666666666666673,0.1578947368421051
0.41666666666666674,0.6621621621621622,0.29799426934097417,0.26190476190476186,0.2936507936507936,0.5806451612903225,0.7499999999999858,0.49999999999999956,,0.381578947368421
0.06111111111111109,0.4729729729729729,0.025787965616045842,0.17857142857142855,0.23015873015873015,,0.5,0.2749999999999999,0.6000000000000001,0.4210526315789471
0.2388888888888889,0.5135135135135135,0.32951289398280803,0.1964285714285714,0.5714285714285714,0.7612903225806451,0.5,0.5499999999999994,0.30416666666666664,0.21052631578947345
0.25555555555555554,0.5540540540540541,0.04584527220630371,0.1607142857142857,,,0.2499999999999858,0.6374999999999997,0.21249999999999997,0.7368421052631577
0.13333333333333328,0.43243243243243246,0.2922636103151862,0.23214285714285715,0.15873015873015872,0.4258064516129032,0.5,0.7749999999999995,0.2791666666666666,0.4210526315789471
0.19999999999999998,0.3783783783783784,0.5128939828080228,0.29166666666666663,,0.5677419354838709,0.7499999999999858,0.2999999999999998,0.09166666666666667,0.21052631578947345
0.2388888888888889,0.5405405405405406,0.7822349570200572,0.24404761904761907,0.5079365079365079,0.7483870967741935,,0.6875,0.25000000000000006,0.27631578947368407
0.44999999999999996,0.5945945945945946,0.34383954154727797,,0.26984126984126977,,0.5,0.4499999999999993,0.26666666666666666,0.381578947368421
,0.33783783783783783,,0.13690476190476192,0.2936507936507936,0.4451612903225806,0.0,0.3999999999999999,0.26666666666666666,0.9078947368421051
0.27222222222222214,0.5675675675675675,0.4068767908309456,0.20833333333333331,0.2936507936507936,0.5548387096774193,0.5,,0.3166666666666667,0.18421052631578938
0.27222222222222214,0.4189189189189189,0.07163323782234957,0.20238095238095238,0.5873015873015872,0.7225806451612903,0.5,0.7749999999999995,0.6000000000000001,0.4473684210526314
0.43333333333333346,0.5270270270270271,0.002865329512893984,0.1964285714285714,0.1349206349206349,0.21935483870967737,0.5,0.26249999999999973,0.06666666666666671,0.4210526315789471
0.36111111111111116,0.12162162162162161,0.025787965616045842,0.18452380952380953,0.5714285714285714,0.5806451612903225,0.5,0.5124999999999997,0.30416666666666664,0.3421052631578947
0.44999999999999996,0.43243243243243246,0.4441260744985673,0.21428571428571425,0.3492063492063492,0.535483870967742,0.5,0.3999999999999999,0.13333333333333336,
0.09444444444444441,0.4054054054054054,0.2693409742120344,0.20238095238095238,0.4285714285714285,0.6129032258064516,0.5,,,0.4473684210526314
0.13333333333333328,0.6216216216216216,0.5873925501432664,,0.38095238095238093,0.46451612903225803,0.7499999999999858,,0.35833333333333334,0.3421052631578947
0.22222222222222224,0.43243243243243246,,0.30357142857142855,0.47619047619047616,0.7548387096774193,0.5,0.5124999999999997,0.22500000000000003,0.32894736842105265
0.3111111111111111,0.5135135135135135,0.05444126074498567,0.26190476190476186,0.2222222222222222,0.6258064516129033,0.2499999999999858,0.4499999999999993,0.38333333333333325,0.5394736842105261
0.09444444444444441,0.48648648648648646,0.03724928366762178,0.1964285714285714,0.1111111111111111,0.21935483870967737,0.5,0.5499999999999994,0.4124999999999999,0.48684210526315774
0.32777777777777783,0.5945945945945946,0.1289398280802292,,0.7698412698412698,0.7419354838709677,0.5,0.31249999999999956,0.2,0.18421052631578938
0.2388888888888889,,0.22922636103151864,,0.2380952380952381,0.47096774193548385,0.5,0.31249999999999956,,0.43421052631578916
,0.4054054054054054,0.2464183381088825,0.18452380952380953,0.492063492063492,0.5548387096774193,0.2499999999999858,0.49999999999999956,0.04999999999999999,0.9736842105263157
,0.44594594594594594,0.12320916905444126,0.1607142857142857,0.365079365079365,0.6193548387096774,0.2499999999999858,0.49999999999999956,0.1833333333333333,0.7631578947368418
0.41666666666666674,0.3783783783783784,0.6361031518624641,0.23214285714285715,0.492063492063492,0.8064516129032259,0.7499999999999858,,0.30416666666666664,0.26315789473684204
,0.39189189189189183,0.0630372492836676,0.15476190476190477,0.2380952380952381,0.3870967741935484,0.2499999999999858,0.375,0.2791666666666666,0.6578947368421051
0.18333333333333338,0.5135135135135135,,0.08928571428571429,0.39682539682539686,0.39999999999999997,0.5,0.5874999999999999,0.22500000000000003,0.5394736842105261
0.2388888888888889,0.25675675675675674,0.19197707736389683,0.20238095238095238,0.15873015873015872,0.3870967741935484,0.5,,0.45,0.3421052631578947
0.13333333333333328,0.4054054054054054,0.014326647564469906,0.13690476190476192,,0.19999999999999998,0.2499999999999858,0.3374999999999999,0.3708333333333333,0.5263157894736841
0.18333333333333338,0.28378378378378377,0.19770773638968478,,0.19841269841269843,0.40645161290322573,0.5,0.38749999999999973,0.30416666666666664,0.27631578947368407
0.19999999999999998,0.43243243243243246,0.03724928366762178,0.21428571428571425,0.39682539682539686,0.47096774193548385,0.5,0.28749999999999964,0.2791666666666666,0.43421052631578916
0.2388888888888889,0.39189189189189183,0.4269340974212035,0.24999999999999994,0.19841269841269843,0.40645161290322573,0.5,0.4499999999999993,0.15833333333333338,0.26315789473684204
,0.2972972972972973,0.36962750716332377,0.14285714285714285,0.26190476190476186,0.5290322580645161,0.7499999999999858,0.5374999999999996,,0.18421052631578938
0.25555555555555554,0.6486486486486486,0.0630372492836676,0.1964285714285714,0.26984126984126977,0.6580645161290323,0.7499999999999858,0.5124999999999997,0.4791666666666666,0.2894736842105261
0.15,0.3783783783783784,0.025787965616045842,0.22619047619047616,0.2063492063492063,0.3419354838709677,0.2499999999999858,,0.3708333333333333,
0.044444444444444425,0.39189189189189183,0.5988538681948424,0.29166666666666663,0.32539682539682535,0.36129032258064514,0.7499999999999858,0.49999999999999956,0.21249999999999997,0.23684210526315774
0.22222222222222224,0.3243243243243243,0.6131805157593122,0.2738095238095238,0.1746031746031746,0.36129032258064514,0.7499999999999858,0.49999999999999956,0.35833333333333334,0.27631578947368407
0.15,0.4729729729729729,0.040114613180515755,0.15476190476190477,0.32539682539682535,0.3870967741935484,0.5,0.5499999999999994,0.4124999999999999,0.48684210526315774
0.37777777777777777,0.35135135135135137,0.5272206303724928,0.20833333333333331,0.23015873015873015,0.8387096774193549,0.5,0.43749999999999956,0.46666666666666673,0.32894736842105265
,0.5540540540540541,0.0630372492836676,0.24404761904761907,0.2857142857142857,0.432258064516129,0.5,0.26249999999999973,0.2791666666666666,0.3421052631578947
0.37777777777777777,0.43243243243243246,0.1833810888252149,0.19047619047619047,0.39682539682539686,0.7548387096774193,0.5,0.5499999999999994,0.4124999999999999,
0.19999999999999998,0.5,0.6590257879656161,0.25595238095238093,,0.7225806451612903,1.0,0.7499999999999996,,0.2236842105263157
,0.0,0.031518624641833796,0.35119047619047616,0.06349206349206349,0.39999999999999997,0.5,0.9999999999999996,0.22500000000000003,0.2894736842105261
0.09444444444444441,0.4054054054054054,,0.29166666666666663,0.32539682539682535,0.6774193548387097,0.7499999999999858,0.19999999999999973,0.2791666666666666,0.11842105263157876
0.09444444444444441,0.5945945945945946,0.025787965616045842,0.20238095238095238,0.2380952380952381,0.4258064516129032,0.5,0.43749999999999956,,0.39473684210526305
0.11111111111111113,0.5135135135135135,0.031518624641833796,0.13095238095238093,0.26984126984126977,0.43870967741935485,,0.5874999999999999,0.425,0.5921052631578945
0.0222222222222222,0.39189189189189183,0.43553008595988535,0.17857142857142855,0.4126984126984127,0.3741935483870968,0.5,0.5124999999999997,0.2,0.3157894736842104
0.2388888888888889,0.5,0.3037249283667622,0.20238095238095238,0.6031746031746031,0.7612903225806451,0.5,0.5374999999999996,0.35833333333333334,0.23684210526315774
0.13333333333333328,0.6081081081081081,0.163323782234957,0.22619047619047616,0.5793650793650793,0.6709677419354839,0.5,0.4499999999999993,0.5166666666666666,0.5526315789473684
0.41666666666666674,0.25675675675675674,0.22922636103151864,0.19047619047619047,0.2063492063492063,0.5806451612903225,0.5,0.47499999999999964,0.5333333333333332,0.32894736842105265
0.34444444444444444,0.44594594594594594,0.5501432664756446,0.19047619047619047,0.611111111111111,0.6774193548387097,0.7499999999999858,0.41249999999999964,0.43749999999999994,0.3157894736842104
0.18333333333333338,0.43243243243243246,0.002865329512893984,0.16666666666666663,0.38095238095238093,0.4774193548387097,0.2499999999999858,0.5749999999999997,0.30416666666666664,0.4473684210526314
0.22222222222222224,0.33783783783783783,0.7564469914040114,0.22619047619047616,0.1349206349206349,0.4258064516129032,0.7499999999999858,0.47499999999999964,0.25000000000000006,0.21052631578947345
0.32777777777777783,0.4054054054054054,0.014326647564469906,0.05952380952380952,0.1904761904761905,0.4258064516129032,0.0,0.6875,0.2,0.8421052631578945
0.37777777777777777,0.33783783783783783,0.040114613180515755,0.14285714285714285,0.365079365079365,0.5419354838709678,0.5,0.8374999999999995,0.35833333333333334,0.48684210526315774
0.41666666666666674,0.33783783783783783,0.1833810888252149,0.16666666666666663,0.14285714285714285,0.4774193548387097,0.5,0.6999999999999997,0.6375,
,0.6216216216216216,,0.22619047619047616,0.33333333333333337,0.7483870967741935,0.7499999999999858,0.3374999999999999,0.3458333333333334,0.381578947368421
0.07777777777777775,0.39189189189189183,0.02292263610315185,0.10714285714285714,0.07936507936507936,0.23225806451612901,0.5,0.6999999999999997,0.21249999999999997,0.368421052631579
0.06111111111111109,0.4054054054054054,,0.21428571428571425,0.25396825396825395,0.40645161290322573,0.5,,0.2916666666666667,0.2236842105263157
0.34444444444444444,0.2972972972972973,,,,0.7741935483870968,0.7499999999999858,0.3999999999999999,0.22500000000000003,0.2236842105263157
0.11111111111111113,0.5405405405405406,0.6303724928366762,0.23214285714285715,0.47619047619047616,0.6258064516129033,1.0,0.6875,,0.18421052631578938
0.28888888888888886,0.581081081081081,0.30659025787965616,0.24404761904761907,0.6666666666666666,1.0,0.5,0.4499999999999993,0.3166666666666667,0.17105263157894712
0.5944444444444444,0.6621621621621622,0.3151862464183381,0.21428571428571425,0.14285714285714285,0.6838709677419353,0.5,0.43749999999999956,0.1833333333333333,0.11842105263157876
0.25555555555555554,0.39189189189189183,0.30659025787965616,0.24404761904761907,0.38095238095238093,0.6322580645161291,0.7499999999999858,0.7874999999999992,0.2,0.27631578947368407
0.22222222222222224,0.48648648648648646,0.031518624641833796,0.1130952380952381,,0.4774193548387097,0.2499999999999858,0.5749999999999997,,0.7105263157894737
0.18333333333333338,0.4594594594594595,0.5071633237822348,0.17857142857142855,,0.5548387096774193,0.5,0.3374999999999999,0.10416666666666669,0.39473684210526305
0.6277777777777778,0.24324324324324323,0.1146131805157593,0.27976190476190477,0.16666666666666666,0.5677419354838709,0.5,0.4499999999999993,0.3708333333333333,0.48684210526315774
0.19999999999999998,0.25675675675675674,0.014326647564469906,,0.3571428571428571,0.7741935483870968,0.5,0.3624999999999998,0.35833333333333334,0.26315789473684204
0.22222222222222224,0.6216216216216216,0.008595988538681945,0.27976190476190477,0.07142857142857142,0.264516129032258,0.5,0.25,0.3458333333333334,0.18421052631578938
0.22222222222222224,0.36486486486486486,0.41260744985673353,0.2857142857142857,,0.5290322580645161,0.5,0.4874999999999998,0.22500000000000003,0.381578947368421
0.07777777777777775,0.6351351351351351,0.48424068767908307,0.14880952380952384,0.492063492063492,0.5032258064516129,0.5,0.3500000000000001,0.14583333333333337,0.43421052631578916
0.0222222222222222,0.44594594594594594,0.09455587392550141,0.20833333333333331,0.19841269841269843,0.27096774193548384,0.2499999999999858,0.49999999999999956,0.1166666666666667,0.8552631578947365
0.2388888888888889,,0.08595988538681948,0.23214285714285715,,,0.5,0.6499999999999995,0.46666666666666673,0.2894736842105261
,0.43243243243243246,0.20057306590257876,,0.16666666666666666,0.39999999999999997,0.5,0.5749999999999997,0.2916666666666667,0.4736842105263155
0.2388888888888889,0.7432432432432433,0.335243553008596,0.18452380952380953,0.6825396825396824,,0.5,0.5749999999999997,0.35833333333333334,0.21052631578947345
0.16666666666666666,0.5135135135135135,,0.2857142857142857,,0.6838709677419353,1.0,0.6875,0.7833333333333332,0.1578947368421051
0.36111111111111116,0.5135135135135135,0.4441260744985673,0.11904761904761903,0.5396825396825395,0.5548387096774193,0.5,0.6875,0.30416666666666664,0.644736842105263
0.5055555555555555,0.4189189189189189,0.6217765042979941,,0.26984126984126977,0.6516129032258065,1.0,0.49999999999999956,0.4124999999999999,0.18421052631578938
0.19999999999999998,0.3243243243243243,0.17478510028653294,0.20833333333333331,,0.6387096774193548,0.5,0.2999999999999998,0.06666666666666671,0.605263157894737
0.13333333333333328,0.4054054054054054,0.008595988538681945,0.11904761904761903,0.2222222222222222,0.27096774193548384,0.2499999999999858,0.5625,0.38333333333333325,0.5789473684210524
0.32777777777777783,,0.10028653295128936,0.26190476190476186,0.47619047619047616,0.5806451612903225,0.5,0.6374999999999997,0.6916666666666667,0.3421052631578947
0.11111111111111113,0.44594594594594594,0.23782234957020051,0.15476190476190477,0.2936507936507936,0.432258064516129,0.5,,0.46666666666666673,0.368421052631579
0.18333333333333338,0.36486486486486486,0.7936962750716331,0.1964285714285714,0.4126984126984127,0.5806451612903225,,,0.17083333333333328,0.11842105263157876
0.25555555555555554,0.3783783783783784,0.6217765042979941,0.2857142857142857,0.5555555555555555,0.8387096774193549,,0.4499999999999993,0.2,0.17105263157894712
,0.3108108108108108,0.2664756446991404,0.14285714285714285,0.03968253968253968,0.6322580645161291,,0.3624999999999998,0.3333333333333333,0.5526315789473684
0.36111111111111116,0.3783783783783784,0.031518624641833796,,0.10317460317460317,0.46451612903225803,0.5,0.6625000000000001,0.3708333333333333,0.4210526315789471
0.4666666666666667,0.2972972972972973,0.34383954154727797,0.08333333333333333,0.3571428571428571,0.8838709677419354,0.7499999999999858,0.6749999999999998,0.49166666666666664,0.27631578947368407
0.13333333333333328,0.2972972972972973,,0.1607142857142857,0.07936507936507936,0.32258064516129026,0.5,0.8124999999999996,0.2791666666666666,0.7368421052631577
0.27222222222222214,,0.2148997134670487,0.08333333333333333,0.3015873015873015,0.40645161290322573,0.2499999999999858,0.375,0.13333333333333336,0.8026315789473684
0.28888888888888886,0.35135135135135137,0.12320916905444126,,0.25396825396825395,0.25161290322580643,0.2499999999999858,0.41249999999999964,0.2,0.605263157894737
0.11111111111111113,0.4594594594594595,,0.5297619047619048,0.4206349206349207,0.535483870967742,,0.5874999999999999,0.3458333333333334,0.27631578947368407
0.41666666666666674,0.4594594594594595,0.5415472779369627,0.23809523809523808,0.047619047619047616,0.12903225806451613,0.5,0.5124999999999997,0.22500000000000003,0.644736842105263
0.18333333333333338,0.3243243243243243,0.06876790830945559,0.23214285714285715,0.611111111111111,0.7677419354838709,0.5,,0.6499999999999999,0.368421052631579
0.788888888888889,,0.335243553008596,0.08928571428571429,0.12698412698412698,0.25806451612903225,0.5,0.25,0.17083333333333328,0.6578947368421051
0.13333333333333328,0.5,0.01719197707736389,0.24404761904761907,0.03968253968253968,0.36129032258064514,0.5,0.49999999999999956,0.38333333333333325,0.368421052631579
0.41666666666666674,0.5405405405405406,0.335243553008596,0.22619047619047616,,0.6838709677419353,0.5,0.47499999999999964,0.35833333333333334,0.26315789473684204
0.36111111111111116,0.6756756756756757,,0.29166666666666663,0.6984126984126984,0.7935483870967742,0.7499999999999858,0.31249999999999956,0.3166666666666667,0.21052631578947345
0.27222222222222214,0.39189189189189183,0.008595988538681945,0.13095238095238093,0.26190476190476186,0.36774193548387096,,0.7374999999999994,0.2791666666666666,0.7499999999999998
0.06666666666666668,0.6621621621621622,0.20916905444126072,0.23809523809523808,,0.6580645161290323,0.5,,0.2791666666666666,0.48684210526315774
0.43333333333333346,0.7162162162162162,0.4269340974212035,0.2738095238095238,0.365079365079365,0.6064516129032258,0.7499999999999858,0.38749999999999973,0.22500000000000003,0.23684210526315774
0.538888888888889,0.2972972972972973,0.1833810888252149,0.26190476190476186,0.492063492063492,0.5677419354838709,0.5,0.4624999999999999,0.5166666666666666,0.21052631578947345
0.22222222222222224,0.33783783783783783,0.025787965616045842,0.24404761904761907,0.4285714285714285,0.5612903225806452,0.5,0.7749999999999995,0.4124999999999999,0.381578947368421
0.32777777777777783,0.33783783783783783,0.4498567335243553,0.17857142857142855,0.31746031746031744,0.47096774193548385,0.5,0.6499999999999995,0.14583333333333337,0.368421052631579
0.13333333333333328,0.4054054054054054,0.01719197707736389,,0.492063492063492,0.8129032258064516,0.5,,0.2,0.2236842105263157
,0.3108108108108108,0.4040114613180516,0.08928571428571429,0.25396825396825395,0.46451612903225803,0.5,0.49999999999999956,0.39999999999999997,0.7368421052631577
0.005555555555555536,0.4594594594594595,0.6074498567335243,0.18452380952380953,0.4126984126984127,0.4451612903225806,,0.38749999999999973,0.4791666666666666,0.5263157894736841
0.6277777777777778,0.35135135135135137,0.2521489971346705,,0.492063492063492,0.6387096774193548,0.5,0.4624999999999999,0.3166666666666667,0.3421052631578947
0.8055555555555556,0.35135135135135137,0.4613180515759312,0.3214285714285714,0.5555555555555555,0.7870967741935484,0.7499999999999858,0.5499999999999994,0.2791666666666666,0.23684210526315774
0.22222222222222224,0.4189189189189189,0.16905444126074495,0.22619047619047616,0.4206349206349207,0.4903225806451612,0.5,0.6499999999999995,0.5458333333333332,0.48684210526315774
,,,0.30952380952380953,0.31746031746031744,0.7161290322580645,1.0,0.5999999999999996,,0.17105263157894712
0.5944444444444444,0.3243243243243243,0.5186246418338109,0.29166666666666663,,0.8580645161290321,0.7499999999999858,0.3624999999999998,0.35833333333333334,0.26315789473684204
0.19999999999999998,,0.08595988538681948,0.20833333333333331,0.4206349206349207,0.5741935483870967,0.2499999999999858,0.6499999999999995,0.2375,0.7368421052631577
,0.3243243243243243,0.04584527220630371,0.23214285714285715,0.2857142857142857,0.34838709677419355,0.5,,0.26666666666666666,0.32894736842105265
0.07777777777777775,0.5675675675675675,0.040114613180515755,0.21428571428571425,0.492063492063492,,0.5,0.2999999999999998,0.49166666666666664,0.4210526315789471
0.18333333333333338,0.5,0.10888252148997132,0.05357142857142856,,,0.2499999999999858,0.7499999999999996,0.3166666666666667,0.6973684210526316
0.16666666666666666,0.5405405405405406,0.0487106017191977,0.011904761904761904,0.1904761904761905,0.3741935483870968,0.2499999999999858,,0.425,0.7105263157894737
0.28888888888888886,0.5405405405405406,0.01719197707736389,0.4285714285714286,0.4206349206349207,0.4903225806451612,0.5,0.6625000000000001,0.3166666666666667,0.368421052631579
0.27222222222222214,,0.48424068767908307,0.10714285714285714,0.2380952380952381,0.3548387096774193,0.5,0.5625,0.3458333333333334,0.43421052631578916
0.16666666666666666,0.4054054054054054,0.002865329512893984,0.04166666666666667,0.015873015873015872,0.07741935483870967,0.2499999999999858,0.5374999999999996,0.17083333333333328,0.6973684210526316
0.25555555555555554,0.5,0.5816618911174785,0.3214285714285714,0.5238095238095237,0.7806451612903226,0.7499999999999858,0.2999999999999998,0.2791666666666666,0.18421052631578938
0.25555555555555554,0.6756756756756757,,0.23214285714285715,,,0.5,0.49999999999999956,0.2916666666666667,0.21052631578947345
0.4,0.28378378378378377,0.008595988538681945,0.2738095238095238,0.38888888888888884,0.5935483870967742,0.5,0.4499999999999993,0.2916666666666667,0.23684210526315774
0.25555555555555554,0.5,0.08309455587392547,0.24999999999999994,,0.5225806451612903,0.5,0.3500000000000001,0.39999999999999997,0.5526315789473684
0.16666666666666666,0.5945945945945946,0.008595988538681945,0.2976190476190476,0.23015873015873015,0.432258064516129,0.5,0.3999999999999999,0.1166666666666667,0.5526315789473684
0.25555555555555554,0.6621621621621622,0.3753581661891117,0.20833333333333331,0.3015873015873015,,,0.6875,0.3458333333333334,0.3421052631578947
0.27222222222222214,0.4189189189189189,0.1289398280802292,0.08333333333333333,0.2063492063492063,0.3870967741935484,0.2499999999999858,0.2999999999999998,0.3166666666666667,0.7105263157894737
,0.6621621621621622,0.33810888252148996,0.2857142857142857,0.492063492063492,0.7612903225806451,0.7499999999999858,0.8874999999999993,0.46666666666666673,0.2894736842105261
0.28888888888888886,0.3243243243243243,0.01719197707736389,0.20833333333333331,0.1904761904761905,0.3935483870967742,0.5,0.6124999999999998,0.25000000000000006,0.4999999999999998
0.788888888888889,0.1891891891891892,0.34383954154727797,0.13095238095238093,0.3492063492063492,0.6580645161290323,0.5,0.8999999999999999,0.3708333333333333,0.7894736842105263
0.22222222222222224,0.4729729729729729,0.43553008595988535,0.1964285714285714,0.5476190476190476,0.5548387096774193,0.7499999999999858,0.5625,0.3166666666666667,0.21052631578947345
0.44999999999999996,,0.3581661891117478,0.16666666666666663,0.365079365079365,,0.5,0.2999999999999998,0.1166666666666667,0.7631578947368418
0.6833333333333335,0.6621621621621622,,0.20238095238095238,0.2857142857142857,0.5935483870967742,0.5,0.5499999999999994,0.13333333333333336,0.3421052631578947
0.22222222222222224,0.39189189189189183,0.10601719197707735,0.06547619047619048,0.1746031746031746,0.3354838709677419,0.2499999999999858,0.5874999999999999,0.3708333333333333,0.5526315789473684
0.2388888888888889,,0.3610315186246418,0.15476190476190477,0.2857142857142857,0.5935483870967742,0.5,0.5499999999999994,,0.32894736842105265
0.3111111111111111,0.35135135135135137,0.040114613180515755,0.1964285714285714,0.33333333333333337,0.5161290322580645,0.5,0.7874999999999992,0.35833333333333334,0.4736842105263155
0.2388888888888889,0.3783783783783784,0.489971346704871,0.24999999999999994,0.33333333333333337,0.6580645161290323,,0.6499999999999995,0.2916666666666667,0.26315789473684204
0.25555555555555554,0.39189189189189183,0.014326647564469906,0.375,0.38888888888888884,0.4903225806451612,0.5,0.6875,,0.5263157894736841
0.06111111111111109,0.5135135135135135,0.008595988538681945,0.19047619047619047,0.2063492063492063,0.3032258064516129,0.2499999999999858,0.3500000000000001,0.4124999999999999,0.5921052631578945
0.34444444444444444,0.6621621621621622,0.5272206303724928,0.24404761904761907,0.5079365079365079,0.5741935483870967,0.7499999999999858,0.3999999999999999,0.45,0.381578947368421
0.4,0.5945945945945946,,0.2857142857142857,0.5238095238095237,0.6580645161290323,0.5,0.41249999999999964,0.3333333333333333,0.27631578947368407
0.16666666666666666,0.36486486486486486,0.4613180515759312,0.16666666666666663,0.2857142857142857,0.5161290322580645,0.5,0.43749999999999956,0.2791666666666666,0.43421052631578916
0.25555555555555554,0.3783783783783784,0.6217765042979941,0.2857142857142857,0.5555555555555555,0.8387096774193549,,0.4499999999999993,0.2,0.17105263157894712
0.4666666666666667,,0.5186246418338109,0.17857142857142855,0.19841269841269843,0.6322580645161291,,0.2999999999999998,,0.2236842105263157
0.16666666666666666,0.581081081081081,,0.2738095238095238,,0.7483870967741935,,0.6124999999999998,0.7458333333333331,0.1315789473684208
0.19999999999999998,0.4189189189189189,,0.10714285714285714,0.4126984126984127,0.5161290322580645,0.5,0.3999999999999999,0.3458333333333334,0.48684210526315774
0.34444444444444444,0.6351351351351351,0.025787965616045842,0.24404761904761907,0.5079365079365079,0.7612903225806451,0.5,,0.2916666666666667,0.26315789473684204
0.22222222222222224,0.918918918918919,0.4670487106017192,0.23214285714285715,0.365079365079365,0.5290322580645161,,0.2999999999999998,0.2,0.1315789473684208
0.6111111111111112,0.8783783783783784,,0.45238095238095233,0.09523809523809523,0.6387096774193548,,,0.3333333333333333,0.23684210526315774
,0.4189189189189189,0.06017191977077364,0.22619047619047616,0.26984126984126977,0.8516129032258064,0.5,0.5625,0.5458333333333332,0.3157894736842104
0.13333333333333328,,,0.2857142857142857,0.31746031746031744,,1.0,0.4499999999999993,0.30416666666666664,0.17105263157894712
0.2388888888888889,0.6081081081081081,0.13753581661891115,0.09523809523809525,0.19841269841269843,0.5032258064516129,0.5,,0.3458333333333334,
0.28888888888888886,0.5,0.002865329512893984,0.08333333333333333,0.09523809523809523,0.16774193548387098,0.0,0.6374999999999997,0.13333333333333336,
0.16666666666666666,0.4189189189189189,0.03724928366762178,0.16666666666666663,0.33333333333333337,0.45161290322580644,0.2499999999999858,0.5874999999999999,0.21249999999999997,0.6973684210526316
,0.5135135135135135,0.3839541547277937,0.30357142857142855,0.6746031746031745,1.0,0.7499999999999858,,0.4124999999999999,0.18421052631578938
0.25555555555555554,,0.8309455587392549,0.16666666666666663,0.4206349206349207,0.6193548387096774,1.0,0.2749999999999999,0.3166666666666667,0.17105263157894712
0.43333333333333346,0.33783783783783783,0.22063037249283665,0.13095238095238093,0.2222222222222222,0.47096774193548385,,0.23749999999999982,,0.39473684210526305
0.09444444444444441,0.9864864864864864,0.008595988538681945,0.8511904761904762,0.5873015873015872,0.6,0.5,0.3999999999999999,0.09166666666666667,0.21052631578947345
0.16666666666666666,0.5405405405405406,0.031518624641833796,0.1607142857142857,0.3492063492063492,0.41290322580645156,0.5,0.8124999999999996,,0.5921052631578945
0.16666666666666666,0.5405405405405406,,0.13095238095238093,0.5158730158730158,0.7096774193548386,0.5,0.5499999999999994,0.04999999999999999,
0.9055555555555557,0.13513513513513514,0.025787965616045842,,0.2380952380952381,0.6193548387096774,0.5,0.5374999999999996,0.3333333333333333,0.2894736842105261
0.37777777777777777,0.8378378378378378,0.4498567335243553,0.15476190476190477,0.5714285714285714,0.6129032258064516,0.7499999999999858,0.4499999999999993,0.2791666666666666,0.1578947368421051
0.19999999999999998,0.43243243243243246,0.0630372492836676,0.10119047619047618,0.3571428571428571,0.34838709677419355,0.2499999999999858,0.5999999999999996,0.4791666666666666,0.6842105263157896
0.3111111111111111,0.44594594594594594,0.01719197707736389,0.17857142857142855,0.14285714285714285,0.3741935483870968,0.2499999999999858,0.38749999999999973,0.21249999999999997,0.644736842105263
0.37777777777777777,0.4054054054054054,0.0487106017191977,0.13690476190476192,0.4126984126984127,0.5677419354838709,0.2499999999999858,,0.25000000000000006,0.8421052631578945
0.044444444444444425,0.2972972972972973,0.5444126074498566,0.30357142857142855,,0.7419354838709677,0.5,0.6625000000000001,0.25000000000000006,0.644736842105263
0.36111111111111116,0.4594594594594595,0.27507163323782235,0.30952380952380953,,0.8774193548387096,0.5,0.6749999999999998,0.43749999999999994,0.39473684210526305
0.22222222222222224,0.6756756756756757,0.4383954154727793,0.20238095238095238,0.6190476190476191,0.5225806451612903,0.5,0.1499999999999999,0.30416666666666664,0.18421052631578938
0.538888888888889,0.8918918918918919,0.4584527220630372,0.25595238095238093,0.7936507936507936,0.7870967741935484,,,0.30416666666666664,0.11842105263157876
0.27222222222222214,0.7837837837837837,0.3237822349570201,0.19047619047619047,,,,0.38749999999999973,0.2,0.17105263157894712
0.43333333333333346,0.48648648648648646,0.03724928366762178,0.16666666666666663,0.09523809523809523,0.4903225806451612,0.5,,0.3333333333333333,0.5263157894736841
0.11111111111111113,0.4594594594594595,0.05444126074498567,,,0.432258064516129,0.2499999999999858,0.5749999999999997,0.2916666666666667,0.8552631578947365
0.4,0.36486486486486486,0.0,,0.10317460317460317,0.7612903225806451,0.5,0.4499999999999993,0.5166666666666666,0.23684210526315774
0.07777777777777775,0.5270270270270271,0.04584527220630371,0.20238095238095238,0.19841269841269843,0.6387096774193548,0.5,,,0.3421052631578947
0.25555555555555554,0.24324324324324323,0.025787965616045842,0.29166666666666663,0.1111111111111111,0.5419354838709678,0.5,0.43749999999999956,0.25000000000000006,0.26315789473684204
0.32777777777777783,0.43243243243243246,0.22922636103151864,0.18452380952380953,0.14285714285714285,0.43870967741935485,0.5,0.3500000000000001,0.46666666666666673,0.5526315789473684
0.2388888888888889,0.4054054054054054,0.01719197707736389,0.1607142857142857,0.09523809523809523,0.36129032258064514,0.2499999999999858,0.26249999999999973,0.17083333333333328,0.7894736842105263
0.2388888888888889,0.4729729729729729,0.01719197707736389,0.16666666666666663,0.2063492063492063,0.6709677419354839,0.2499999999999858,0.41249999999999964,0.3333333333333333,0.4473684210526314
0.4,0.4594594594594595,0.05444126074498567,0.20833333333333331,,0.6903225806451612,0.2499999999999858,0.5874999999999999,0.39999999999999997,
0.2111111111111111,0.3243243243243243,0.41260744985673353,0.27976190476190477,,0.5548387096774193,0.5,0.49999999999999956,0.21249999999999997,0.381578947368421
0.5055555555555555,0.3243243243243243,0.08595988538681948,0.023809523809523808,0.2063492063492063,0.2967741935483871,0.2499999999999858,0.3500000000000001,0.1833333333333333,
0.19999999999999998,0.9729729729729729,0.27507163323782235,0.1964285714285714,0.32539682539682535,0.6774193548387097,0.5,0.4499999999999993,0.17083333333333328,0.21052631578947345
0.22222222222222224,,0.4040114613180516,0.08333333333333333,0.25396825396825395,0.4774193548387097,0.5,,0.2,0.5789473684210524
0.15,0.35135135135135137,0.36962750716332377,0.17857142857142855,0.4206349206349207,,0.5,0.49999999999999956,0.30416666666666664,0.32894736842105265
0.28888888888888886,0.33783783783783783,0.22922636103151864,0.16666666666666663,0.5238095238095237,0.6193548387096774,0.5,0.6124999999999998,0.2,0.23684210526315774
0.044444444444444425,0.36486486486486486,0.08309455587392547,0.14880952380952384,0.31746031746031744,0.2838709677419355,0.5,0.5499999999999994,0.7041666666666666,0.5789473684210524
,0.36486486486486486,0.17478510028653294,0.24999999999999994,0.2222222222222222,0.3741935483870968,0.5,0.3999999999999999,0.3166666666666667,0.26315789473684204
0.41666666666666674,0.3108108108108108,0.2521489971346705,0.17857142857142855,,0.5677419354838709,0.5,0.5124999999999997,0.5583333333333333,0.3421052631578947
0.18333333333333338,0.4594594594594595,0.5071633237822348,0.20238095238095238,0.365079365079365,0.8709677419354838,0.5,0.3999999999999999,0.35833333333333334,0.27631578947368407
0.48888888888888893,0.3108108108108108,0.26074498567335247,,0.16666666666666666,0.3935483870967742,0.5,0.41249999999999964,0.425,
0.34444444444444444,0.5675675675675675,0.30085959885386815,0.08333333333333333,0.5158730158730158,0.7096774193548386,0.5,0.3500000000000001,0.1166666666666667,0.5921052631578945
0.34444444444444444,0.22972972972972974,0.09169054441260743,0.18452380952380953,0.23015873015873015,0.4903225806451612,0.5,0.31249999999999956,0.30416666666666664,0.17105263157894712
0.3111111111111111,0.35135135135135137,0.0487106017191977,,0.10317460317460317,0.32258064516129026,0.5,0.47499999999999964,0.2,0.23684210526315774
0.3111111111111111,0.35135135135135137,0.5358166189111747,0.22619047619047616,0.4841269841269841,,0.7499999999999858,0.41249999999999964,0.38333333333333325,0.17105263157894712
0.19999999999999998,0.6621621621621622,0.13753581661891115,0.1964285714285714,0.25396825396825395,0.40645161290322573,0.5,0.41249999999999964,0.21249999999999997,0.43421052631578916
0.18333333333333338,0.4054054054054054,0.22063037249283665,0.20833333333333331,0.4285714285714285,,,,0.2375,0.4473684210526314
0.36111111111111116,0.4189189189189189,0.005730659025787961,0.05357142857142856,0.5238095238095237,0.5935483870967742,0.2499999999999858,0.23749999999999982,0.1166666666666667,0.605263157894737
0.27222222222222214,0.44594594594594594,0.031518624641833796,0.23214285714285715,0.4444444444444444,0.6709677419354839,0.5,0.4499999999999993,0.2791666666666666,0.43421052631578916
0.36111111111111116,0.4189189189189189,0.4154727793696275,0.18452380952380953,0.07936507936507936,0.7096774193548386,,0.8124999999999996,0.425,0.5921052631578945
0.8,0.35135135135135137,0.16905444126074495,,0.15873015873015872,0.49677419354838703,0.5,0.5749999999999997,0.30416666666666664,0.18421052631578938
0.22222222222222224,0.44594594594594594,0.5501432664756446,,0.4444444444444444,,0.7499999999999858,,0.25000000000000006,0.3157894736842104
0.6722222222222223,0.39189189189189183,0.1518624641833811,0.08928571428571429,0.1746031746031746,0.3870967741935484,0.5,0.31249999999999956,0.2,0.7631578947368418
0.19999999999999998,0.4594594594594595,0.04584527220630371,0.2976190476190476,0.2857142857142857,0.39999999999999997,0.5,,0.45,0.39473684210526305
0.538888888888889,0.3243243243243243,0.20916905444126072,0.14880952380952384,0.32539682539682535,0.45161290322580644,0.2499999999999858,0.4499999999999993,0.2791666666666666,
0.41666666666666674,0.4729729729729729,0.04584527220630371,0.1964285714285714,0.06349206349206349,0.6709677419354839,0.2499999999999858,,,
0.22222222222222224,0.36486486486486486,0.6103151862464182,0.13690476190476192,0.45238095238095233,0.6709677419354839,,0.0,0.26666666666666666,0.2894736842105261
0.22222222222222224,0.43243243243243246,0.0487106017191977,,0.39682539682539686,0.46451612903225803,0.2499999999999858,0.6625000000000001,0.39999999999999997,0.6578947368421051
0.13333333333333328,0.5,0.02292263610315185,0.18452380952380953,0.1349206349206349,0.36774193548387096,0.2499999999999858,0.375,0.5041666666666667,0.7105263157894737
0.2111111111111111,,0.01719197707736389,0.41666666666666663,0.47619047619047616,0.5161290322580645,0.5,0.6499999999999995,0.22500000000000003,0.39473684210526305
0.34444444444444444,0.36486486486486486,0.4957020057306591,0.10119047619047618,0.2063492063492063,0.3741935483870968,0.5,0.26249999999999973,0.2,0.644736842105263
0.5777777777777777,0.3783783783783784,0.5128939828080228,0.29166666666666663,0.2222222222222222,0.7032258064516128,0.7499999999999858,,0.425,0.2236842105263157
0.16666666666666666,0.39189189189189183,0.5042979942693409,0.14880952380952384,0.19841269841269843,0.3548387096774193,0.5,0.49999999999999956,0.14583333333333337,0.6842105263157896
0.25555555555555554,0.3783783783783784,0.2951289398280802,0.10119047619047618,0.12698412698412698,0.2903225806451613,0.5,,0.1833333333333333,0.605263157894737
0.27222222222222214,0.28378378378378377,0.7048710601719197,0.41666666666666663,0.4126984126984127,0.8,0.7499999999999858,0.3374999999999999,0.35833333333333334,0.3157894736842104
,,0.3524355300859599,0.1607142857142857,,0.8516129032258064,0.5,0.19999999999999973,0.2,0.5263157894736841
0.16666666666666666,0.2027027027027027,0.2664756446991404,,0.25396825396825395,0.43870967741935485,0.5,0.2999999999999998,0.46666666666666673,0.32894736842105265
0.044444444444444425,0.4594594594594595,0.38968481375358166,0.3333333333333333,0.39682539682539686,0.49677419354838703,0.7499999999999858,0.5499999999999994,0.21249999999999997,0.27631578947368407
,,0.025787965616045842,0.23809523809523808,0.07936507936507936,0.24516129032258066,0.5,0.3999999999999999,0.2375,0.5921052631578945
0.13333333333333328,1.0,,0.22619047619047616,0.5476190476190476,,,,,0.368421052631579
0.27222222222222214,,0.5014326647564469,0.21428571428571425,0.5396825396825395,,,0.5999999999999996,0.425,0.26315789473684204
0.19999999999999998,0.4054054054054054,,0.07142857142857144,0.15873015873015872,0.46451612903225803,0.5,0.2999999999999998,0.14583333333333337,0.43421052631578916
0.34444444444444444,0.43243243243243246,0.02292263610315185,0.27976190476190477,0.26190476190476186,,,,0.26666666666666666,0.368421052631579
0.19999999999999998,0.33783783783783783,0.014326647564469906,0.24999999999999994,0.9999999999999999,0.7096774193548386,0.2499999999999858,0.7999999999999998,0.5166666666666666,0.5394736842105261
0.4666666666666667,,0.14040114613180513,0.09523809523809525,0.39682539682539686,0.5161290322580645,0.2499999999999858,0.6124999999999998,0.21249999999999997,0.8157894736842104
0.36111111111111116,0.3108108108108108,0.05444126074498567,0.38095238095238093,0.2857142857142857,0.5290322580645161,0.5,0.43749999999999956,0.5166666666666666,0.3157894736842104
0.5777777777777777,,0.4785100286532951,0.13095238095238093,0.3015873015873015,0.3290322580645161,0.5,0.3374999999999999,0.2,0.7631578947368418
,,0.03724928366762178,0.10714285714285714,0.4126984126984127,0.3935483870967742,0.2499999999999858,,0.425,0.8157894736842104
0.19999999999999998,0.39189189189189183,0.002865329512893984,0.14285714285714285,0.33333333333333337,0.3354838709677419,0.2499999999999858,,0.17083333333333328,0.5394736842105261
0.41666666666666674,,,0.22619047619047616,0.25396825396825395,0.6580645161290323,0.7499999999999858,0.4624999999999999,0.35833333333333334,0.1315789473684208
0.32777777777777783,0.7432432432432433,0.0630372492836676,0.24999999999999994,0.15873015873015872,0.46451612903225803,0.5,0.4499999999999993,,0.39473684210526305
0.2388888888888889,0.4594594594594595,0.014326647564469906,0.14285714285714285,0.492063492063492,0.6322580645161291,0.0,0.6625000000000001,0.1166666666666667,
0.09444444444444441,0.2972972972972973,0.03724928366762178,0.1964285714285714,0.3571428571428571,0.41290322580645156,0.2499999999999858,0.5749999999999997,0.1166666666666667,0.5921052631578945
0.15,0.4189189189189189,0.6275071633237821,0.21428571428571425,0.38888888888888884,0.7870967741935484,0.7499999999999858,0.41249999999999964,0.35833333333333334,0.21052631578947345
0.2388888888888889,0.39189189189189183,0.5730659025787964,,0.492063492063492,0.5161290322580645,0.5,0.6749999999999998,0.30416666666666664,0.5263157894736841
0.3111111111111111,0.3783783783783784,0.15472779369627507,0.20833333333333331,0.5238095238095237,0.6322580645161291,,0.6999999999999997,0.2791666666666666,0.4736842105263155
0.34444444444444444,0.6756756756756757,0.5186246418338109,0.21428571428571425,0.38095238095238093,0.5032258064516129,0.7499999999999858,0.3500000000000001,,0.1578947368421051
,,0.3610315186246418,0.10119047619047618,0.39682539682539686,0.7483870967741935,0.5,0.5499999999999994,0.17083333333333328,
0.3111111111111111,0.36486486486486486,,0.15476190476190477,0.3015873015873015,0.5290322580645161,0.5,0.5124999999999997,0.2791666666666666,
0.16666666666666666,0.43243243243243246,0.10028653295128936,0.11904761904761903,0.25396825396825395,0.46451612903225803,0.5,0.7374999999999994,0.6000000000000001,0.5526315789473684
0.36111111111111116,0.35135135135135137,0.0630372492836676,,0.26984126984126977,,0.5,0.7124999999999999,0.3166666666666667,0.4210526315789471
,0.6756756756756757,0.031518624641833796,,0.2936507936507936,0.5290322580645161,0.2499999999999858,0.5874999999999999,0.3333333333333333,0.644736842105263
0.28888888888888886,0.35135135135135137,0.33810888252148996,0.1964285714285714,0.19841269841269843,0.5290322580645161,0.5,0.7874999999999992,0.5458333333333332,0.3157894736842104
0.19999999999999998,0.33783783783783783,0.47277936962750716,0.29166666666666663,,0.7161290322580645,0.5,0.3999999999999999,0.17083333333333328,0.23684210526315774
0.28888888888888886,0.25675675675675674,0.2664756446991404,0.21428571428571425,,0.7096774193548386,0.5,0.4874999999999998,0.14583333333333337,0.368421052631579
,0.6891891891891891,0.01719197707736389,0.10714285714285714,0.07936507936507936,0.3935483870967742,0.2499999999999858,0.8124999999999996,0.25000000000000006,0.6842105263157896
0.48888888888888893,0.39189189189189183,0.5873925501432664,0.23809523809523808,0.5238095238095237,0.7677419354838709,0.7499999999999858,,0.49166666666666664,0.26315789473684204
,0.4054054054054054,0.01719197707736389,0.10714285714285714,0.2380952380952381,0.3548387096774193,0.0,0.6499999999999995,0.22500000000000003,0.9736842105263157
0.18333333333333338,0.4189189189189189,0.23782234957020051,,0.2857142857142857,0.4193548387096774,0.5,0.5999999999999996,,0.48684210526315774
0.2388888888888889,,,0.2976190476190476,0.39682539682539686,0.9612903225806451,1.0,0.3374999999999999,0.5708333333333333,0.17105263157894712
0.28888888888888886,0.4054054054054054,0.0630372492836676,0.1607142857142857,0.3571428571428571,0.5096774193548387,0.2499999999999858,0.18749999999999956,0.09166666666666667,0.605263157894737
0.3111111111111111,0.33783783783783783,0.7765042979942692,0.20833333333333331,0.4841269841269841,0.6451612903225806,1.0,0.6875,0.3333333333333333,0.26315789473684204
0.538888888888889,0.0,0.03724928366762178,0.33928571428571425,0.3571428571428571,0.3290322580645161,0.5,0.5999999999999996,0.5833333333333333,0.48684210526315774
0.16666666666666666,0.35135135135135137,0.5444126074498566,0.22619047619047616,0.611111111111111,0.5677419354838709,0.5,0.5999999999999996,0.15833333333333338,0.48684210526315774
0.34444444444444444,0.43243243243243246,0.025787965616045842,0.13095238095238093,,0.6451612903225806,0.5,0.25,0.25000000000000006,0.43421052631578916
0.2388888888888889,0.36486486486486486,0.0487106017191977,0.23809523809523808,0.39682539682539686,0.6838709677419353,0.5,,0.4124999999999999,
0.09444444444444441,0.4594594594594595,0.0,0.10714285714285714,0.25396825396825395,0.2838709677419355,0.5,0.5874999999999999,0.3708333333333333,0.368421052631579
0.28888888888888886,0.35135135135135137,0.5042979942693409,0.2738095238095238,0.5555555555555555,0.696774193548387,0.7499999999999858,,0.49166666666666664,0.3157894736842104
0.09444444444444441,0.36486486486486486,0.6733524355300858,0.24999999999999994,0.2380952380952381,0.535483870967742,0.7499999999999858,0.19999999999999973,,0.11842105263157876
0.22222222222222224,0.3243243243243243,0.03724928366762178,0.1607142857142857,0.31746031746031744,0.45161290322580644,0.2499999999999858,0.5499999999999994,,0.5921052631578945
0.19999999999999998,0.5540540540540541,,0.24999999999999994,0.5555555555555555,0.7741935483870968,,0.6625000000000001,,0.1578947368421051
0.28888888888888886,0.4594594594594595,0.4441260744985673,0.20238095238095238,,0.9354838709677419,,0.3500000000000001,0.2375,0.4210526315789471
0.19999999999999998,0.3783783783783784,0.3151862464183381,0.20238095238095238,0.5793650793650793,,0.5,0.4499999999999993,,0.3421052631578947
0.2388888888888889,0.4729729729729729,,0.26190476190476186,0.3492063492063492,0.5806451612903225,0.5,0.7999999999999998,0.2791666666666666,0.3421052631578947
,0.5540540540540541,0.06876790830945559,0.14285714285714285,0.2063492063492063,0.5806451612903225,0.5,0.375,0.38333333333333325,0.5263157894736841
0.10555555555555554,0.3243243243243243,0.014326647564469906,0.25595238095238093,0.2380952380952381,0.40645161290322573,0.5,0.6625000000000001,,0.18421052631578938
0.28888888888888886,0.2027027027027027,0.031518624641833796,0.29166666666666663,0.3492063492063492,0.5032258064516129,0.5,0.4499999999999993,0.2916666666666667,0.1315789473684208
,0.05405405405405406,0.01719197707736389,0.3214285714285714,0.2222222222222222,0.4193548387096774,0.5,0.5999999999999996,0.4124999999999999,0.21052631578947345
0.27222222222222214,0.4054054054054054,0.32091690544412604,0.24404761904761907,0.38888888888888884,0.6064516129032258,0.5,0.2999999999999998,0.46666666666666673,0.3421052631578947
0.25555555555555554,0.36486486486486486,0.3782234957020057,0.17857142857142855,0.365079365079365,0.5032258064516129,0.5,0.5999999999999996,0.14583333333333337,0.5789473684210524
0.3111111111111111,0.2972972972972973,0.489971346704871,0.15476190476190477,0.26190476190476186,,0.5,0.2999999999999998,0.13333333333333336,0.4473684210526314
,0.3783783783783784,0.41260744985673353,0.17857142857142855,0.2857142857142857,0.43870967741935485,0.5,0.43749999999999956,0.2916666666666667,
0.22222222222222224,0.7567567567567568,,0.33928571428571425,0.5317460317460316,,,0.41249999999999964,0.3708333333333333,0.2236842105263157
0.16666666666666666,0.35135135135135137,0.6361031518624641,0.21428571428571425,0.5396825396825395,0.4903225806451612,,0.2999999999999998,,0.23684210526315774
0.15,0.6216216216216216,0.13753581661891115,0.19047619047619047,0.8412698412698413,0.7612903225806451,0.5,0.5124999999999997,0.49166666666666664,0.5526315789473684
0.34444444444444444,0.39189189189189183,0.06590257879656158,0.1607142857142857,0.06349206349206349,0.8580645161290321,0.5,0.5124999999999997,0.5166666666666666,0.32894736842105265
0.25555555555555554,0.4594594594594595,0.1776504297994269,0.11904761904761903,0.33333333333333337,0.5290322580645161,0.5,0.5499999999999994,0.2,0.4473684210526314
0.6111111111111112,0.0945945945945946,0.014326647564469906,0.1130952380952381,0.07936507936507936,0.5161290322580645,0.2499999999999858,0.2749999999999999,0.06666666666666671,0.48684210526315774
0.27222222222222214,0.36486486486486486,0.031518624641833796,0.18452380952380953,0.1746031746031746,0.4451612903225806,0.5,0.6999999999999997,,0.43421052631578916
0.19999999999999998,,0.23782234957020051,0.14880952380952384,0.4444444444444444,0.5612903225806452,0.2499999999999858,0.43749999999999956,0.13333333333333336,
0.36111111111111116,0.35135135135135137,0.29799426934097417,0.24999999999999994,0.365079365079365,0.6322580645161291,0.7499999999999858,0.3999999999999999,0.26666666666666666,0.17105263157894712
0.28888888888888886,,0.031518624641833796,0.15476190476190477,0.26190476190476186,0.4774193548387097,0.5,0.6999999999999997,0.3333333333333333,0.5526315789473684
0.15,,0.014326647564469906,0.18452380952380953,0.38095238095238093,0.5677419354838709,0.2499999999999858,0.21249999999999947,0.25000000000000006,0.5921052631578945
0.34444444444444444,0.5,0.02292263610315185,,0.14285714285714285,0.36774193548387096,0.5,0.6625000000000001,0.5166666666666666,0.3421052631578947
0.34444444444444444,0.6486486486486486,0.30085959885386815,0.2738095238095238,0.33333333333333337,,0.5,0.49999999999999956,0.39999999999999997,0.3157894736842104
0.34444444444444444,0.44594594594594594,0.06017191977077364,,0.3015873015873015,0.5032258064516129,0.2499999999999858,0.6625000000000001,0.25000000000000006,0.7894736842105263
0.49444444444444446,0.33783783783783783,0.13180515759312317,0.11904761904761903,0.38095238095238093,0.4774193548387097,0.5,0.5374999999999996,0.5333333333333332,0.5526315789473684
0.4,0.35135135135135137,0.6790830945558738,0.24404761904761907,,0.8580645161290321,1.0,0.375,,0.26315789473684204
,0.2972972972972973,0.29799426934097417,0.19047619047619047,0.25396825396825395,0.6322580645161291,0.5,0.7999999999999998,0.5458333333333332,0.3157894736842104
,0.4054054054054054,0.15472779369627507,,0.38095238095238093,0.6645161290322581,0.5,0.5374999999999996,,0.18421052631578938
0.18333333333333338,0.8108108108108107,0.06017191977077364,0.22619047619047616,0.47619047619047616,0.6645161290322581,0.5,0.3624999999999998,0.4124999999999999,0.368421052631579
0.19999999999999998,0.2972972972972973,,0.20833333333333331,0.38888888888888884,,0.7499999999999858,0.5749999999999997,0.3333333333333333,0.17105263157894712
0.13333333333333328,0.5,0.031518624641833796,0.20238095238095238,0.14285714285714285,0.39999999999999997,0.5,0.49999999999999956,,0.48684210526315774
0.34444444444444444,0.2972972972972973,0.025787965616045842,0.22619047619047616,0.14285714285714285,0.535483870967742,0.5,0.3999999999999999,0.7166666666666666,0.4210526315789471
0.34444444444444444,0.33783783783783783,0.0487106017191977,0.10714285714285714,0.32539682539682535,0.46451612903225803,0.2499999999999858,0.6999999999999997,0.5708333333333333,0.7894736842105263
0.4,0.2702702702702703,0.04584527220630371,0.11904761904761903,0.492063492063492,0.6387096774193548,,0.7624999999999993,0.39999999999999997,0.5263157894736841
0.22222222222222224,,0.48424068767908307,0.20833333333333331,0.45238095238095233,0.5161290322580645,0.5,0.26249999999999973,0.3708333333333333,0.2894736842105261
0.32777777777777783,0.5405405405405406,,0.20238095238095238,0.3571428571428571,,,0.23749999999999982,,0.1578947368421051
0.3111111111111111,0.2972972972972973,0.5186246418338109,0.23809523809523808,0.4206349206349207,,0.5,,0.30416666666666664,0.368421052631579
0.19999999999999998,0.5135135135135135,0.3810888252148997,0.20833333333333331,0.3492063492063492,0.5032258064516129,,0.2749999999999999,0.09166666666666667,0.5263157894736841
0.2388888888888889,0.5270270270270271,0.031518624641833796,0.27976190476190477,0.365079365079365,0.6322580645161291,0.5,0.5499999999999994,0.38333333333333325,0.2236842105263157
0.36111111111111116,0.36486486486486486,0.3667621776504298,0.05357142857142856,0.5793650793650793,0.6258064516129033,0.5,0.3999999999999999,0.2,0.5263157894736841
0.22222222222222224,0.5675675675675675,,0.24999999999999994,0.3492063492063492,,,0.5499999999999994,0.25000000000000006,0.1315789473684208
0.19999999999999998,0.5405405405405406,0.638968481375358,0.1964285714285714,,0.5129032258064515,,0.6999999999999997,0.2375,0.18421052631578938
0.44999999999999996,0.7162162162162162,0.5530085959885386,0.24404761904761907,,0.5548387096774193,0.7499999999999858,0.25,0.2916666666666667,0.18421052631578938
0.13333333333333328,0.4054054054054054,0.05444126074498567,0.16666666666666663,,,0.5,0.6625000000000001,0.1833333333333333,0.7368421052631577
0.3111111111111111,0.7297297297297297,0.5530085959885386,0.24404761904761907,,0.6548387096774193,0.7499999999999858,0.375,0.2916666666666667,0.18421052631578938
0.22222222222222224,0.4594594594594595,0.02292263610315185,0.08333333333333333,0.2222222222222222,0.432258064516129,0.2499999999999858,,0.1833333333333333,
0.2388888888888889,0.36486486486486486,0.48424068767908307,0.14285714285714285,0.39682539682539686,0.7032258064516128,0.7499999999999858,0.5374999999999996,0.2791666666666666,0.17105263157894712
0.18333333333333338,0.5945945945945946,,0.15476190476190477,0.07936507936507936,0.46451612903225803,0.5,0.31249999999999956,0.625,
0.34444444444444444,0.48648648648648646,0.16905444126074495,,0.3015873015873015,0.8258064516129032,0.5,,0.45,0.4210526315789471
0.22222222222222224,0.43243243243243246,0.3524355300859599,0.30357142857142855,0.47619047619047616,,0.5,0.5124999999999997,0.22500000000000003,0.32894736842105265
0.2388888888888889,0.2972972972972973,0.031518624641833796,0.16666666666666663,0.38095238095238093,0.6322580645161291,0.5,0.7624999999999993,0.425,0.32894736842105265
0.16666666666666666,0.5,0.031518624641833796,0.24404761904761907,0.26984126984126977,0.5096774193548387,0.5,0.47499999999999964,0.38333333333333325,0.48684210526315774
0.18333333333333338,0.5,0.03724928366762178,,0.2222222222222222,0.36129032258064514,0.5,0.4874999999999998,0.3333333333333333,
0.28888888888888886,0.3243243243243243,0.17478510028653294,,0.3571428571428571,0.5032258064516129,0.5,0.47499999999999964,0.3458333333333334,0.27631578947368407
0.27222222222222214,0.4594594594594595,0.2693409742120344,0.10714285714285714,0.19841269841269843,0.6516129032258065,0.5,0.3999999999999999,0.35833333333333334,0.4473684210526314
0.16666666666666666,0.4594594594594595,,0.19047619047619047,0.38095238095238093,0.8193548387096774,0.5,0.4624999999999999,0.2791666666666666,0.368421052631579
0.3111111111111111,0.4054054054054054,0.20630372492836674,0.27976190476190477,0.4444444444444444,0.6451612903225806,,0.4499999999999993,0.3333333333333333,0.39473684210526305
0.18333333333333338,0.5405405405405406,0.01719197707736389,0.17857142857142855,0.38095238095238093,0.41290322580645156,0.5,0.5499999999999994,0.4124999999999999,0.48684210526315774
,0.43243243243243246,0.008595988538681945,0.19047619047619047,0.38888888888888884,0.47096774193548385,0.2499999999999858,0.375,0.1833333333333333,0.7368421052631577
0.6277777777777778,0.35135135135135137,0.08595988538681948,0.1964285714285714,,0.3096774193548387,0.2499999999999858,0.7374999999999994,0.3708333333333333,0.6973684210526316
0.07777777777777775,0.3783783783783784,0.163323782234957,0.10714285714285714,0.12698412698412698,0.41290322580645156,0.5,0.5749999999999997,0.30416666666666664,0.4210526315789471
0.34444444444444444,,0.04584527220630371,0.10119047619047618,0.2222222222222222,0.4774193548387097,0.5,0.4624999999999999,0.21249999999999997,0.4999999999999998
0.13333333333333328,0.35135135135135137,,0.25595238095238093,0.15873015873015872,0.5935483870967742,0.7499999999999858,0.2999999999999998,0.26666666666666666,0.23684210526315774
0.32777777777777783,0.7027027027027027,0.040114613180515755,0.14285714285714285,0.4126984126984127,0.7870967741935484,0.5,0.5874999999999999,0.4791666666666666,0.4210526315789471
0.34444444444444444,0.3783783783783784,0.22349570200573063,0.20833333333333331,,0.4903225806451612,0.5,0.4874999999999998,0.3708333333333333,0.381578947368421
0.27222222222222214,0.44594594594594594,0.014326647564469906,0.09523809523809525,,0.43870967741935485,0.2499999999999858,0.6999999999999997,0.26666666666666666,0.5921052631578945
0.19999999999999998,0.7702702702702702,0.025787965616045842,,0.12698412698412698,,0.5,0.4874999999999998,0.26666666666666666,0.3421052631578947
0.27222222222222214,0.6621621621621622,0.34383954154727797,0.23214285714285715,0.5476190476190476,,0.5,,0.22500000000000003,0.39473684210526305
0.43333333333333346,0.2702702702702703,0.22349570200573063,0.14285714285714285,0.16666666666666666,0.4580645161290322,0.5,,0.26666666666666666,0.368421052631579
0.788888888888889,0.2027027027027027,0.41260744985673353,0.11904761904761903,0.1746031746031746,0.4903225806451612,0.5,0.6999999999999997,0.3166666666666667,0.381578947368421
0.34444444444444444,0.44594594594594594,0.06876790830945559,0.20238095238095238,,0.4903225806451612,0.2499999999999858,0.6875,0.2791666666666666,
0.2388888888888889,0.36486486486486486,0.025787965616045842,0.2976190476190476,0.32539682539682535,0.6064516129032258,0.5,0.5499999999999994,0.43749999999999994,0.26315789473684204
0.28888888888888886,0.3243243243243243,0.5415472779369627,0.20833333333333331,0.4841269841269841,0.46451612903225803,0.7499999999999858,0.3500000000000001,0.43749999999999994,0.3421052631578947
0.43333333333333346,1.0,0.008595988538681945,,0.16666666666666666,0.5225806451612903,0.5,0.4499999999999993,0.425,0.381578947368421
0.16666666666666666,0.4594594594594595,0.22349570200573063,0.14880952380952384,0.31746031746031744,0.3096774193548387,0.5,0.5124999999999997,0.30416666666666664,
0.44999999999999996,0.2702702702702703,0.03724928366762178,,0.23015873015873015,0.5548387096774193,0.5,0.43749999999999956,0.5333333333333332,0.3157894736842104
0.18333333333333338,0.7432432432432433,0.63323782234957,0.2738095238095238,0.33333333333333337,0.6387096774193548,0.7499999999999858,0.23749999999999982,,0.21052631578947345
0.2388888888888889,0.5,0.04584527220630371,0.11904761904761903,0.03968253968253968,0.21935483870967737,0.2499999999999858,0.6499999999999995,0.14583333333333337,0.7368421052631577
0.48888888888888893,0.22972972972972974,0.3667621776504298,0.45238095238095233,0.5079365079365079,,0.7499999999999858,0.8374999999999995,0.5708333333333333,0.23684210526315774
,0.4054054054054054,0.23209169054441256,0.14285714285714285,0.3492063492063492,0.6064516129032258,0.7499999999999858,,0.22500000000000003,0.07894736842105243
0.41666666666666674,0.33783783783783783,,0.14880952380952384,0.38095238095238093,0.39999999999999997,0.5,0.19999999999999973,0.0,0.7368421052631577
0.538888888888889,0.4594594594594595,0.1776504297994269,0.1964285714285714,0.1746031746031746,0.5032258064516129,0.5,0.5874999999999999,0.25000000000000006,0.4210526315789471
0.4,,0.4154727793696275,0.1964285714285714,0.19841269841269843,,0.5,0.31249999999999956,0.425,0.5263157894736841
0.19999999999999998,0.44594594594594594,0.06017191977077364,0.26190476190476186,0.1349206349206349,0.2838709677419355,0.5,0.5374999999999996,0.2375,0.4473684210526314
0.17777777777777778,0.21621621621621623,0.5386819484240686,0.25595238095238093,0.3015873015873015,0.45161290322580644,0.5,0.7499999999999996,0.2,0.48684210526315774
0.22222222222222224,0.35135135135135137,0.335243553008596,0.27976190476190477,0.47619047619047616,0.7354838709677419,0.5,0.4499999999999993,0.3458333333333334,0.23684210526315774
,0.3108108108108108,0.19770773638968478,0.14285714285714285,0.4841269841269841,0.6451612903225806,0.5,,0.3708333333333333,0.43421052631578916
0.18333333333333338,0.43243243243243246,0.03724928366762178,,0.38095238095238093,0.36129032258064514,0.2499999999999858,0.5625,,
,0.0945945945945946,0.28939828080229224,0.20833333333333331,0.33333333333333337,0.5806451612903225,0.5,0.6875,0.45,0.2894736842105261
0.11111111111111113,0.39189189189189183,,0.10714285714285714,0.5238095238095237,0.46451612903225803,0.2499999999999858,0.3500000000000001,0.13333333333333336,0.8552631578947365
0.19999999999999998,0.48648648648648646,0.025787965616045842,,0.19841269841269843,0.6129032258064516,0.5,0.5374999999999996,0.39999999999999997,0.4210526315789471
,0.5270270270270271,0.14040114613180513,0.14285714285714285,0.2063492063492063,0.4774193548387097,0.5,0.6374999999999997,0.5833333333333333,0.8421052631578945
0.5055555555555555,0.35135135135135137,0.08595988538681948,0.16666666666666663,0.38888888888888884,0.7612903225806451,0.5,0.7624999999999993,0.35833333333333334,0.48684210526315774
0.34444444444444444,0.44594594594594594,0.12320916905444126,,0.2380952380952381,0.45161290322580644,0.2499999999999858,,0.2791666666666666,0.644736842105263
0.22222222222222224,0.44594594594594594,0.008595988538681945,0.20238095238095238,0.46031746031746024,0.4258064516129032,0.2499999999999858,0.3500000000000001,0.5583333333333333,0.48684210526315774
0.25555555555555554,0.6081081081081081,0.32091690544412604,0.23809523809523808,,0.7612903225806451,0.5,0.5374999999999996,0.39999999999999997,0.18421052631578938
0.36111111111111116,0.44594594594594594,0.5444126074498566,0.16666666666666663,0.32539682539682535,0.45161290322580644,0.5,0.3500000000000001,0.5583333333333333,0.4210526315789471
0.22222222222222224,0.3243243243243243,0.14040114613180513,0.21428571428571425,0.3571428571428571,0.5483870967741935,0.5,0.47499999999999964,0.5458333333333332,0.5789473684210524
0.3111111111111111,0.5,0.3810888252148997,0.1607142857142857,0.14285714285714285,0.2838709677419355,0.5,0.3624999999999998,0.4124999999999999,0.5394736842105261
,0.08108108108108107,0.08595988538681948,0.26190476190476186,0.2936507936507936,0.2967741935483871,0.5,0.6625000000000001,0.26666666666666666,0.2236842105263157
0.25555555555555554,0.6486486486486486,0.42120343839541546,0.20833333333333331,,,0.7499999999999858,0.5874999999999999,0.3166666666666667,0.26315789473684204
0.22777777777777777,0.36486486486486486,,0.1130952380952381,0.33333333333333337,0.46451612903225803,0.5,0.38749999999999973,0.35833333333333334,0.23684210526315774
0.19999999999999998,0.2972972972972973,0.01719197707736389,0.16666666666666663,0.03174603174603175,0.4903225806451612,0.2499999999999858,0.41249999999999964,0.1833333333333333,0.5526315789473684
0.13333333333333328,0.48648648648648646,0.02292263610315185,0.15476190476190477,0.39682539682539686,0.4580645161290322,0.5,0.5999999999999996,,0.26315789473684204
0.19999999999999998,0.4594594594594595,0.01719197707736389,0.15476190476190477,0.31746031746031744,,0.2499999999999858,0.375,,0.631578947368421
,0.4054054054054054,0.01719197707736389,0.1130952380952381,0.16666666666666666,0.2838709677419355,0.2499999999999858,0.4874999999999998,0.49166666666666664,0.8552631578947365
,0.4054054054054054,0.08309455587392547,0.20238095238095238,0.33333333333333337,0.3419354838709677,0.2499999999999858,0.17499999999999982,0.3166666666666667,0.5526315789473684
0.15,0.4054054054054054,0.5501432664756446,0.2738095238095238,0.492063492063492,,,0.4624999999999999,0.3458333333333334,0.18421052631578938
0.27222222222222214,,0.20057306590257876,0.18452380952380953,0.1746031746031746,0.3870967741935484,0.5,0.4499999999999993,0.14583333333333337,0.368421052631579
0.25555555555555554,0.3783783783783784,0.42120343839541546,,0.5714285714285714,0.5161290322580645,0.5,0.5499999999999994,0.15833333333333338,0.4999999999999998
0.28888888888888886,0.4729729729729729,0.32091690544412604,,0.7777777777777777,,0.5,0.5749999999999997,0.26666666666666666,0.26315789473684204
0.5777777777777777,0.3243243243243243,0.2693409742120344,0.30357142857142855,0.39682539682539686,,0.5,0.5374999999999996,0.2375,0.32894736842105265
0.4,0.48648648648648646,0.08309455587392547,0.25595238095238093,0.25396825396825395,0.49677419354838703,0.2499999999999858,0.6625000000000001,0.39999999999999997,
0.09444444444444441,,0.02292263610315185,,0.26190476190476186,0.39999999999999997,,0.5625,0.45,0.4473684210526314
0.7722222222222223,0.28378378378378377,0.7106017191977076,0.2857142857142857,0.4126984126984127,0.7354838709677419,0.7499999999999858,0.6999999999999997,0.4124999999999999,0.4210526315789471
0.11111111111111113,1.0,0.07163323782234957,0.2738095238095238,0.6190476190476191,,0.5,0.9999999999999996,0.7041666666666666,0.43421052631578916
0.41666666666666674,0.9324324324324323,0.02292263610315185,0.30357142857142855,0.10317460317460317,0.6903225806451612,0.5,0.375,0.3166666666666667,0.2894736842105261
0.22222222222222224,0.5270270270270271,0.031518624641833796,,0.25396825396825395,0.41290322580645156,0.5,0.49999999999999956,0.3166666666666667,0.5394736842105261
0.32777777777777783,,0.5071633237822348,0.20238095238095238,0.6746031746031745,,,0.3374999999999999,0.5333333333333332,0.2236842105263157
0.15,0.5270270270270271,0.01719197707736389,0.15476190476190477,0.31746031746031744,0.32258064516129026,0.5,0.4874999999999998,0.35833333333333334,0.43421052631578916
0.33333333333333337,0.2702702702702703,0.0630372492836676,0.24404761904761907,0.16666666666666666,0.5290322580645161,0.5,0.5499999999999994,0.6000000000000001,0.3421052631578947
0.16666666666666666,,0.02292263610315185,0.14285714285714285,0.365079365079365,,0.0,0.43749999999999956,0.38333333333333325,0.8157894736842104
0.0222222222222222,0.48648648648648646,0.06017191977077364,0.20833333333333331,0.47619047619047616,,0.5,0.5999999999999996,,0.5921052631578945
0.41666666666666674,,0.29799426934097417,0.21428571428571425,0.6190476190476191,,0.5,0.3999999999999999,0.22500000000000003,0.17105263157894712
0.13333333333333328,0.4189189189189189,0.03724928366762178,0.24404761904761907,,0.5032258064516129,0.5,,0.5833333333333333,0.4210526315789471
0.25555555555555554,0.44594594594594594,0.06017191977077364,0.05357142857142856,0.15873015873015872,0.2838709677419355,0.2499999999999858,0.5999999999999996,0.2916666666666667,0.7499999999999998
0.15,0.5270270270270271,0.01719197707736389,0.15476190476190477,0.31746031746031744,0.32258064516129026,,0.4874999999999998,0.35833333333333334,0.43421052631578916
0.19999999999999998,0.44594594594594594,0.05444126074498567,,0.3015873015873015,0.3870967741935484,0.5,,0.425,0.5921052631578945
0.07777777777777775,0.3783783783783784,0.6361031518624641,0.25595238095238093,0.2857142857142857,0.5935483870967742,0.7499999999999858,0.26249999999999973,0.21249999999999997,0.17105263157894712
0.22222222222222224,0.5270270270270271,0.6131805157593122,0.30357142857142855,,0.7806451612903226,,0.28749999999999964,0.3333333333333333,0.17105263157894712
0.19999999999999998,0.5540540540540541,,0.14285714285714285,0.38888888888888884,0.45161290322580644,,0.49999999999999956,0.30416666666666664,0.605263157894737
0.5555555555555557,0.25675675675675674,0.27793696275071633,0.19047619047619047,0.6349206349206348,0.6,0.5,0.5625,0.1833333333333333,0.3421052631578947
0.2111111111111111,0.5405405405405406,0.15472779369627507,0.1130952380952381,0.2857142857142857,0.46451612903225803,0.2499999999999858,,0.17083333333333328,
0.25555555555555554,,0.06876790830945559,0.21428571428571425,0.39682539682539686,0.46451612903225803,0.2499999999999858,0.4874999999999998,0.3333333333333333,0.6842105263157896
0.36111111111111116,0.6621621621621622,0.6676217765042979,0.22619047619047616,0.1111111111111111,0.46451612903225803,,0.49999999999999956,0.2916666666666667,0.26315789473684204
0.41666666666666674,0.21621621621621623,0.28366762177650434,0.1607142857142857,0.25396825396825395,0.45161290322580644,0.5,0.8124999999999996,,0.3421052631578947
0.19999999999999998,0.2702702702702703,0.6962750716332378,0.20833333333333331,0.4126984126984127,0.43870967741935485,0.7499999999999858,0.5499999999999994,0.30416666666666664,0.1578947368421051
0.32777777777777783,0.3108108108108108,0.014326647564469906,0.20833333333333331,0.38095238095238093,0.7290322580645161,0.2499999999999858,,0.14583333333333337,0.6842105263157896
0.4,0.43243243243243246,0.335243553008596,0.16666666666666663,0.07142857142857142,0.10322580645161289,0.2499999999999858,0.5499999999999994,0.17083333333333328,
0.6444444444444445,0.39189189189189183,0.6418338108882521,0.07142857142857144,0.2063492063492063,0.5677419354838709,0.5,0.4499999999999993,0.3333333333333333,
,0.5135135135135135,0.5186246418338109,,0.23015873015873015,,,0.25,0.3333333333333333,0.21052631578947345
0.5055555555555555,0.35135135135135137,0.4154727793696275,0.30952380952380953,0.32539682539682535,0.7354838709677419,0.5,0.3500000000000001,0.25000000000000006,0.4999999999999998
0.11111111111111113,,0.19197707736389683,0.10119047619047618,0.2380952380952381,0.4193548387096774,0.2499999999999858,0.4624999999999999,0.14583333333333337,0.7499999999999998
0.09444444444444441,0.5,0.02292263610315185,0.15476190476190477,0.45238095238095233,0.4903225806451612,0.2499999999999858,0.5124999999999997,0.3708333333333333,0.7631578947368418
,0.3243243243243243,0.06017191977077364,0.20238095238095238,0.12698412698412698,,0.2499999999999858,0.5499999999999994,,
0.2388888888888889,0.5405405405405406,0.6676217765042979,0.26190476190476186,0.8333333333333334,0.8064516129032259,0.7499999999999858,0.5374999999999996,0.6125,0.23684210526315774
0.788888888888889,0.22972972972972974,0.33810888252148996,,0.1111111111111111,0.2129032258064516,0.5,0.3999999999999999,0.09166666666666667,0.26315789473684204
0.28888888888888886,0.33783783783783783,0.04584527220630371,0.19047619047619047,0.07142857142857142,0.4258064516129032,0.5,0.3999999999999999,0.4124999999999999,0.17105263157894712
0.27222222222222214,0.2027027027027027,0.01719197707736389,0.2738095238095238,0.3492063492063492,0.4903225806451612,0.5,0.3999999999999999,0.30416666666666664,0.1315789473684208
0.13333333333333328,0.6621621621621622,0.014326647564469906,0.13690476190476192,0.26984126984126977,0.3032258064516129,0.5,0.2999999999999998,0.6000000000000001,0.4210526315789471
0.2388888888888889,0.39189189189189183,0.05444126074498567,0.06547619047619048,0.1746031746031746,0.32258064516129026,0.2499999999999858,0.5874999999999999,0.2916666666666667,0.7894736842105263
,0.13513513513513514,0.5587392550143266,0.20833333333333331,0.4444444444444444,,0.7499999999999858,0.41249999999999964,0.35833333333333334,0.18421052631578938
0.7333333333333333,0.35135135135135137,0.22349570200573063,0.16666666666666663,0.26190476190476186,0.5161290322580645,0.2499999999999858,0.43749999999999956,0.04999999999999999,0.868421052631579
0.25555555555555554,0.5270270270270271,0.06017191977077364,0.15476190476190477,0.2936507936507936,0.4903225806451612,0.2499999999999858,0.6124999999999998,0.26666666666666666,0.7368421052631577
0.37777777777777777,0.35135135135135137,0.031518624641833796,0.2976190476190476,0.15873015873015872,0.5612903225806452,0.5,0.5749999999999997,0.17083333333333328,0.4736842105263155
0.34444444444444444,0.39189189189189183,0.09169054441260743,0.08333333333333333,0.365079365079365,0.41290322580645156,0.5,0.6499999999999995,0.5333333333333332,0.5789473684210524
0.27222222222222214,0.3243243243243243,0.3839541547277937,0.20833333333333331,0.5555555555555555,0.6064516129032258,0.5,0.6499999999999995,0.2,0.23684210526315774
0.34444444444444444,0.6621621621621622,0.03724928366762178,0.21428571428571425,0.3015873015873015,0.3870967741935484,0.5,0.7499999999999996,0.4791666666666666,0.381578947368421
0.28888888888888886,0.6216216216216216,0.47277936962750716,0.2738095238095238,0.4444444444444444,0.7161290322580645,0.7499999999999858,0.49999999999999956,,0.23684210526315774
0.3111111111111111,0.33783783783783783,0.5530085959885386,0.27976190476190477,0.33333333333333337,0.7677419354838709,0.7499999999999858,0.5874999999999999,0.26666666666666666,0.17105263157894712
0.2388888888888889,0.4594594594594595,0.1776504297994269,0.18452380952380953,0.4285714285714285,0.6451612903225806,0.5,0.5374999999999996,0.4791666666666666,0.4473684210526314
0.37777777777777777,0.4729729729729729,0.025787965616045842,0.24999999999999994,0.06349206349206349,0.6580645161290323,0.5,,0.25000000000000006,0.4736842105263155
0.3111111111111111,0.5675675675675675,,0.11904761904761903,0.2936507936507936,0.3548387096774193,0.5,0.3999999999999999,0.21249999999999997,0.5921052631578945
0.19999999999999998,0.43243243243243246,0.23209169054441256,0.27976190476190477,0.39682539682539686,0.6064516129032258,0.5,0.5374999999999996,0.45,0.48684210526315774
0.27222222222222214,0.24324324324324323,0.025787965616045842,,0.16666666666666666,0.535483870967742,0.5,0.6625000000000001,0.15833333333333338,0.381578947368421
0.2388888888888889,0.5,0.24355300859598852,0.09523809523809525,0.38095238095238093,0.43870967741935485,0.2499999999999858,0.5124999999999997,0.14583333333333337,0.7631578947368418
0.32777777777777783,0.43243243243243246,0.025787965616045842,0.05952380952380952,0.15873015873015872,0.15483870967741933,0.2499999999999858,0.6999999999999997,0.15833333333333338,0.605263157894737
0.2388888888888889,0.6351351351351351,0.02292263610315185,0.20238095238095238,0.16666666666666666,0.5161290322580645,0.5,0.5124999999999997,0.2916666666666667,0.5263157894736841
0.34444444444444444,0.6081081081081081,0.12320916905444126,,0.7777777777777777,0.7290322580645161,0.5,0.3374999999999999,0.21249999999999997,0.18421052631578938
0.19999999999999998,0.44594594594594594,0.040114613180515755,0.19047619047619047,0.6825396825396824,,0.5,0.6625000000000001,0.43749999999999994,0.4210526315789471
0.7333333333333333,0.7297297297297297,0.3237822349570201,0.15476190476190477,0.2222222222222222,0.6838709677419353,0.5,0.5999999999999996,0.3166666666666667,0.7368421052631577
0.5555555555555557,0.2702702702702703,0.025787965616045842,0.3214285714285714,0.1349206349206349,0.6774193548387097,0.5,0.375,0.22500000000000003,0.23684210526315774
0.27222222222222214,0.35135135135135137,0.0630372492836676,0.14880952380952384,0.07936507936507936,0.264516129032258,0.2499999999999858,0.43749999999999956,0.3333333333333333,
0.22222222222222224,0.6621621621621622,0.32091690544412604,0.14880952380952384,0.2063492063492063,0.36129032258064514,0.5,0.3500000000000001,0.14583333333333337,
0.06111111111111109,0.6621621621621622,0.23209169054441256,0.2738095238095238,0.2063492063492063,0.46451612903225803,0.5,0.6999999999999997,0.17083333333333328,0.23684210526315774
0.19999999999999998,0.6621621621621622,0.4383954154727793,0.23809523809523808,0.5238095238095237,0.7935483870967742,0.7499999999999858,,0.2791666666666666,0.381578947368421
,,0.47564469914040114,0.38095238095238093,0.4444444444444444,0.6,,,0.7708333333333333,0.21052631578947345
0.18333333333333338,0.6621621621621622,0.04584527220630371,0.16666666666666663,0.4444444444444444,0.6064516129032258,0.2499999999999858,,0.2791666666666666,0.8026315789473684
,0.43243243243243246,0.025787965616045842,0.05357142857142856,0.2063492063492063,,0.2499999999999858,0.47499999999999964,0.39999999999999997,
0.16666666666666666,0.5135135135135135,0.008595988538681945,,0.19841269841269843,0.27096774193548384,0.5,0.5499999999999994,0.1833333333333333,0.5263157894736841
0.25555555555555554,0.3243243243243243,0.040114613180515755,0.23809523809523808,0.25396825396825395,0.4903225806451612,0.5,0.7124999999999999,,0.368421052631579
0.27222222222222214,0.25675675675675674,0.33810888252148996,0.25595238095238093,,0.7612903225806451,,0.4874999999999998,0.38333333333333325,0.2894736842105261
0.538888888888889,0.06756756756756757,0.031518624641833796,0.33928571428571425,0.15873015873015872,0.47096774193548385,0.5,0.5499999999999994,0.43749999999999994,0.21052631578947345
0.19999999999999998,0.48648648648648646,0.2148997134670487,0.10714285714285714,0.2936507936507936,0.40645161290322573,0.5,0.5374999999999996,0.3166666666666667,0.6578947368421051
,0.35135135135135137,0.3839541547277937,0.30357142857142855,0.33333333333333337,0.8129032258064516,0.7499999999999858,,0.425,0.2236842105263157
0.11111111111111113,0.43243243243243246,0.03724928366762178,0.2738095238095238,0.47619047619047616,,0.5,,0.7041666666666666,0.27631578947368407
,0.43243243243243246,0.040114613180515755,0.14880952380952384,0.38888888888888884,0.31612903225806455,0.2499999999999858,0.9624999999999995,,0.8157894736842104
0.37777777777777777,0.4189189189189189,0.040114613180515755,,0.46031746031746024,0.7935483870967742,0.5,0.3500000000000001,,0.43421052631578916
0.34444444444444444,,0.1776504297994269,,0.15873015873015872,0.40645161290322573,0.5,0.5999999999999996,0.6000000000000001,0.7631578947368418
0.4,0.5540540540540541,0.05444126074498567,0.09523809523809525,0.12698412698412698,0.2967741935483871,0.2499999999999858,,0.5333333333333332,0.7631578947368418
0.11111111111111113,0.36486486486486486,0.031518624641833796,0.1607142857142857,0.1904761904761905,0.3741935483870968,0.5,,0.25000000000000006,0.5263157894736841
0.19999999999999998,,0.656160458452722,0.26190476190476186,0.2063492063492063,0.5419354838709678,0.7499999999999858,0.25,0.15833333333333338,0.23684210526315774
0.538888888888889,0.3108108108108108,0.6418338108882521,0.27976190476190477,0.26984126984126977,0.7032258064516128,,0.49999999999999956,0.3458333333333334,0.2894736842105261
,0.3108108108108108,0.7048710601719197,,0.3571428571428571,0.7096774193548386,0.7499999999999858,0.5999999999999996,0.4124999999999999,0.18421052631578938
0.06111111111111109,0.4594594594594595,0.02292263610315185,0.2857142857142857,,0.6129032258064516,0.5,,0.7583333333333333,0.27631578947368407
0.36111111111111116,0.3783783783783784,0.025787965616045842,0.14880952380952384,0.26984126984126977,0.41290322580645156,0.0,0.2999999999999998,0.22500000000000003,0.9078947368421051
,0.2702702702702703,0.22922636103151864,0.3333333333333333,0.5238095238095237,,0.5,0.49999999999999956,0.2791666666666666,0.3157894736842104
0.48888888888888893,,0.14040114613180513,0.3214285714285714,0.26190476190476186,0.43870967741935485,0.5,0.38749999999999973,0.14583333333333337,0.21052631578947345
0.22222222222222224,0.4054054054054054,0.04584527220630371,0.13690476190476192,0.14285714285714285,0.34838709677419355,0.2499999999999858,0.6124999999999998,0.22500000000000003,0.6578947368421051
0.25555555555555554,,0.32951289398280803,0.23214285714285715,,0.7677419354838709,0.5,0.5499999999999994,0.3458333333333334,0.21052631578947345
0.13333333333333328,0.25675675675675674,0.1776504297994269,,0.5793650793650793,0.6451612903225806,0.5,0.6625000000000001,0.5708333333333333,0.43421052631578916
0.36111111111111116,0.4594594594594595,0.30085959885386815,0.30952380952380953,0.3571428571428571,0.7032258064516128,0.7499999999999858,0.8124999999999996,0.5166666666666666,0.5394736842105261
0.28888888888888886,,0.02292263610315185,,0.33333333333333337,0.4774193548387097,0.5,0.3500000000000001,0.30416666666666664,0.21052631578947345
0.7166666666666667,0.39189189189189183,0.4813753581661891,0.14285714285714285,0.6190476190476191,0.9161290322580645,0.7499999999999858,0.4624999999999999,0.43749999999999994,
0.41666666666666674,0.48648648648648646,0.36962750716332377,0.10714285714285714,0.4444444444444444,0.5032258064516129,0.5,0.6124999999999998,0.15833333333333338,0.6842105263157896
0.15,0.4189189189189189,0.03724928366762178,0.3333333333333333,0.3015873015873015,0.696774193548387,0.5,0.6999999999999997,0.2791666666666666,0.644736842105263
0.4,0.1891891891891892,0.1833810888252149,0.26190476190476186,0.26190476190476186,,0.5,0.5499999999999994,0.3333333333333333,0.23684210526315774
0.15,,0.5816618911174785,0.16666666666666663,0.492063492063492,0.46451612903225803,0.5,0.2999999999999998,,
0.15,0.44594594594594594,0.02292263610315185,0.11904761904761903,0.2063492063492063,0.3290322580645161,0.2499999999999858,0.3999999999999999,0.5166666666666666,0.7499999999999998
0.19999999999999998,0.36486486486486486,0.03724928366762178,0.2976190476190476,0.45238095238095233,0.3741935483870968,0.5,0.6374999999999997,0.2791666666666666,0.32894736842105265
0.32777777777777783,0.6486486486486486,,0.24404761904761907,0.3571428571428571,0.7225806451612903,0.5,0.49999999999999956,,0.4473684210526314
0.25555555555555554,0.3783783783783784,,0.29166666666666663,0.45238095238095233,0.7096774193548386,0.7499999999999858,0.7749999999999995,0.26666666666666666,0.26315789473684204
0.16666666666666666,0.4189189189189189,0.30085959885386815,0.2738095238095238,0.31746031746031744,0.8645161290322579,0.5,0.6499999999999995,0.4791666666666666,0.4210526315789471
0.4666666666666667,0.4594594594594595,0.10888252148997132,0.10119047619047618,0.4206349206349207,0.6516129032258065,0.2499999999999858,0.31249999999999956,0.13333333333333336,0.7631578947368418
0.3111111111111111,0.6891891891891891,0.3237822349570201,0.29166666666666663,,0.8387096774193549,0.5,,0.38333333333333325,0.23684210526315774
0.28888888888888886,0.24324324324324323,0.3151862464183381,0.23809523809523808,0.45238095238095233,0.7548387096774193,0.5,0.5625,0.3166666666666667,0.17105263157894712
0.22222222222222224,0.33783783783783783,0.03724928366762178,0.15476190476190477,0.26984126984126977,0.5677419354838709,0.5,0.6499999999999995,0.4124999999999999,
,0.4054054054054054,0.04584527220630371,0.21428571428571425,0.4444444444444444,0.5677419354838709,0.5,0.2999999999999998,0.2916666666666667,0.48684210526315774
0.27222222222222214,0.4594594594594595,0.25501432664756446,0.14285714285714285,0.25396825396825395,0.3806451612903226,0.5,0.5625,0.2375,0.21052631578947345
0.2666666666666666,0.8783783783783784,0.01719197707736389,0.4464285714285714,0.15873015873015872,0.5419354838709678,0.5,0.5374999999999996,0.25000000000000006,0.23684210526315774
0.3111111111111111,,0.04584527220630371,0.19047619047619047,0.38095238095238093,0.3419354838709677,0.2499999999999858,0.5999999999999996,1.0,0.6842105263157896
0.34444444444444444,,0.02292263610315185,1.0000000000000002,0.4444444444444444,0.5935483870967742,0.5,0.3999999999999999,0.25000000000000006,0.1578947368421051
0.18333333333333338,0.3783783783783784,0.08595988538681948,0.13690476190476192,0.38095238095238093,0.36129032258064514,0.2499999999999858,0.2999999999999998,0.26666666666666666,0.6578947368421051
0.36111111111111116,0.35135135135135137,0.1833810888252149,0.1607142857142857,0.3571428571428571,0.5935483870967742,0.5,0.5499999999999994,0.2375,0.4210526315789471
0.22222222222222224,0.5135135135135135,0.6189111747851003,0.30357142857142855,0.5555555555555555,,0.7499999999999858,0.3999999999999999,,0.17105263157894712
0.37777777777777777,0.5135135135135135,0.1805157593123209,0.13690476190476192,0.2222222222222222,0.36129032258064514,0.2499999999999858,0.7749999999999995,0.25000000000000006,0.6578947368421051
0.48888888888888893,0.4594594594594595,0.34383954154727797,0.26190476190476186,,0.6774193548387097,0.7499999999999858,0.43749999999999956,0.38333333333333325,0.21052631578947345
0.43333333333333346,0.35135135135135137,0.27507163323782235,0.14285714285714285,0.3571428571428571,0.47096774193548385,0.5,0.7374999999999994,0.22500000000000003,0.605263157894737
0.5222222222222223,0.5675675675675675,0.2464183381088825,0.3571428571428571,0.4126984126984127,0.7096774193548386,0.5,0.4499999999999993,0.4124999999999999,0.23684210526315774
0.5222222222222223,0.43243243243243246,0.23782234957020051,0.14285714285714285,0.5079365079365079,0.5032258064516129,0.5,0.8749999999999996,0.46666666666666673,0.7894736842105263
0.55,0.25675675675675674,0.03724928366762178,0.17857142857142855,0.26190476190476186,0.3354838709677419,0.5,0.8999999999999999,0.2375,0.3421052631578947
0.19999999999999998,0.3783783783783784,0.0630372492836676,0.18452380952380953,0.23015873015873015,0.4903225806451612,0.5,0.5124999999999997,0.3333333333333333,0.43421052631578916
0.22222222222222224,0.5405405405405406,0.4154727793696275,0.15476190476190477,0.23015873015873015,0.3354838709677419,0.5,0.3374999999999999,0.25000000000000006,0.43421052631578916
,0.3243243243243243,0.0,0.10714285714285714,0.2857142857142857,0.32258064516129026,0.5,,0.1166666666666667,0.18421052631578938
0.2388888888888889,0.35135135135135137,0.33810888252148996,,0.47619047619047616,0.7354838709677419,0.5,0.4499999999999993,0.35833333333333334,0.26315789473684204
0.36111111111111116,0.5,0.2464183381088825,0.26190476190476186,0.1111111111111111,0.6580645161290323,0.5,0.5749999999999997,0.21249999999999997,
0.41666666666666674,,0.20057306590257876,0.18452380952380953,0.45238095238095233,0.6580645161290323,0.5,0.6499999999999995,0.3166666666666667,0.7631578947368418
0.37777777777777777,0.43243243243243246,0.34383954154727797,0.20238095238095238,0.31746031746031744,0.40645161290322573,0.5,0.5749999999999997,0.3166666666666667,0.5526315789473684
0.22222222222222224,0.5,0.3237822349570201,0.24999999999999994,0.611111111111111,0.6,0.5,0.1499999999999999,,0.2236842105263157
0.37777777777777777,,0.4154727793696275,0.13095238095238093,,0.3419354838709677,0.5,0.41249999999999964,0.26666666666666666,0.7105263157894737
0.19999999999999998,0.5675675675675675,0.06876790830945559,0.2738095238095238,0.26190476190476186,0.4451612903225806,0.5,0.2999999999999998,0.26666666666666666,0.3421052631578947
0.37777777777777777,0.3243243243243243,0.2464183381088825,0.23809523809523808,0.3015873015873015,0.9354838709677419,0.5,0.5625,0.5166666666666666,0.23684210526315774
0.37777777777777777,0.3243243243243243,0.02292263610315185,0.3214285714285714,0.4285714285714285,0.832258064516129,0.5,,0.3708333333333333,0.21052631578947345
0.5555555555555557,0.1891891891891892,0.45272206303724927,0.22619047619047616,0.16666666666666666,0.36129032258064514,0.5,0.5499999999999994,0.13333333333333336,0.4736842105263155
0.22222222222222224,0.5405405405405406,0.30659025787965616,0.18452380952380953,0.5079365079365079,0.6064516129032258,0.5,0.43749999999999956,0.04999999999999999,0.5921052631578945
0.16666666666666666,0.4729729729729729,0.24355300859598852,0.08333333333333333,0.07936507936507936,0.12903225806451613,0.5,0.07499999999999973,0.38333333333333325,0.4999999999999998
0.25555555555555554,0.3243243243243243,0.30085959885386815,0.20833333333333331,0.19841269841269843,0.43870967741935485,0.5,0.7374999999999994,0.46666666666666673,0.43421052631578916
0.36111111111111116,0.4054054054054054,0.002865329512893984,0.21428571428571425,0.14285714285714285,0.4258064516129032,0.5,0.25,0.21249999999999997,0.368421052631579
0.044444444444444425,,0.04584527220630371,0.22619047619047616,0.12698412698412698,0.4451612903225806,0.5,0.6625000000000001,,0.644736842105263
,0.24324324324324323,0.3151862464183381,,0.26984126984126977,,0.7499999999999858,,,0.21052631578947345
0.18333333333333338,0.5405405405405406,0.040114613180515755,0.11904761904761903,,0.5290322580645161,0.5,0.7749999999999995,0.3458333333333334,0.605263157894737
0.22222222222222224,0.5675675675675675,0.30085959885386815,0.20833333333333331,0.5714285714285714,0.7677419354838709,0.5,0.5499999999999994,0.3333333333333333,0.2236842105263157
0.5055555555555555,0.3243243243243243,0.008595988538681945,0.23809523809523808,0.06349206349206349,0.46451612903225803,0.5,0.2999999999999998,0.10416666666666669,0.368421052631579
0.22222222222222224,0.4594594594594595,0.02292263610315185,0.08333333333333333,0.2222222222222222,0.432258064516129,0.2499999999999858,0.6999999999999997,0.1833333333333333,0.8157894736842104
,0.4054054054054054,0.5587392550143266,0.23214285714285715,0.7063492063492063,0.6451612903225806,0.7499999999999858,0.4874999999999998,0.35833333333333334,0.27631578947368407
0.25555555555555554,0.43243243243243246,0.5214899713467048,0.19047619047619047,0.4285714285714285,0.5032258064516129,,0.5625,,0.4210526315789471
0.22222222222222224,0.43243243243243246,0.02292263610315185,0.23809523809523808,0.6031746031746031,0.43870967741935485,0.5,0.41249999999999964,0.425,0.5263157894736841
0.37222222222222223,0.36486486486486486,0.03438395415472779,0.08928571428571429,0.1349206349206349,0.25806451612903225,0.2499999999999858,0.7124999999999999,0.22500000000000003,
0.3111111111111111,0.39189189189189183,0.08595988538681948,0.16666666666666663,0.25396825396825395,0.41290322580645156,0.2499999999999858,0.6625000000000001,0.2375,0.631578947368421
0.25555555555555554,0.28378378378378377,0.6762177650429799,0.17857142857142855,0.26984126984126977,0.6387096774193548,,0.8499999999999996,0.5458333333333332,0.27631578947368407
0.2388888888888889,0.44594594594594594,0.5272206303724928,0.22619047619047616,0.3015873015873015,0.5806451612903225,,,,0.26315789473684204
0.09444444444444441,0.6621621621621622,0.01719197707736389,0.2857142857142857,0.16666666666666666,0.6,0.5,0.5625,0.3166666666666667,0.5526315789473684
0.3111111111111111,0.36486486486486486,0.1776504297994269,0.1130952380952381,0.5714285714285714,0.5548387096774193,0.2499999999999858,0.4874999999999998,0.25000000000000006,0.7894736842105263
0.22222222222222224,0.4189189189189189,0.45272206303724927,0.16666666666666663,,0.7548387096774193,0.7499999999999858,0.4499999999999993,0.425,0.26315789473684204
0.28888888888888886,,,,0.33333333333333337,0.5161290322580645,0.5,0.6999999999999997,0.35833333333333334,0.6973684210526316
0.27222222222222214,0.44594594594594594,,0.24404761904761907,,0.7935483870967742,,0.375,0.2791666666666666,
0.37777777777777777,0.6756756756756757,0.45272206303724927,0.23214285714285715,0.5793650793650793,0.8387096774193549,0.7499999999999858,0.3999999999999999,0.49166666666666664,0.23684210526315774
,0.39189189189189183,0.0630372492836676,0.18452380952380953,0.1349206349206349,0.2838709677419355,0.5,0.6625000000000001,0.6791666666666667,0.381578947368421
0.25555555555555554,0.2972972972972973,0.1146131805157593,0.23809523809523808,0.4126984126984127,0.6451612903225806,0.5,0.4874999999999998,0.35833333333333334,0.43421052631578916
1.0000000000000002,0.6486486486486486,0.5415472779369627,0.26190476190476186,0.5793650793650793,0.9096774193548387,,0.49999999999999956,0.38333333333333325,0.2236842105263157
0.09444444444444441,0.5,0.031518624641833796,0.1607142857142857,0.26190476190476186,0.4258064516129032,0.5,,0.35833333333333334,0.3157894736842104
0.27222222222222214,0.43243243243243246,0.02292263610315185,0.23809523809523808,,0.2838709677419355,0.2499999999999858,0.26249999999999973,0.30416666666666664,
0.3111111111111111,0.4594594594594595,0.5959885386819483,0.19047619047619047,0.31746031746031744,0.6451612903225806,0.7499999999999858,0.4499999999999993,0.22500000000000003,0.32894736842105265
0.18333333333333338,0.48648648648648646,,0.22619047619047616,0.31746031746031744,0.5290322580645161,,0.5999999999999996,0.3333333333333333,0.1315789473684208
0.48888888888888893,0.3783783783783784,0.09169054441260743,0.20238095238095238,0.15873015873015872,0.24516129032258066,0.2499999999999858,0.5499999999999994,0.3166666666666667,0.9078947368421051
0.41666666666666674,0.35135135135135137,0.43553008595988535,0.19047619047619047,,0.6709677419354839,0.5,0.3999999999999999,0.15833333333333338,0.631578947368421
0.46111111111111114,0.10810810810810811,0.5816618911174785,0.19047619047619047,0.365079365079365,0.5677419354838709,0.7499999999999858,0.8124999999999996,0.21249999999999997,0.32894736842105265
,0.013513513513513514,0.24355300859598852,0.23809523809523808,0.1904761904761905,0.25806451612903225,0.5,0.5124999999999997,0.25000000000000006,0.3421052631578947
0.16666666666666666,,0.3810888252148997,0.20833333333333331,0.5079365079365079,0.6709677419354839,0.5,0.4624999999999999,0.46666666666666673,0.3157894736842104
0.25555555555555554,,0.7335243553008595,0.23809523809523808,0.5079365079365079,,1.0,0.3500000000000001,0.38333333333333325,0.21052631578947345
0.18333333333333338,0.3783783783783784,0.031518624641833796,0.25595238095238093,0.46031746031746024,0.5677419354838709,0.5,0.5625,0.25000000000000006,0.368421052631579
0.25555555555555554,0.35135135135135137,,0.24404761904761907,0.5317460317460316,0.47096774193548385,0.7499999999999858,0.3999999999999999,0.2916666666666667,0.23684210526315774
0.34444444444444444,0.6756756756756757,0.5186246418338109,0.21428571428571425,0.38095238095238093,,,0.3500000000000001,0.39999999999999997,0.1578947368421051
0.44999999999999996,0.7027027027027027,,0.24999999999999994,0.2857142857142857,0.5548387096774193,0.7499999999999858,0.38749999999999973,0.22500000000000003,
0.27222222222222214,0.3243243243243243,0.02292263610315185,0.2738095238095238,0.6746031746031745,0.6,0.5,0.5499999999999994,0.5166666666666666,0.4210526315789471
0.36111111111111116,0.4054054054054054,0.42120343839541546,0.22619047619047616,0.492063492063492,0.8645161290322579,0.5,,0.425,0.6842105263157896
0.34444444444444444,,0.33810888252148996,0.14285714285714285,,,0.5,0.7499999999999996,0.3458333333333334,0.644736842105263
0.5055555555555555,,0.1833810888252149,0.1607142857142857,0.45238095238095233,0.5483870967741935,0.5,0.5625,0.26666666666666666,0.5526315789473684
0.13333333333333328,0.5270270270270271,0.6618911174785099,,0.45238095238095233,0.6322580645161291,1.0,0.6875,,0.18421052631578938
0.32777777777777783,0.4054054054054054,0.3810888252148997,0.25595238095238093,0.2380952380952381,0.6709677419354839,0.5,0.5749999999999997,0.43749999999999994,0.5789473684210524
0.3111111111111111,,,0.23214285714285715,0.4206349206349207,0.432258064516129,,0.41249999999999964,0.2916666666666667,0.1578947368421051
0.13333333333333328,0.44594594594594594,0.32951289398280803,0.25595238095238093,0.14285714285714285,0.5161290322580645,,0.6124999999999998,0.2791666666666666,
0.19999999999999998,0.33783783783783783,0.7478510028653295,0.24999999999999994,0.4444444444444444,0.5483870967741935,1.0,0.6499999999999995,0.1833333333333333,0.1315789473684208
0.09444444444444441,0.36486486486486486,0.6733524355300858,0.24999999999999994,0.2380952380952381,0.535483870967742,0.7499999999999858,0.19999999999999973,0.26666666666666666,0.11842105263157876
0.13333333333333328,0.5135135135135135,0.335243553008596,,0.4444444444444444,0.7096774193548386,0.5,0.6499999999999995,0.4124999999999999,0.3157894736842104
,0.4594594594594595,0.25501432664756446,0.24999999999999994,0.3571428571428571,0.6580645161290323,0.5,0.5124999999999997,0.625,
0.16666666666666666,0.5270270270270271,0.008595988538681945,0.19047619047619047,0.365079365079365,0.6193548387096774,0.2499999999999858,0.3999999999999999,0.26666666666666666,0.6842105263157896
0.6277777777777778,0.3243243243243243,0.489971346704871,0.25595238095238093,0.5714285714285714,,0.5,0.3999999999999999,0.43749999999999994,0.3157894736842104
0.19999999999999998,0.3243243243243243,0.18624641833810887,0.5357142857142857,0.2936507936507936,0.4838709677419354,0.5,0.3500000000000001,0.30416666666666664,0.1052631578947365
0.18333333333333338,0.4594594594594595,0.32951289398280803,0.2976190476190476,0.1746031746031746,0.3870967741935484,0.5,0.2999999999999998,0.4791666666666666,0.23684210526315774
0.07777777777777775,0.4594594594594595,0.48424068767908307,0.24999999999999994,0.2380952380952381,0.36774193548387096,,0.5499999999999994,0.3458333333333334,0.3421052631578947
0.4666666666666667,0.4189189189189189,0.1776504297994269,0.16666666666666663,0.007936507936507936,0.5032258064516129,0.5,0.19999999999999973,0.6499999999999999,0.7105263157894737
0.07777777777777775,0.3783783783783784,0.6361031518624641,0.25595238095238093,0.2857142857142857,0.5935483870967742,0.7499999999999858,0.26249999999999973,0.21249999999999997,0.17105263157894712
,0.5945945945945946,0.1289398280802292,,,0.7354838709677419,0.5,0.3374999999999999,0.2375,
0.22222222222222224,0.33783783783783783,0.32664756446991405,0.1964285714285714,0.14285714285714285,0.4193548387096774,0.5,0.7999999999999998,0.5041666666666667,0.39473684210526305
0.18333333333333338,0.5675675675675675,0.01719197707736389,0.21428571428571425,0.23015873015873015,0.49677419354838703,0.5,0.3999999999999999,,0.4999999999999998
0.28888888888888886,0.3783783783783784,0.0,0.07142857142857144,0.2857142857142857,0.5032258064516129,0.2499999999999858,0.31249999999999956,0.15833333333333338,
0.37222222222222223,0.5135135135135135,0.08309455587392547,0.13690476190476192,0.07936507936507936,0.25161290322580643,0.2499999999999858,,0.4791666666666666,0.48684210526315774
0.19999999999999998,0.2972972972972973,,0.20833333333333331,,0.4258064516129032,0.7499999999999858,0.5749999999999997,0.3333333333333333,0.17105263157894712
0.37777777777777777,0.48648648648648646,0.6446991404011461,0.19047619047619047,0.47619047619047616,0.7741935483870968,,,0.10416666666666669,0.3421052631578947
,0.4054054054054054,,0.2976190476190476,0.33333333333333337,0.7225806451612903,0.5,0.47499999999999964,0.2791666666666666,0.4210526315789471
0.37777777777777777,,0.1146131805157593,,0.23015873015873015,0.5548387096774193,0.5,0.3999999999999999,0.2916666666666667,0.21052631578947345
0.18333333333333338,0.3783783783783784,0.025787965616045842,0.22619047619047616,0.25396825396825395,0.23870967741935484,0.5,0.7874999999999992,0.3333333333333333,0.5394736842105261
0.16666666666666666,0.4054054054054054,0.1776504297994269,0.19047619047619047,0.39682539682539686,0.5935483870967742,0.5,0.4874999999999998,0.15833333333333338,0.381578947368421
0.19999999999999998,0.6621621621621622,0.23782234957020051,0.10714285714285714,0.3015873015873015,0.5032258064516129,0.5,0.7624999999999993,0.17083333333333328,0.5789473684210524
0.27222222222222214,0.3783783783783784,0.39255014326647564,0.10119047619047618,0.1111111111111111,0.4774193548387097,0.5,0.49999999999999956,0.14583333333333337,0.7105263157894737
0.4,0.43243243243243246,0.47277936962750716,0.15476190476190477,0.2380952380952381,0.46451612903225803,0.5,0.47499999999999964,0.14583333333333337,0.43421052631578916
0.16666666666666666,,0.008595988538681945,0.11904761904761903,0.2063492063492063,0.27096774193548384,0.2499999999999858,0.5749999999999997,0.38333333333333325,0.5789473684210524
0.16666666666666666,0.4054054054054054,0.031518624641833796,0.11904761904761903,0.19841269841269843,0.19999999999999998,0.2499999999999858,0.7999999999999998,0.425,0.5263157894736841
0.34444444444444444,0.48648648648648646,0.42120343839541546,0.1964285714285714,0.32539682539682535,0.6838709677419353,0.7499999999999858,0.5625,0.3708333333333333,0.2236842105263157
0.27222222222222214,0.4189189189189189,0.03724928366762178,0.13095238095238093,0.3571428571428571,0.4258064516129032,0.2499999999999858,0.2749999999999999,0.26666666666666666,0.6842105263157896
0.3111111111111111,0.4594594594594595,0.17478510028653294,0.27976190476190477,0.2063492063492063,0.5161290322580645,0.5,0.5374999999999996,0.30416666666666664,0.6973684210526316
0.2388888888888889,0.5135135135135135,0.5472779369627506,0.14285714285714285,0.06349206349206349,0.27096774193548384,0.5,0.41249999999999964,,0.8552631578947365
0.15,0.5135135135135135,0.19770773638968478,0.04166666666666667,0.2063492063492063,0.3096774193548387,0.2499999999999858,0.3624999999999998,0.17083333333333328,0.7894736842105263
0.13333333333333328,0.35135135135135137,0.025787965616045842,0.19047619047619047,0.39682539682539686,0.5612903225806452,0.5,0.6875,,0.26315789473684204
0.34444444444444444,0.6621621621621622,0.39255014326647564,0.22619047619047616,0.47619047619047616,0.7612903225806451,0.7499999999999858,0.4624999999999999,0.3333333333333333,0.3421052631578947
,0.6351351351351351,0.10028653295128936,0.2738095238095238,0.46031746031746024,0.5741935483870967,0.5,0.6374999999999997,0.7041666666666666,0.3421052631578947
,0.3108108108108108,0.3982808022922636,0.2976190476190476,0.5476190476190476,0.6709677419354839,0.5,0.5625,0.25000000000000006,0.3421052631578947
0.41666666666666674,,0.32951289398280803,0.22619047619047616,0.5555555555555555,,0.5,0.3999999999999999,0.38333333333333325,0.4736842105263155
0.6666666666666667,0.48648648648648646,0.12320916905444126,0.1130952380952381,0.3015873015873015,0.535483870967742,0.2499999999999858,0.4624999999999999,0.2,0.7368421052631577
0.4666666666666667,0.3108108108108108,,,,0.6709677419354839,0.5,0.5625,0.25000000000000006,0.3421052631578947
0.13333333333333328,,0.6131805157593122,,0.47619047619047616,0.5096774193548387,0.7499999999999858,0.6124999999999998,,0.39473684210526305
,0.48648648648648646,0.07163323782234957,,0.38095238095238093,0.4838709677419354,0.5,,0.30416666666666664,0.39473684210526305
0.41666666666666674,0.4189189189189189,,0.25595238095238093,,0.5806451612903225,0.7499999999999858,0.375,0.4124999999999999,0.18421052631578938
0.41666666666666674,0.3783783783783784,,0.24404761904761907,0.3015873015873015,0.5935483870967742,,0.5499999999999994,0.3458333333333334,0.39473684210526305
0.16666666666666666,0.5270270270270271,0.08309455587392547,0.20833333333333331,0.2936507936507936,0.7290322580645161,0.5,,0.2791666666666666,0.48684210526315774
0.19999999999999998,0.5135135135135135,0.6418338108882521,0.27976190476190477,0.31746031746031744,0.49677419354838703,1.0,,0.35833333333333334,0.2894736842105261
0.2388888888888889,0.35135135135135137,0.040114613180515755,0.13690476190476192,,,0.2499999999999858,0.5124999999999997,,0.6842105263157896
0.41666666666666674,0.6216216216216216,0.1776504297994269,0.10714285714285714,0.19841269841269843,0.36129032258064514,0.2499999999999858,0.6374999999999997,0.5166666666666666,
0.09444444444444441,0.33783783783783783,0.02292263610315185,0.14285714285714285,0.26984126984126977,0.4838709677419354,0.5,0.5999999999999996,0.425,0.5921052631578945
0.2388888888888889,0.39189189189189183,0.5902578796561604,0.14880952380952384,0.5396825396825395,0.5290322580645161,0.5,0.49999999999999956,0.2,0.4473684210526314
0.32777777777777783,0.21621621621621623,0.025787965616045842,0.16666666666666663,,0.9645161290322579,0.5,0.47499999999999964,0.3166666666666667,0.3421052631578947
0.06111111111111109,0.5540540540540541,0.002865329512893984,,,0.36129032258064514,0.5,0.5874999999999999,0.26666666666666666,0.4999999999999998
,0.0945945945945946,0.28366762177650434,0.21428571428571425,,0.5870967741935483,0.5,0.6875,0.45,0.2894736842105261
0.37777777777777777,0.44594594594594594,0.07736389684813752,0.26190476190476186,0.39682539682539686,0.9,0.5,0.47499999999999964,0.49166666666666664,0.3421052631578947
0.27222222222222214,0.3783783783783784,0.040114613180515755,0.20238095238095238,0.23015873015873015,0.3741935483870968,0.2499999999999858,0.4624999999999999,0.2791666666666666,
0.5944444444444444,0.3243243243243243,0.47564469914040114,0.11904761904761903,0.4126984126984127,0.6709677419354839,0.5,0.4499999999999993,0.26666666666666666,0.5789473684210524
0.07777777777777775,0.39189189189189183,0.19197707736389683,0.30357142857142855,0.26984126984126977,0.40645161290322573,0.5,,0.2791666666666666,0.381578947368421
0.25555555555555554,0.43243243243243246,0.002865329512893984,0.14285714285714285,0.39682539682539686,0.4451612903225806,0.2499999999999858,,0.46666666666666673,0.48684210526315774
0.07777777777777775,0.44594594594594594,0.1776504297994269,0.30952380952380953,0.3015873015873015,0.46451612903225803,0.5,0.7874999999999992,0.21249999999999997,0.17105263157894712
0.3111111111111111,0.6621621621621622,0.3151862464183381,0.21428571428571425,0.4841269841269841,0.7935483870967742,0.5,0.3500000000000001,0.425,0.5263157894736841
0.5555555555555557,0.4594594594594595,0.07163323782234957,0.05952380952380952,0.33333333333333337,0.3741935483870968,0.2499999999999858,0.5499999999999994,0.2,
0.36111111111111116,0.39189189189189183,0.025787965616045842,0.1607142857142857,0.32539682539682535,0.5032258064516129,0.2499999999999858,0.4499999999999993,0.17083333333333328,0.7368421052631577
0.28888888888888886,0.43243243243243246,,0.23214285714285715,0.47619047619047616,0.7870967741935484,0.5,0.5625,0.21249999999999997,0.5921052631578945
0.18333333333333338,0.43243243243243246,0.0630372492836676,0.1607142857142857,0.26984126984126977,0.5612903225806452,0.5,0.5374999999999996,0.45,0.3421052631578947
0.0222222222222222,,0.002865329512893984,0.14285714285714285,0.3571428571428571,0.32258064516129026,0.2499999999999858,0.08750000000000036,0.425,0.6973684210526316
0.34444444444444444,,0.17478510028653294,0.19047619047619047,0.3571428571428571,0.6387096774193548,0.5,0.5499999999999994,0.2916666666666667,0.32894736842105265
0.13333333333333328,0.4054054054054054,0.5501432664756446,0.3333333333333333,0.1746031746031746,0.6903225806451612,0.7499999999999858,0.2999999999999998,0.38333333333333325,0.17105263157894712
0.4666666666666667,0.5,0.18624641833810887,0.19047619047619047,0.39682539682539686,0.8870967741935484,0.5,0.41249999999999964,0.35833333333333334,0.3157894736842104
0.3111111111111111,,0.664756446991404,0.29166666666666663,,0.4580645161290322,,0.5999999999999996,0.35833333333333334,0.27631578947368407
0.19999999999999998,0.43243243243243246,0.07163323782234957,0.21428571428571425,0.2857142857142857,0.3870967741935484,0.5,0.3999999999999999,0.49166666666666664,0.5789473684210524
0.13333333333333328,0.5675675675675675,0.19770773638968478,0.15476190476190477,0.047619047619047616,0.2838709677419355,0.5,0.4874999999999998,0.38333333333333325,0.644736842105263
0.6444444444444445,,0.34383954154727797,0.47619047619047616,0.26190476190476186,0.7354838709677419,0.7499999999999858,0.2999999999999998,0.15833333333333338,0.21052631578947345
0.27222222222222214,0.5405405405405406,0.014326647564469906,0.1964285714285714,0.07142857142857142,0.2129032258064516,0.5,0.18749999999999956,0.35833333333333334,0.4473684210526314
0.19999999999999998,0.4729729729729729,,0.27976190476190477,0.365079365079365,0.7419354838709677,0.5,0.3999999999999999,0.35833333333333334,0.39473684210526305
0.37777777777777777,0.5675675675675675,0.02292263610315185,0.22619047619047616,,0.7548387096774193,0.5,0.3999999999999999,0.3333333333333333,0.27631578947368407
0.2388888888888889,0.5540540540540541,0.7793696275071632,0.22619047619047616,0.38888888888888884,0.5806451612903225,1.0,0.6625000000000001,0.21249999999999997,0.11842105263157876
0.07777777777777775,,0.014326647564469906,0.23809523809523808,0.19841269841269843,0.3741935483870968,0.5,0.5124999999999997,0.3333333333333333,0.21052631578947345
0.09444444444444441,0.5945945945945946,0.025787965616045842,0.20238095238095238,0.2380952380952381,0.4258064516129032,0.5,0.43749999999999956,0.6916666666666667,0.39473684210526305
0.25555555555555554,0.3243243243243243,0.04584527220630371,0.2738095238095238,0.03968253968253968,0.4774193548387097,0.5,0.5625,0.625,0.5921052631578945
0.41666666666666674,0.24324324324324323,0.25501432664756446,0.47023809523809523,0.47619047619047616,,0.7499999999999858,0.7749999999999995,0.3333333333333333,0.21052631578947345
0.37777777777777777,0.35135135135135137,0.17478510028653294,0.11904761904761903,0.25396825396825395,0.47096774193548385,,,,0.7894736842105263
0.25555555555555554,0.36486486486486486,0.1776504297994269,0.11904761904761903,0.3015873015873015,0.34838709677419355,0.5,0.31249999999999956,0.13333333333333336,0.6973684210526316
0.11111111111111113,0.4594594594594595,,,0.14285714285714285,0.432258064516129,0.5,0.2999999999999998,0.22500000000000003,0.48684210526315774
0.43333333333333346,,0.3753581661891117,0.13095238095238093,0.2857142857142857,0.43870967741935485,0.5,0.4499999999999993,,
0.18333333333333338,0.4729729729729729,,0.23809523809523808,0.3492063492063492,,0.7499999999999858,0.3624999999999998,0.3166666666666667,0.1578947368421051
0.48888888888888893,0.24324324324324323,0.30085959885386815,,0.26984126984126977,0.7935483870967742,,0.8999999999999999,0.6375,0.21052631578947345
0.18333333333333338,0.9729729729729729,0.03724928366762178,,0.6666666666666666,0.47096774193548385,0.5,0.2749999999999999,,0.21052631578947345
0.19999999999999998,0.35135135135135137,0.3839541547277937,0.09523809523809525,0.365079365079365,0.4774193548387097,0.5,0.375,0.14583333333333337,0.7894736842105263
,0.2027027027027027,0.42120343839541546,0.1607142857142857,0.38095238095238093,0.6322580645161291,0.7499999999999858,0.6124999999999998,0.38333333333333325,0.23684210526315774
0.19999999999999998,0.5675675675675675,0.0487106017191977,0.26190476190476186,0.07936507936507936,0.3290322580645161,0.5,0.6499999999999995,0.3458333333333334,0.6578947368421051
0.2388888888888889,0.5540540540540541,0.7793696275071632,,0.38888888888888884,0.5806451612903225,1.0,,0.21249999999999997,0.11842105263157876
0.09444444444444441,0.4054054054054054,0.2693409742120344,0.20238095238095238,,0.6129032258064516,0.5,,0.30416666666666664,0.4473684210526314
0.22222222222222224,,0.27793696275071633,0.1130952380952381,0.45238095238095233,0.45161290322580644,,0.08750000000000036,0.4124999999999999,0.5263157894736841
0.27222222222222214,0.4594594594594595,0.02292263610315185,,0.03968253968253968,0.07741935483870967,0.5,,0.5333333333333332,0.4210526315789471
,0.4189189189189189,0.2922636103151862,0.18452380952380953,0.47619047619047616,0.6774193548387097,0.5,0.6374999999999997,0.45,0.4473684210526314
0.44999999999999996,,0.04584527220630371,,0.31746031746031744,0.3935483870967742,0.2499999999999858,0.6875,,
0.19999999999999998,0.5135135135135135,0.43553008595988535,0.30952380952380953,0.26984126984126977,0.3806451612903226,0.7499999999999858,0.4499999999999993,0.3166666666666667,
0.044444444444444425,0.36486486486486486,0.17478510028653294,0.45238095238095233,0.33333333333333337,0.696774193548387,0.5,,0.21249999999999997,0.5394736842105261
0.19999999999999998,0.6081081081081081,0.9999999999999999,0.7261904761904763,0.5555555555555555,0.4774193548387097,0.7499999999999858,0.41249999999999964,0.15833333333333338,0.8421052631578945
0.2388888888888889,0.4054054054054054,0.4297994269340974,0.3869047619047619,0.4444444444444444,0.7225806451612903,0.7499999999999858,0.1499999999999999,0.30416666666666664,0.1578947368421051
0.2388888888888889,0.43243243243243246,0.2521489971346705,0.1130952380952381,0.33333333333333337,0.5096774193548387,0.5,0.8874999999999993,0.2375,0.4210526315789471
0.32777777777777783,0.36486486486486486,0.040114613180515755,0.07142857142857144,0.1111111111111111,0.2838709677419355,0.2499999999999858,0.5499999999999994,0.3708333333333333,0.8026315789473684
0.15,0.43243243243243246,0.13180515759312317,0.19047619047619047,,0.2838709677419355,0.5,0.19999999999999973,0.45,0.43421052631578916
,,0.42120343839541546,0.29166666666666663,0.3492063492063492,0.7225806451612903,0.7499999999999858,0.5999999999999996,,0.381578947368421
0.4666666666666667,0.44594594594594594,0.01719197707736389,0.10119047619047618,0.1111111111111111,0.3032258064516129,0.2499999999999858,0.7124999999999999,0.2,0.644736842105263
0.4,0.2972972972972973,,0.23214285714285715,0.23015873015873015,0.6064516129032258,0.5,0.5499999999999994,0.3166666666666667,0.39473684210526305
0.3111111111111111,0.4594594594594595,0.36962750716332377,0.23809523809523808,0.31746031746031744,0.432258064516129,0.5,0.5874999999999999,0.4124999999999999,0.5263157894736841
0.22222222222222224,0.48648648648648646,,0.17857142857142855,0.365079365079365,0.5161290322580645,1.0,0.5625,0.26666666666666666,0.1315789473684208
0.27222222222222214,,0.6217765042979941,0.369047619047619,,0.7677419354838709,0.7499999999999858,0.38749999999999973,,0.18421052631578938
0.2388888888888889,,0.4498567335243553,0.21428571428571425,0.5158730158730158,0.6129032258064516,0.7499999999999858,0.4874999999999998,0.2791666666666666,0.1315789473684208
0.36111111111111116,0.4054054054054054,0.002865329512893984,0.21428571428571425,0.14285714285714285,0.4258064516129032,,0.25,0.21249999999999997,0.368421052631579
0.16666666666666666,0.44594594594594594,0.040114613180515755,0.24999999999999994,0.26984126984126977,0.7225806451612903,0.5,0.4874999999999998,0.26666666666666666,0.17105263157894712
0.27222222222222214,0.4189189189189189,0.0630372492836676,0.20833333333333331,0.2857142857142857,0.5032258064516129,0.5,0.6875,0.5458333333333332,0.4999999999999998
0.43333333333333346,0.5405405405405406,0.2521489971346705,0.17857142857142855,0.3492063492063492,0.6516129032258065,0.5,0.47499999999999964,0.14583333333333337,0.6842105263157896
0.27222222222222214,0.36486486486486486,0.7965616045845272,0.23809523809523808,,0.6774193548387097,,0.6999999999999997,0.2791666666666666,0.23684210526315774
0.3111111111111111,0.4054054054054054,0.34383954154727797,0.08928571428571429,0.365079365079365,0.43870967741935485,0.5,0.2999999999999998,0.2,0.7499999999999998
0.18333333333333338,0.3783783783783784,0.08595988538681948,0.14285714285714285,0.2222222222222222,,0.5,0.6999999999999997,,0.381578947368421
0.15,0.39189189189189183,0.01719197707736389,0.22619047619047616,0.2857142857142857,0.34838709677419355,0.2499999999999858,0.5499999999999994,0.39999999999999997,0.5789473684210524
0.16666666666666666,0.36486486486486486,,0.1607142857142857,0.1746031746031746,0.40645161290322573,0.5,0.3500000000000001,0.1833333333333333,0.43421052631578916
0.27222222222222214,0.3243243243243243,0.2922636103151862,0.16666666666666663,,0.5419354838709678,0.5,0.6999999999999997,0.49166666666666664,0.4210526315789471
0.3111111111111111,0.5540540540540541,0.28366762177650434,0.22619047619047616,0.6031746031746031,0.7870967741935484,0.5,,0.3333333333333333,0.23684210526315774
0.25555555555555554,,0.3237822349570201,0.21428571428571425,0.5476190476190476,0.8516129032258064,0.5,0.49999999999999956,,0.18421052631578938
0.22222222222222224,0.4054054054054054,0.28939828080229224,0.1607142857142857,0.6428571428571428,0.967741935483871,0.5,0.375,0.14583333333333337,0.21052631578947345
,0.33783783783783783,0.41260744985673353,0.18452380952380953,0.26984126984126977,0.7741935483870968,,,0.5041666666666667,0.21052631578947345
0.005555555555555536,,0.16905444126074495,0.23809523809523808,0.26190476190476186,0.5290322580645161,0.5,,0.25000000000000006,0.4473684210526314
0.19999999999999998,,0.6131805157593122,0.16666666666666663,0.5396825396825395,0.5612903225806452,1.0,0.3500000000000001,0.30416666666666664,0.21052631578947345
0.16666666666666666,0.5675675675675675,0.031518624641833796,0.19047619047619047,0.3492063492063492,0.4903225806451612,0.5,0.43749999999999956,0.3458333333333334,0.5921052631578945
0.18333333333333338,0.5,0.07736389684813752,0.23809523809523808,,0.5483870967741935,0.5,,0.6916666666666667,0.5921052631578945
0.13333333333333328,0.2972972972972973,0.031518624641833796,0.20238095238095238,0.45238095238095233,0.6193548387096774,0.5,0.5124999999999997,0.3333333333333333,0.381578947368421
0.44999999999999996,0.5,0.1833810888252149,0.04166666666666667,0.38888888888888884,0.4451612903225806,0.2499999999999858,0.3999999999999999,0.3458333333333334,0.8157894736842104
0.11111111111111113,0.43243243243243246,0.031518624641833796,0.24999999999999994,0.15873015873015872,0.3870967741935484,0.5,0.4624999999999999,0.46666666666666673,0.26315789473684204
0.32777777777777783,0.7162162162162162,0.040114613180515755,0.18452380952380953,0.4126984126984127,0.7806451612903226,0.5,0.5999999999999996,0.4791666666666666,0.4210526315789471
0.27222222222222214,0.581081081081081,0.36962750716332377,0.47619047619047616,,0.6903225806451612,0.7499999999999858,0.1499999999999999,0.35833333333333334,0.17105263157894712
0.16666666666666666,,0.19197707736389683,0.01785714285714285,0.3015873015873015,0.3870967741935484,0.5,0.2999999999999998,0.21249999999999997,0.5263157894736841
0.4,0.3243243243243243,,0.21428571428571425,0.3015873015873015,0.5870967741935483,0.7499999999999858,0.3999999999999999,0.38333333333333325,0.21052631578947345
0.32777777777777783,0.7027027027027027,0.3237822349570201,0.24404761904761907,0.3492063492063492,0.7806451612903226,0.5,0.4874999999999998,0.3708333333333333,0.26315789473684204
,0.2702702702702703,0.4383954154727793,0.49404761904761907,0.15873015873015872,0.36129032258064514,0.7499999999999858,0.4499999999999993,0.22500000000000003,0.23684210526315774
0.5055555555555555,0.28378378378378377,0.45272206303724927,0.5773809523809524,0.1111111111111111,0.34838709677419355,0.7499999999999858,0.3500000000000001,0.3166666666666667,0.2236842105263157
0.15,0.36486486486486486,0.5988538681948424,0.2976190476190476,0.45238095238095233,0.6193548387096774,0.7499999999999858,0.25,,0.1315789473684208
0.28888888888888886,0.6081081081081081,0.34383954154727797,0.24999999999999994,0.5238095238095237,,0.5,0.49999999999999956,0.3333333333333333,0.26315789473684204
,,0.1518624641833811,0.1130952380952381,0.3015873015873015,0.3870967741935484,0.2499999999999858,0.2999999999999998,0.1166666666666667,
0.15,0.48648648648648646,0.0487106017191977,0.14880952380952384,0.2936507936507936,0.36774193548387096,0.5,0.47499999999999964,0.4124999999999999,0.48684210526315774
0.5944444444444444,0.35135135135135137,0.05444126074498567,0.27976190476190477,0.1904761904761905,0.7290322580645161,0.5,0.9499999999999997,0.45,0.3421052631578947
,0.4189189189189189,0.5214899713467048,0.2738095238095238,0.46031746031746024,0.5548387096774193,0.7499999999999858,0.375,0.39999999999999997,0.1578947368421051
0.2833333333333333,0.3783783783783784,0.27793696275071633,0.15476190476190477,0.46031746031746024,0.6,0.5,0.6999999999999997,0.2791666666666666,0.48684210526315774
0.15,0.4729729729729729,0.031518624641833796,0.1607142857142857,0.365079365079365,0.41290322580645156,0.2499999999999858,0.49999999999999956,0.6000000000000001,0.6973684210526316
0.34444444444444444,0.39189189189189183,0.7363896848137536,,0.2222222222222222,0.535483870967742,,,0.2,0.17105263157894712
0.5055555555555555,,0.08595988538681948,0.27976190476190477,0.26190476190476186,0.8258064516129032,0.5,0.8124999999999996,0.45,0.43421052631578916
0.16666666666666666,0.3243243243243243,0.025787965616045842,0.13690476190476192,,0.6838709677419353,0.2499999999999858,,0.43749999999999994,0.7499999999999998
0.31666666666666676,0.6621621621621622,0.48424068767908307,0.14880952380952384,,0.5419354838709678,0.7499999999999858,0.3999999999999999,0.4124999999999999,0.1578947368421051
0.22222222222222224,0.4594594594594595,0.1461318051575931,0.23214285714285715,0.23015873015873015,0.5032258064516129,0.5,0.5374999999999996,0.38333333333333325,0.2894736842105261
0.09444444444444441,0.4054054054054054,0.025787965616045842,0.34523809523809523,0.33333333333333337,0.6709677419354839,0.5,0.43749999999999956,0.25000000000000006,0.5986842105263157
,0.44594594594594594,0.07736389684813752,0.2738095238095238,0.10317460317460317,0.264516129032258,0.5,0.18749999999999956,0.3333333333333333,0.26315789473684204
0.13333333333333328,,0.031518624641833796,0.19047619047619047,0.38888888888888884,0.5161290322580645,0.5,0.3500000000000001,0.3458333333333334,0.3157894736842104
0.5222222222222223,0.4189189189189189,0.002865329512893984,0.23809523809523808,0.2222222222222222,0.6838709677419353,0.5,0.5499999999999994,0.7166666666666666,0.26315789473684204
0.48888888888888893,0.39189189189189183,,0.8333333333333334,0.1349206349206349,0.3548387096774193,0.5,0.49999999999999956,0.49166666666666664,0.26315789473684204
0.0222222222222222,,0.01719197707736389,0.1964285714285714,0.4285714285714285,0.6451612903225806,0.5,0.4499999999999993,0.3333333333333333,0.2894736842105261
0.37777777777777777,0.8243243243243242,0.5042979942693409,0.19047619047619047,0.6746031746031745,0.7612903225806451,,0.2999999999999998,0.4124999999999999,0.2236842105263157
0.22222222222222224,0.3783783783783784,0.0487106017191977,0.22619047619047616,0.32539682539682535,0.39999999999999997,,0.4499999999999993,0.10416666666666669,0.6973684210526316
0.5055555555555555,0.3108108108108108,,0.13690476190476192,0.2857142857142857,0.49677419354838703,0.5,0.4624999999999999,0.25000000000000006,0.43421052631578916
0.15,0.44594594594594594,0.15472779369627507,0.16666666666666663,0.492063492063492,0.5290322580645161,0.2499999999999858,0.4874999999999998,0.25000000000000006,
0.32777777777777783,0.06756756756756757,0.0,0.16666666666666663,0.09523809523809523,0.08387096774193548,0.5,,0.15833333333333338,0.21052631578947345
0.32777777777777783,0.1891891891891892,0.28653295128939826,0.21428571428571425,0.5079365079365079,,0.5,0.5625,0.25000000000000006,0.17105263157894712
