Age,BMI,Height,Weight,Length_of_Stay,Alvarado_Score,Paedriatic_Appendicitis_Score,Appendix_Diameter,Body_Temperature,WBC_Count,Neutrophil_Percentage,RBC_Count,Hemoglobin,RDW,Thrombocyte_Count,CRP,Sex-is_female,Sex-is_male,Appendix_on_US-is_yes,Appendix_on_US-is_no,Migratory_Pain-is_no,Migratory_Pain-is_yes,Lower_Right_Abd_Pain-is_yes,Lower_Right_Abd_Pain-is_no,Contralateral_Rebound_Tenderness-is_yes,Contralateral_Rebound_Tenderness-is_no,Coughing_Pain-is_no,Coughing_Pain-is_yes,Nausea-is_no,Nausea-is_yes,Loss_of_Appetite-is_yes,Loss_of_Appetite-is_no,Neutrophilia-is_no,Neutrophilia-is_yes,Ketones_in_Urine-is_++,Ketones_in_Urine-is_no,Ketones_in_Urine-is_+++,Ketones_in_Urine-is_+,RBC_in_Urine-is_+,RBC_in_Urine-is_no,RBC_in_Urine-is_++,RBC_in_Urine-is_+++,WBC_in_Urine-is_no,WBC_in_Urine-is_+,WBC_in_Urine-is_+++,WBC_in_Urine-is_++,Dysuria-is_no,Dysuria-is_yes,Stool-is_normal,Stool-is_constipation,Stool-is_diarrhea,"Stool-is_constipation, diarrhea",Peritonitis-is_no,Peritonitis-is_local,Peritonitis-is_generalized,Psoas_Sign-is_yes,Psoas_Sign-is_no,Ipsilateral_Rebound_Tenderness-is_no,Ipsilateral_Rebound_Tenderness-is_yes,US_Performed-is_yes,US_Performed-is_no,Free_Fluids-is_no,Free_Fluids-is_yes,Appendix_Wall_Layers-is_intact,Appendix_Wall_Layers-is_raised,Appendix_Wall_Layers-is_upset,Appendix_Wall_Layers-is_partially raised,Surrounding_Tissue_Reaction-is_yes,Surrounding_Tissue_Reaction-is_no,Pathological_Lymph_Nodes-is_yes,Pathological_Lymph_Nodes-is_no
0.6906318082788672,0.3109358930407953,0.7037037037037037,0.351339855380689,0.1538461538461538,0.4,0.3,0.3577235772357723,0.7709923664122136,0.164516129032258,0.5815602836879433,0.4182350350218163,0.6936337033367447,0.096153846153846,0.4014778325123153,0.0342809968378918,0.47574394594205227,0.5242560539138592,1.0,0.0,1.0,0.0,1.0,0.0,0.3811126363499109,0.6188873633539426,1.0,0.0,1.0,0.0,1.0,0.0,1.0,0.0,0.04722381932157882,0.615082037755445,0.2186265657162405,0.11906757696257997,1.0,0.0,0.0,0.0,1.0,0.0,0.0,0.0,0.9344973608707131,0.06550263924477695,1.0,0.0,0.0,0.0,1.0,0.0,0.0,1.0,0.0,1.0,0.0,1.0,0.0,1.0,0.0,1.0,0.0,0.0,0.0,1.0,0.0,1.0,0.0
0.7679738562091504,0.3834494869106651,0.6962962962962964,0.42109309688646424,0.0769230769230769,0.5,0.4,0.3981300038444387,0.7633587786259537,0.1774193548387097,0.5333333333333332,0.6464881501396862,0.9259259259259256,0.1442307692307691,0.147783251231527,0.0480769825973504,0.0,1.0,0.0,1.0,0.0,1.0,1.0,0.0,1.0,0.0,1.0,0.0,1.0,0.0,1.0,0.0,1.0,0.0,0.0,1.0,0.0,0.0,0.0,1.0,0.0,0.0,1.0,0.0,0.0,0.0,0.0,1.0,1.0,0.0,0.0,0.0,1.0,0.0,0.0,1.0,0.0,1.0,0.0,1.0,0.0,1.0,0.0,0.6150231606755088,0.3427228832519133,0.0046945452104534,0.0375594515078197,0.821693623273093,0.1783063774940229,0.765306125511861,0.2346938744846852
0.7701525054466232,0.5668636094604739,0.8148148148148149,0.6171841769459804,0.17372937629726828,0.5,0.3,0.33367842555954874,0.7404580152671754,0.3419354838709677,0.675177304964539,0.127659574468085,0.3950617283950617,0.13110549480457068,0.5147783251231527,0.0480769825973504,1.0,0.0,0.6919504565028556,0.30804954391563355,1.0,0.0,1.0,0.0,1.0,0.0,1.0,0.0,1.0,0.0,0.0,1.0,0.5115029442373309,0.48849705591037296,0.047223819351983276,0.6150820426251742,0.21862654881129728,0.11906758910082427,0.0,1.0,0.0,0.0,1.0,0.0,0.0,0.0,1.0,0.0,0.0,1.0,0.0,0.0,1.0,0.0,0.0,1.0,0.0,1.0,0.0,0.9952689544926985,0.00473104554308168,1.0,0.0,0.6150231393966828,0.3427228524029551,0.0046946380260872,0.037559410247078,0.821693625359346,0.17830637853680886,0.7653061489224977,0.2346938495738194
0.89161220043573,0.4377785395954748,0.8453419138582727,0.5533815397703105,0.1538461538461538,0.7000000000000001,0.6000000000000001,0.36778176661503603,0.6946564885496183,0.2838709677419355,0.5078014184397163,0.3617021276595742,0.6666666666666665,0.1923076923076923,0.4113300492610837,0.0342809968378918,0.4757439495559658,0.5242560500993914,0.0,1.0,0.0,1.0,1.0,0.0,0.0,1.0,1.0,0.0,0.0,1.0,1.0,0.0,1.0,0.0,0.0,1.0,0.0,0.0,0.0,1.0,0.0,0.0,1.0,0.0,0.0,0.0,0.0,1.0,1.0,0.0,0.0,0.0,1.0,0.0,0.0,1.0,0.0,0.9418140455833616,0.05818595517040648,1.0,0.0,1.0,0.0,0.6150232837760978,0.3427227749168459,0.0046948868194897,0.0375590800688624,0.8215766904811417,0.1784233133289912,1.0,0.0
0.6034858387799564,0.3109358930407953,0.8148148148148149,0.4364100382815822,0.1538461538461538,0.5,0.5622063880668583,0.3495934959349593,0.7633587786259537,0.1774193548387097,0.2382978723404255,0.2907801418439717,0.5432098765432098,0.09524743047532852,0.541871921182266,0.0342809968378918,1.0,0.0,1.0,0.0,1.0,0.0,1.0,0.0,1.0,0.0,0.0,1.0,0.42225609503911,0.5777439051092599,1.0,0.0,1.0,0.0,0.0,1.0,0.0,0.0,0.0,1.0,0.0,0.0,0.9020562632165942,0.08271412805045386,0.005704941577871159,0.009524665907145069,1.0,0.0,0.0,1.0,0.0,0.0,1.0,0.0,0.0,1.0,0.0,0.9418140443460399,0.05818595538657878,0.99526897209139,0.004731027006460886,1.0,0.0,0.6150236699329986,0.3427229501042317,0.0046949805524579,0.0375583821530383,0.8215766741279751,0.1784233306119228,1.0,0.0
0.601851851851852,0.57036600892844,0.5037037037037038,0.4364100382815822,0.1538461538461538,0.6000000000000001,0.7000000000000001,0.4315406249309083,0.7633587786259537,0.2225806451612903,0.6269503546099292,0.4751773049645389,0.5308641975308641,0.2019230769230768,0.3891625615763546,0.3239966977865243,0.0,1.0,0.0,1.0,0.0,1.0,1.0,0.0,1.0,0.0,0.0,1.0,0.0,1.0,1.0,0.0,1.0,0.0,0.04722381454424074,0.6150820448159237,0.21862655854423607,0.11906758368637804,0.0,1.0,0.0,0.0,1.0,0.0,0.0,0.0,1.0,0.0,0.0,0.0,1.0,0.0,0.7058823533168883,0.24458204331757394,0.04953560331040752,1.0,0.0,1.0,0.0,0.9952689699527071,0.004731029291200062,1.0,0.0,0.6150231535448358,0.3427228843987823,0.0046947593655849,0.0375592391621478,0.8215765713408287,0.1784234388127151,0.765306275162998,0.2346937171216454
0.4891067538126362,0.3966403839561192,0.6444444444444444,0.3672905146746065,0.1538461538461538,0.5,0.6000000000000001,0.3623652444328076,0.7480916030534353,0.2387096774193548,0.5943262411347516,0.407801418439716,0.5555555555555554,0.1346153846153845,0.6059113300492611,0.0756689541162678,1.0,0.0,0.0,1.0,1.0,0.0,1.0,0.0,1.0,0.0,0.0,1.0,0.0,1.0,1.0,0.0,1.0,0.0,0.0,1.0,0.0,0.0,0.0,1.0,0.0,0.0,0.0,1.0,0.0,0.0,1.0,0.0,1.0,0.0,0.0,0.0,1.0,0.0,0.0,1.0,0.0,1.0,0.0,0.9952689481484133,0.004731052234858479,0.5772971792395686,0.42270282030541373,0.6150231367175397,0.3427228825964297,0.0046948884832637,0.0375591249792461,0.8215766659145795,0.1784233392317815,0.7653062808947106,0.2346937107903451
0.4302832244008715,0.2697977374014397,0.5777777777777778,0.241811994895789,0.1538461538461538,0.7000000000000001,0.6000000000000001,0.0813008130081301,0.7938931297709919,0.42092432315572975,0.6921985815602837,0.3510638297872339,0.6419753086419753,0.0769230769230768,0.6379310344827587,0.126254235234283,0.0,1.0,1.0,0.0,1.0,0.0,1.0,0.0,0.0,1.0,1.0,0.0,1.0,0.0,1.0,0.0,0.0,1.0,0.0,0.0,1.0,0.0,1.0,0.0,0.0,0.0,1.0,0.0,0.0,0.0,1.0,0.0,1.0,0.0,0.0,0.0,1.0,0.0,0.0,0.0,1.0,0.9418140366745666,0.05818596409942256,1.0,0.0,0.0,1.0,0.6150233268537997,0.3427229546560408,0.0046951295625659,0.0375585958197265,0.8215767160979426,0.1784232863791296,1.0,0.0
0.7810457516339869,0.2423723003085361,0.8962962962962964,0.4417269247128881,0.1538461538461538,0.4,0.4,0.4308943089430894,0.778625954198473,0.1032258064516128,0.2836879432624114,0.4113475177304964,0.5802469135802468,0.1346153846153845,0.3177339901477832,0.0342809968378918,0.0,1.0,1.0,0.0,1.0,0.0,1.0,0.0,0.0,1.0,1.0,0.0,0.0,1.0,1.0,0.0,0.5115030019555746,0.4884969950889386,0.0,1.0,0.0,0.0,0.0,1.0,0.0,0.0,1.0,0.0,0.0,0.0,0.9344973593140814,0.06550264088537983,1.0,0.0,0.0,0.0,1.0,0.0,0.0,0.0,1.0,1.0,0.0,1.0,0.0,1.0,0.0,1.0,0.0,0.0,0.0,1.0,0.0,0.765306100012808,0.2346939010905474
0.6465141612200436,0.2697977374014397,0.6962962962962964,0.3194385367928541,0.0769230769230769,0.756113083463229,0.8635335312682417,0.5121951219512195,0.8473282442748089,0.467741935483871,0.7560283687943262,0.4007092198581559,0.6172839506172838,0.0865384615384614,0.5615763546798029,0.1124582494748243,0.0,1.0,1.0,0.0,0.0,1.0,1.0,0.0,0.0,1.0,0.0,1.0,1.0,0.0,1.0,0.0,0.0,1.0,0.0,1.0,0.0,0.0,0.0,1.0,0.0,0.0,1.0,0.0,0.0,0.0,0.9344973635105676,0.06550263649442478,1.0,0.0,0.0,0.0,1.0,0.0,0.0,0.0,1.0,1.0,0.0,1.0,0.0,1.0,0.0,1.0,0.0,0.0,0.0,1.0,0.0,0.7653062234870968,0.2346937711036906
0.8656154405923695,0.4343503599588618,0.8962962962962964,0.6193109315185027,0.1538461538461538,0.4227015375028348,0.5828894931097562,0.3566433465535905,0.7404580152671754,0.1806451612903225,0.5269159026510885,0.1843971631205672,0.4320987654320987,0.1442307692307691,0.3300492610837439,0.0388796587577113,1.0,0.0,0.0,1.0,1.0,0.0,1.0,0.0,0.0,1.0,0.0,1.0,1.0,0.0,1.0,0.0,0.5086207092580743,0.491379289707852,0.0,1.0,0.0,0.0,0.0,1.0,0.0,0.0,1.0,0.0,0.0,0.0,0.0,1.0,0.0,0.0,1.0,0.0,0.705882354771471,0.2445820375145782,0.04953560780038446,1.0,0.0,1.0,0.0,1.0,0.0,1.0,0.0,0.6150233756342764,0.342722870464079,0.0046946373086685,0.0375591369290747,0.8216936290634279,0.17830637772538738,0.7653061519767805,0.234693846334417
0.5119825708061002,0.3006513541309564,0.6518518518518519,0.3181244540731497,0.0769230769230769,0.9,0.7000000000000001,0.4431659403167909,0.8015267175572518,0.435483870967742,0.8382978723404254,0.51063829787234,0.679012345679012,0.1634615384615385,0.3472906403940886,0.0618729683568091,0.0,1.0,0.0,1.0,1.0,0.0,1.0,0.0,1.0,0.0,1.0,0.0,0.0,1.0,1.0,0.0,0.0,1.0,0.0,0.0,1.0,0.0,1.0,0.0,0.0,0.0,1.0,0.0,0.0,0.0,0.9344973657787518,0.06550263408969992,1.0,0.0,0.0,0.0,1.0,0.0,0.0,0.0,1.0,0.9418140337604974,0.05818596856440483,1.0,0.0,0.5718518516551359,0.4281481483589819,0.6150231696804168,0.3427229052222434,0.0046947406674433,0.0375592171856947,0.821576790333989,0.178423208222482,1.0,0.0
0.6797385620915033,0.4892012341446692,0.5777777777777778,0.3619736282433007,0.1538461538461538,0.5,0.4,0.2817484449351921,0.7328244274809159,0.1096774193548387,0.3219858156028368,0.25177304964539,0.5308641975308641,0.1634615384615385,0.3916256157635468,0.0342809968378918,1.0,0.0,0.6919504609634899,0.30804953921544853,0.0,1.0,1.0,0.0,1.0,0.0,1.0,0.0,1.0,0.0,1.0,0.0,1.0,0.0,0.0,1.0,0.0,0.0,0.0,1.0,0.0,0.0,1.0,0.0,0.0,0.0,1.0,0.0,1.0,0.0,0.0,0.0,1.0,0.0,0.0,1.0,0.0,1.0,0.0,1.0,0.0,1.0,0.0,0.615023126856566,0.3427228400649863,0.0046947961253204,0.0375592754128526,0.8215766796767214,0.1784233247679081,0.7664222093334929,0.23357778795666895
0.7525865175323148,0.4069249228659581,0.8222222222222222,0.5214802211824755,0.2307692307692307,0.8,0.7907819071891866,0.5121951219512195,0.7328244274809159,0.464516129032258,0.7852496474692465,0.1702127659574466,0.4938271604938269,0.0673076923076922,0.3793103448275862,0.0572743064369896,1.0,0.0,1.0,0.0,1.0,0.0,1.0,0.0,1.0,0.0,0.0,1.0,0.0,1.0,1.0,0.0,0.0,1.0,0.04722382465967012,0.615082035486316,0.21862655729745817,0.11906758276662388,0.16293179208572106,0.8041675884126764,0.006151103967721561,0.026749520302505547,0.8621908146318962,0.088339233348565,0.0194346302781478,0.0300353209674009,1.0,0.0,1.0,0.0,0.0,0.0,1.0,0.0,0.0,0.3180099690078948,0.68199003066758,1.0,0.0,1.0,0.0,1.0,0.0,0.6150235984132519,0.3427230317005756,0.0046945801294193,0.0375587850590852,0.8215767844496358,0.1784232144445899,0.7653061449442516,0.2346938538787593
0.8948087745578374,0.5460186215186658,0.9102217456152717,0.6809868141216503,0.1538461538461538,0.3,0.3,0.5121951219512195,0.7099236641221376,0.1516129032258064,0.5276595744680852,0.2198581560283687,0.6666666666666665,0.0480769230769231,0.3793103448275862,0.0342809968378918,1.0,0.0,1.0,0.0,1.0,0.0,1.0,0.0,0.0,1.0,1.0,0.0,1.0,0.0,1.0,0.0,1.0,0.0,0.0,1.0,0.0,0.0,0.0,1.0,0.0,0.0,0.0,1.0,0.0,0.0,1.0,0.0,0.0,0.0,1.0,0.0,1.0,0.0,0.0,0.0,1.0,1.0,0.0,1.0,0.0,1.0,0.0,1.0,0.0,0.0,0.0,0.8215766023314407,0.1784234061527623,0.765306267604442,0.2346937247145049
0.7293028322440088,0.331504970860473,0.7407407407407407,0.3906848149723522,0.1538461538461538,0.6000000000000001,0.6000000000000001,0.4715447154471545,0.8549618320610688,0.1354838709677419,0.6595744680851064,0.5567375886524821,0.728395061728395,0.1153846153846154,0.4334975369458128,0.0664716302766287,1.0,0.0,1.0,0.0,0.0,1.0,1.0,0.0,0.0,1.0,1.0,0.0,0.0,1.0,1.0,0.0,1.0,0.0,0.0,0.0,1.0,0.0,0.0,1.0,0.0,0.0,1.0,0.0,0.0,0.0,1.0,0.0,1.0,0.0,0.0,0.0,1.0,0.0,0.0,0.0,1.0,1.0,0.0,1.0,0.0,0.0,1.0,0.6150234645706101,0.3427229679565654,0.0046949541716764,0.037558613135195,1.0,0.0,1.0,0.0
0.9389978213507624,0.8663009941720946,0.8148148148148149,0.8473493825362954,0.1538461538461538,0.3,0.5,0.5365853658536586,0.7022900763358777,0.1258064516129032,0.4354609929078014,0.4645390070921982,0.7407407407407405,0.1538461538461539,0.4433497536945813,0.05338783212984635,1.0,0.0,1.0,0.0,0.0,1.0,1.0,0.0,0.0,1.0,0.7064523917639093,0.2935476125079397,1.0,0.0,0.0,1.0,1.0,0.0,0.0,1.0,0.0,0.0,0.0,1.0,0.0,0.0,1.0,0.0,0.0,0.0,1.0,0.0,1.0,0.0,0.0,0.0,1.0,0.0,0.0,0.0,1.0,1.0,0.0,1.0,0.0,1.0,0.0,0.6150238495988496,0.3427230385704789,0.00469500702823,0.0375580680803513,0.8215766278497091,0.1784233793007549,0.7653058793598843,0.2346941334961464
0.5762527233115469,0.36123940573364516,0.6934210728031236,0.3890980375869246,0.1538461538461538,0.8,0.6000000000000001,0.5121951219512195,0.6946564885496183,0.3483870967741935,0.8070921985815601,0.4751773049645389,0.6666666666666665,0.1153846153846154,0.3916256157635468,0.0388796587577113,1.0,0.0,1.0,0.0,1.0,0.0,1.0,0.0,1.0,0.0,1.0,0.0,0.0,1.0,1.0,0.0,0.0,1.0,0.0,0.0,0.0,1.0,0.0,1.0,0.0,0.0,1.0,0.0,0.0,0.0,1.0,0.0,1.0,0.0,0.0,0.0,1.0,0.0,0.0,0.0,1.0,1.0,0.0,1.0,0.0,1.0,0.0,1.0,0.0,0.0,0.0,1.0,0.0,0.7653061914520498,0.2346938048979149
0.8028322440087147,0.5166266712375728,0.7555555555555555,0.5427477669076988,0.2307692307692307,0.3,0.3,0.1869918699186991,0.7175572519083966,0.1741935483870967,0.5971631205673759,0.4680851063829787,0.7160493827160492,0.0865384615384614,0.2463054187192118,0.0388796587577113,0.0,1.0,1.0,0.0,0.0,1.0,1.0,0.0,0.0,1.0,1.0,0.0,1.0,0.0,0.0,1.0,1.0,0.0,0.0,1.0,0.0,0.0,0.0,1.0,0.0,0.0,1.0,0.0,0.0,0.0,1.0,0.0,1.0,0.0,0.0,0.0,1.0,0.0,0.0,0.0,1.0,1.0,0.0,1.0,0.0,0.0,1.0,0.615023349058673,0.3427229722147101,0.0046949190980712,0.0375587699616545,1.0,0.0,0.7653062324856518,0.2346937618236194
0.9074074074074074,0.4686321563249913,0.8962962962962964,0.6490854955338153,0.3076923076923077,0.6000000000000001,0.7000000000000001,0.5121951219512195,0.7404580152671754,0.1290322580645161,0.3702127659574468,0.5992907801418437,0.8811944615646827,0.0673076923076922,0.4014778325123153,0.0480769825973504,0.0,1.0,1.0,0.0,0.0,1.0,1.0,0.0,1.0,0.0,0.0,1.0,0.0,1.0,1.0,0.0,1.0,0.0,0.0,0.0,0.0,1.0,0.16293179696297877,0.8041675883260918,0.006151007126164232,0.026749616500144513,1.0,0.0,0.0,0.0,1.0,0.0,0.7380730242998921,0.11135702978783324,0.15054836740636057,2.203605636108552e-05,1.0,0.0,0.0,1.0,0.0,1.0,0.0,1.0,0.0,0.0,1.0,0.6150233893696704,0.342723087886131,0.0046945634723108,0.0375589692026396,0.8216936349687496,0.1783063691281752,0.7653062241287432,0.2346937705417545
0.6089324618736384,0.3040795337675693,0.7259259259259259,0.3609102509570395,0.1538461538461538,0.8,0.7000000000000001,0.4545306950317876,0.8778625954198471,0.496774193548387,0.8198581560283688,0.2872340425531912,0.6049382716049381,0.1057692307692308,0.5098522167487685,0.1768395163522982,1.0,0.0,0.0,1.0,1.0,0.0,1.0,0.0,0.0,1.0,0.7064524776424563,0.2935475215401546,0.0,1.0,1.0,0.0,0.0,1.0,0.0,0.0,0.0,1.0,1.0,0.0,0.0,0.0,1.0,0.0,0.0,0.0,1.0,0.0,1.0,0.0,0.0,0.0,1.0,0.0,0.0,1.0,0.0,1.0,0.0,1.0,0.0,1.0,0.0,0.6263950329521868,0.3424960823176255,0.003285724199925677,0.027823133690034085,0.8215766738251229,0.1784233308840438,0.7653062211691051,0.2346937735345835
0.7407407407407408,0.4480630785053136,0.7185185185185186,0.4576775840068056,0.1538461538461538,0.1,0.1,0.3596664025980206,0.7243051485835892,0.2064516129032257,0.6099290780141844,0.2943262411347516,0.5185185185185184,0.0865384615384614,0.4014778325123153,0.0342809968378918,1.0,0.0,0.6919504542294145,0.30804954630070025,0.7131537424430909,0.28684625659790475,0.0,1.0,0.0,1.0,1.0,0.0,1.0,0.0,1.0,0.0,1.0,0.0,0.0,1.0,0.0,0.0,0.0,1.0,0.0,0.0,1.0,0.0,0.0,0.0,1.0,0.0,0.0,1.0,0.0,0.0,1.0,0.0,0.0,0.0,1.0,1.0,0.0,0.9952689187474426,0.004731083157214155,0.0,1.0,0.6150231543648901,0.3427228371568369,0.0046946559356717,0.0375593928183799,0.8215769095420167,0.1784230828080854,0.765306216379283,0.2346937786275779
0.5686020023763338,0.3486458690435379,0.7111111111111112,0.383241173968524,0.2307692307692307,0.2571980128227991,0.2460347051227679,0.3904552542742688,0.7709923664122136,0.2580645161290322,0.5925689055037238,0.4148936170212765,0.6543209876543208,0.13990897994966273,0.5083945084926219,0.3883779646639981,0.0,1.0,0.0,1.0,1.0,0.0,0.0,1.0,0.0,1.0,1.0,0.0,1.0,0.0,1.0,0.0,0.5086206972223839,0.4913793021265999,0.0,1.0,0.0,0.0,1.0,0.0,0.0,0.0,1.0,0.0,0.0,0.0,1.0,0.0,0.0,0.0,1.0,0.0,1.0,0.0,0.0,0.0,1.0,1.0,0.0,1.0,0.0,1.0,0.0,0.6150232603367416,0.3427228752730925,0.0046942820348269,0.0375596221378589,0.8215769090917129,0.1784230832521005,1.0,0.0
0.8671023965141612,0.4823448748714432,0.9407407407407408,0.7128881327094853,0.0769230769230769,0.2,0.2,0.3495934959349593,0.7709923664122136,0.0838709677419354,0.4936170212765957,0.3794326241134751,0.7530864197530864,0.0480769230769231,0.2610837438423645,0.0388796587577113,0.0,1.0,0.6919504693920341,0.30804953034298777,1.0,0.0,1.0,0.0,0.0,1.0,1.0,0.0,1.0,0.0,0.0,1.0,1.0,0.0,0.0,1.0,0.0,0.0,0.0,1.0,0.0,0.0,1.0,0.0,0.0,0.0,1.0,0.0,1.0,0.0,0.0,0.0,1.0,0.0,0.0,0.0,1.0,1.0,0.0,1.0,0.0,1.0,0.0,1.0,0.0,0.0,0.0,0.0,1.0,0.7653059095983041,0.2346941014762489
0.7222222222222222,0.5611930065135412,0.7925925925925925,0.6171841769459804,0.0769230769230769,0.2,0.4,0.2682926829268293,0.6946564885496183,0.1548387096774193,0.3659574468085106,0.3049645390070921,0.5802469135802468,0.1057692307692308,0.4310344827586206,0.0388796587577113,1.0,0.0,1.0,0.0,1.0,0.0,1.0,0.0,0.0,1.0,0.0,1.0,1.0,0.0,0.0,1.0,1.0,0.0,0.0,1.0,0.0,0.0,0.0,1.0,0.0,0.0,1.0,0.0,0.0,0.0,1.0,0.0,1.0,0.0,0.0,0.0,1.0,0.0,0.0,1.0,0.0,1.0,0.0,1.0,0.0,1.0,0.0,0.61502368685393,0.3427229669348887,0.0046948493366933,0.0375584813160011,0.8216936301501514,0.17830637882759592,0.765306056668777,0.2346939467857592
0.4733115468409586,0.2800822763112787,0.6370370370370371,0.2875372182050191,0.2307692307692307,0.8,0.8,0.4065040650406504,0.7938931297709919,0.2612903225806451,0.4085106382978724,0.1879432624113475,0.4938271604938269,0.0576923076923077,0.4753694581280788,0.4435619077018329,1.0,0.0,1.0,0.0,1.0,0.0,1.0,0.0,1.0,0.0,0.0,1.0,0.0,1.0,1.0,0.0,1.0,0.0,1.0,0.0,0.0,0.0,0.0,1.0,0.0,0.0,0.9020562932284848,0.08271413628582569,0.005704930341591807,0.009524670279799086,1.0,0.0,0.0,1.0,0.0,0.0,1.0,0.0,0.0,0.31800996204091436,0.6819900380479726,1.0,0.0,1.0,0.0,1.0,0.0,0.6150236983293556,0.3427228872702726,0.0046946794387222,0.0375587262820668,1.0,0.0,0.765306222588057,0.2346937721456408
0.9705882352941178,0.3563880547166169,0.8694191873809454,0.5108464483198638,0.0769230769230769,0.4,0.6000000000000001,0.1869918699186991,0.7709923664122136,0.2193548387096774,0.3787234042553191,0.3049645390070921,0.7407407407407405,0.1057692307692308,0.3694581280788177,0.010308448561015898,1.0,0.0,1.0,0.0,1.0,0.0,1.0,0.0,0.0,1.0,0.0,1.0,0.0,1.0,0.5038639883640725,0.4961360115971907,1.0,0.0,0.0,0.0,1.0,0.0,0.0,1.0,0.0,0.0,1.0,0.0,0.0,0.0,1.0,0.0,1.0,0.0,0.0,0.0,1.0,0.0,0.0,0.0,1.0,1.0,0.0,1.0,0.0,0.0,1.0,0.6150236279119077,0.3427228918978149,0.0046953466192504,0.0375581148378836,0.8215766565319877,0.1784233489628501,0.7664222176712786,0.23357778410885466
0.5724400871459695,0.3417895097703119,0.7185185185185186,0.3845976564753477,0.1538461538461538,0.7000000000000001,0.8,0.43688798294986353,0.7175572519083966,0.435483870967742,0.8127659574468086,0.3297872340425529,0.6172839506172838,0.0288461538461539,0.5935960591133005,0.0342809968378918,0.4757439420332843,0.5242560580195319,1.0,0.0,1.0,0.0,1.0,0.0,0.0,1.0,0.0,1.0,0.0,1.0,1.0,0.0,0.0,1.0,0.0,1.0,0.0,0.0,0.0,1.0,0.0,0.0,1.0,0.0,0.0,0.0,1.0,0.0,1.0,0.0,0.0,0.0,1.0,0.0,0.0,0.0,1.0,1.0,0.0,1.0,0.0,1.0,0.0,0.0,1.0,0.0,0.0,1.0,0.0,0.7653061327394419,0.234693866675281
0.7374727668845316,0.32807679122386,0.837037037037037,0.4683113568694172,0.1538461538461538,0.5,0.6000000000000001,0.2682926829268293,0.7557251908396942,0.1225806451612903,0.3205673758865247,0.3156028368794323,0.5308641975308641,0.0673076923076922,0.4802955665024631,0.0342809968378918,1.0,0.0,1.0,0.0,0.7131537234700386,0.28684627654801065,1.0,0.0,1.0,0.0,0.0,1.0,0.0,1.0,1.0,0.0,1.0,0.0,0.0,1.0,0.0,0.0,0.0,1.0,0.0,0.0,1.0,0.0,0.0,0.0,0.0,1.0,1.0,0.0,0.0,0.0,1.0,0.0,0.0,1.0,0.0,1.0,0.0,1.0,0.0,1.0,0.0,0.6150235961492613,0.3427230057497784,0.0046945636308866,0.0375588316352853,0.8215766644439705,0.1784233408021971,0.7653061505684249,0.2346938478965097
0.855119825708061,0.6057593417895097,0.9037037037037036,0.7003675642897,0.1538461538461538,0.2,0.2,0.4308943089430894,0.7709923664122136,0.1387096774193548,0.4226950354609928,0.5957446808510636,0.8888781809674717,0.096153846153846,0.3251231527093596,0.1032609256351852,0.0,1.0,1.0,0.0,1.0,0.0,1.0,0.0,0.0,1.0,1.0,0.0,1.0,0.0,0.0,1.0,1.0,0.0,0.0,1.0,0.0,0.0,1.0,0.0,0.0,0.0,1.0,0.0,0.0,0.0,1.0,0.0,1.0,0.0,0.0,0.0,1.0,0.0,0.0,0.0,1.0,1.0,0.0,1.0,0.0,1.0,0.0,0.6263950812888948,0.34249608157353517,0.003283931120364847,0.027824911375975203,0.8215766299460272,0.1784233771059278,0.7653058980891757,0.2346941136345114
0.5746187363834423,0.3520740486801509,0.6518518518518519,0.3407060825180774,0.1538461538461538,0.6000000000000001,0.7000000000000001,0.5121951219512195,0.8021870918982078,0.2709677419354839,0.652482269503546,0.3723404255319147,0.6419753086419753,0.2115384615384614,0.48220019321909796,0.13817157730758572,0.0,1.0,1.0,0.0,1.0,0.0,1.0,0.0,0.0,1.0,0.0,1.0,1.0,0.0,1.0,0.0,1.0,0.0,0.0,1.0,0.0,0.0,0.0,1.0,0.0,0.0,1.0,0.0,0.0,0.0,1.0,0.0,1.0,0.0,0.0,0.0,0.0,1.0,0.0,0.0,1.0,1.0,0.0,1.0,0.0,1.0,0.0,0.6150236973798036,0.3427230257574274,0.0046950587511418,0.0375581920731684,0.8215768390582446,0.1784231569065656,0.7653061578495556,0.2346938403319586
0.5140306488656023,0.2903668152211176,0.6296296296296298,0.2875372182050191,0.1538461538461538,0.7000000000000001,0.6000000000000001,0.5934959349593496,0.8702290076335872,0.4548387096774193,0.6567375886524823,0.429078014184397,0.6943639986281956,0.0576923076923077,0.3645320197044335,0.1446488829135613,1.0,0.0,1.0,0.0,1.0,0.0,1.0,0.0,0.0,1.0,1.0,0.0,0.0,1.0,1.0,0.0,1.0,0.0,0.0,1.0,0.0,0.0,0.0,1.0,0.0,0.0,0.9020562404882755,0.08271412943507339,0.005704929465661146,0.009524704985825916,1.0,0.0,1.0,0.0,0.0,0.0,1.0,0.0,0.0,0.0,1.0,1.0,0.0,1.0,0.0,1.0,0.0,0.6263950573922972,0.3424960784908312,0.003283151765395953,0.027825726178950405,0.8215767810039347,0.1784232180448155,0.7653061377194751,0.2346938614826342
0.2903050108932462,0.32807679122386,0.5481481481481482,0.2556358996171842,0.2307692307692307,0.9,0.8,0.065040650406504,0.8265386060498323,1.0,0.7999999999999999,0.2411347517730493,0.4567901234567901,0.0769230769230768,0.7438423645320197,0.3653846550649003,0.0,1.0,1.0,0.0,0.0,1.0,0.9509493294283189,0.0490506726044595,0.0,1.0,1.0,0.0,0.422256094779898,0.5777439053203859,1.0,0.0,0.0,1.0,0.04722383937675678,0.615082033200856,0.21862654980856266,0.11906757859419514,0.0,1.0,0.0,0.0,1.0,0.0,0.0,0.0,1.0,0.0,1.0,0.0,0.0,0.0,1.0,0.0,0.0,0.3180099557802635,0.6819900446202282,1.0,0.0,1.0,0.0,0.5772971782176376,0.422702821386836,0.6150232483525926,0.3427229037204253,0.0046949571584283,0.0375589120036563,0.8215765651432175,0.1784234453147473,0.7653063097182675,0.2346936803659831
0.6209150326797386,0.3811348431594789,0.7313042243827703,0.4364100382815822,0.1538461538461538,0.9306448084931989,0.8,0.3495934959349593,0.9083969465648848,0.2806451612903226,0.904964539007092,0.333333333333333,0.6172839506172838,0.1435054228983676,0.4359605911330049,0.1952341640315765,0.0,1.0,1.0,0.0,0.0,1.0,1.0,0.0,1.0,0.0,1.0,0.0,0.0,1.0,1.0,0.0,0.5115029123248651,0.4884970896370867,0.0,1.0,0.0,0.0,0.0,1.0,0.0,0.0,1.0,0.0,0.0,0.0,1.0,0.0,1.0,0.0,0.0,0.0,1.0,0.0,0.0,1.0,0.0,1.0,0.0,0.9952689698408155,0.004731029306198731,1.0,0.0,1.0,0.0,0.0,0.0,0.0,1.0,0.7664222073727031,0.2335777887974393
0.4270152505446623,0.5269112101474116,0.6148148148148149,0.415142492556359,0.2307692307692307,0.8,0.7578039718758073,0.5310075819005006,0.8396946564885495,0.5274071171366171,0.7489361702127658,0.25886524822695,0.3580246913580245,0.1634615384615385,0.4778325123152709,0.6596990179333523,0.47574394356197436,0.5242560564368564,0.6919504535398372,0.3080495470300393,1.0,0.0,1.0,0.0,0.0,1.0,0.706452460751887,0.29354753963175406,0.0,1.0,1.0,0.0,0.0,1.0,1.0,0.0,0.0,0.0,0.16293182205192047,0.8041675862792446,0.006151296657988858,0.026749329722437154,1.0,0.0,0.0,0.0,1.0,0.0,1.0,0.0,0.0,0.0,1.0,0.0,0.0,0.0,1.0,1.0,0.0,1.0,0.0,0.5718518592392221,0.4281481403741237,0.6150233844510691,0.342722728778877,0.0046943003533856,0.0375596234260777,0.8215765613442545,0.1784234493088051,0.7653060344901671,0.2346939702198889
0.3110021786492375,0.2044687500967149,0.5206904488957041,0.165248830284985,0.0769230769230769,0.8825479857691061,0.8,0.3495934959349593,0.8778625954198471,0.2903225806451612,0.8992907801418438,0.2553191489361699,0.4320987654320987,0.1153846153846154,0.0862068965517241,0.16836984891235074,0.0,1.0,1.0,0.0,0.0,1.0,1.0,0.0,0.0,1.0,1.0,0.0,0.0,1.0,1.0,0.0,0.511502900131138,0.4884971024901298,0.0,0.0,1.0,0.0,1.0,0.0,0.0,0.0,1.0,0.0,0.0,0.0,1.0,0.0,1.0,0.0,0.0,0.0,1.0,0.0,0.0,0.0,1.0,1.0,0.0,1.0,0.0,0.0,1.0,1.0,0.0,0.0,0.0,0.0,1.0,1.0,0.0
0.7706971677559914,0.3804924994300697,0.8018792327587085,0.4895789025946406,0.1538461538461538,0.6788761167692674,0.6518647878704718,0.4267407112480418,0.6946564885496183,0.3,0.7248226950354609,0.25177304964539,0.5432098765432098,0.1826923076923077,0.396942128648632,0.0342809968378918,0.0,1.0,0.0,1.0,0.0,1.0,1.0,0.0,0.0,1.0,1.0,0.0,0.0,1.0,1.0,0.0,0.0,1.0,0.0,1.0,0.0,0.0,0.1629318001693031,0.8041675927125282,0.00615099436734079,0.026749619116587353,1.0,0.0,0.0,0.0,1.0,0.0,1.0,0.0,0.0,0.0,1.0,0.0,0.0,0.0,1.0,1.0,0.0,1.0,0.0,0.0,1.0,0.615023108842402,0.3427228204958124,0.0046948935406362,0.0375592155204024,0.8215767176955859,0.1784232846014076,0.7664222058885743,0.23357779330712958
0.4302832244008715,0.256085018854988,0.5888888888888889,0.2396852403232666,0.1538461538461538,0.4,0.4,0.2682926829268293,0.778625954198473,0.1258064516129032,0.0354609929078014,0.3829787234042552,0.5925925925925926,0.0480769230769231,0.3817733990147783,0.0342809968378918,1.0,0.0,1.0,0.0,1.0,0.0,1.0,0.0,0.0,1.0,1.0,0.0,0.0,1.0,1.0,0.0,1.0,0.0,0.0,1.0,0.0,0.0,0.0,1.0,0.0,0.0,0.0,0.0,1.0,0.0,0.934497421068607,0.06550257576844054,1.0,0.0,0.0,0.0,1.0,0.0,0.0,0.0,1.0,1.0,0.0,1.0,0.0,1.0,0.0,0.6150237849786704,0.3427229164689858,0.0046954180088047,0.0375578446214042,0.8215767526852115,0.178423247930808,1.0,0.0
0.7287581699346406,0.3383613301336989,0.7929488657253749,0.4576775840068056,0.1538461538461538,0.8170834366146441,0.8,0.5121951219512195,0.8244274809160306,0.3129032258064516,0.7432624113475176,0.2836879432624111,0.5802469135802468,0.1346153846153845,0.5270935960591133,0.1170569113946439,0.0,1.0,0.6919504742119561,0.30804952527801466,0.0,1.0,1.0,0.0,0.0,1.0,1.0,0.0,0.0,1.0,1.0,0.0,0.0,1.0,0.0,1.0,0.0,0.0,0.0,1.0,0.0,0.0,1.0,0.0,0.0,0.0,1.0,0.0,0.0,0.0,1.0,0.0,1.0,0.0,0.0,0.0,1.0,1.0,0.0,1.0,0.0,0.5772971674166889,0.4227028327814907,1.0,0.0,0.0,0.0,0.821576658087292,0.1784233474150414,0.7653062448065888,0.2346937486131128
0.8138361365427811,0.4141403419879084,0.8454833185611734,0.5321139940450871,0.1538461538461538,0.4,0.4,0.3089430894308943,0.7709923664122136,0.0903225806451612,0.3801418439716312,0.4574468085106382,0.7901234567901232,0.09906002193167146,0.3300492610837439,0.05267564451717,1.0,0.0,1.0,0.0,1.0,0.0,1.0,0.0,0.0,1.0,0.7064525053493719,0.2935474922873267,0.0,1.0,1.0,0.0,1.0,0.0,0.0,1.0,0.0,0.0,0.1629317883250716,0.8041675873580505,0.006150859219662852,0.026749762573842206,1.0,0.0,0.0,0.0,0.9344973541542114,0.06550264632656222,0.0,1.0,0.0,0.0,1.0,0.0,0.0,1.0,0.0,1.0,0.0,1.0,0.0,1.0,0.0,0.6263950726216978,0.3424960688708695,0.0032837183200922215,0.027825149652695447,0.0,1.0,0.7653058838546671,0.2346941284018329
0.8654684095860568,0.4034967432293452,0.9140091535940418,0.595916631220757,0.0769230769230769,0.6000000000000001,0.5,0.2682926829268293,0.7175572519083966,0.2967741935483871,0.7134751773049645,0.3120567375886522,0.4814814814814814,0.2884615384615383,0.4753694581280788,0.2274247974703134,1.0,0.0,0.0,1.0,0.0,1.0,1.0,0.0,0.0,1.0,1.0,0.0,1.0,0.0,0.0,1.0,0.0,1.0,0.0830388696320222,0.5777385183805483,0.2102473487522677,0.1289752630980233,0.1553571346326849,0.7642857186283218,0.0285714272946722,0.051785719893355,0.862190815307593,0.0883392255999567,0.0194346286707453,0.0300353300663688,1.0,0.0,0.0,0.0,1.0,0.0,0.0,1.0,0.0,0.0,1.0,1.0,0.0,1.0,0.0,0.0,1.0,0.6150232667881201,0.3427228390164708,0.004695024912703,0.0375588900125052,0.8215767023571511,0.1784233008468189,1.0,0.0
0.5517429193899783,0.3212204319506342,0.5851851851851853,0.2769034453424074,0.1538461538461538,0.8,0.9,0.4169623754498027,0.7328244274809159,0.3798352509257164,0.768891109482276,0.51063829787234,0.3950617283950617,0.375,0.4956892377867493,0.0342809968378918,0.0,1.0,0.0,1.0,0.0,1.0,1.0,0.0,0.0,1.0,0.0,1.0,0.0,1.0,1.0,0.0,0.0,1.0,0.0,0.0,1.0,0.0,1.0,0.0,0.0,0.0,1.0,0.0,0.0,0.0,1.0,0.0,1.0,0.0,0.0,0.0,1.0,0.0,0.0,1.0,0.0,1.0,0.0,1.0,0.0,0.0,1.0,0.6263950502887483,0.34249607939905324,0.003284344867886868,0.02782455464606759,0.8215767031751703,0.178423299965775,0.7653061840311414,0.2346938127401679
0.2064270152505447,0.2492286595817621,0.3925925925925926,0.1386643981284559,0.1538461538461538,0.5,0.6000000000000001,0.2276422764227642,0.7633587786259537,0.4469752974361079,0.9092198581560283,0.2978723404255317,0.4444444444444444,0.1346153846153845,0.6403940886699507,0.0434783206775309,0.0,1.0,1.0,0.0,1.0,0.0,0.0,1.0,0.0,1.0,0.7064524134537942,0.2935475895849752,0.0,1.0,1.0,0.0,0.0,1.0,0.0830388726856763,0.5777385115821699,0.2102473552321018,0.1289752603119679,0.155357156307169,0.7642857140393509,0.0285714167248397,0.0517857121649272,0.8621908127799691,0.088339223698348,0.0194346393433513,0.0300353238291697,1.0,0.0,1.0,0.0,0.0,0.0,0.7058823538417005,0.2445820399646791,0.04953560625153186,0.0,1.0,1.0,0.0,1.0,0.0,1.0,0.0,0.6150236622914198,0.3427229560193119,0.0046949372077199,0.0375584290641417,0.8215768603507523,0.1784231345381832,0.765306229847398,0.2346937643892733
0.516884531590414,0.2869386355845046,0.562962962962963,0.2450021267545724,0.1538461538461538,0.3,0.3,0.2276422764227642,0.7404580152671754,0.1161290322580645,0.1347517730496453,0.2872340425531912,0.4691358024691356,0.1057692307692308,0.4236453201970444,0.0342809968378918,0.0,1.0,1.0,0.0,0.0,1.0,0.9509493777545074,0.049050621681447915,0.0,1.0,1.0,0.0,1.0,0.0,0.0,1.0,1.0,0.0,0.0830388664687026,0.5777385302009392,0.2102473359445927,0.1289752672147799,0.1553571406588303,0.7642857194181408,0.0285714233094775,0.051785716671571,0.8621908051889302,0.0883392147997833,0.0194346356894772,0.0300353451877867,1.0,0.0,1.0,0.0,0.0,0.0,1.0,0.0,0.0,0.0,1.0,1.0,0.0,1.0,0.0,0.5772971736464327,0.42270282621500055,0.6150233720302671,0.3427229508973759,0.0046949462962897,0.0375587393885643,1.0,0.0,0.7653061405271564,0.2346938585593635
0.9166666666666666,0.3383613301336989,0.925925925925926,0.5533815397703105,0.1538461538461538,0.6000000000000001,0.6578278573732919,0.3773312992807578,0.7862595419847329,0.0935483870967742,0.5631205673758866,0.407801418439716,0.666289528376347,0.1397486492956223,0.2660098522167488,0.0342809968378918,1.0,0.0,0.0,1.0,0.0,1.0,1.0,0.0,1.0,0.0,0.0,1.0,0.0,1.0,0.5038639991342362,0.4961360002801428,1.0,0.0,0.0,0.0,0.0,1.0,0.0,1.0,0.0,0.0,1.0,0.0,0.0,0.0,0.0,1.0,0.0,1.0,0.0,0.0,1.0,0.0,0.0,1.0,0.0,1.0,0.0,1.0,0.0,0.5772971724113173,0.4227028275036361,0.6150234063423732,0.3427228466998456,0.0046945227245386,0.0375592463446411,0.8215767014984672,0.1784233017842262,0.765306226025122,0.2346937685675888
0.6623093681917211,0.5749057250599932,0.7925925925925925,0.6113842688301427,0.1538461538461538,0.5,0.4,0.4335427000145211,0.8015267175572518,0.2870967741935484,0.6680851063829786,0.4219858156028366,0.7125172027365436,0.0865384615384614,0.3497536945812808,0.1354515590739222,0.0,1.0,0.0,1.0,1.0,0.0,1.0,0.0,0.0,1.0,1.0,0.0,0.4222560998170102,0.5777439000792304,0.0,1.0,1.0,0.0,0.0,1.0,0.0,0.0,0.16293179784915857,0.8041675898375116,0.006151085470071371,0.026749534624445515,1.0,0.0,0.0,0.0,1.0,0.0,1.0,0.0,0.0,0.0,1.0,0.0,0.0,0.0,1.0,1.0,0.0,1.0,0.0,1.0,0.0,0.6150232638806712,0.3427228603461636,0.0046947368713746,0.0375591658748039,0.8215766302890586,0.1784233766751354,0.7653061200269455,0.2346938800525657
0.6198257080610022,0.4892012341446692,0.6518518518518519,0.427903019991493,0.1538461538461538,0.4,0.4,0.5121951219512195,0.7404580152671754,0.1193548387096774,0.2127659574468084,0.2624113475177305,0.5308641975308641,0.0480769230769231,0.6108374384236454,0.0388796587577113,0.0,1.0,0.6919504675223196,0.30804953231710397,0.7131537343437098,0.2868462651096265,1.0,0.0,0.0,1.0,1.0,0.0,0.0,1.0,1.0,0.0,0.5115030167989185,0.48849697940699377,0.0,0.0,0.0,1.0,0.0,1.0,0.0,0.0,1.0,0.0,0.0,0.0,1.0,0.0,1.0,0.0,0.0,0.0,1.0,0.0,0.0,0.31800996341702936,0.6819900365650055,1.0,0.0,0.9952689770156092,0.004731021852504735,1.0,0.0,1.0,0.0,0.0,0.0,0.0,1.0,0.7653059875361885,0.2346940195823883
0.6980436522236378,0.4789166952348302,0.7407407407407407,0.5002126754572521,0.1538461538461538,0.5,0.6000000000000001,0.2520325203252032,0.7404580152671754,0.1870967741935484,0.3773049645390071,0.2765957446808511,0.5555555555555554,0.1153846153846154,0.4876847290640393,0.0342809968378918,0.47574394818138965,0.524256051542559,0.0,1.0,1.0,0.0,1.0,0.0,1.0,0.0,0.0,1.0,0.0,1.0,1.0,0.0,1.0,0.0,0.0830388702019732,0.5777385186405356,0.2102473427316602,0.1289752683870116,0.16293179559177307,0.8041675891143344,0.006151022746084034,0.026749602575343312,0.8621908158812597,0.0883392301459999,0.019434628740696,0.0300353245889171,1.0,0.0,1.0,0.0,0.0,0.0,0.0,1.0,0.0,1.0,0.0,1.0,0.0,1.0,0.0,1.0,0.0,0.6150233217251744,0.3427229462954686,0.004695040739702,0.0375587015054049,0.8216936337662654,0.1783063706764919,1.0,0.0
0.725204324184281,0.4256360306251348,0.8070456015895784,0.5108464483198638,0.1538461538461538,0.4,0.3,0.3587177606304669,0.7557251908396942,0.2806451612903226,0.5914893617021277,0.3113866624652601,0.5802469135802468,0.0576923076923077,0.7807881773399016,0.0006932379966194252,1.0,0.0,0.6919504581196427,0.30804954220488345,1.0,0.0,1.0,0.0,0.0,1.0,1.0,0.0,1.0,0.0,0.0,1.0,1.0,0.0,0.0,1.0,0.0,0.0,0.0,1.0,0.0,0.0,1.0,0.0,0.0,0.0,1.0,0.0,1.0,0.0,0.0,0.0,1.0,0.0,0.0,1.0,0.0,1.0,0.0,1.0,0.0,1.0,0.0,0.6150231380536351,0.3427228495230653,0.004694628374723,0.0375594254409965,0.821576650512378,0.1784233553286364,0.7653061709414372,0.2346938261557034
0.6568627450980393,0.32807679122386,0.7703703703703704,0.415142492556359,0.1538461538461538,0.2,0.4,0.3170731707317072,0.7099236641221376,0.1967741935483871,0.2950354609929078,0.4822695035460993,0.7369683258523425,0.0865384615384614,0.5541871921182266,0.0342809968378918,1.0,0.0,1.0,0.0,1.0,0.0,1.0,0.0,0.0,1.0,0.7064523705212254,0.2935476349489776,1.0,0.0,0.0,1.0,1.0,0.0,0.0,1.0,0.0,0.0,1.0,0.0,0.0,0.0,0.0,1.0,0.0,0.0,0.0,1.0,0.7380860204890368,0.11135703138230568,0.15054836615099054,8.10969688402885e-06,1.0,0.0,0.0,1.0,0.0,1.0,0.0,1.0,0.0,0.0,1.0,0.0,1.0,0.0,0.0,1.0,0.0,1.0,0.0
0.9150326797385622,1.0,0.8074074074074074,0.9893662271373884,0.0769230769230769,0.7000000000000001,0.6000000000000001,0.4734992512396537,0.8167938931297707,0.267741935483871,0.6014184397163119,0.3794326241134751,0.5925925925925926,0.0865384615384614,0.4285714285714286,0.0894649398757265,1.0,0.0,0.0,1.0,0.0,1.0,1.0,0.0,0.0,1.0,1.0,0.0,1.0,0.0,0.5038639905560647,0.4961360093055339,1.0,0.0,0.0,1.0,0.0,0.0,0.0,1.0,0.0,0.0,1.0,0.0,0.0,0.0,0.0,1.0,0.0,0.0,1.0,0.0,1.0,0.0,0.0,0.0,1.0,1.0,0.0,1.0,0.0,1.0,0.0,0.6263949066945661,0.34249608112073215,0.0032854245765769896,0.02782352108359054,0.8215765603237337,0.1784234503221941,0.7653061420883647,0.2346938568042653
0.2173202614379085,0.2252314021254713,0.3592592592592593,0.1120799659719268,0.0769230769230769,0.6324941093746635,0.5713984797107354,0.4025469118803684,0.8297387911634738,0.5096774193548387,0.6340425531914894,0.2163120567375887,0.4567901234567901,0.1442307692307691,0.6059113300492611,0.2274247974703134,0.0,1.0,0.0,1.0,1.0,0.0,0.9509493434506462,0.049050657726036895,0.0,1.0,1.0,0.0,0.0,1.0,1.0,0.0,1.0,0.0,0.04722382682733406,0.6150820360387329,0.21862656077398168,0.11906757775461563,0.1629318354499799,0.8041675880265127,0.006151038882301174,0.026749582467782917,1.0,0.0,0.0,0.0,1.0,0.0,1.0,0.0,0.0,0.0,1.0,0.0,0.0,0.0,1.0,1.0,0.0,1.0,0.0,1.0,0.0,0.6263949257220691,0.34249607467250953,0.003285357553333701,0.027823526005780086,0.8216936305758891,0.1783063719815846,1.0,0.0
0.3921568627450981,0.2149468632156324,0.5333333333333333,0.1918332624415142,0.1538461538461538,0.7000000000000001,0.6000000000000001,0.4715447154471545,0.7404580152671754,0.4175663481856902,0.7929078014184395,0.5141843971631206,0.7530864197530864,0.1346153846153845,0.5467980295566502,0.1124582494748243,1.0,0.0,1.0,0.0,1.0,0.0,1.0,0.0,0.0,1.0,1.0,0.0,0.0,1.0,1.0,0.0,0.0,1.0,1.0,0.0,0.0,0.0,0.0,1.0,0.0,0.0,1.0,0.0,0.0,0.0,1.0,0.0,1.0,0.0,0.0,0.0,1.0,0.0,0.0,0.0,1.0,1.0,0.0,1.0,0.0,1.0,0.0,1.0,0.0,0.0,0.0,0.8215766469698113,0.1784233591519368,0.7653060389184665,0.2346939655199231
0.5452069716775599,0.5577648268769283,0.7555555555555555,0.5757124627817949,0.0769230769230769,0.7000000000000001,0.7000000000000001,0.4167821001754427,0.8473282442748089,0.1838709677419355,0.6851063829787233,0.4645390070921982,0.679012345679012,0.0769230769230768,0.5049261083743842,0.0572743064369896,0.0,1.0,0.0,1.0,0.7131537011144918,0.2868463001109183,1.0,0.0,0.0,1.0,1.0,0.0,0.0,1.0,0.503864003584737,0.49613599549479903,0.0,1.0,0.0,1.0,0.0,0.0,0.0,1.0,0.0,0.0,1.0,0.0,0.0,0.0,1.0,0.0,0.0,0.0,1.0,0.0,0.0,1.0,0.0,0.0,1.0,1.0,0.0,0.9952689378904623,0.00473106301559878,1.0,0.0,0.6150232393815319,0.3427229749157426,0.0046946614635202,0.037559150244361,0.8216936245387172,0.178306382977384,0.7653061282962614,0.2346938712976974
0.5,0.2286595817620843,0.674074074074074,0.2769034453424074,0.0769230769230769,0.7000000000000001,0.8,1.0,0.7709923664122136,0.3967741935483871,0.9390070921985816,0.3368794326241133,0.7407407407407405,0.04498600671830305,0.3719211822660099,0.0894649398757265,0.0,1.0,1.0,0.0,1.0,0.0,1.0,0.0,0.0,1.0,0.0,1.0,0.0,1.0,1.0,0.0,0.0,1.0,0.0830388741003098,0.5777385081745832,0.2102473621712447,0.1289752552531002,0.1553571373089554,0.7642857184175673,0.0285714176778061,0.05178572712844,0.8621908090924173,0.0883392277726337,0.0194346212065174,0.030035342136171,0.9344973704330061,0.06550262913843674,1.0,0.0,0.0,0.0,1.0,0.0,0.0,0.3180099516590059,0.6819900489689956,1.0,0.0,1.0,0.0,0.0,1.0,0.6150235648221714,0.3427230386915803,0.0046942436755534,0.0375591597280779,0.8215769024885958,0.1784230901930246,0.7653061374168005,0.2346938618720258
0.6470588235294118,0.4412067192320876,0.7481481481481482,0.4736282433007231,0.0769230769230769,0.5,0.3,0.4121075938922912,0.7557251908396942,0.28403404427270557,0.6595744680851064,0.2765957446808511,0.6172839506172838,0.1538461538461539,0.4211822660098522,0.2918060643477873,1.0,0.0,0.0,1.0,0.7131537328594135,0.2868462667012527,0.9509493597218266,0.04905064065496911,1.0,0.0,1.0,0.0,1.0,0.0,0.0,1.0,1.0,0.0,0.0472238197936482,0.6150820394898364,0.21862655982950308,0.11906758083004976,1.0,0.0,0.0,0.0,1.0,0.0,0.0,0.0,1.0,0.0,1.0,0.0,0.0,0.0,1.0,0.0,0.0,0.0,1.0,1.0,0.0,1.0,0.0,1.0,0.0,0.6150233926773867,0.3427227824191713,0.0046943363122772,0.0375595208142397,0.821693626166897,0.1783063736750773,0.7653060267165346,0.2346939783338841
0.5762527233115469,0.3246486115872471,0.6444444444444444,0.3194385367928541,0.1538461538461538,0.5,0.4,0.3821561437431979,0.8320610687022896,0.2741935483870967,0.6312056737588653,0.44218664183757855,0.6049382716049381,0.2059503959812347,0.7487684729064039,0.2504181070694112,0.0,1.0,0.0,1.0,1.0,0.0,1.0,0.0,0.0,1.0,1.0,0.0,1.0,0.0,0.0,1.0,1.0,0.0,0.0,1.0,0.0,0.0,0.0,1.0,0.0,0.0,1.0,0.0,0.0,0.0,1.0,0.0,1.0,0.0,0.0,0.0,1.0,0.0,0.0,0.0,1.0,1.0,0.0,1.0,0.0,0.577297183540951,0.42270281578805535,0.6150232120369057,0.3427228520847249,0.00469483695928,0.0375591281222938,0.0,1.0,1.0,0.0
0.3758169934640523,0.1738087075762769,0.4592592592592592,0.1354742662696724,0.1538461538461538,0.4,0.3,0.1869918699186991,0.7709923664122136,0.2387096774193548,0.798581560283688,0.3120567375886522,0.5432098765432098,0.0673076923076922,0.6600985221674877,0.0342809968378918,1.0,0.0,1.0,0.0,1.0,0.0,0.0,1.0,1.0,0.0,1.0,0.0,0.0,1.0,1.0,0.0,0.0,1.0,0.0,1.0,0.0,0.0,1.0,0.0,0.0,0.0,0.9020563509869943,0.08271413206459532,0.005704895005994026,0.009524700667303154,1.0,0.0,0.0,1.0,0.0,0.0,0.0,1.0,0.0,0.0,1.0,1.0,0.0,1.0,0.0,1.0,0.0,0.6150237975128101,0.3427229929621367,0.0046941952691181,0.03755900620551,0.8215770901593488,0.1784228926858088,0.7653059389011672,0.2346940705706706
0.9689542483660132,0.3623585875899896,0.9103332786779457,0.5427477669076988,0.0769230769230769,0.5,0.6000000000000001,0.4018415374597472,0.7709923664122136,0.1354838709677419,0.7191489361702129,0.46786691521698426,0.7821045803552205,0.0769230769230768,0.1970443349753694,0.1952341640315765,0.0,1.0,0.0,1.0,0.7131537303617416,0.28684626930144985,1.0,0.0,1.0,0.0,0.0,1.0,1.0,0.0,1.0,0.0,0.0,1.0,0.0,0.0,0.0,1.0,0.0,1.0,0.0,0.0,1.0,0.0,0.0,0.0,1.0,0.0,0.0,0.0,1.0,0.0,0.7058823484062857,0.2445820400439156,0.04953561201076906,1.0,0.0,1.0,0.0,1.0,0.0,1.0,0.0,0.6150231274282631,0.3427229794350436,0.0046940272449402,0.0375599178459068,0.821576629814914,0.178423377253831,0.7664222087018028,0.23357777977876193
0.4629629629629629,0.3966403839561192,0.6444444444444444,0.3619736282433007,0.1538461538461538,0.8,0.6755036645254231,0.2845528455284553,0.8167938931297707,0.3096774193548386,0.7957446808510639,0.50709219858156,0.7261852654304657,0.0769230769230768,0.4802955665024631,0.05267564451717,0.0,1.0,1.0,0.0,1.0,0.0,1.0,0.0,0.0,1.0,1.0,0.0,0.0,1.0,1.0,0.0,0.0,1.0,0.0,1.0,0.0,0.0,0.0,1.0,0.0,0.0,1.0,0.0,0.0,0.0,1.0,0.0,0.0,0.0,1.0,0.0,1.0,0.0,0.0,0.0,1.0,1.0,0.0,1.0,0.0,1.0,0.0,0.6150234889439378,0.3427229808107671,0.0046947802964628,0.0375587514507851,0.8215765938624914,0.178423415007741,0.7653062979154577,0.2346936928215172
0.8700908992748346,0.6297565992458004,0.9067988593391346,0.7341556784347085,0.1538461538461538,0.3,0.3,0.3184506729199732,0.7480916030534353,0.132258064516129,0.2865248226950354,0.2765957446808511,0.6296296296296295,0.0865384615384614,0.4950738916256157,0.0388796587577113,1.0,0.0,0.0,1.0,1.0,0.0,1.0,0.0,0.0,1.0,1.0,0.0,1.0,0.0,1.0,0.0,1.0,0.0,0.0,1.0,0.0,0.0,0.16293179251709433,0.8041675834977949,0.006150936422779751,0.02674969582745268,0.0,1.0,0.0,0.0,1.0,0.0,1.0,0.0,0.0,0.0,1.0,0.0,0.0,0.0,1.0,1.0,0.0,1.0,0.0,0.5718518559181931,0.4281481438623601,0.6263950555399975,0.34249607907610313,0.0032855112667501407,0.027823341766325616,0.8215764852468168,0.1784235294214984,0.7653061329026123,0.2346938665377445
0.601851851851852,0.388501046677117,0.6814814814814816,0.4002153885394527,0.1538461538461538,0.5,0.3,0.3584813890080237,0.7404580152671754,0.3032258064516129,0.3304964539007092,0.3262411347517728,0.6172839506172838,0.096153846153846,0.4421158678060681,0.0572743064369896,0.0,1.0,0.0,1.0,1.0,0.0,0.950949328544067,0.04905067348612169,1.0,0.0,1.0,0.0,0.0,1.0,1.0,0.0,1.0,0.0,0.0,1.0,0.0,0.0,0.0,1.0,0.0,0.0,0.0,1.0,0.0,0.0,1.0,0.0,0.7380848741818928,0.11135702737645381,0.15054836358317913,9.288884004976516e-06,1.0,0.0,0.0,0.0,1.0,1.0,0.0,1.0,0.0,0.0,1.0,0.6150230504027614,0.3427227451586617,0.004695076993227,0.0375591695467294,0.8215767347201635,0.1784232668166657,0.7653061672906334,0.2346938303092299
0.29093154573164026,0.4034967432293452,0.3925925925925926,0.1918332624415142,0.0769230769230769,0.5,0.4,0.1463414634146341,0.7633587786259537,0.457741935483871,0.7026243131698741,0.3652482269503545,0.4938271604938269,0.1057692307692308,0.5492610837438424,0.0618729683568091,1.0,0.0,1.0,0.0,1.0,0.0,1.0,0.0,0.0,1.0,1.0,0.0,1.0,0.0,0.0,1.0,0.0,1.0,0.0830388831834987,0.577738508314314,0.2102473438002068,0.1289752641445759,0.155357148389275,0.7642857144605921,0.0285714302313514,0.0517857064246302,0.8621908103652309,0.0883392286613146,0.0194346323856839,0.0300353283542416,1.0,0.0,1.0,0.0,0.0,0.0,1.0,0.0,0.0,0.3164005779878943,0.6835994221472115,1.0,0.0,1.0,0.0,1.0,0.0,0.61502367288281,0.3427229433425893,0.0046949748696766,0.0375583928475955,0.0,1.0,1.0,0.0
0.8883442265795207,0.7874528625299965,0.962962962962963,0.87961028248169,0.3315750197355598,0.6000000000000001,0.7000000000000001,0.4365851281659465,0.7633587786259537,0.1032258064516128,0.3858156028368794,0.4964539007092194,0.8148148148148147,0.0384615384615385,0.6157635467980296,0.0388796587577113,0.0,1.0,1.0,0.0,0.0,1.0,1.0,0.0,1.0,0.0,0.0,1.0,0.0,1.0,1.0,0.0,1.0,0.0,0.0,0.0,0.0,1.0,0.0,1.0,0.0,0.0,1.0,0.0,0.0,0.0,1.0,0.0,0.0,0.0,1.0,0.0,0.0,1.0,0.0,1.0,0.0,1.0,0.0,1.0,0.0,1.0,0.0,0.0,1.0,0.0,0.0,0.8215765646477784,0.1784234458278289,0.7653060537933607,0.2346939495705692
0.6701322704003513,0.5954748028796708,0.7407407407407407,0.5852828583581454,0.1538461538461538,0.7000000000000001,0.6000000000000001,0.7560975609756098,0.7480916030534353,0.3290322580645161,0.7191489361702129,0.25177304964539,0.2345679012345678,0.4519230769230768,0.5394088669950738,0.4159699361829155,1.0,0.0,1.0,0.0,0.0,1.0,1.0,0.0,0.0,1.0,1.0,0.0,0.0,1.0,1.0,0.0,0.0,1.0,0.0,0.0,0.0,1.0,0.16293179198275387,0.8041675830024388,0.006151132224133216,0.02674949660881565,0.9020562659667671,0.0827141418761097,0.00570486611236054,0.009524734891838582,1.0,0.0,1.0,0.0,0.0,0.0,1.0,0.0,0.0,0.0,1.0,1.0,0.0,1.0,0.0,1.0,0.0,1.0,0.0,0.0,0.0,1.0,0.0,0.0,1.0
0.7984749455337691,0.8379216735812004,0.8592592592592594,0.8617609527860484,0.1538461538461538,0.4,0.4,0.3654602342928926,0.725190839694656,0.1903225806451612,0.3446808510638297,0.3297872340425529,0.60061906099433,0.125,0.4187192118226601,0.0388796587577113,1.0,0.0,0.0,1.0,1.0,0.0,1.0,0.0,0.0,1.0,1.0,0.0,0.0,1.0,1.0,0.0,1.0,0.0,0.0,1.0,0.0,0.0,0.0,1.0,0.0,0.0,1.0,0.0,0.0,0.0,1.0,0.0,1.0,0.0,0.0,0.0,0.7058823659637681,0.24458203400698364,0.04953559940162966,1.0,0.0,1.0,0.0,1.0,0.0,1.0,0.0,0.6150232407265461,0.3427228621455774,0.0046950883000024,0.0375588284888673,0.8215764813335108,0.1784235335400971,0.7653059802861577,0.2346940270895311
0.5724400871459695,0.2149468632156324,0.7407407407407407,0.3088047639302424,0.1538461538461538,0.4,0.6000000000000001,0.1056910569105691,0.778625954198473,0.1741935483870967,0.2581560283687942,0.5,0.7901234567901232,0.0673076923076922,0.4285714285714286,-0.04739463239486412,1.0,0.0,1.0,0.0,1.0,0.0,0.9509493712666207,0.049050628498090276,0.0,1.0,0.0,1.0,0.0,1.0,1.0,0.0,1.0,0.0,0.047223819478266704,0.6150820481669268,0.2186265512640343,0.11906758065791789,0.0,1.0,0.0,0.0,1.0,0.0,0.0,0.0,1.0,0.0,1.0,0.0,0.0,0.0,1.0,0.0,0.0,1.0,0.0,1.0,0.0,1.0,0.0,0.5718518573421305,0.4281481423679331,0.6150236181862533,0.342722915260392,0.0046948460736483,0.0375586134375487,0.821576507235688,0.1784235062852524,0.7653061557471194,0.2346938425568164
0.7935729847494554,0.5611346966483456,0.7185185185185186,0.5533815397703105,0.0769230769230769,0.4,0.5,0.2601626016260162,0.7022900763358777,0.1548387096774193,0.4695035460992907,0.407801418439716,0.6172839506172838,0.15522150857712352,0.5886699507389163,0.0388796587577113,1.0,0.0,1.0,0.0,1.0,0.0,1.0,0.0,1.0,0.0,0.0,1.0,1.0,0.0,1.0,0.0,1.0,0.0,0.0,1.0,0.0,0.0,0.0,1.0,0.0,0.0,0.9020562660621418,0.08271413238654757,0.005704885868113463,0.009524706012411621,1.0,0.0,0.7380858221236949,0.11135702948112747,0.150548358415434,8.2923463611273e-06,1.0,0.0,0.0,0.31800997395035324,0.6819900254809433,1.0,0.0,0.9952689676764048,0.004731031661704521,1.0,0.0,0.6150235814551621,0.3427229711879291,0.0046949783759475,0.0375584584012658,0.8215766711462884,0.1784233337278009,0.7653061584400406,0.2346938397478951
0.6683006535947713,0.4034967432293452,0.8924365065237178,0.5746490854955337,0.1538461538461538,0.415659958357121,0.3,0.5121951219512195,0.7404580152671754,0.3903225806451613,0.6382978723404255,0.3900709219858154,0.679012345679012,0.0673076923076922,0.5591133004926109,0.0756689541162678,1.0,0.0,1.0,0.0,1.0,0.0,1.0,0.0,0.0,1.0,1.0,0.0,1.0,0.0,0.0,1.0,1.0,0.0,0.083038868725451,0.5777385243121362,0.2102473388513477,0.1289752680005715,0.1553571399473211,0.7642857147618672,0.0285714317648994,0.0517857136372715,0.8621908019785398,0.0883392290460775,0.0194346217913142,0.0300353478998263,1.0,0.0,1.0,0.0,0.0,0.0,1.0,0.0,0.0,0.0,1.0,1.0,0.0,0.9952689435446292,0.004731057108345982,0.0,1.0,0.0,1.0,0.0,0.0,0.8215767560774517,0.1784232443105384,0.7653061123342328,0.2346938880911775
0.4956427015250544,0.2290727610769373,0.5849501300008746,0.2237345810293492,0.1538461538461538,0.7000000000000001,0.5,0.4332354822470045,0.8167938931297707,0.4451612903225805,0.8709219858156027,0.4184397163120565,0.6543209876543208,0.0576923076923077,0.6822660098522167,0.0618729683568091,0.4757439407375724,0.5242560593900744,0.0,1.0,1.0,0.0,0.0,1.0,1.0,0.0,1.0,0.0,0.0,1.0,1.0,0.0,0.0,1.0,0.0,0.0,1.0,0.0,0.0,1.0,0.0,0.0,1.0,0.0,0.0,0.0,1.0,0.0,1.0,0.0,0.0,0.0,1.0,0.0,0.0,0.0,1.0,1.0,0.0,1.0,0.0,0.0,1.0,0.6150231085130617,0.342722838022136,0.0046945942884841,0.0375595037157308,0.8215770032139338,0.1784229842698446,1.0,0.0
0.6154684095860568,0.2800822763112787,0.7333333333333334,0.351339855380689,0.1625460489619493,0.2,0.2,0.2682926829268293,0.7480916030534353,0.1935483870967742,0.55177304964539,0.4855059793184083,0.765432098765432,0.125,0.4236453201970444,0.0342809968378918,1.0,0.0,1.0,0.0,1.0,0.0,1.0,0.0,0.0,1.0,1.0,0.0,0.4222561208597795,0.5777438778919242,0.0,1.0,1.0,0.0,0.0,1.0,0.0,0.0,0.0,1.0,0.0,0.0,1.0,0.0,0.0,0.0,1.0,0.0,0.0,1.0,0.0,0.0,0.7058823514396994,0.24458204521536564,0.04953560334767382,0.0,1.0,1.0,0.0,0.9952689348112135,0.004731066265713291,1.0,0.0,0.6150237378465829,0.3427229594913056,0.0046948985811715,0.037558383531845,0.8216936228449006,0.17830637811679817,0.7653059906385767,0.2346940163020359
0.4613289760348584,0.4514912581419266,0.6296296296296298,0.383241173968524,0.0769230769230769,0.7000000000000001,0.6162012405963675,0.4836259536347523,0.7633587786259537,0.4403441876171874,0.8851063829787232,1.0,0.8395061728395061,0.3653846153846154,0.5566502463054187,0.1952341640315765,0.0,1.0,0.0,1.0,1.0,0.0,1.0,0.0,0.0,1.0,1.0,0.0,0.0,1.0,1.0,0.0,0.0,1.0,0.047223815924918866,0.6150820313801457,0.218626563946698,0.11906758917051219,0.0,1.0,0.0,0.0,1.0,0.0,0.0,0.0,1.0,0.0,0.0,1.0,0.0,0.0,1.0,0.0,0.0,0.0,1.0,1.0,0.0,1.0,0.0,1.0,0.0,0.6150232627606949,0.3427228791333533,0.0046956005170466,0.0375582609958027,0.8215766736726705,0.1784233310419408,0.7653060786848686,0.2346939237285666
0.8529411764705883,0.42063764141241,0.8222222222222222,0.5321139940450871,0.0769230769230769,0.3,0.3,0.2682926829268293,0.7709923664122136,0.1096774193548387,0.3773049645390071,0.2234042553191488,0.5308641975308641,0.2596153846153846,0.3916256157635468,0.0342809968378918,1.0,0.0,1.0,0.0,1.0,0.0,1.0,0.0,0.0,1.0,1.0,0.0,1.0,0.0,1.0,0.0,1.0,0.0,0.0,0.0,0.0,1.0,0.0,1.0,0.0,0.0,0.0,1.0,0.0,0.0,0.9344973629096637,0.06550263708251725,0.7380759162979121,0.11135703525187313,0.15054835494646834,1.893814348896683e-05,0.0,1.0,0.0,1.0,0.0,1.0,0.0,1.0,0.0,1.0,0.0,1.0,0.0,0.0,0.0,0.8215766071460383,0.1784234011205199,0.7653062333530678,0.2346937608249272
0.6917211328976035,0.3246486115872471,0.8296296296296297,0.4523606975754997,0.1538461538461538,0.4,0.4,0.3027574048009862,0.7480916030534353,0.1870967741935484,0.5035460992907802,0.4645390070921982,0.7156509968862681,0.1057692307692308,0.4261083743842364,0.0618729683568091,1.0,0.0,1.0,0.0,1.0,0.0,1.0,0.0,0.0,1.0,1.0,0.0,0.0,1.0,1.0,0.0,1.0,0.0,0.0,1.0,0.0,0.0,0.0,1.0,0.0,0.0,1.0,0.0,0.0,0.0,1.0,0.0,1.0,0.0,0.0,0.0,1.0,0.0,0.0,0.0,1.0,1.0,0.0,1.0,0.0,1.0,0.0,0.6150236094563732,0.342722920371694,0.0046949377392384,0.0375585233101807,0.8215766921172247,0.1784233116593961,0.7653061307629039,0.2346938687982311
0.5713507625272332,0.2732259170380527,0.6444444444444444,0.2875372182050191,0.1538461538461538,0.8,0.8,0.438189470001337,0.8396946564885495,0.4290322580645161,0.8050486008414115,0.25886524822695,0.6296296296296295,0.0,0.438423645320197,0.0434783206775309,0.0,1.0,0.0,1.0,1.0,0.0,0.9509493994292139,0.0490505988938722,1.0,0.0,0.0,1.0,1.0,0.0,1.0,0.0,0.0,1.0,0.0,0.0,0.0,1.0,0.0,1.0,0.0,0.0,1.0,0.0,0.0,0.0,1.0,0.0,1.0,0.0,0.0,0.0,1.0,0.0,0.0,1.0,0.0,1.0,0.0,1.0,0.0,1.0,0.0,0.6150230754238436,0.3427229776495081,0.0046941066112651,0.0375598935644787,0.8215767579263339,0.1784232423524495,1.0,0.0
0.6906318082788672,0.3197965532864594,0.7265841058460332,0.3726074011059123,0.1538461538461538,0.4,0.5,0.3089430894308943,0.778625954198473,0.1516129032258064,0.4609929078014184,0.2553191489361699,0.5555555555555554,0.1153846153846154,0.312807881773399,0.04909720553650898,1.0,0.0,1.0,0.0,1.0,0.0,1.0,0.0,1.0,0.0,0.0,1.0,1.0,0.0,1.0,0.0,1.0,0.0,0.0,1.0,0.0,0.0,0.0,1.0,0.0,0.0,1.0,0.0,0.0,0.0,1.0,0.0,1.0,0.0,0.0,0.0,1.0,0.0,0.0,1.0,0.0,1.0,0.0,1.0,0.0,1.0,0.0,0.6150235257910748,0.3427230018317296,0.0046946091752163,0.0375588654915226,0.8215767323543104,0.1784232692875123,0.7653062185719319,0.2346937763212727
0.8825618852690611,0.4377785395954748,0.9131290322514727,0.6054870267971075,0.1538461538461538,0.5,0.4,0.3495934959349593,0.7480916030534353,0.1858064516129032,0.7460992907801417,0.4326241134751771,0.8271604938271604,0.3269230769230768,0.3842364532019704,0.1722408544324787,0.0,1.0,1.0,0.0,0.0,1.0,1.0,0.0,1.0,0.0,1.0,0.0,1.0,0.0,0.0,1.0,0.0,1.0,0.0830388670388835,0.5777385215006132,0.2102473481294574,0.1289752632615807,0.155357129710364,0.7642857202002685,0.0285714218382022,0.0517857291777834,0.8621908123033137,0.0883392183089115,0.0194346232549001,0.0300353465455882,1.0,0.0,1.0,0.0,0.0,0.0,1.0,0.0,0.0,0.0,1.0,1.0,0.0,1.0,0.0,0.0,1.0,1.0,0.0,0.0,0.0,0.8215767557993635,0.1784232446485543,1.0,0.0
0.7263749524073182,0.3417895097703119,0.8222222222222222,0.4683113568694172,0.148040501514821,0.6000000000000001,0.5,0.2682926829268293,0.8091603053435112,0.4161290322580645,0.7744680851063829,0.4148936170212765,0.7037037037037037,0.096153846153846,0.20935960591133,0.0572743064369896,1.0,0.0,1.0,0.0,1.0,0.0,1.0,0.0,0.0,1.0,1.0,0.0,1.0,0.0,0.0,1.0,0.0,1.0,0.0,1.0,0.0,0.0,0.0,1.0,0.0,0.0,1.0,0.0,0.0,0.0,0.9344973640745693,0.06550263586801497,1.0,0.0,0.0,0.0,1.0,0.0,0.0,0.0,1.0,1.0,0.0,1.0,0.0,0.0,1.0,1.0,0.0,0.0,0.0,1.0,0.0,1.0,0.0
0.5114379084967321,0.256085018854988,0.6429629629629632,0.2769034453424074,0.1538461538461538,0.3,0.5,0.2826152185839832,0.7633587786259537,0.1096774193548387,0.3404255319148936,0.25177304964539,0.5185185185185184,0.1346153846153845,0.2438423645320196,-0.012419105630959729,1.0,0.0,0.0,1.0,0.0,1.0,1.0,0.0,0.0,1.0,0.0,1.0,0.42225611374448246,0.5777438853752768,0.0,1.0,1.0,0.0,0.0,1.0,0.0,0.0,0.0,1.0,0.0,0.0,1.0,0.0,0.0,0.0,0.9344973611413531,0.06550263891764196,0.7380779566429123,0.1113570316536906,0.15054836040380715,1.6758071306854916e-05,0.7058823613464238,0.24458203967927195,0.04953559847842459,1.0,0.0,1.0,0.0,1.0,0.0,0.0,1.0,0.6150232529652011,0.3427228902573636,0.004694722795436,0.0375591614007349,0.8215766902005652,0.1784233136837552,1.0,0.0
0.7855906651171317,0.3863558450462804,0.8518518518518519,0.5321139940450871,0.0769230769230769,0.2,0.2,0.3172193632772969,0.778625954198473,0.1774193548387097,0.478014184397163,0.3687943262411346,0.6249858391830267,0.1634615384615385,0.5295566502463054,0.0342809968378918,1.0,0.0,0.0,1.0,1.0,0.0,1.0,0.0,0.0,1.0,1.0,0.0,1.0,0.0,0.0,1.0,1.0,0.0,0.0,1.0,0.0,0.0,0.0,1.0,0.0,0.0,1.0,0.0,0.0,0.0,1.0,0.0,1.0,0.0,0.0,0.0,1.0,0.0,0.0,0.0,1.0,1.0,0.0,0.0,1.0,0.5772972071383917,0.42270279333576477,0.6150383982988425,0.3427120506388371,0.0047518282368289,0.037495664131382,0.8215822645962294,0.1784174544966815,0.7653060525003835,0.2346939429075087
0.4754901960784314,0.2423723003085361,0.5851851851851853,0.2343683538919608,0.1538461538461538,0.4,0.3,0.2682926829268293,0.7404580152671754,0.1774193548387097,0.4936170212765957,0.3014184397163117,0.5802469135802468,0.0576923076923077,0.2931034482758621,0.0342809968378918,1.0,0.0,1.0,0.0,0.0,1.0,1.0,0.0,1.0,0.0,1.0,0.0,1.0,0.0,0.0,1.0,1.0,0.0,0.0,1.0,0.0,0.0,0.0,1.0,0.0,0.0,1.0,0.0,0.0,0.0,1.0,0.0,0.7380778576112211,0.11135703150889842,0.1505483581050583,1.684267573442977e-05,1.0,0.0,0.0,1.0,0.0,1.0,0.0,1.0,0.0,0.0,1.0,0.6150233775872069,0.3427229728497124,0.0046944744547888,0.0375591948929985,0.8215767844438757,0.1784232144807858,1.0,0.0
0.4444444444444445,0.3075077134041823,0.6444444444444444,0.3088047639302424,0.0769230769230769,0.5,0.4,0.4111667021270357,0.7099236641221376,0.6161290322580645,0.7078014184397162,0.3971631205673758,0.5925925925925926,0.1442307692307691,0.7241379310344828,0.0342809968378918,0.0,1.0,0.0,1.0,1.0,0.0,0.0,1.0,0.0,1.0,1.0,0.0,0.0,1.0,1.0,0.0,0.5115029186427188,0.4884970828958316,0.0,1.0,0.0,0.0,0.0,1.0,0.0,0.0,1.0,0.0,0.0,0.0,1.0,0.0,0.0,0.0,1.0,0.0,1.0,0.0,0.0,1.0,0.0,1.0,0.0,1.0,0.0,0.0,1.0,0.6150229744906023,0.342722805380518,0.0046946154895813,0.037559662425033,0.8215767964573366,0.1784232018244551,0.7653063256167933,0.2346936635634844
0.7750544662309369,0.39866030191690205,0.8194236577969523,0.5001294888317086,0.2307692307692307,0.5,0.4,0.5121951219512195,0.7328244274809159,0.1290322580645161,0.3290780141843971,0.3936170212765957,0.7530864197530864,0.1057692307692308,0.3374384236453202,0.0342809968378918,0.0,1.0,1.0,0.0,1.0,0.0,1.0,0.0,1.0,0.0,1.0,0.0,0.0,1.0,1.0,0.0,1.0,0.0,0.0,1.0,0.0,0.0,0.0,1.0,0.0,0.0,0.9020562547840816,0.0827141295107987,0.005704933252834721,0.009524672712833748,1.0,0.0,1.0,0.0,0.0,0.0,0.7058823591164298,0.24458203706398096,0.04953560359422171,0.0,1.0,1.0,0.0,1.0,0.0,0.5772971708106716,0.42270282922784497,0.615023464593735,0.3427230465677939,0.0046949293802566,0.0375585565498886,0.8215768312523809,0.1784231650892126,1.0,0.0
0.8218954248366014,0.3726431264998285,1.069122981984473,0.6916205869842619,0.0769230769230769,0.4,0.3,0.4213682377996581,0.778625954198473,0.1967741935483871,0.7035460992907802,0.4822695035460993,0.6543209876543208,0.1442307692307691,0.2389162561576354,0.1860368401919374,0.475743939693165,0.5242560605121946,0.0,1.0,1.0,0.0,0.0,1.0,1.0,0.0,1.0,0.0,0.0,1.0,1.0,0.0,0.0,1.0,0.0,1.0,0.0,0.0,0.0,1.0,0.0,0.0,1.0,0.0,0.0,0.0,1.0,0.0,0.0,0.0,1.0,0.0,1.0,0.0,0.0,0.0,1.0,1.0,0.0,1.0,0.0,0.0,1.0,0.6150231245203361,0.3427228685893589,0.0046941730883675,0.0375598881658447,0.8215768244673656,0.1784231723595473,0.7653062072229897,0.2346937880922848
0.659041394335512,0.3863558450462804,0.7925925925925925,0.4789451297320289,0.0769230769230769,0.3,0.3,0.3129483954581933,0.66412213740458,0.1774193548387097,0.4326241134751774,0.3936170212765957,0.6049382716049381,0.1346153846153845,0.458128078817734,0.0434783206775309,1.0,0.0,0.0,1.0,1.0,0.0,1.0,0.0,0.0,1.0,1.0,0.0,1.0,0.0,1.0,0.0,1.0,0.0,0.0,1.0,0.0,0.0,0.0,1.0,0.0,0.0,1.0,0.0,0.0,0.0,1.0,0.0,0.0,1.0,0.0,0.0,0.0,0.0,1.0,1.0,0.0,1.0,0.0,1.0,0.0,1.0,0.0,0.6150231862182296,0.3427228230958332,0.0046948005294623,0.0375592237489503,0.8215766883275215,0.1784233156256656,0.7653060397177724,0.2346939645737402
0.6639250095642274,0.3589304079533767,0.7627279476273361,0.43160216724178146,0.0769230769230769,0.8,0.7000000000000001,0.3495934959349593,0.7633587786259537,0.5354838709677419,0.9234042553191488,0.6244356636952659,0.91358024691358,0.096153846153846,0.645320197044335,0.0388796587577113,0.0,1.0,1.0,0.0,0.0,1.0,1.0,0.0,0.0,1.0,1.0,0.0,0.4222560994000113,0.5777439004868271,1.0,0.0,0.0,1.0,0.0830388668161493,0.5777385110145098,0.2102473562542776,0.1289752662053843,0.1553571386421363,0.764285717928028,0.0285714288458097,0.0517857147055013,0.8621908214377433,0.0883392208206428,0.0194346126082486,0.0300353449639046,1.0,0.0,1.0,0.0,0.0,0.0,1.0,0.0,0.0,0.0,1.0,1.0,0.0,1.0,0.0,1.0,0.0,1.0,0.0,0.0,0.0,0.821576701732647,0.178423301508967,0.765306192456251,0.234693803720463
0.5,0.4343503599588618,0.6814814814814816,0.415142492556359,0.0769230769230769,0.7000000000000001,0.5,0.5121951219512195,0.7557251908396942,0.4870967741935483,0.5967423824546606,0.4964539007092194,0.5802469135802468,0.2307692307692306,0.4285714285714286,0.1308528971541026,0.0,1.0,1.0,0.0,1.0,0.0,1.0,0.0,1.0,0.0,1.0,0.0,0.0,1.0,1.0,0.0,1.0,0.0,0.0,1.0,0.0,0.0,0.0,1.0,0.0,0.0,1.0,0.0,0.0,0.0,0.9344973608176927,0.06550263929472,1.0,0.0,0.0,0.0,1.0,0.0,0.0,1.0,0.0,1.0,0.0,1.0,0.0,1.0,0.0,1.0,0.0,0.0,0.0,1.0,0.0,0.7653061712775728,0.2346938261183054
0.5767973856209151,0.3075077134041823,0.6444444444444444,0.3088047639302424,0.1538461538461538,0.5422888885801559,0.6000000000000001,0.5121951219512195,0.7938931297709919,0.2419354838709677,0.521585791849557,0.3652482269503545,0.4814814814814814,0.1442307692307691,0.6773399014778325,0.1814381782721178,0.0,1.0,1.0,0.0,1.0,0.0,1.0,0.0,1.0,0.0,0.0,1.0,1.0,0.0,0.0,1.0,1.0,0.0,0.0,1.0,0.0,0.0,0.0,1.0,0.0,0.0,1.0,0.0,0.0,0.0,1.0,0.0,1.0,0.0,0.0,0.0,1.0,0.0,0.0,0.3180099672170591,0.6819900325836599,0.9418140374636559,0.058185956216367796,1.0,0.0,1.0,0.0,1.0,0.0,0.0,0.0,1.0,0.0,1.0,0.0
0.8872549019607843,0.3692149468632156,0.9037037037037036,0.564015312632922,0.1538461538461538,0.7000000000000001,0.6113787089265033,0.4308943089430894,0.7480916030534353,0.3612903225806452,0.7843971631205674,0.3085106382978722,0.5555555555555554,0.0865384615384614,0.3571428571428571,0.0342809968378918,1.0,0.0,1.0,0.0,0.0,1.0,1.0,0.0,0.0,1.0,1.0,0.0,0.422256091577902,0.5777439087278329,1.0,0.0,0.0,1.0,0.0,0.0,0.0,1.0,1.0,0.0,0.0,0.0,0.0,1.0,0.0,0.0,1.0,0.0,0.7380778799584949,0.11135703359223637,0.15054836186878828,1.679361152584491e-05,0.0,1.0,0.0,1.0,0.0,0.9418140347308456,0.058185962943027913,1.0,0.0,1.0,0.0,0.6150232866437967,0.3427230650947632,0.0046941498663257,0.0375595286880374,0.8215767402353829,0.1784232609756988,0.7653063053911597,0.2346936848229459
0.4809368191721133,0.3167015318300233,0.639322144148206,0.3173117822203317,0.1538461538461538,0.704676343514466,0.6917526450852919,0.5934959349593496,0.7938931297709919,0.3032258064516129,0.7645390070921986,0.581560283687943,0.6419753086419753,0.3269230769230768,0.4334975369458128,0.0664716302766287,0.0,1.0,1.0,0.0,0.0,1.0,0.9509493873145248,0.049050611560451984,1.0,0.0,0.0,1.0,1.0,0.0,0.0,1.0,0.0,1.0,0.0,1.0,0.0,0.0,0.0,1.0,0.0,0.0,1.0,0.0,0.0,0.0,1.0,0.0,1.0,0.0,0.0,0.0,1.0,0.0,0.0,0.0,1.0,1.0,0.0,1.0,0.0,0.5718518471911571,0.428148153048166,0.6150236627773853,0.3427230448462922,0.0046946565267678,0.037558622418277,0.8215768048141334,0.1784231930437527,0.7653060846320427,0.2346939175585713
0.516884531590414,0.2320877613986972,0.6042114743067013,0.2450021267545724,0.1538461538461538,0.8693280140623949,0.9,0.6747967479674797,0.7862595419847329,0.4193548387096774,0.7787234042553189,0.2411347517730493,0.4444444444444444,0.1346153846153845,0.2586206896551724,0.0480769825973504,0.0,1.0,1.0,0.0,0.0,1.0,1.0,0.0,0.0,1.0,0.0,1.0,0.0,1.0,1.0,0.0,0.0,1.0,0.0,0.0,1.0,0.0,0.0,1.0,0.0,0.0,1.0,0.0,0.0,0.0,1.0,0.0,1.0,0.0,0.0,0.0,1.0,0.0,0.0,0.0,1.0,0.0,1.0,1.0,0.0,0.0,1.0,0.6150232963979694,0.3427229363152601,0.0046951817598834,0.037558594073534,1.0,0.0,0.7653062118015308,0.2346937835654587
0.3425925925925926,0.2080905039424065,0.4962962962962963,0.1705657167162909,0.0769230769230769,1.0,0.9856788203400623,0.4201867006494809,0.8702290076335872,0.5322580645161291,0.7446808510638298,0.4539007092198581,0.5555555555555554,0.096153846153846,0.3201970443349754,0.0388796587577113,0.0,1.0,0.0,1.0,0.0,1.0,0.9509493798107795,0.04905061955834922,1.0,0.0,0.0,1.0,0.0,1.0,1.0,0.0,0.0,1.0,0.0,1.0,0.0,0.0,0.0,1.0,0.0,0.0,1.0,0.0,0.0,0.0,1.0,0.0,1.0,0.0,0.0,0.0,0.705882360988023,0.24458204052159005,0.04953559790821871,0.0,1.0,1.0,0.0,0.9952689520572976,0.004731048117679548,0.5772971707837347,0.4227028292521888,0.6150232432079419,0.3427230053268114,0.004694583352086,0.0375591934153521,0.8215767427994836,0.1784232582663628,0.76530613457891,0.2346938647197818
0.3681917211328976,0.2629413781282139,0.5111111111111112,0.2014036580178647,0.18484236661516576,0.7000000000000001,0.8,0.1869918699186991,0.8015267175572518,0.5516129032258065,0.6851063829787233,0.407801418439716,0.6419753086419753,0.096153846153846,0.5886699507389163,0.0388796587577113,1.0,0.0,1.0,0.0,0.7131536956943949,0.28684630580354564,1.0,0.0,0.0,1.0,0.7064523539154526,0.29354765258985205,1.0,0.0,0.0,1.0,0.0,1.0,0.0830388715091091,0.5777385169851401,0.2102473449422707,0.1289752664535043,0.1553571453250968,0.7642857108339396,0.0285714346154215,0.0517857090429247,0.8621908177230238,0.0883392204635856,0.0194346324146585,0.0300353290266373,1.0,0.0,1.0,0.0,0.0,0.0,1.0,0.0,0.0,0.0,1.0,0.9418140395395616,0.05818595568893159,1.0,0.0,0.0,1.0,0.615023500783464,0.3427229476090216,0.0046951146624393,0.0375584304013527,0.8215766903008541,0.1784233135311188,1.0,0.0
0.5871459694989106,0.3177922523140213,0.6814814814814816,0.3407060825180774,0.0769230769230769,0.6000000000000001,0.4777738068637186,0.065040650406504,0.8015267175572518,0.1064516129032258,0.3886524822695035,0.3758865248226948,0.6049382716049381,0.0769230769230768,0.4827586206896551,0.0342809968378918,1.0,0.0,1.0,0.0,1.0,0.0,1.0,0.0,1.0,0.0,1.0,0.0,0.0,1.0,1.0,0.0,1.0,0.0,0.0,1.0,0.0,0.0,0.0,1.0,0.0,0.0,0.0,1.0,0.0,0.0,1.0,0.0,1.0,0.0,0.0,0.0,1.0,0.0,0.0,0.0,1.0,1.0,0.0,1.0,0.0,0.571851856903997,0.4281481428318656,1.0,0.0,0.0,0.0,0.8215765919560831,0.1784234170634062,0.765306235948595,0.234693758049157
0.9651416122004356,0.5097703119643469,0.925925925925926,0.6491760404398522,0.1538461538461538,0.8,0.7000000000000001,0.2682926829268293,0.7328244274809159,0.3903225806451613,0.7897825112975299,0.8404255319148937,0.91358024691358,0.2403846153846152,0.3300492610837439,0.0342809968378918,0.0,1.0,1.0,0.0,0.0,1.0,1.0,0.0,0.0,1.0,1.0,0.0,0.0,1.0,1.0,0.0,0.0,1.0,0.04722381685686616,0.6150820358237028,0.21862656474691178,0.11906758277335405,0.0,1.0,0.0,0.0,1.0,0.0,0.0,0.0,1.0,0.0,1.0,0.0,0.0,0.0,1.0,0.0,0.0,0.0,1.0,1.0,0.0,1.0,0.0,0.5718518536457489,0.4281481462589601,1.0,0.0,0.0,0.0,0.82157652248144,0.1784234901736718,0.7653060331989016,0.2346939715084168
0.5190631808278867,0.3006513541309564,0.5851851851851853,0.2662696724797958,0.1538461538461538,0.9,0.8,0.4233660809778917,0.8244274809160306,0.4838709677419355,0.7631205673758864,0.3723404255319147,0.5308641975308641,0.1346153846153845,0.6108374384236454,0.0342809968378918,0.0,1.0,0.0,1.0,0.0,1.0,0.9509493791961008,0.0490506201753913,0.0,1.0,1.0,0.0,0.0,1.0,1.0,0.0,0.0,1.0,0.0,1.0,0.0,0.0,0.0,1.0,0.0,0.0,1.0,0.0,0.0,0.0,1.0,0.0,0.0,1.0,0.0,0.0,1.0,0.0,0.0,1.0,0.0,1.0,0.0,1.0,0.0,0.5718518548890433,0.4281481449532566,0.6150230299747415,0.3427228835385442,0.0046946232430749,0.0375595110525729,0.8215766652598276,0.1784233398765238,0.7653062198878131,0.2346937749158879
0.3480392156862745,0.2697977374014397,0.4222222222222223,0.1546150574223734,0.1538461538461538,0.7665393784630056,0.6000000000000001,0.4634146341463415,0.7709923664122136,0.4161290322580645,0.8851063829787232,0.3120567375886522,0.5802469135802468,0.0865384615384614,0.5246305418719212,0.0480769825973504,0.0,1.0,0.6919504711469993,0.3080495284931377,1.0,0.0,1.0,0.0,1.0,0.0,1.0,0.0,1.0,0.0,1.0,0.0,0.0,1.0,1.0,0.0,0.0,0.0,0.0,1.0,0.0,0.0,1.0,0.0,0.0,0.0,1.0,0.0,1.0,0.0,0.0,0.0,1.0,0.0,0.0,0.3180099538055233,0.681990046691471,0.9418140303534036,0.058185964822883185,1.0,0.0,1.0,0.0,1.0,0.0,0.0,0.0,1.0,0.0,0.7653061905111022,0.2346938059429062
0.3616557734204793,0.2800822763112787,0.5333333333333333,0.2184176945980433,0.1538461538461538,0.5,0.4,0.4180424800048692,0.8396946564885495,0.4419354838709677,0.7602836879432623,0.4822695035460993,0.6543209876543208,0.0865384615384614,0.583743842364532,0.2743137797790132,1.0,0.0,0.0,1.0,1.0,0.0,0.0,1.0,0.0,1.0,1.0,0.0,0.422256087412338,0.5777439130853361,1.0,0.0,0.0,1.0,0.04722382483511722,0.6150820398988215,0.2186265577321138,0.11906758009911755,0.0,1.0,0.0,0.0,0.902056351970046,0.08271413143903561,0.005704918713159923,0.009524682806115514,1.0,0.0,1.0,0.0,0.0,0.0,0.0,0.0,1.0,0.0,1.0,1.0,0.0,0.9952689130722289,0.004731089145365686,1.0,0.0,0.6150234261003051,0.3427228480924066,0.0046946151352291,0.0375591290936042,0.8215770887645096,0.1784228941304759,0.7653062574897804,0.2346937353224013
0.6111111111111112,0.2423723003085361,0.6592592592592592,0.2769034453424074,0.1538461538461538,0.6000000000000001,0.6000000000000001,0.3495934959349593,0.7557251908396942,0.4032258064516129,0.8368794326241135,0.2269503546099289,0.4814814814814814,0.1057692307692308,0.5492610837438424,0.0342809968378918,0.0,1.0,1.0,0.0,1.0,0.0,1.0,0.0,1.0,0.0,0.0,1.0,1.0,0.0,0.0,1.0,0.0,1.0,0.0,1.0,0.0,0.0,0.0,1.0,0.0,0.0,1.0,0.0,0.0,0.0,1.0,0.0,1.0,0.0,0.0,0.0,1.0,0.0,0.0,1.0,0.0,1.0,0.0,1.0,0.0,1.0,0.0,0.6150234363794634,0.3427230158708197,0.0046943609885825,0.0375592018950842,1.0,0.0,0.7653062458672972,0.2346937476250189
0.6514161220043574,0.2766540966746658,0.674074074074074,0.3088047639302424,0.0769230769230769,0.3,0.5,0.2530418263972682,0.7938931297709919,0.132258064516129,0.300709219858156,0.2163120567375887,0.4320987654320987,0.1057692307692308,0.2660098522167488,0.0388796587577113,1.0,0.0,0.0,1.0,1.0,0.0,1.0,0.0,0.38111262289658643,0.6188873775679299,0.0,1.0,1.0,0.0,0.0,1.0,1.0,0.0,0.0830388725816663,0.57773852609344,0.2102473344370703,0.1289752664813391,0.155357147709674,0.7642857155224212,0.0285714285656391,0.0517857077339792,0.8621908110598576,0.0883392222042666,0.0194346483395633,0.0300353180175029,0.9344973588990152,0.06550264130796013,1.0,0.0,0.0,0.0,0.7058823635609187,0.24458203466356143,0.04953560132947388,1.0,0.0,1.0,0.0,1.0,0.0,1.0,0.0,0.6150233499093242,0.3427228792526787,0.0046945834618192,0.037559210805783,0.8215765638761051,0.1784234466463833,0.7653061148410467,0.2346938855561959
0.650871459694989,0.3726431264998285,0.8074074074074074,0.4789451297320289,0.1538461538461538,0.7000000000000001,0.6000000000000001,0.48559480252972365,0.6946564885496183,0.4548387096774193,0.8907801418439717,0.2995833542212862,0.5555555555555554,0.1153846153846154,0.3571428571428571,0.0342809968378918,0.0,1.0,0.0,1.0,1.0,0.0,1.0,0.0,0.0,1.0,1.0,0.0,0.42225609308385936,0.5777439071532028,1.0,0.0,0.0,1.0,1.0,0.0,0.0,0.0,1.0,0.0,0.0,0.0,1.0,0.0,0.0,0.0,1.0,0.0,0.7380853254717317,0.11135702447947249,0.15054836799510996,8.838755603868265e-06,1.0,0.0,0.0,0.0,1.0,1.0,0.0,1.0,0.0,0.0,1.0,0.6150230405884429,0.3427228797530005,0.0046945181879696,0.0375596123096477,0.8215766407707009,0.1784233656563987,0.7653061396354848,0.234693859445831
0.706971677559913,0.4240658210490229,0.7851851851851852,0.5002126754572521,0.2307692307692307,0.7000000000000001,0.5,0.5121951219512195,0.7862595419847329,0.3282036486558238,0.6709219858156029,0.4751773049645389,0.691358024691358,0.125,0.4145970713848134,0.2504181070694112,1.0,0.0,1.0,0.0,1.0,0.0,1.0,0.0,1.0,0.0,0.7064525085252843,0.2935474889148375,0.0,1.0,1.0,0.0,1.0,0.0,0.0,1.0,0.0,0.0,0.0,1.0,0.0,0.0,1.0,0.0,0.0,0.0,1.0,0.0,1.0,0.0,0.0,0.0,1.0,0.0,0.0,1.0,0.0,1.0,0.0,1.0,0.0,0.0,1.0,1.0,0.0,0.0,0.0,0.8215767630371991,0.178423236969632,0.7653061908891112,0.2346938054744987
0.8011982570806101,0.3657867672266026,0.8962962962962964,0.5533815397703105,0.0769230769230769,0.8,0.7000000000000001,0.3495934959349593,0.9847328244274808,0.2419354838709677,0.9432624113475178,0.1737588652482269,0.5061728395061729,0.1153846153846154,0.2635467980295566,0.1032609256351852,1.0,0.0,1.0,0.0,0.0,1.0,1.0,0.0,0.0,1.0,1.0,0.0,1.0,0.0,1.0,0.0,0.5115028961915173,0.48849710658742695,0.0830388707896834,0.577738514406047,0.2102473548951631,0.1289752597267522,0.15535713544443,0.7642857191752175,0.0285714368212061,0.0517857086587212,0.862190810991476,0.0883392148560143,0.0194346392975415,0.0300353351379865,1.0,0.0,1.0,0.0,0.0,0.0,1.0,0.0,0.0,1.0,0.0,1.0,0.0,1.0,0.0,0.0,1.0,0.6150232920984918,0.3427229442486875,0.0046940029834769,0.0375598008996487,1.0,0.0,0.7653063745166808,0.2346936120636236
0.579520697167756,0.5371957490572505,0.6888888888888889,0.4842620161633347,0.1538461538461538,0.4,0.3,0.4308943089430894,0.7480916030534353,0.2612903225806451,0.5560283687943263,0.4645390070921982,0.7037037037037037,0.0769230769230768,0.5788177339901478,0.0388796587577113,0.0,1.0,1.0,0.0,1.0,0.0,0.0,1.0,0.0,1.0,0.7064525075630943,0.29354748994444557,0.0,1.0,1.0,0.0,1.0,0.0,0.04722381771288975,0.6150820422430144,0.21862655977583056,0.1190675821952939,0.0,1.0,0.0,0.0,1.0,0.0,0.0,0.0,1.0,0.0,0.0,1.0,0.0,0.0,1.0,0.0,0.0,0.0,1.0,1.0,0.0,0.9952689375566856,0.00473106333646367,1.0,0.0,1.0,0.0,0.0,0.0,1.0,0.0,0.7653062274032211,0.2346937669981196
0.3976034858387799,0.2766540966746658,0.5185185185185185,0.2077839217354317,0.1538461538461538,0.9,0.7000000000000001,0.2845528455284553,0.8229796523361259,0.5967741935483871,0.6326241134751772,0.3617021276595742,0.5802469135802468,0.2115384615384614,0.3891625615763546,0.0388796587577113,1.0,0.0,1.0,0.0,0.0,1.0,1.0,0.0,1.0,0.0,1.0,0.0,0.0,1.0,1.0,0.0,1.0,0.0,0.0,1.0,0.0,0.0,1.0,0.0,0.0,0.0,0.0,0.0,0.0,1.0,1.0,0.0,1.0,0.0,0.0,0.0,1.0,0.0,0.0,0.0,1.0,1.0,0.0,1.0,0.0,0.0,1.0,1.0,0.0,0.0,0.0,1.0,0.0,0.7653061047452709,0.2346938961469953
0.7064270152505447,0.4000685635927322,0.7333333333333334,0.4342832837090599,0.1538461538461538,0.2,0.2,0.2407554289027215,0.6946564885496183,0.1225806451612903,0.1957446808510637,0.1382978723404253,0.5061728395061729,0.0384615384615385,0.6798029556650247,0.0342809968378918,1.0,0.0,0.0,1.0,1.0,0.0,1.0,0.0,0.0,1.0,1.0,0.0,1.0,0.0,0.0,1.0,1.0,0.0,0.0,1.0,0.0,0.0,0.0,1.0,0.0,0.0,1.0,0.0,0.0,0.0,1.0,0.0,0.0,1.0,0.0,0.0,1.0,0.0,0.0,0.0,1.0,0.9418140535576845,0.058185947724094245,1.0,0.0,1.0,0.0,0.6150232961959659,0.3427227976757028,0.0046949038361977,0.037559025761203,0.8215764578707987,0.1784235582491778,0.0,1.0
0.8461935747791226,0.5029139526911209,0.837037037037037,0.6171841769459804,0.0769230769230769,0.4,0.4,0.3778910056135127,0.725190839694656,0.232258064516129,0.6269503546099292,0.354609929078014,0.4197530864197529,0.2814036656280951,0.4314929474688398,0.0342809968378918,1.0,0.0,0.0,1.0,0.0,1.0,1.0,0.0,0.0,1.0,1.0,0.0,1.0,0.0,1.0,0.0,1.0,0.0,0.0,0.0,1.0,0.0,0.16293177875036657,0.8041675829944712,0.0061509274864768315,0.026749711077612592,1.0,0.0,0.0,0.0,0.0,1.0,1.0,0.0,0.0,0.0,1.0,0.0,0.0,1.0,0.0,1.0,0.0,1.0,0.0,0.5718518608743686,0.4281481386470747,0.6263950302899935,0.3424960749121895,0.0032841969869732424,0.027824753677515024,0.8216936312207905,0.17830637171354835,0.7653061367803107,0.2346938625481046
0.7952069716775599,0.3555022283167637,0.8222222222222222,0.4736282433007231,0.1538461538461538,0.9172869572461932,0.8,0.5934959349593496,0.8167938931297707,0.37937620593562266,0.8099290780141842,0.404255319148936,0.765432098765432,0.1153846153846154,0.2807881773399014,0.1354515590739222,0.0,1.0,1.0,0.0,0.0,1.0,1.0,0.0,1.0,0.0,0.7064524601811588,0.2935475399420291,0.0,1.0,1.0,0.0,0.0,1.0,1.0,0.0,0.0,0.0,0.0,1.0,0.0,0.0,1.0,0.0,0.0,0.0,1.0,0.0,1.0,0.0,0.0,0.0,1.0,0.0,0.0,0.0,1.0,1.0,0.0,0.9952689596801393,0.004731039998118303,1.0,0.0,0.6150235252175407,0.3427229247133937,0.0046941712061746,0.0375593969417904,0.8215767176555363,0.1784232847497935,0.7653061052826953,0.23469389564841
0.6873638344226579,0.4446348988687006,0.8,0.5321139940450871,0.2307692307692307,0.4,0.3,0.2032520325203252,0.7633587786259537,0.232258064516129,0.2326241134751773,0.4113475177304964,0.691358024691358,0.1153846153846154,0.3990147783251231,0.0342809968378918,1.0,0.0,1.0,0.0,1.0,0.0,1.0,0.0,0.38111263233413717,0.618887367589503,1.0,0.0,1.0,0.0,1.0,0.0,1.0,0.0,0.0,0.0,0.0,1.0,0.162931792979235,0.8041675784498354,0.00615095293211998,0.026749674837524995,0.0,1.0,0.0,0.0,1.0,0.0,1.0,0.0,0.0,0.0,1.0,0.0,0.0,0.0,1.0,1.0,0.0,1.0,0.0,0.0,1.0,0.6150232407136639,0.3427230327980677,0.0046948938841506,0.0375588489258202,0.82157653247019,0.1784234797344864,0.7653063243517526,0.2346936650459669
0.6683006535947713,0.417209461775797,0.7777777777777779,0.48602247838565404,0.1538461538461538,0.5,0.4,0.2276422764227642,0.7557251908396942,0.1806451612903225,0.2624113475177305,0.2943262411347516,0.5679012345679013,0.1346153846153845,0.3916256157635468,0.0342809968378918,1.0,0.0,1.0,0.0,0.0,1.0,1.0,0.0,0.3811126371410025,0.6188873625162987,1.0,0.0,1.0,0.0,1.0,0.0,1.0,0.0,0.0,1.0,0.0,0.0,0.0,1.0,0.0,0.0,0.9020562561750138,0.08271412548183865,0.0057049348167173,0.009524683192836392,1.0,0.0,1.0,0.0,0.0,0.0,1.0,0.0,0.0,1.0,0.0,1.0,0.0,1.0,0.0,1.0,0.0,0.6263950672452352,0.34249606957071144,0.0032832370835118585,0.02782564466719717,0.0,1.0,0.7653061673427375,0.2346938302002444
0.2391067538126361,0.2492286595817621,0.3703703703703703,0.1280306252658443,0.3076923076923077,0.6000000000000001,0.5,0.4141438118833649,0.9236641221374042,0.3806451612903226,0.6609929078014184,0.4858156028368794,0.5802469135802468,0.0673076923076922,0.5578097582099806,0.21194935244262986,0.0,1.0,0.0,1.0,1.0,0.0,1.0,0.0,0.0,1.0,1.0,0.0,0.42225609774807504,0.57774390220725,1.0,0.0,1.0,0.0,0.04722382188277885,0.6150820331285679,0.21862656689823,0.11906757972566573,0.1629318311403697,0.8041675880857582,0.0061510244859382945,0.026749597493736843,1.0,0.0,0.0,0.0,1.0,0.0,0.7380761177745039,0.11135703073873171,0.1505483581492647,1.8694847234934642e-05,1.0,0.0,0.0,0.0,1.0,1.0,0.0,1.0,0.0,1.0,0.0,0.6150232592734719,0.342722761475461,0.0046944899605477,0.0375595288167567,0.8215765898024524,0.1784234193068897,0.7653062941218698,0.2346936968275896
0.3415032679738562,0.2972231744943434,0.5555555555555556,0.2396852403232666,0.0,0.5,0.5,0.2682926829268293,0.7633587786259537,0.30241230115988227,0.625531914893617,0.3652482269503545,0.6172839506172838,0.096153846153846,0.4729064039408867,0.0572743064369896,0.0,1.0,1.0,0.0,1.0,0.0,1.0,0.0,1.0,0.0,0.0,1.0,1.0,0.0,0.0,1.0,1.0,0.0,0.0,1.0,0.0,0.0,0.0,1.0,0.0,0.0,1.0,0.0,0.0,0.0,1.0,0.0,1.0,0.0,0.0,0.0,1.0,0.0,0.0,0.0,1.0,1.0,0.0,1.0,0.0,1.0,0.0,0.6150236307336832,0.342722962495231,0.0046948287086944,0.0375585676800245,0.821576731544577,0.1784232701187249,0.7653061802144848,0.2346938167703406
0.5980392156862746,0.1738087075762769,0.6592592592592592,0.2343683538919608,0.1538461538461538,0.6000000000000001,0.5,0.4308943089430894,0.7862595419847329,0.3451612903225806,0.7063829787234043,0.3855603506843562,0.691358024691358,0.0673076923076922,0.4532019704433497,0.1446488829135613,0.4757439440236406,0.524256055924268,1.0,0.0,0.0,1.0,1.0,0.0,0.0,1.0,1.0,0.0,1.0,0.0,0.0,1.0,0.0,1.0,0.0,1.0,0.0,0.0,0.0,1.0,0.0,0.0,1.0,0.0,0.0,0.0,1.0,0.0,1.0,0.0,0.0,0.0,0.7058823542629631,0.2445820475725745,0.04953559793245399,0.0,1.0,1.0,0.0,1.0,0.0,0.0,1.0,0.0,1.0,0.0,0.0,0.821576811406464,0.1784231860753612,0.7653060871538555,0.2346939146706406
0.514161220043573,0.3692149468632156,0.662962962962963,0.3598468736707783,0.1538461538461538,0.9,0.8,0.467982662966444,0.8244274809160306,0.6,0.8297872340425533,0.2943262411347516,0.5925925925925926,0.1346153846153845,0.5160460647614399,0.0802676160360874,1.0,0.0,0.0,1.0,0.0,1.0,0.9509493560759495,0.04905064453694741,0.3811126294954169,0.6188873705926136,0.706452472981974,0.2935475264538874,0.0,1.0,1.0,0.0,0.0,1.0,0.0,1.0,0.0,0.0,0.0,1.0,0.0,0.0,1.0,0.0,0.0,0.0,1.0,0.0,0.0,0.0,1.0,0.0,1.0,0.0,0.0,0.0,1.0,1.0,0.0,1.0,0.0,1.0,0.0,0.6150231895076959,0.3427228605072985,0.0046947750187803,0.0375592075724039,1.0,0.0,0.7653062825038122,0.2346937090051954
0.9106753812636166,0.3657867672266026,0.9969978597297753,0.595916631220757,0.1538461538461538,0.5,0.4,0.1056910569105691,0.7709923664122136,0.2612903225806451,0.574468085106383,0.6914893617021276,0.901521365494651,0.2019230769230768,0.3275862068965517,0.0342809968378918,0.47574393726837627,0.5242560630600411,1.0,0.0,1.0,0.0,1.0,0.0,0.0,1.0,1.0,0.0,1.0,0.0,0.503863987351967,0.4961360126483124,1.0,0.0,1.0,0.0,0.0,0.0,0.0,1.0,0.0,0.0,1.0,0.0,0.0,0.0,1.0,0.0,1.0,0.0,0.0,0.0,0.7058823703668722,0.24458202923409267,0.049535599655223694,0.31800996252354374,0.6819900375252469,1.0,0.0,1.0,0.0,1.0,0.0,1.0,0.0,0.0,0.0,0.0,1.0,0.7653061218701318,0.2346938781174421
0.5862150525937992,0.3040795337675693,0.7074074074074075,0.3460229689493832,0.1538461538461538,0.5,0.4,0.3902439024390244,0.7557251908396942,0.2741935483870967,0.6893617021276596,0.46434067963243203,0.7037037037037037,0.1346153846153845,0.5073891625615764,0.084866277955907,0.0,1.0,0.691950476342643,0.3080495230305449,1.0,0.0,1.0,0.0,0.0,1.0,1.0,0.0,1.0,0.0,0.0,1.0,0.0,1.0,0.0,1.0,0.0,0.0,0.162931788138994,0.8041675915222148,0.006151187181648199,0.026749436341133026,1.0,0.0,0.0,0.0,1.0,0.0,1.0,0.0,0.0,0.0,1.0,0.0,0.0,0.0,1.0,1.0,0.0,1.0,0.0,1.0,0.0,1.0,0.0,0.0,0.0,0.8215767135302151,0.1784232890988311,1.0,0.0
0.8267973856209151,0.6023311621528967,0.7259259259259259,0.5746490854955337,0.1538461538461538,0.4,0.5,0.3662234595724888,0.7175572519083966,0.4258064516129032,0.4170212765957447,0.3262411347517728,0.6296296296296295,0.0673076923076922,0.5246305418719212,0.0342809968378918,1.0,0.0,0.0,1.0,1.0,0.0,1.0,0.0,0.0,1.0,0.0,1.0,1.0,0.0,0.0,1.0,1.0,0.0,0.0,0.0,0.0,1.0,1.0,0.0,0.0,0.0,1.0,0.0,0.0,0.0,1.0,0.0,1.0,0.0,0.0,0.0,0.0,1.0,0.0,1.0,0.0,1.0,0.0,1.0,0.0,1.0,0.0,0.6150233070874087,0.3427230342563573,0.0046947161071896,0.0375589579353494,0.8215766487836427,0.1784233572723015,0.7653060242173241,0.2346939809875752
0.446078431372549,0.2389441206719231,0.5703703703703704,0.2237345810293492,0.1538461538461538,0.8,0.7000000000000001,0.45813625846869166,0.8244274809160306,0.4580645161290323,0.6851063829787233,0.4219858156028366,0.6419753086419753,0.0673076923076922,0.7266009852216749,0.0480769825973504,0.0,1.0,1.0,0.0,1.0,0.0,1.0,0.0,0.0,1.0,1.0,0.0,0.0,1.0,1.0,0.0,0.0,1.0,0.0,0.0,0.0,1.0,0.0,1.0,0.0,0.0,0.9020562867928636,0.08271412832025948,0.005704916885998723,0.009524676640825236,1.0,0.0,1.0,0.0,0.0,0.0,1.0,0.0,0.0,0.0,1.0,1.0,0.0,1.0,0.0,0.0,1.0,0.6150234153515157,0.3427229605411801,0.0046943697846827,0.0375592737499753,0.8215767866180534,0.1784232121593263,0.7653061683678252,0.2346938292314039
0.8818082788671026,0.4857730545080562,0.8814814814814815,0.6490854955338153,0.1538461538461538,0.5,0.4,0.4565124709394415,0.725190839694656,0.3258064516129032,0.652482269503546,0.3502274987486134,0.6779012073640995,0.1057692307692308,0.2487684729064039,0.6551003560135328,0.47574394740842285,0.5242560523471608,1.0,0.0,0.0,1.0,1.0,0.0,0.0,1.0,1.0,0.0,1.0,0.0,0.0,1.0,1.0,0.0,0.0,1.0,0.0,0.0,0.16293180508429894,0.8041675894227305,0.006151175048155433,0.026749464888096708,1.0,0.0,0.0,0.0,1.0,0.0,1.0,0.0,0.0,0.0,1.0,0.0,0.0,0.0,1.0,1.0,0.0,1.0,0.0,0.0,1.0,0.0,1.0,0.0,0.0,1.0,0.0,0.7653060454059593,0.2346939586457459
0.5751633986928105,0.2663695577648268,0.662962962962963,0.2981709910676308,0.1538461538461538,0.4,0.3,0.3462623831759152,0.8320610687022896,0.232258064516129,0.5673758865248227,0.354609929078014,0.6543209876543208,0.0576923076923077,0.4310344827586206,0.1538462067532004,0.47574393967398976,0.5242560605123301,0.0,1.0,1.0,0.0,0.9509492957460419,0.049050708040646596,1.0,0.0,1.0,0.0,0.0,1.0,1.0,0.0,1.0,0.0,0.0,0.0,1.0,0.0,1.0,0.0,0.0,0.0,1.0,0.0,0.0,0.0,1.0,0.0,0.0,0.0,1.0,0.0,1.0,0.0,0.0,0.0,1.0,1.0,0.0,1.0,0.0,1.0,0.0,0.6150232302029768,0.3427228445777056,0.0046944207511425,0.0375595448512869,0.8215768891641246,0.1784231042433308,0.7653062627340061,0.2346937297076839
0.717725251117119,0.4274940006856359,0.7925925925925925,0.5108464483198638,0.1538461538461538,0.3,0.3,0.065040650406504,0.7938931297709919,0.1419354838709677,0.6,0.106382978723404,0.4074074074074074,0.0673076923076922,0.2660098522167488,0.0618729683568091,1.0,0.0,0.6919504633485081,0.3080495366898771,1.0,0.0,0.9509493213009288,0.04905068109921451,0.0,1.0,0.0,1.0,1.0,0.0,0.0,1.0,1.0,0.0,0.0,1.0,0.0,0.0,0.0,1.0,0.0,0.0,1.0,0.0,0.0,0.0,1.0,0.0,1.0,0.0,0.0,0.0,1.0,0.0,0.0,1.0,0.0,1.0,0.0,1.0,0.0,0.0,1.0,0.6150233843474262,0.3427229380387377,0.0046948934837932,0.0375587934891189,0.821576642368354,0.1784233640127115,0.7653062452122963,0.2346937483949731
0.7564675464437324,0.32807679122386,0.8518518518518519,0.4789451297320289,0.0769230769230769,0.3,0.37613486080520275,0.3658536585365853,0.7404580152671754,0.0999999999999999,0.3645390070921985,0.3865248226950353,0.6543209876543208,0.096153846153846,0.3029556650246305,0.1078595875550048,0.0,1.0,1.0,0.0,1.0,0.0,0.9509493611834312,0.04905063911985552,1.0,0.0,0.0,1.0,1.0,0.0,0.0,1.0,1.0,0.0,0.0,1.0,0.0,0.0,0.0,1.0,0.0,0.0,1.0,0.0,0.0,0.0,1.0,0.0,0.0,0.0,1.0,0.0,1.0,0.0,0.0,1.0,0.0,1.0,0.0,1.0,0.0,0.0,1.0,0.6150234288156325,0.3427229974743832,0.0046944135638099,0.0375591760939987,0.8216936268707695,0.17830637722660247,0.7653062665485076,0.2346937258508383
0.7734204793028322,0.3589304079533767,0.8666666666666667,0.5214802211824755,0.0769230769230769,0.8,0.8,0.5121951219512195,0.7328244274809159,0.3806451612903226,0.7602836879432623,0.4822695035460993,0.679012345679012,0.1538461538461539,0.4975369458128079,0.1814381782721178,0.0,1.0,1.0,0.0,1.0,0.0,1.0,0.0,1.0,0.0,0.0,1.0,0.0,1.0,1.0,0.0,0.0,1.0,0.0830388667828456,0.5777385093614374,0.2102473572678627,0.1289752669429233,0.1553571396480677,0.7642857144751137,0.0285714178734283,0.0517857285356522,0.8621908198000808,0.0883392255561191,0.0194346327738819,0.0300353210281004,1.0,0.0,1.0,0.0,0.0,0.0,1.0,0.0,0.0,0.0,1.0,1.0,0.0,1.0,0.0,0.577297171654289,0.4227028283085764,1.0,0.0,0.0,0.0,0.8215767180058501,0.1784232843805916,0.7653060876263126,0.2346939141464841
0.4406318082788671,0.2835104559478917,0.5481481481481482,0.229051467460655,0.0769230769230769,0.7000000000000001,0.6000000000000001,0.3495934959349593,0.7862595419847329,0.4093709036929391,0.777304964539007,0.4929078014184394,0.679012345679012,0.1547988423401989,0.687192118226601,0.0388796587577113,0.4757439359499207,0.5242560644284078,0.6919504726921755,0.3080495268759156,0.713153717533042,0.2868462828253744,1.0,0.0,0.0,1.0,1.0,0.0,1.0,0.0,0.5038639851429245,0.49613601496102044,0.0,1.0,0.0,0.0,1.0,0.0,0.1629317928243591,0.8041675839980861,0.0061510958515971215,0.026749518221490742,1.0,0.0,0.0,0.0,1.0,0.0,1.0,0.0,0.0,0.0,1.0,0.0,0.0,0.0,1.0,1.0,0.0,1.0,0.0,0.0,1.0,1.0,0.0,0.0,0.0,0.0,1.0,1.0,0.0
0.4215686274509804,0.2286595817620843,0.5407407407407407,0.19715014887282,0.1538461538461538,0.5,0.5,0.4715447154471545,0.7557251908396942,0.1903225806451612,0.4851063829787233,0.3475177304964536,0.6049382716049381,0.096153846153846,0.6403940886699507,0.0388796587577113,1.0,0.0,1.0,0.0,0.713153715238753,0.2868462852401641,1.0,0.0,0.0,1.0,1.0,0.0,0.0,1.0,1.0,0.0,1.0,0.0,0.0,1.0,0.0,0.0,0.0,1.0,0.0,0.0,1.0,0.0,0.0,0.0,1.0,0.0,0.0,1.0,0.0,0.0,1.0,0.0,0.0,0.0,1.0,1.0,0.0,1.0,0.0,0.0,1.0,1.0,0.0,0.0,0.0,0.8215767618152883,0.1784232382814524,0.7653061221646498,0.2346938778178702
0.5860566448801743,0.334933150497086,0.6333333333333333,0.3236920459378987,0.2307692307692307,0.8,0.8,0.5121951219512195,0.7633587786259537,0.5,0.8179693712759795,0.4539007092198581,0.5432098765432098,0.125,0.5024630541871922,0.05267564451717,0.0,1.0,0.6919504666811351,0.3080495332094748,1.0,0.0,1.0,0.0,1.0,0.0,0.7064523931650817,0.29354761098298243,0.0,1.0,1.0,0.0,0.0,1.0,0.0830388675218092,0.577738511290723,0.2102473535301852,0.1289752679476965,0.1553571453074869,0.7642857108751904,0.0285714108323512,0.0517857334598647,0.8621908213537586,0.0883392277200841,0.0194346405919202,0.0300353090432544,1.0,0.0,0.0,0.0,1.0,0.0,0.7058823502851037,0.24458204379369142,0.049535606120445275,0.0,1.0,0.9418140320495499,0.058185965807987405,1.0,0.0,0.0,1.0,0.6150233499885045,0.3427231007858553,0.0046946895961241,0.0375588690512447,0.821576824882531,0.1784231718752721,0.7653061476758686,0.2346938510868245
0.5038126361655774,0.5642686834051398,0.6370370370370371,0.4895789025946406,0.1538461538461538,0.7000000000000001,0.6000000000000001,0.4326032270195352,0.7633587786259537,0.33969618808666585,0.6468085106382978,0.5425531914893615,0.5679012345679013,0.3461538461538462,0.7438423645320197,0.0756689541162678,0.4757439436418103,0.5242560563335674,0.0,1.0,0.0,1.0,1.0,0.0,0.0,1.0,0.7064525196082792,0.2935474771481892,0.0,1.0,1.0,0.0,1.0,0.0,1.0,0.0,0.0,0.0,0.0,1.0,0.0,0.0,0.902056257786377,0.08271412476478068,0.005704871101836262,0.009524737932955274,1.0,0.0,0.0,1.0,0.0,0.0,1.0,0.0,0.0,0.0,1.0,1.0,0.0,1.0,0.0,1.0,0.0,0.6150232092180707,0.3427227475021305,0.0046954919148326,0.0375585690825213,0.8215765793347076,0.178423430339872,0.7664222028637188,0.2335778010454287
0.5419389978213508,0.2937949948577304,0.6703703703703705,0.3205019140791152,0.2307692307692307,0.5,0.5,0.2276422764227642,0.7709923664122136,0.096774193548387,0.4032499516453132,0.47220956748308424,0.765432098765432,0.0673076923076922,0.4408866995073891,0.02091873009263137,1.0,0.0,0.6919504657232068,0.3080495342066528,0.0,1.0,1.0,0.0,0.0,1.0,1.0,0.0,0.0,1.0,1.0,0.0,1.0,0.0,0.0830388684757076,0.5777385199021587,0.2102473512765268,0.1289752601521482,0.1553571507039025,0.7642857155752741,0.0285714279312746,0.0517857051009847,0.9020562332893163,0.08271412681074941,0.005704953520446088,0.009524686158536078,1.0,0.0,0.0,0.0,1.0,0.0,1.0,0.0,0.0,0.31800996331248155,0.681990036689252,1.0,0.0,0.9952689668040344,0.004731032570705174,0.0,1.0,0.6150234495217901,0.3427229626254978,0.004695026441951,0.0375585611137276,0.8216936317561032,0.17830637206878286,1.0,0.0
0.6345315904139434,0.6708947548851558,0.9683158116008777,0.8192258613356017,0.0769230769230769,0.6000000000000001,0.7000000000000001,0.39342773579184664,0.778625954198473,0.2645161290322581,0.5191489361702127,0.4929078014184394,0.691358024691358,0.1346153846153845,0.4310344827586206,0.1078595875550048,0.0,1.0,0.0,1.0,1.0,0.0,1.0,0.0,0.0,1.0,0.0,1.0,0.42225608816111504,0.5777439123859117,1.0,0.0,1.0,0.0,0.0830388636600349,0.5777385117081484,0.2102473467828599,0.1289752786105118,0.1553571458151483,0.7642857132327956,0.028571430258922,0.0517857104474048,0.8621908318507794,0.0883392225897781,0.0194346229004124,0.0300353212795089,1.0,0.0,1.0,0.0,0.0,0.0,1.0,0.0,0.0,1.0,0.0,1.0,0.0,0.9952689609091924,0.0047310387855543645,1.0,0.0,0.6150232922536943,0.342722886831992,0.0046950489107271,0.0375587866170912,0.821576502616213,0.1784235110754823,0.7653060981775491,0.2346939029544206
0.5953159041394336,0.3623585875899896,0.625925925925926,0.3300723096554657,0.1538461538461538,0.3,0.3,0.2682926829268293,0.7328244274809159,0.1354838709677419,0.3375886524822694,0.42520279508118436,0.6149858028081321,0.2019230769230768,0.429181758649875,0.0342809968378918,0.0,1.0,1.0,0.0,0.0,1.0,0.9509493699752614,0.04905062986900732,0.0,1.0,1.0,0.0,1.0,0.0,0.0,1.0,1.0,0.0,0.0,1.0,0.0,0.0,0.0,1.0,0.0,0.0,1.0,0.0,0.0,0.0,1.0,0.0,1.0,0.0,0.0,0.0,1.0,0.0,0.0,0.31800996065482023,0.6819900394845587,1.0,0.0,1.0,0.0,0.0,1.0,0.615023444499029,0.3427229334162506,0.0046950874454546,0.0375585345636941,0.8215766835045988,0.1784233207294557,0.7653061224086977,0.2346938776883532
0.7532679738562092,0.8378086024339628,0.8592592592592594,0.8660144619310931,0.1538461538461538,0.5,0.5,0.3498643971203702,0.725190839694656,0.2290322580645161,0.2170212765957446,0.6737588652482267,0.7200895112972341,0.3269230769230768,0.6847290640394089,0.05267564451717,0.0,1.0,0.0,1.0,0.0,1.0,1.0,0.0,0.0,1.0,1.0,0.0,0.0,1.0,1.0,0.0,1.0,0.0,0.0,0.0,0.0,1.0,0.0,1.0,0.0,0.0,1.0,0.0,0.0,0.0,1.0,0.0,1.0,0.0,0.0,0.0,1.0,0.0,0.0,0.0,1.0,0.9418140381162234,0.05818595769274759,1.0,0.0,0.0,1.0,0.6150231680880511,0.3427228436199657,0.0046956492184697,0.0375583508428678,0.8216936329412783,0.1783063823921075,0.7664222013415449,0.23357780144852403
0.593681917211329,0.2012341446691806,0.6074074074074074,0.2184176945980433,0.0769230769230769,0.0,0.1,0.1707317073170731,0.7480916030534353,0.1967741935483871,0.5148936170212766,0.3971631205673758,0.5842058276922667,0.1538461538461539,0.5738916256157636,0.0342809968378918,1.0,0.0,1.0,0.0,0.0,1.0,0.0,1.0,0.0,1.0,1.0,0.0,1.0,0.0,0.0,1.0,1.0,0.0,0.0,1.0,0.0,0.0,0.0,1.0,0.0,0.0,0.9020563301959177,0.08271412223275298,0.005704877790272511,0.009524730491498379,1.0,0.0,1.0,0.0,0.0,0.0,1.0,0.0,0.0,1.0,0.0,0.9418140358201168,0.05818594405768929,1.0,0.0,0.5772971721586487,0.4227028277951931,0.6150238011567664,0.3427227532393929,0.0046941590548899,0.0375592923230503,0.8215769979812384,0.1784229897556517,0.7664222139819366,0.23357778164785248
0.8921568627450981,0.3246486115872471,0.8616465966899809,0.47071369228631865,0.1538461538461538,0.4,0.4,0.1544715447154471,0.7328244274809159,0.1903225806451612,0.2992907801418439,0.3226950354609927,0.6172839506172838,0.0673076923076922,0.4334975369458128,0.0342809968378918,1.0,0.0,1.0,0.0,1.0,0.0,1.0,0.0,0.0,1.0,0.7064524797198707,0.29354751944428037,0.0,1.0,0.5038639842452115,0.4961360159507787,1.0,0.0,0.0,1.0,0.0,0.0,0.0,1.0,0.0,0.0,1.0,0.0,0.0,0.0,1.0,0.0,1.0,0.0,0.0,0.0,1.0,0.0,0.0,0.0,1.0,1.0,0.0,1.0,0.0,1.0,0.0,1.0,0.0,0.0,0.0,0.8215765994508777,0.1784234092120805,0.7653060776052335,0.2346939247361064
0.5800653594771242,0.1875214261227288,0.6185185185185185,0.21908762398509862,0.1538461538461538,0.7000000000000001,0.6000000000000001,0.4471544715447154,0.7099236641221376,0.42262151403620657,0.946099290780142,0.429078014184397,0.5432098765432098,0.2019230769230768,0.6354679802955665,0.0434783206775309,1.0,0.0,1.0,0.0,1.0,0.0,1.0,0.0,0.0,1.0,1.0,0.0,0.0,1.0,1.0,0.0,0.0,1.0,0.0,0.0,1.0,0.0,0.0,1.0,0.0,0.0,1.0,0.0,0.0,0.0,1.0,0.0,1.0,0.0,0.0,0.0,1.0,0.0,0.0,0.0,1.0,1.0,0.0,1.0,0.0,0.0,1.0,1.0,0.0,0.0,0.0,0.8216936359290732,0.17830636115039789,1.0,0.0
0.5010893246187363,0.29011740657370916,0.6666666666666667,0.3141216503615482,0.6153846153846154,0.5,0.39909228148806697,0.2195121951219512,0.778625954198473,0.1129032258064515,0.4666666666666667,0.3262411347517728,0.5555555555555554,0.1538461538461539,0.4655172413793104,0.0342809968378918,0.0,1.0,1.0,0.0,1.0,0.0,1.0,0.0,1.0,0.0,1.0,0.0,0.0,1.0,1.0,0.0,1.0,0.0,0.0,1.0,0.0,0.0,0.0,1.0,0.0,0.0,1.0,0.0,0.0,0.0,1.0,0.0,1.0,0.0,0.0,0.0,0.7058823424928797,0.244582045518981,0.04953561269182072,0.31800996922161073,0.681990030475881,0.9418140412604848,0.05818596072337834,1.0,0.0,1.0,0.0,0.6150232955497286,0.3427230039900212,0.0046951049067434,0.0375586028578072,0.8215767136531666,0.1784232889798269,1.0,0.0
0.1721132897603486,0.2152896811792937,0.3185185185185185,0.0961293066780093,0.1538461538461538,0.6000000000000001,0.5,0.1056910569105691,0.8854961832061066,0.29437067460514793,0.7487886386426973,0.2836879432624111,0.4444444444444444,0.2115384615384614,0.0467980295566502,0.0710702921964483,0.0,1.0,1.0,0.0,1.0,0.0,1.0,0.0,0.0,1.0,1.0,0.0,1.0,0.0,0.0,1.0,0.0,1.0,0.0830388718149457,0.5777385132787943,0.2102473506026274,0.1289752642172915,0.1553571541257241,0.7642857131042571,0.0285714243658466,0.0517857076639586,0.9020562784717348,0.08271411910780169,0.005704941069077596,0.00952469035892134,1.0,0.0,0.0,0.0,1.0,0.0,1.0,0.0,0.0,0.0,1.0,1.0,0.0,1.0,0.0,0.5772971642006945,0.42270283618507365,0.6150235807323993,0.3427229628766043,0.0046949645777669,0.0375584818587246,0.8216936241923719,0.17830638457221704,0.7653062074634954,0.2346937880875096
0.6971677559912854,0.2663695577648268,0.7333333333333334,0.338579327945555,0.1538461538461538,0.5,0.6000000000000001,0.2682926829268293,0.778625954198473,0.1967741935483871,0.6680851063829786,0.5460992907801416,0.7429232762753267,0.1634615384615385,0.4458128078817733,0.1492475448333808,0.0,1.0,1.0,0.0,1.0,0.0,1.0,0.0,1.0,0.0,0.0,1.0,0.0,1.0,1.0,0.0,1.0,0.0,0.0,1.0,0.0,0.0,0.1629317769336328,0.8041675873141013,0.0061510606945124335,0.026749564312492202,1.0,0.0,0.0,0.0,1.0,0.0,0.7380700978952879,0.11135702885158516,0.15054835929383947,2.5185024781437804e-05,1.0,0.0,0.0,1.0,0.0,0.9418140381357609,0.05818596772772866,1.0,0.0,0.5718518607604116,0.4281481387723472,1.0,0.0,0.0,0.0,0.8215766034076025,0.1784234050154194,0.7664222144068724,0.23357777747209219
0.8431372549019609,0.4994857730545079,0.8592592592592594,0.6384517226712036,0.21786295750942142,0.6000000000000001,0.5,0.3431285069880002,0.7633587786259537,0.1032258064516128,0.3418439716312056,0.1418439716312054,0.4320987654320987,0.2596153846153846,0.2980295566502463,0.1354515590739222,0.47574395689021554,0.5242560423822353,0.0,1.0,0.0,1.0,1.0,0.0,1.0,0.0,0.7064524811478515,0.293547517779186,0.0,1.0,1.0,0.0,1.0,0.0,0.04722380615950161,0.6150820478580714,0.218626555225226,0.11906759187272709,0.162931773872813,0.8041675840794018,0.006151083891959508,0.02674956631076786,0.862190819994255,0.0883392196157552,0.0194346186590675,0.0300353415862661,1.0,0.0,1.0,0.0,0.0,0.0,1.0,0.0,0.0,1.0,0.0,0.0,1.0,1.0,0.0,0.5772971663375983,0.422702833947164,0.6150229503428737,0.3427227387029482,0.0046951426533095,0.0375592170247778,0.821576602628845,0.1784234058618281,0.7653061327818143,0.2346938666504759
0.6481481481481483,0.3040795337675693,0.7407407407407407,0.3672905146746065,0.15146564031684906,0.4,0.4,0.2585264361111742,0.7938931297709919,0.1741935483870967,0.2822695035460992,0.4326241134751771,0.6494655987438358,0.1346153846153845,0.7733990147783252,0.0342809968378918,1.0,0.0,0.6919504567123347,0.3080495437048222,0.0,1.0,0.9509493691293462,0.04905063075675964,0.0,1.0,1.0,0.0,1.0,0.0,0.5038639800516627,0.4961360203428462,1.0,0.0,0.0,1.0,0.0,0.0,0.0,1.0,0.0,0.0,1.0,0.0,0.0,0.0,1.0,0.0,0.0,1.0,0.0,0.0,1.0,0.0,0.0,0.0,1.0,1.0,0.0,1.0,0.0,0.571851856606967,0.4281481431360621,0.6150232997255656,0.3427228340546927,0.0046948967050607,0.0375589908592168,0.821693629797755,0.17830637426639795,0.7653060878110234,0.2346939139432982
0.1781045751633987,0.2715118272197463,0.257037037037037,0.08762228838792,0.3846153846153846,0.8,0.6523115182359195,0.5934959349593496,0.9160305343511448,0.4935483870967742,0.8496453900709219,0.3936170212765957,0.5185185185185184,0.2884615384615383,0.6182266009852216,0.2136288117108547,1.0,0.0,1.0,0.0,1.0,0.0,1.0,0.0,0.38111262344265273,0.618887376991488,1.0,0.0,0.0,1.0,1.0,0.0,0.5115029199274064,0.4884970815584587,0.0,0.0,1.0,0.0,0.0,1.0,0.0,0.0,1.0,0.0,0.0,0.0,1.0,0.0,1.0,0.0,0.0,0.0,1.0,0.0,0.0,0.0,1.0,1.0,0.0,1.0,0.0,0.0,1.0,0.6150235480969874,0.3427230225744618,0.0046954880414049,0.0375579165950272,0.821576786742236,0.1784232120139933,0.7653060767352279,0.2346939257379054
0.6187363834422658,0.2080905039424065,0.6592592592592592,0.2556358996171842,0.24903544663939906,0.9,0.7000000000000001,0.4308943089430894,0.7557251908396942,0.2838709677419355,0.8141843971631205,0.25886524822695,0.5555555555555554,0.1153846153846154,0.2266009852216748,0.0480769825973504,1.0,0.0,1.0,0.0,0.7131537139031452,0.2868462866465247,0.9509494019917988,0.04905059617582319,1.0,0.0,1.0,0.0,0.0,1.0,1.0,0.0,0.0,1.0,0.0,0.0,1.0,0.0,1.0,0.0,0.0,0.0,0.0,1.0,0.0,0.0,0.0,1.0,1.0,0.0,0.0,0.0,1.0,0.0,0.0,0.0,1.0,1.0,0.0,1.0,0.0,1.0,0.0,0.6150235260016752,0.3427229298435182,0.0046944313992588,0.0375591233734308,0.82157681427707,0.1784231830336465,0.7653062197299989,0.2346937751220795
0.4662309368191721,0.2903668152211176,0.6296296296296298,0.2822203317737133,0.1538461538461538,0.4,0.3,0.1056910569105691,0.725190839694656,0.1870967741935484,0.797163120567376,0.2659574468085104,0.4074074074074074,0.1346153846153845,0.3522167487684728,0.0342809968378918,1.0,0.0,1.0,0.0,1.0,0.0,0.0,1.0,1.0,0.0,1.0,0.0,0.0,1.0,1.0,0.0,0.0,1.0,0.0,1.0,0.0,0.0,0.0,1.0,0.0,0.0,1.0,0.0,0.0,0.0,1.0,0.0,1.0,0.0,0.0,0.0,1.0,0.0,0.0,1.0,0.0,1.0,0.0,1.0,0.0,0.0,1.0,0.6150233792880619,0.3427229188412096,0.0046944237492366,0.037559302354203,0.8215768677399762,0.1784231268121791,0.765306283058539,0.2346937083818524
0.9084967320261438,0.4274940006856359,0.9012851371201894,0.5795167325091772,0.1538461538461538,0.4,0.3,0.3333333333333333,0.7557251908396942,0.2645161290322581,0.5375886524822694,0.3368794326241133,0.6666666666666665,0.1346153846153845,0.3669950738916256,0.0342809968378918,1.0,0.0,1.0,0.0,1.0,0.0,1.0,0.0,0.0,1.0,0.7064524978334574,0.29354750036421573,1.0,0.0,0.0,1.0,1.0,0.0,0.0,1.0,0.0,0.0,0.0,1.0,0.0,0.0,1.0,0.0,0.0,0.0,1.0,0.0,1.0,0.0,0.0,0.0,1.0,0.0,0.0,0.0,1.0,1.0,0.0,1.0,0.0,0.0,1.0,0.6150235217786265,0.3427229115459778,0.0046948720884878,0.0375586944135565,0.8215766909110237,0.1784233128989786,0.7664222108626262,0.23357778920472871
0.7552459117939537,0.5371957490572505,0.8296296296296297,0.6384517226712036,0.1538461538461538,0.5,0.4,0.3089430894308943,0.8167938931297707,0.4419354838709677,0.8581560283687942,0.404255319148936,0.691358024691358,0.0865384615384614,0.5763546798029556,0.0388796587577113,1.0,0.0,1.0,0.0,1.0,0.0,0.0,1.0,0.0,1.0,1.0,0.0,0.42225608777693346,0.5777439127602185,0.0,1.0,0.0,1.0,0.0,1.0,0.0,0.0,0.0,1.0,0.0,0.0,0.0,1.0,0.0,0.0,0.9344973647954202,0.06550263512429422,1.0,0.0,0.0,0.0,1.0,0.0,0.0,0.0,1.0,0.9418140399856181,0.058185938398563564,1.0,0.0,0.5772971654216391,0.42270283490395033,0.6150236466295866,0.3427228832695149,0.0046943801381668,0.0375590946796901,0.8215767663979517,0.1784232334487869,0.7653061182867111,0.2346938817967151
0.5915032679738562,0.2149468632156324,0.6518518518518519,0.2556358996171842,0.15915631680238154,0.4,0.3,0.2439024390243902,0.7099236641221376,0.1870967741935484,0.4511661051567569,0.2935611110830285,0.5802469135802468,0.0769230769230768,0.4482758620689655,0.0388796587577113,0.0,1.0,1.0,0.0,0.0,1.0,1.0,0.0,1.0,0.0,0.706452474436243,0.29354752495772796,1.0,0.0,0.0,1.0,1.0,0.0,0.083038870658107,0.57773852071398,0.2102473379198801,0.128975270661239,0.155357139033937,0.764285714314126,0.0285714392797736,0.0517857073930825,0.9020562567337675,0.0827141223417438,0.0057049262071651174,0.00952471716159442,1.0,0.0,1.0,0.0,0.0,0.0,0.7058823599410883,0.24458204103581116,0.04953559858146028,0.0,1.0,0.0,1.0,1.0,0.0,1.0,0.0,1.0,0.0,0.0,0.0,0.8216936125514456,0.17830638992264225,0.7653061861700956,0.2346938104451204
0.593681917211329,0.5303393897840246,0.7037037037037037,0.5002126754572521,0.3076923076923077,0.6265728084336395,0.5744927590786258,0.2357723577235772,0.7099236641221376,0.1709677419354838,0.5453427689643755,0.280141843971631,0.5308641975308641,0.1057692307692308,0.5738916256157636,0.0388796587577113,0.0,1.0,0.6919504667279643,0.3080495331512465,0.0,1.0,0.9509493605906891,0.04905063975807067,0.0,1.0,1.0,0.0,0.0,1.0,1.0,0.0,0.5086207014933822,0.4913792978839885,0.04722382812700088,0.6150820331454985,0.21862655902441708,0.1190675796495918,0.0,1.0,0.0,0.0,1.0,0.0,0.0,0.0,1.0,0.0,0.0,0.0,1.0,0.0,1.0,0.0,0.0,0.0,1.0,1.0,0.0,1.0,0.0,1.0,0.0,0.6150233828915403,0.3427229477761695,0.0046951364716283,0.037558535662832,0.8216936263077292,0.17830638317364345,0.7653063805970639,0.2346936057641272
0.7894885804708582,0.5029139526911209,0.837037037037037,0.5936421646450811,0.1538461538461538,0.4,0.4,0.3625821151190431,0.7709923664122136,0.1741935483870967,0.5205673758865248,0.2482269503546099,0.4938271604938269,0.0769230769230768,0.20935960591133,0.0342809968378918,1.0,0.0,0.0,1.0,1.0,0.0,1.0,0.0,0.0,1.0,1.0,0.0,0.0,1.0,1.0,0.0,1.0,0.0,0.0,1.0,0.0,0.0,0.16293180094252824,0.8041675894436104,0.0061509555080155875,0.026749666780142456,1.0,0.0,0.0,0.0,1.0,0.0,0.7380768761580092,0.11135702940461467,0.1505483602697254,1.7898591304854605e-05,1.0,0.0,0.0,1.0,0.0,0.9418140432045256,0.058185954235721704,1.0,0.0,1.0,0.0,0.6150231476936081,0.3427228770500293,0.0046946447434538,0.0375593691514034,0.8215765914806293,0.1784234175897985,0.7653061146661947,0.2346938856867393
0.5473856209150327,0.4274940006856359,0.7074074074074075,0.4364100382815822,0.18100785444210732,0.0,0.0,0.3333333333333333,0.7175572519083966,2.1572979458511776e-06,0.1858156028368793,0.2659574468085104,0.4814814814814814,0.1826923076923077,0.3817733990147783,0.0480769825973504,1.0,0.0,1.0,0.0,0.7131537510570545,0.28684624751900656,0.950949309542309,0.049050693485980124,0.0,1.0,1.0,0.0,1.0,0.0,0.0,1.0,1.0,0.0,0.0,1.0,0.0,0.0,0.0,1.0,0.0,0.0,1.0,0.0,0.0,0.0,1.0,0.0,0.0,0.0,1.0,0.0,1.0,0.0,0.0,0.0,1.0,1.0,0.0,1.0,0.0,0.0,1.0,0.6150235671309485,0.3427228964730135,0.004694818212432,0.0375587178073822,0.8215767601831426,0.1784232400546932,0.7653061251587296,0.2346938746330937
0.601851851851852,0.4412067192320876,0.6853356081462003,0.4502339430029774,0.1538461538461538,0.2,0.1,0.2682926829268293,0.6946564885496183,0.3096774193548386,0.6113475177304963,0.2978723404255317,0.5802469135802468,0.1057692307692308,0.7192118226600985,0.05267564451717,1.0,0.0,1.0,0.0,1.0,0.0,0.0,1.0,0.0,1.0,1.0,0.0,1.0,0.0,0.0,1.0,1.0,0.0,0.04722383260677809,0.6150820389615635,0.21862655501356576,0.11906757424863701,0.1553571493910491,0.7642857156162526,0.0285714310817655,0.0517857032370728,0.8621907920514027,0.0883392291373941,0.0194346365077708,0.0300353434166505,1.0,0.0,0.7380734217559041,0.11135702914060197,0.15054835963376123,2.1610215337197758e-05,1.0,0.0,0.0,1.0,0.0,1.0,0.0,1.0,0.0,0.0,1.0,1.0,0.0,0.0,0.0,0.8215768197275977,0.1784231773131701,0.7653062347714126,0.2346937591720829
0.8164488017429194,0.4446348988687006,0.8,0.5321139940450871,0.1538461538461538,0.4,0.3,0.1951219512195121,0.778625954198473,0.3096774193548386,0.6567375886524823,0.3262411347517728,0.679012345679012,0.09061712036793662,0.5320197044334976,0.0342809968378918,1.0,0.0,1.0,0.0,1.0,0.0,1.0,0.0,0.0,1.0,1.0,0.0,1.0,0.0,0.0,1.0,1.0,0.0,0.0830388709998385,0.5777385219930737,0.2102473423224456,0.1289752644131558,0.1553571445331822,0.7642857163545654,0.0285714292933302,0.0517857095464818,0.8621908091523401,0.0883392260430416,0.0194346278612135,0.0300353370817627,1.0,0.0,0.7380870647104455,0.11135702402981462,0.15054836156638207,6.949966630642734e-06,1.0,0.0,0.0,0.0,1.0,0.9418140441217914,0.0581859566434515,1.0,0.0,1.0,0.0,0.6150236067656187,0.3427228736841142,0.0046949634850258,0.0375585486314198,0.8215766599968031,0.1784233454398203,0.765306156145124,0.2346938420997713
0.619281045751634,0.2115186835790195,0.5740740740740741,0.2131008081667375,0.1538461538461538,0.6000000000000001,0.5,0.1869918699186991,0.778625954198473,0.1774193548387097,0.5432624113475177,0.3439716312056735,0.6296296296296295,0.096153846153846,0.4458128078817733,0.0342809968378918,1.0,0.0,1.0,0.0,0.0,1.0,1.0,0.0,1.0,0.0,1.0,0.0,0.0,1.0,1.0,0.0,1.0,0.0,0.0830388703984628,0.5777385205765684,0.2102473470247893,0.1289752617269902,0.1553571427701775,0.764285715151441,0.0285714315075881,0.0517857104566084,0.8621907980428439,0.0883392216874081,0.0194346199043268,0.0300353618635008,1.0,0.0,1.0,0.0,0.0,0.0,1.0,0.0,0.0,1.0,0.0,1.0,0.0,1.0,0.0,0.0,1.0,0.6150233427800357,0.3427229293489632,0.0046946915170699,0.0375590553695619,0.8215767481258494,0.1784232527022486,0.7653062733633017,0.2346937187349367
0.420479302832244,0.38075755254213367,0.5666666666666667,0.3173117822203317,0.1538461538461538,0.3,0.4,0.2276422764227642,0.7862595419847329,0.132258064516129,0.3840759042469518,0.42877065640728124,0.6187541817683175,0.1730769230769231,0.4740258211944264,0.0342809968378918,0.4757439440790969,0.5242560558763065,1.0,0.0,1.0,0.0,1.0,0.0,0.0,1.0,0.0,1.0,1.0,0.0,0.5038639755593214,0.49613602511188437,1.0,0.0,0.0,0.0,1.0,0.0,1.0,0.0,0.0,0.0,1.0,0.0,0.0,0.0,1.0,0.0,1.0,0.0,0.0,0.0,1.0,0.0,0.0,1.0,0.0,1.0,0.0,1.0,0.0,0.5772971720730888,0.42270282786140123,1.0,0.0,0.0,0.0,1.0,0.0,0.7653061799959036,0.2346938169669166
0.703932995950186,0.4034967432293452,0.7777777777777779,0.4789451297320289,0.1538461538461538,0.6146665914500687,0.5683947821960967,0.4308943089430894,0.7938931297709919,0.3838709677419354,0.6840460498801871,0.2446808510638294,0.5555555555555554,0.1592169812402988,0.3793103448275862,0.0572743064369896,1.0,0.0,1.0,0.0,1.0,0.0,1.0,0.0,0.0,1.0,1.0,0.0,0.0,1.0,1.0,0.0,0.5086206879815638,0.4913793121716223,0.0,1.0,0.0,0.0,0.1553571387952076,0.7642857195862284,0.0285714233515492,0.0517857184614379,1.0,0.0,0.0,0.0,1.0,0.0,1.0,0.0,0.0,0.0,1.0,0.0,0.0,0.0,1.0,1.0,0.0,1.0,0.0,0.5772971691089926,0.4227028309907941,1.0,0.0,0.0,0.0,0.8215767522746157,0.1784232483236036,1.0,0.0
0.4542483660130719,0.1772368872128899,0.5703703703703704,0.1865163760102084,0.0769230769230769,0.4,0.4,0.2926829268292683,0.7480916030534353,0.2096774193548387,0.6141843971631206,0.4539007092198581,0.6049382716049381,0.0865384615384614,0.9236453201970444,0.0388796587577113,1.0,0.0,1.0,0.0,1.0,0.0,1.0,0.0,0.0,1.0,1.0,0.0,0.0,1.0,1.0,0.0,1.0,0.0,0.0,1.0,0.0,0.0,1.0,0.0,0.0,0.0,0.9020562675127671,0.08271413280006679,0.0057049054728834925,0.009524707208301564,1.0,0.0,1.0,0.0,0.0,0.0,1.0,0.0,0.0,0.0,1.0,0.9418140456461659,0.058185951374565836,1.0,0.0,1.0,0.0,0.6150234779945392,0.342722942883486,0.0046948047239646,0.0375587783726317,0.8215767647530489,0.1784232351797089,1.0,0.0
0.678388092225031,0.3657867672266026,0.7629629629629631,0.4364100382815822,0.1538461538461538,0.5,0.6000000000000001,0.3138195415588267,0.778625954198473,0.1774193548387097,0.442584671382591,0.50709219858156,0.6296296296296295,0.1923076923076923,0.6231527093596059,0.0388796587577113,1.0,0.0,0.0,1.0,1.0,0.0,1.0,0.0,1.0,0.0,0.0,1.0,0.0,1.0,1.0,0.0,1.0,0.0,0.0,1.0,0.0,0.0,0.0,1.0,0.0,0.0,1.0,0.0,0.0,0.0,1.0,0.0,1.0,0.0,0.0,0.0,1.0,0.0,0.0,1.0,0.0,1.0,0.0,1.0,0.0,0.0,1.0,0.6150231188419206,0.3427229264914041,0.0046949289547103,0.0375590565073142,1.0,0.0,0.7653061825423183,0.2346938143642993
0.937363834422658,0.3486458690435379,0.9610164179258004,0.564015312632922,0.2307692307692307,0.5,0.4,0.5121951219512195,0.7633587786259537,0.2612903225806451,0.7155246773248793,0.6312056737588652,0.8912571598399526,0.15456913552623122,0.2832512315270936,0.09956656805237443,0.0,1.0,1.0,0.0,1.0,0.0,1.0,0.0,0.0,1.0,1.0,0.0,1.0,0.0,0.0,1.0,0.0,1.0,0.0830388739142024,0.5777385084543619,0.2102473512397101,0.1289752663849775,0.1553571268557233,0.7642857175607328,0.0285714181312061,0.0517857388554657,0.8621908202401181,0.0883392175779057,0.0194346191339878,0.0300353429596405,1.0,0.0,1.0,0.0,0.0,0.0,1.0,0.0,0.0,0.31800995882462924,0.6819900414243348,1.0,0.0,1.0,0.0,1.0,0.0,1.0,0.0,0.0,0.0,0.8216936187150147,0.17830639007503013,0.0,1.0
0.5925925925925927,0.2629413781282139,0.6866666666666665,0.3088047639302424,0.1538461538461538,0.3,0.4,0.2582963295699551,0.7557251908396942,0.0741935483870967,0.3390070921985816,0.5425531914893615,0.6666666666666665,0.1826923076923077,0.3793103448275862,0.0342809968378918,0.0,1.0,0.0,1.0,1.0,0.0,1.0,0.0,1.0,0.0,0.0,1.0,1.0,0.0,0.0,1.0,1.0,0.0,0.0830388667551074,0.5777385252684089,0.2102473391859096,0.1289752687783103,0.1553571470819397,0.7642857134872272,0.0285714246800194,0.0517857145489599,0.8621908177497182,0.0883392157251021,0.0194346368144276,0.030035329445463,1.0,0.0,1.0,0.0,0.0,0.0,1.0,0.0,0.0,1.0,0.0,1.0,0.0,1.0,0.0,1.0,0.0,0.6150232440142256,0.3427229147767699,0.0046947288260545,0.0375591388832389,0.82157662509883,0.1784233822114882,0.7653061340632025,0.2346938653638942
0.6437908496732027,0.3040795337675693,0.6962962962962964,0.3407060825180774,0.1538461538461538,0.7000000000000001,0.5,0.3642327144858556,0.8091603053435112,0.6064516129032258,0.831530967496473,0.2872340425531912,0.5185185185185184,0.1346153846153845,0.4436892891989781,0.0480769825973504,0.0,1.0,1.0,0.0,1.0,0.0,1.0,0.0,1.0,0.0,1.0,0.0,1.0,0.0,0.0,1.0,0.0,1.0,0.0,1.0,0.0,0.0,0.0,1.0,0.0,0.0,1.0,0.0,0.0,0.0,1.0,0.0,1.0,0.0,0.0,0.0,1.0,0.0,0.0,1.0,0.0,0.0,1.0,1.0,0.0,0.0,1.0,0.6150230949766013,0.3427229108115397,0.0046944913076828,0.0375595482554349,0.8215767746531474,0.1784232247636386,1.0,0.0
0.5174291938997821,0.3006513541309564,0.6777777777777778,0.3343258188005104,0.1538461538461538,0.5912467040443276,0.6000000000000001,0.2149637074008673,0.778625954198473,0.2290322580645161,0.500709219858156,0.4113475177304964,0.691358024691358,0.0769230769230768,0.6009852216748769,0.0342809968378918,1.0,0.0,0.6919504722893499,0.3080495272856193,1.0,0.0,1.0,0.0,1.0,0.0,0.0,1.0,0.0,1.0,1.0,0.0,1.0,0.0,0.0830388785516179,0.5777385076137651,0.2102473426950171,0.1289752710312078,0.1553571446746325,0.764285708248418,0.0285714435251687,0.0517857033241325,0.8621908191162668,0.0883392254948139,0.0194346160345798,0.0300353390269578,0.9344973717519567,0.06550262778345217,1.0,0.0,0.0,0.0,1.0,0.0,0.0,1.0,0.0,0.0,1.0,1.0,0.0,1.0,0.0,1.0,0.0,0.0,0.0,0.0,1.0,1.0,0.0
0.6023965141612201,0.3897840246828933,0.6888888888888889,0.3938749468311356,0.1538461538461538,0.7000000000000001,0.8,0.1544715447154471,0.725190839694656,0.6193548387096774,0.7744680851063829,0.3581560283687941,0.5802469135802468,0.096153846153846,0.7389162561576355,0.0342809968378918,1.0,0.0,1.0,0.0,1.0,0.0,1.0,0.0,0.0,1.0,0.0,1.0,0.0,1.0,1.0,0.0,0.0,1.0,0.0,1.0,0.0,0.0,0.0,1.0,0.0,0.0,1.0,0.0,0.0,0.0,0.9344973659531255,0.06550263387655308,1.0,0.0,0.0,0.0,1.0,0.0,0.0,1.0,0.0,1.0,0.0,1.0,0.0,1.0,0.0,0.6150235091077159,0.3427229836104787,0.0046950477843431,0.0375584520438581,0.8215766229500514,0.1784233844428115,0.7653062232462194,0.2346937714348448
0.7461873638344226,0.2595131984916009,0.8444444444444446,0.4193960017014036,0.1538461538461538,0.5,0.6000000000000001,0.3902439024390244,0.7480916030534353,0.3161290322580645,0.5460992907801419,0.3794326241134751,0.5185185185185184,0.3076923076923077,0.3842364532019704,0.0618729683568091,0.0,1.0,1.0,0.0,0.0,1.0,1.0,0.0,0.0,1.0,0.0,1.0,1.0,0.0,0.0,1.0,1.0,0.0,0.0,1.0,0.0,0.0,0.0,1.0,0.0,0.0,1.0,0.0,0.0,0.0,1.0,0.0,0.0,0.0,1.0,0.0,1.0,0.0,0.0,0.0,1.0,1.0,0.0,1.0,0.0,1.0,0.0,1.0,0.0,0.0,0.0,0.0,1.0,0.7653061360764322,0.2346938631388784
0.4722222222222222,0.170380527939664,0.6444444444444444,0.2237345810293492,0.2307692307692307,0.5,0.4,0.2727246818529544,0.7557251908396942,0.1387096774193548,0.3943262411347518,0.2446808510638294,0.4074074074074074,0.16786332767911896,0.4333963877683651,0.05267564451717,1.0,0.0,0.0,1.0,1.0,0.0,1.0,0.0,1.0,0.0,1.0,0.0,0.0,1.0,1.0,0.0,1.0,0.0,0.0,1.0,0.0,0.0,0.0,1.0,0.0,0.0,0.0,1.0,0.0,0.0,1.0,0.0,0.0,0.0,1.0,0.0,1.0,0.0,0.0,0.3180099681193088,0.6819900316325711,1.0,0.0,1.0,0.0,1.0,0.0,0.6263950069561137,0.3424960778518882,0.003285199455586696,0.027823724340999,0.8215766288817608,0.1784233782052148,0.7653063630191925,0.234693624241256
0.8600217864923747,0.5200548508741858,0.7925925925925925,0.5852828583581454,0.1538461538461538,0.6000000000000001,0.7000000000000001,0.1869918699186991,0.7175572519083966,0.0806451612903225,0.3659574468085106,0.4929078014184394,0.6666666666666665,0.3365384615384614,0.2019704433497536,0.0342809968378918,1.0,0.0,0.6919504615423504,0.30804953860771533,0.0,1.0,1.0,0.0,1.0,0.0,0.0,1.0,0.0,1.0,1.0,0.0,1.0,0.0,0.0,1.0,0.0,0.0,1.0,0.0,0.0,0.0,1.0,0.0,0.0,0.0,1.0,0.0,1.0,0.0,0.0,0.0,1.0,0.0,0.0,1.0,0.0,1.0,0.0,1.0,0.0,1.0,0.0,0.6150237227436648,0.3427229918623991,0.0046949789276361,0.0375582832530464,0.8215766798397512,0.1784233245564284,0.7664222145785804,0.23357779416457192
0.5310457516339869,0.2766540966746658,0.6555555555555557,0.2981709910676308,0.1538461538461538,0.5,0.6000000000000001,0.5934959349593496,0.6870229007633584,0.3935483870967742,0.5843971631205674,0.333333333333333,0.6666666666666665,0.09301024776365774,0.5197044334975369,0.1124582494748243,0.0,1.0,1.0,0.0,1.0,0.0,1.0,0.0,0.0,1.0,0.706452390823884,0.29354761351285197,0.0,1.0,0.0,1.0,1.0,0.0,0.0,1.0,0.0,0.0,0.0,1.0,0.0,0.0,1.0,0.0,0.0,0.0,1.0,0.0,0.7380772699579965,0.11135702553158844,0.15054836263167348,1.752004389099504e-05,1.0,0.0,0.0,0.0,1.0,0.9418140591130322,0.058185945232713365,1.0,0.0,0.0,1.0,1.0,0.0,0.0,0.0,0.8215766953763499,0.1784233081843494,0.7653061856955806,0.2346938110360727
0.5190631808278867,0.6263284196091875,0.7111111111111112,0.5746490854955337,0.0769230769230769,0.3,0.2,0.3311476876485383,0.7749621277683958,0.1548387096774193,0.4255319148936171,0.404255319148936,0.5432098765432098,0.0769230769230768,0.6945812807881774,0.0802676160360874,1.0,0.0,0.0,1.0,1.0,0.0,0.9509493406247204,0.04905066079202858,1.0,0.0,1.0,0.0,1.0,0.0,0.0,1.0,1.0,0.0,0.0,1.0,0.0,0.0,0.0,1.0,0.0,0.0,1.0,0.0,0.0,0.0,1.0,0.0,1.0,0.0,0.0,0.0,1.0,0.0,0.0,0.0,1.0,0.9418140351466627,0.05818595866855181,1.0,0.0,1.0,0.0,0.6150232460831596,0.342722901680156,0.0046947906566499,0.0375590875085158,0.8215766367236584,0.1784233699908182,0.765306030480026,0.2346939743195384
0.5691721132897604,0.3109358930407953,0.6851851851851851,0.3353891960867716,0.1538461538461538,0.3871554928028406,0.295763174892594,0.2682926829268293,0.7709923664122136,0.1129032258064515,0.5297664179758987,0.4822695035460993,0.7160493827160492,0.1153846153846154,0.3497536945812808,0.0342809968378918,0.0,1.0,0.6919504605749756,0.30804953962860004,1.0,0.0,1.0,0.0,0.0,1.0,1.0,0.0,1.0,0.0,0.0,1.0,0.5086206990606801,0.4913793002055253,0.0,0.0,0.0,1.0,0.0,1.0,0.0,0.0,0.9020562847312579,0.0827141245740014,0.005704900437102256,0.009524682151708208,1.0,0.0,1.0,0.0,0.0,0.0,0.7058823634434378,0.24458203529414657,0.049535600811309144,0.31800996030420425,0.6819900398550022,1.0,0.0,1.0,0.0,1.0,0.0,0.6150236247296121,0.3427229372572081,0.0046947053227364,0.0375587276436985,0.0,1.0,0.7653060940326781,0.2346939078581317
0.5005446623093682,0.256085018854988,0.5925925925925927,0.2471288813270948,0.0769230769230769,0.6000000000000001,0.5,0.1869918699186991,0.725190839694656,0.0870967741935483,0.4624113475177304,0.156028368794326,0.3950617283950617,0.1538461538461539,0.0,0.05267564451717,0.0,1.0,1.0,0.0,0.0,1.0,0.9509493798603526,0.049050619469622636,1.0,0.0,1.0,0.0,0.0,1.0,1.0,0.0,1.0,0.0,0.0,1.0,0.0,0.0,0.0,1.0,0.0,0.0,1.0,0.0,0.0,0.0,1.0,0.0,1.0,0.0,0.0,0.0,1.0,0.0,0.0,0.0,1.0,1.0,0.0,1.0,0.0,1.0,0.0,0.6263950164832609,0.34249607228757517,0.0032834260942059545,0.027825480385215706,0.8215766922605652,0.1784233114871901,0.76642221222384,0.23357778578812183
0.6029411764705883,0.5714775454233801,0.6962962962962964,0.5214802211824755,0.1538461538461538,0.7000000000000001,0.5,0.4397492922549517,0.8320610687022896,0.2709677419354839,0.6553191489361702,0.4326241134751771,0.7407407407407405,0.1153846153846154,0.5812807881773399,0.2826087405081482,1.0,0.0,0.0,1.0,1.0,0.0,1.0,0.0,1.0,0.0,1.0,0.0,1.0,0.0,1.0,0.0,1.0,0.0,1.0,0.0,0.0,0.0,1.0,0.0,0.0,0.0,0.0,1.0,0.0,0.0,1.0,0.0,0.0,0.0,1.0,0.0,0.0,1.0,0.0,1.0,0.0,1.0,0.0,1.0,0.0,0.0,1.0,0.6150230463713768,0.3427228689247104,0.0046943729386397,0.0375597665887101,0.8215766615276497,0.1784233437912785,0.7653063130361094,0.2346936769484078
0.5664488017429194,0.44917266515495285,0.6703703703703705,0.4470438111441939,0.0,0.5,0.4,0.8373983739837398,0.7557251908396942,0.332258064516129,0.7177304964539007,0.5177304964539005,0.691358024691358,0.1730769230769231,0.4532019704433497,0.1170569113946439,0.0,1.0,1.0,0.0,1.0,0.0,1.0,0.0,0.0,1.0,1.0,0.0,1.0,0.0,0.0,1.0,0.0,1.0,0.0830388711651695,0.5777385167793311,0.2102473493825423,0.1289752624893082,0.1553571325087563,0.764285716513296,0.0285714211109792,0.0517857308109301,0.8621908060279795,0.0883392227569336,0.0194346310881562,0.0300353405866791,1.0,0.0,1.0,0.0,0.0,0.0,1.0,0.0,0.0,0.0,1.0,1.0,0.0,1.0,0.0,0.0,1.0,0.6150234909494383,0.3427230076185323,0.0046943763856731,0.0375591364228004,0.8215767578387203,0.1784232424727392,0.7653060030053813,0.234694003391675
0.7026143790849674,0.27150338360484316,0.7407407407407407,0.383241173968524,0.1538461538461538,0.8,0.7000000000000001,0.4920151903180517,0.8778625954198471,0.4756430578239887,0.8907801418439717,0.4361702127659572,0.7407407407407405,0.1826923076923077,0.8054187192118226,0.05267564451717,0.4757439478992004,0.5242560518472164,0.0,1.0,1.0,0.0,1.0,0.0,0.38111261554551634,0.6188873853519186,1.0,0.0,0.0,1.0,1.0,0.0,0.0,1.0,0.0,0.0,1.0,0.0,0.0,0.0,0.0,1.0,0.0,1.0,0.0,0.0,1.0,0.0,1.0,0.0,0.0,0.0,0.0,1.0,0.0,0.0,1.0,1.0,0.0,1.0,0.0,1.0,0.0,0.6150231402554595,0.3427229393011769,0.0046951275243687,0.0375588157817023,0.8215767207735556,0.1784232814840218,0.7653061619942322,0.2346938359387751
0.3823529411764705,0.1052451148440178,0.5851851851851853,0.1599319438536792,0.0769230769230769,0.8,0.7000000000000001,0.1056910569105691,0.8625954198473282,0.5580645161290322,0.9446808510638296,0.3014184397163117,0.4567901234567901,0.2307692307692306,0.6133004926108374,0.0986622637153656,0.0,1.0,1.0,0.0,1.0,0.0,1.0,0.0,0.0,1.0,1.0,0.0,0.0,1.0,1.0,0.0,0.0,1.0,0.0,0.0,1.0,0.0,0.0,1.0,0.0,0.0,1.0,0.0,0.0,0.0,0.9344973676743036,0.0655026320694464,0.7380847427002106,0.11135702322047303,0.1505483671241893,9.448586591576102e-06,1.0,0.0,0.0,0.0,1.0,1.0,0.0,1.0,0.0,0.0,1.0,0.6150233573692365,0.3427228543089275,0.0046954046151527,0.037558385742908,0.8215767307001511,0.1784232710054079,1.0,0.0
0.9422657952069716,0.5097703119643469,0.8888888888888888,0.6809868141216503,0.1538461538461538,0.3,0.4,0.1056910569105691,0.7404580152671754,0.0774193548387096,0.3939007112750766,0.429078014184397,0.7530864197530864,0.13923198748667548,0.1896551724137931,0.0342809968378918,0.0,1.0,1.0,0.0,1.0,0.0,1.0,0.0,1.0,0.0,0.7064523911169163,0.29354761322120027,1.0,0.0,0.0,1.0,1.0,0.0,0.0830388654444256,0.577738523955475,0.2102473347291741,0.1289752761537933,0.1553571370052631,0.764285716321335,0.0285714171120865,0.0517857302343366,0.8621908282427775,0.088339216306261,0.0194346307293286,0.0300353237551525,1.0,0.0,1.0,0.0,0.0,0.0,1.0,0.0,0.0,1.0,0.0,1.0,0.0,0.9952689568341568,0.004731043103781585,1.0,0.0,0.6150236900166746,0.3427229647812154,0.0046946507628897,0.0375586841574795,0.0,1.0,0.7653060001277817,0.2346940063094736
0.5855119825708062,0.5166266712375728,0.7555555555555555,0.5392960941336704,0.1538461538461538,0.7000000000000001,0.7000000000000001,0.1869918699186991,0.8244274809160306,0.2483870967741935,0.7659574468085107,0.3859140143990913,0.5925925925925926,0.1741653538385733,0.4014778325123153,0.2964047262676069,1.0,0.0,0.6919504617079069,0.3080495384435452,1.0,0.0,1.0,0.0,1.0,0.0,0.0,1.0,1.0,0.0,0.0,1.0,0.0,1.0,0.0,1.0,0.0,0.0,0.0,1.0,0.0,0.0,1.0,0.0,0.0,0.0,1.0,0.0,1.0,0.0,0.0,0.0,1.0,0.0,0.0,1.0,0.0,1.0,0.0,1.0,0.0,0.5772971752950371,0.42270282447217533,0.615023725410474,0.3427229859265756,0.0046946157625252,0.037558659078545,0.8216936331423678,0.1783063740637234,0.765306129896014,0.2346938696748343
0.7859477124183006,0.334933150497086,0.7925925925925925,0.4364100382815822,0.2307692307692307,0.5933233873269123,0.6618287219254669,0.1869918699186991,0.778625954198473,0.2,0.5676770574879465,0.2340425531914893,0.6543209876543208,0.1538461538461539,0.3325123152709359,0.0342809968378918,1.0,0.0,1.0,0.0,1.0,0.0,1.0,0.0,1.0,0.0,0.0,1.0,0.0,1.0,1.0,0.0,0.5086206998328602,0.4913792997161401,0.0,1.0,0.0,0.0,0.0,1.0,0.0,0.0,0.0,1.0,0.0,0.0,1.0,0.0,1.0,0.0,0.0,0.0,0.0,0.0,1.0,1.0,0.0,1.0,0.0,1.0,0.0,1.0,0.0,0.6150235008288565,0.3427229204498218,0.0046946276542472,0.037558959001091,0.8215767212922632,0.1784232809791528,0.7653061079324349,0.2346938927288533
0.7494553376906319,0.42063764141241,0.8,0.505529561888558,0.1538461538461538,0.5,0.4,0.3821138211382114,0.7633587786259537,0.2870967741935484,0.6170212765957447,0.3439716312056735,0.6172839506172838,0.1346153846153845,0.4039408866995073,0.09661882521206558,1.0,0.0,1.0,0.0,0.0,1.0,1.0,0.0,0.0,1.0,1.0,0.0,1.0,0.0,0.0,1.0,1.0,0.0,0.0,1.0,0.0,0.0,0.0,1.0,0.0,0.0,0.902056249702011,0.0827141265652459,0.005704894191111087,0.0095247298658655,1.0,0.0,1.0,0.0,0.0,0.0,1.0,0.0,0.0,0.0,1.0,1.0,0.0,1.0,0.0,1.0,0.0,0.615023582080336,0.3427229275834976,0.0046947852821951,0.0375587014703262,1.0,0.0,1.0,0.0
0.5964052287581699,0.3101969207697008,0.6818741470906603,0.3407060825180774,0.1538461538461538,0.8,0.8,0.3495934959349593,0.7709923664122136,0.3774193548387097,0.8030897800068837,0.4574468085106382,0.691358024691358,0.0576923076923077,0.426504717870109,0.0986622637153656,0.0,1.0,1.0,0.0,1.0,0.0,1.0,0.0,1.0,0.0,0.0,1.0,0.0,1.0,1.0,0.0,0.0,1.0,0.0,0.0,1.0,0.0,0.0,1.0,0.0,0.0,1.0,0.0,0.0,0.0,1.0,0.0,0.7380702181285392,0.11135703246953044,0.15054836248819792,2.507598420042889e-05,0.0,1.0,0.0,1.0,0.0,0.9418140269859033,0.05818597361205313,1.0,0.0,0.0,1.0,1.0,0.0,0.0,0.0,0.8215768361381828,0.1784231600641257,1.0,0.0
0.6072984749455338,0.331504970860473,0.7555555555555555,0.4045087196937473,0.1538461538461538,0.4,0.6000000000000001,0.2682926829268293,0.7557251908396942,0.1580645161290322,0.4595744680851064,0.5531914893617018,0.691358024691358,0.18733304452156346,0.3522167487684728,0.0342809968378918,0.0,1.0,1.0,0.0,1.0,0.0,0.9509493601312107,0.04905064022538175,0.0,1.0,0.0,1.0,0.0,1.0,1.0,0.0,1.0,0.0,0.0,1.0,0.0,0.0,0.0,1.0,0.0,0.0,1.0,0.0,0.0,0.0,1.0,0.0,0.0,0.0,1.0,0.0,1.0,0.0,0.0,0.0,1.0,1.0,0.0,1.0,0.0,1.0,0.0,0.6150236087175249,0.3427229823561191,0.0046952264701563,0.0375581625035533,0.8216936243296065,0.17830638284105416,0.7653062476643633,0.2346937457982232
0.5648148148148148,0.2800822763112787,0.7629629629629631,0.3726074011059123,0.1538461538461538,0.3,0.5,0.2276422764227642,0.8015267175572518,0.096774193548387,0.1617021276595744,0.4184397163120565,0.7160493827160492,0.09251023052164281,0.4532019704433497,0.0342809968378918,0.0,1.0,0.6919504621379291,0.3080495379845173,1.0,0.0,0.9509493869051157,0.049050612037367824,0.0,1.0,0.0,1.0,0.4222561004175305,0.5777438994703117,0.0,1.0,1.0,0.0,0.0,1.0,0.0,0.0,0.0,1.0,0.0,0.0,1.0,0.0,0.0,0.0,1.0,0.0,0.0,0.0,1.0,0.0,1.0,0.0,0.0,1.0,0.0,1.0,0.0,1.0,0.0,1.0,0.0,0.6150236331614527,0.3427229649770599,0.0046947353519789,0.0375586582680343,0.8215765386562193,0.1784234731861764,1.0,0.0
0.4923747276688453,0.2869386355845046,0.6,0.2705231816248404,0.1538461538461538,0.5,0.5,0.2113821138211381,0.6946564885496183,0.0806451612903225,0.2453900709219858,0.4567391681979052,0.679012345679012,0.1346153846153845,0.3768472906403941,0.0342809968378918,1.0,0.0,1.0,0.0,0.7131537048198601,0.28684629622427693,0.9509494087947452,0.04905058898521142,0.0,1.0,1.0,0.0,0.0,1.0,1.0,0.0,1.0,0.0,0.0,0.0,0.0,1.0,1.0,0.0,0.0,0.0,1.0,0.0,0.0,0.0,1.0,0.0,1.0,0.0,0.0,0.0,0.7058823672600354,0.24458202899647963,0.0495356032608687,1.0,0.0,1.0,0.0,1.0,0.0,1.0,0.0,1.0,0.0,0.0,0.0,0.8215765732837225,0.1784234367302064,0.7653061480645552,0.2346938505125675
0.2592592592592592,0.2869386355845046,0.4296296296296297,0.1695023394300297,0.1538461538461538,0.8,0.7000000000000001,0.4675398071923358,0.8778625954198471,0.4258064516129032,0.699344288788504,0.4858156028368794,0.6172839506172838,0.2596153846153846,0.3743842364532019,0.2918060643477873,0.0,1.0,0.0,1.0,1.0,0.0,1.0,0.0,0.0,1.0,0.7064524832187371,0.29354751573460025,0.0,1.0,1.0,0.0,0.5115029387460943,0.4884970616905867,0.0830388773922224,0.5777385002667195,0.2102473621894193,0.1289752600011402,0.1553571474715919,0.7642857113366045,0.0285714262826296,0.0517857147642548,0.8621908162067498,0.0883392222933726,0.0194346368179995,0.0300353242103778,0.0,1.0,1.0,0.0,0.0,0.0,0.7058823592936255,0.24458204185451116,0.04953559845599109,0.0,1.0,1.0,0.0,1.0,0.0,0.5718518513388846,0.4281481486910539,1.0,0.0,0.0,0.0,0.821576694486301,0.1784233091250116,0.7653061036472922,0.2346938973789926
0.642156862745098,0.3897840246828933,0.6222222222222222,0.3407060825180774,0.0769230769230769,0.6000000000000001,0.6000000000000001,0.1056910569105691,0.7404580152671754,0.3870967741935484,0.7163120567375886,0.3936170212765957,0.6049382716049381,0.096153846153846,0.3940886699507389,0.0498343967715264,0.4757439489971138,0.5242560506846047,1.0,0.0,1.0,0.0,1.0,0.0,0.38111265093519153,0.618887348012178,0.0,1.0,1.0,0.0,0.0,1.0,0.0,1.0,0.0,1.0,0.0,0.0,1.0,0.0,0.0,0.0,1.0,0.0,0.0,0.0,0.9344973702133081,0.06550262943390828,1.0,0.0,0.0,0.0,0.0,1.0,0.0,1.0,0.0,0.0,1.0,1.0,0.0,0.0,1.0,1.0,0.0,0.0,0.0,0.821576714513524,0.1784232880562168,0.7653060245909734,0.2346939806024071
0.837690631808279,0.3520740486801509,0.8148148148148149,0.4640578477243726,0.1538461538461538,0.6000000000000001,0.6000000000000001,0.3495934959349593,0.8015267175572518,0.1838709677419355,0.5631205673758866,0.3936170212765957,0.6666666666666665,0.1346153846153845,0.3177339901477832,0.1308528971541026,1.0,0.0,1.0,0.0,0.0,1.0,1.0,0.0,0.0,1.0,1.0,0.0,0.0,1.0,1.0,0.0,0.5115029645876339,0.4884970344698335,0.0,0.0,1.0,0.0,0.0,1.0,0.0,0.0,1.0,0.0,0.0,0.0,1.0,0.0,1.0,0.0,0.0,0.0,1.0,0.0,0.0,0.0,1.0,1.0,0.0,1.0,0.0,1.0,0.0,1.0,0.0,0.0,0.0,1.0,0.0,0.7653061774662211,0.2346938196020322
0.7429193899782136,0.4524702714619514,0.7777777777777779,0.5214802211824755,0.1538461538461538,0.5,0.4,0.3658536585365853,0.8091603053435112,0.1548387096774193,0.3602836879432624,0.4680851063829787,0.7777777777777777,0.2019230769230768,0.458128078817734,0.0388796587577113,1.0,0.0,1.0,0.0,0.0,1.0,1.0,0.0,1.0,0.0,1.0,0.0,1.0,0.0,0.0,1.0,1.0,0.0,0.0,1.0,0.0,0.0,0.16293176954093036,0.8041675879882197,0.0061510065759258215,0.02674962282612403,1.0,0.0,0.0,0.0,1.0,0.0,0.0,0.0,1.0,0.0,1.0,0.0,0.0,0.0,1.0,1.0,0.0,1.0,0.0,1.0,0.0,1.0,0.0,0.0,0.0,1.0,0.0,0.7653061110831721,0.234693889479576
0.6764705882352942,0.2869386355845046,0.6962962962962964,0.3247554232241599,0.1538461538461538,0.5,0.3,0.4308943089430894,0.778625954198473,0.25002635571592496,0.6411347517730498,0.4645390070921982,0.691358024691358,0.1634615384615385,0.2684729064039409,0.0342809968378918,0.0,1.0,1.0,0.0,1.0,0.0,1.0,0.0,1.0,0.0,1.0,0.0,1.0,0.0,0.0,1.0,1.0,0.0,0.0,1.0,0.0,0.0,0.0,1.0,0.0,0.0,1.0,0.0,0.0,0.0,1.0,0.0,1.0,0.0,0.0,0.0,1.0,0.0,0.0,0.0,1.0,1.0,0.0,1.0,0.0,0.5772971713457056,0.42270282866687114,0.6150233407596886,0.3427229705029969,0.0046946777227721,0.0375590280576311,1.0,0.0,0.765306201267737,0.2346937947011809
0.8654684095860568,0.5234830305107988,0.6703703703703705,0.4629944704381114,0.2307692307692307,0.7000000000000001,0.6000000000000001,0.4561621299608223,0.8396946564885495,0.4774193548387097,0.7248226950354609,0.4609929078014183,0.7901234567901232,0.1538461538461539,0.3152709359605911,0.1354515590739222,1.0,0.0,0.6919504719521556,0.30804952765384896,1.0,0.0,1.0,0.0,0.0,1.0,1.0,0.0,1.0,0.0,1.0,0.0,0.0,1.0,0.0,0.0,1.0,0.0,1.0,0.0,0.0,0.0,1.0,0.0,0.0,0.0,1.0,0.0,0.0,1.0,0.0,0.0,1.0,0.0,0.0,0.0,1.0,0.941814046133017,0.0581859654423057,1.0,0.0,0.0,1.0,1.0,0.0,0.0,0.0,1.0,0.0,0.7653060161991688,0.2346939894862215
0.5413943355119826,0.256085018854988,0.6444444444444444,0.2715865589111016,0.1538461538461538,0.82419737821041,0.6000000000000001,0.4164236680680063,0.8015267175572518,0.5161290322580645,0.6808510638297872,0.5921985815602835,0.7530864197530864,0.17429290987251617,0.8423645320197045,0.2044314878712156,0.0,1.0,0.0,1.0,0.0,1.0,1.0,0.0,1.0,0.0,1.0,0.0,1.0,0.0,0.5038639845336087,0.4961360156158101,0.0,1.0,0.0,0.0,1.0,0.0,1.0,0.0,0.0,0.0,1.0,0.0,0.0,0.0,1.0,0.0,0.0,1.0,0.0,0.0,0.0,1.0,0.0,0.0,1.0,1.0,0.0,1.0,0.0,1.0,0.0,0.61502330553368,0.3427229597868226,0.0046948714304062,0.0375588782488011,0.8215768354078604,0.1784231607985653,0.7653059832690587,0.2346940239472876
0.5996732026143791,0.2800822763112787,0.7037037037037037,0.3300723096554657,0.2307692307692307,0.9,0.804186724366616,0.4387699001545142,0.8549618320610688,0.461290322580645,0.8592435537356229,0.3120567375886522,0.4567901234567901,0.25,0.6231527093596059,0.1492475448333808,0.47574394443231505,0.5242560555152918,1.0,0.0,0.0,1.0,1.0,0.0,0.0,1.0,1.0,0.0,0.0,1.0,1.0,0.0,0.0,1.0,1.0,0.0,0.0,0.0,0.0,1.0,0.0,0.0,1.0,0.0,0.0,0.0,1.0,0.0,1.0,0.0,0.0,0.0,1.0,0.0,0.0,0.0,1.0,1.0,0.0,1.0,0.0,1.0,0.0,1.0,0.0,0.0,0.0,0.8216936114987254,0.17830639384859714,0.765306140351075,0.2346938586536242
0.3954248366013072,0.2595131984916009,0.5703703703703704,0.22947798305218714,0.2307692307692307,0.2,0.2,0.4308943089430894,0.7633587786259537,0.1387096774193548,0.2695035460992908,0.4397163120567375,0.6543209876543208,0.125,0.4532019704433497,0.0342809968378918,0.0,1.0,1.0,0.0,1.0,0.0,1.0,0.0,0.0,1.0,1.0,0.0,0.42225611717290146,0.5777438817970597,0.0,1.0,1.0,0.0,0.0,1.0,0.0,0.0,0.0,1.0,0.0,0.0,1.0,0.0,0.0,0.0,1.0,0.0,1.0,0.0,0.0,0.0,1.0,0.0,0.0,0.0,1.0,1.0,0.0,0.9952689446369476,0.004731055926185279,1.0,0.0,0.6150235625919116,0.342722995621752,0.0046948907773464,0.0375585430133809,0.8215767045252771,0.1784232986152421,1.0,0.0
0.9030501089324618,0.3760713061364416,0.7777777777777779,0.4576775840068056,0.1538461538461538,0.4,0.43547159394188223,0.3573264848444252,0.7709923664122136,0.2258064516129032,0.5843971631205674,0.2340425531914893,0.7037037037037037,0.1442307692307691,0.6428571428571429,0.084866277955907,0.4757439481911331,0.5242560515296052,0.0,1.0,1.0,0.0,1.0,0.0,0.0,1.0,1.0,0.0,0.0,1.0,1.0,0.0,1.0,0.0,0.04722382930632485,0.6150820352258901,0.21862655938293896,0.11906757541063673,0.1553571406349634,0.7642857152628033,0.028571439644907,0.0517857042931808,1.0,0.0,0.0,0.0,0.9344973687514225,0.06550263092141262,1.0,0.0,0.0,0.0,1.0,0.0,0.0,0.0,1.0,1.0,0.0,1.0,0.0,0.571851859841173,0.4281481397366691,0.6263950604373394,0.3424960760712292,0.003285129702788936,0.027823734305342462,0.8215766379996381,0.1784233686401507,0.7653060906352285,0.2346939111861645
0.7516339869281047,0.4377785395954748,0.8123585901782957,0.5321139940450871,0.1538461538461538,0.7000000000000001,0.8,0.5934959349593496,0.7633587786259537,0.267741935483871,0.7567844341077397,0.3014184397163117,0.5925925925925926,0.1057692307692308,0.4162561576354679,0.0572743064369896,0.0,1.0,1.0,0.0,1.0,0.0,1.0,0.0,0.0,1.0,0.0,1.0,0.0,1.0,1.0,0.0,0.0,1.0,0.0,0.0,1.0,0.0,1.0,0.0,0.0,0.0,0.0,1.0,0.0,0.0,1.0,0.0,0.0,0.0,1.0,0.0,1.0,0.0,0.0,0.0,1.0,1.0,0.0,1.0,0.0,0.0,1.0,0.6263951100660281,0.3424960806625701,0.003283053421633042,0.027825808384689732,0.8215766862967477,0.1784233177339925,0.7653063285046207,0.2346936606512021
0.7532679738562092,0.3816278253695111,0.7817580284517847,0.4683113568694172,0.1538461538461538,0.4,0.4,0.2682926829268293,0.7099236641221376,0.1516129032258064,0.2680851063829788,0.5496453900709217,0.6423677862771651,0.2980769230769231,0.3866995073891626,0.0342809968378918,0.0,1.0,1.0,0.0,0.7131537146799931,0.28684628581962857,0.9509493856327954,0.04905061338522865,0.0,1.0,1.0,0.0,0.0,1.0,0.503863992413677,0.49613600729990837,1.0,0.0,0.0,1.0,0.0,0.0,0.0,1.0,0.0,0.0,1.0,0.0,0.0,0.0,0.0,1.0,1.0,0.0,0.0,0.0,1.0,0.0,0.0,1.0,0.0,1.0,0.0,1.0,0.0,1.0,0.0,0.6150236647581906,0.3427228559151659,0.0046951079493385,0.0375583569458207,0.0,1.0,0.7653059674774467,0.2346940405382248
0.9291938997821352,0.5714775454233801,0.9111111111111112,0.7660569970225435,0.0769230769230769,0.3,0.2,0.4471544715447154,0.7862595419847329,0.1193548387096774,0.4422908532238683,0.4609929078014183,0.8518518518518516,0.0865384615384614,0.2660098522167488,0.0342809968378918,1.0,0.0,1.0,0.0,0.7131537344865796,0.28684626495035115,1.0,0.0,1.0,0.0,0.7064524852438665,0.29354751352579944,1.0,0.0,0.0,1.0,1.0,0.0,0.0,1.0,0.0,0.0,0.0,0.0,0.0,1.0,1.0,0.0,0.0,0.0,1.0,0.0,1.0,0.0,0.0,0.0,0.7058823471429709,0.24458204700712172,0.04953560608113117,0.0,1.0,0.0,1.0,1.0,0.0,0.0,1.0,0.6150234715865712,0.3427229954426103,0.0046945874785352,0.0375589532719043,0.8215765996638984,0.1784234089913107,0.7653059503485674,0.2346940587241097
0.5882352941176471,0.4789166952348302,0.6925925925925926,0.4576775840068056,0.1538461538461538,0.8,0.8,0.5609756097560975,0.7328244274809159,0.4193548387096774,0.7744680851063829,0.7978723404255317,0.7901234567901232,0.2645812882897939,0.4704433497536946,0.2044314878712156,1.0,0.0,1.0,0.0,1.0,0.0,1.0,0.0,1.0,0.0,0.0,1.0,0.0,1.0,1.0,0.0,0.0,1.0,0.0,0.0,0.0,1.0,1.0,0.0,0.0,0.0,1.0,0.0,0.0,0.0,1.0,0.0,1.0,0.0,0.0,0.0,1.0,0.0,0.0,0.31800996822904937,0.6819900315072605,1.0,0.0,1.0,0.0,1.0,0.0,0.6150237139210182,0.3427231452807067,0.0046947385006803,0.0375583782927643,0.8215767546615943,0.1784232457931026,0.7653060444872605,0.2346939596933569
0.3572984749455338,0.5029139526911209,0.6074074074074074,0.3938749468311356,0.1538461538461538,0.730489649580849,0.6000000000000001,0.6422764227642276,0.725190839694656,0.4774193548387097,0.8496453900709219,0.3971631205673758,0.5061728395061729,0.2596153846153846,0.5340422308941372,0.0572743064369896,0.0,1.0,1.0,0.0,1.0,0.0,1.0,0.0,0.0,1.0,1.0,0.0,0.0,1.0,1.0,0.0,0.0,1.0,0.04722383603134517,0.6150820227210647,0.21862655876175674,0.11906758177326748,0.0,1.0,0.0,0.0,1.0,0.0,0.0,0.0,1.0,0.0,0.7380759128530374,0.11135702963266825,0.15054835693554702,1.893716584322469e-05,1.0,0.0,0.0,0.0,1.0,1.0,0.0,1.0,0.0,1.0,0.0,1.0,0.0,0.0,0.0,0.8215766716137709,0.178423333216763,0.7653061769328441,0.2346938202408548
0.4406318082788671,0.2972231744943434,0.5555555555555556,0.2450021267545724,0.1538461538461538,0.7000000000000001,0.6000000000000001,0.024390243902439,0.7557251908396942,0.3677419354838709,0.8354609929078013,0.6362312517873068,0.8024691358024689,0.2307692307692306,0.4876847290640393,0.0802676160360874,0.0,1.0,1.0,0.0,1.0,0.0,1.0,0.0,0.0,1.0,0.7064525081598457,0.29354748935444275,0.0,1.0,1.0,0.0,0.0,1.0,0.04722381711324397,0.6150820359535278,0.21862657490439275,0.11906757177838223,1.0,0.0,0.0,0.0,1.0,0.0,0.0,0.0,1.0,0.0,0.7380823010282604,0.11135702895354893,0.1505483624218079,1.2061243559347012e-05,0.7058823532521701,0.24458204014280405,0.04953560668203705,0.0,1.0,1.0,0.0,1.0,0.0,0.5772971757735482,0.4227028239553009,0.6150228797752617,0.3427239187640826,0.0046953663024527,0.03755782061631,0.8215765483923305,0.1784234628097819,1.0,0.0
0.2461873638344226,0.2115186835790195,0.4222222222222223,0.1333475116971501,0.2307692307692307,0.8132340655900228,0.9,0.4617328457601074,0.7938931297709919,0.6290322580645161,0.8107675872622595,0.5,0.6049382716049381,0.221153846153846,0.6748768472906403,0.0802676160360874,1.0,0.0,0.0,1.0,1.0,0.0,1.0,0.0,0.0,1.0,0.0,1.0,0.0,1.0,1.0,0.0,0.0,1.0,0.0,1.0,0.0,0.0,0.0,1.0,0.0,0.0,1.0,0.0,0.0,0.0,1.0,0.0,1.0,0.0,0.0,0.0,1.0,0.0,0.0,0.0,1.0,1.0,0.0,1.0,0.0,1.0,0.0,0.6150234115802349,0.3427229636486096,0.0046952577735924,0.0375583623473728,0.821576732943333,0.1784232686293441,0.765306097678808,0.2346939036143701
0.6181917211328977,0.639319629989738,0.8148148148148149,0.6809868141216503,0.1538461538461538,0.6000000000000001,0.4,0.4524509406921083,0.7557251908396942,0.3064516129032258,0.723404255319149,0.2659574468085104,0.5061728395061729,0.3269230769230768,0.4433497536945813,0.1078595875550048,1.0,0.0,0.6919504567677492,0.30804954364146253,1.0,0.0,1.0,0.0,1.0,0.0,1.0,0.0,1.0,0.0,0.0,1.0,0.0,1.0,0.0,1.0,0.0,0.0,0.0,1.0,0.0,0.0,1.0,0.0,0.0,0.0,0.9344973705197643,0.06550262903807336,1.0,0.0,0.0,0.0,1.0,0.0,0.0,0.0,1.0,1.0,0.0,1.0,0.0,1.0,0.0,0.6150233758344195,0.342722827119626,0.0046949336490194,0.0375588781072931,0.8215766511847132,0.1784233547252013,0.7653059568684271,0.2346940517910162
0.6584967320261438,0.334933150497086,0.6666666666666667,0.3407060825180774,0.0769230769230769,0.2,0.2,0.2682926829268293,0.7709923664122136,0.1516129032258064,0.6014184397163119,0.4539007092198581,0.7530864197530864,0.0096153846153848,0.6477832512315271,0.0388796587577113,0.4757439455338819,0.5242560543421328,1.0,0.0,0.713153744555458,0.28684625435028155,1.0,0.0,0.0,1.0,1.0,0.0,1.0,0.0,0.0,1.0,1.0,0.0,0.0830388669513744,0.5777385301232657,0.2102473416565454,0.1289752609091895,0.16293178877567438,0.8041675855564108,0.006151204165004032,0.02674942422328963,0.8621908123559298,0.0883392151629547,0.0194346217674168,0.0300353513412633,1.0,0.0,1.0,0.0,0.0,0.0,1.0,0.0,0.0,0.0,1.0,1.0,0.0,1.0,0.0,1.0,0.0,0.0,1.0,0.0,0.0,1.0,0.0,1.0,0.0
0.6432461873638344,0.5611930065135412,0.7499930159914034,0.5863462356444066,0.2307692307692307,0.4,0.5,0.4308943089430894,0.7099236641221376,0.4903225806451613,0.5387234252920087,0.4184397163120565,0.691358024691358,0.1634615384615385,0.5311209341956592,0.4205685981027351,0.0,1.0,1.0,0.0,1.0,0.0,0.0,1.0,0.0,1.0,0.0,1.0,0.0,1.0,1.0,0.0,1.0,0.0,0.0,1.0,0.0,0.0,0.0,1.0,0.0,0.0,1.0,0.0,0.0,0.0,0.9344973616173854,0.06550263845098636,0.0,0.0,1.0,0.0,1.0,0.0,0.0,0.0,1.0,1.0,0.0,1.0,0.0,0.0,1.0,0.6150235629852223,0.3427229405286944,0.0046950676777371,0.037558419206625,1.0,0.0,0.7653062886406345,0.2346937025783494
0.704248366013072,0.2595131984916009,0.874074074074074,0.4364100382815822,0.0769230769230769,0.4,0.3,0.3495934959349593,0.7404580152671754,0.4290322580645161,0.6709219858156029,0.4716312056737588,0.5679012345679013,0.24569218187490244,0.4162561576354679,0.0388796587577113,0.0,1.0,1.0,0.0,0.71315373568636,0.28684626370644606,1.0,0.0,0.0,1.0,1.0,0.0,1.0,0.0,0.0,1.0,1.0,0.0,0.0830388787991465,0.577738512642788,0.2102473399523375,0.12897526828211,0.16293177716878726,0.8041675895429807,0.006151150389833826,0.02674946678910417,0.8621908178954434,0.0883392235195995,0.0194346236028729,0.0300353346479652,1.0,0.0,0.0,0.0,1.0,0.0,1.0,0.0,0.0,0.0,1.0,1.0,0.0,1.0,0.0,1.0,0.0,1.0,0.0,0.0,0.0,0.0,1.0,0.7653061990843661,0.2346937967700402
0.8643790849673203,0.3829276654096674,0.8621077035380817,0.524670353041259,0.1538461538461538,0.2,0.2,0.2634159917092963,0.7709923664122136,0.0838709677419354,0.2680851063829788,0.2304964539007088,0.5802469135802468,0.096153846153846,0.4334975369458128,0.0342809968378918,1.0,0.0,0.0,1.0,1.0,0.0,0.9509493561381758,0.04905064443897689,0.0,1.0,1.0,0.0,1.0,0.0,0.0,1.0,0.5115030063838522,0.48849699044126116,0.0,1.0,0.0,0.0,0.0,1.0,0.0,0.0,1.0,0.0,0.0,0.0,1.0,0.0,1.0,0.0,0.0,0.0,1.0,0.0,0.0,0.0,1.0,1.0,0.0,1.0,0.0,0.5772971743563834,0.4227028254651085,0.615023271014572,0.3427228284524004,0.0046947920311023,0.0375591357049329,0.8215766073162714,0.1784234009441422,0.7653060241763833,0.2346939809908679
0.7211328976034859,0.4617757970517655,0.8296296296296297,0.5746490854955337,0.1538461538461538,0.2,0.2,0.3268366426074035,0.7633587786259537,0.2387096774193548,0.4199432079655625,0.51063829787234,0.7037037037037037,0.0865384615384614,0.4684493167130973,0.0664716302766287,1.0,0.0,0.0,1.0,0.7131537433633907,0.2868462556044129,1.0,0.0,0.0,1.0,1.0,0.0,1.0,0.0,0.0,1.0,1.0,0.0,0.0,1.0,0.0,0.0,0.0,1.0,0.0,0.0,1.0,0.0,0.0,0.0,1.0,0.0,1.0,0.0,0.0,0.0,1.0,0.0,0.0,0.0,1.0,1.0,0.0,1.0,0.0,1.0,0.0,0.6150232591907013,0.3427228956257084,0.0046949121915152,0.0375589544489567,1.0,0.0,1.0,0.0
0.8311546840958606,0.2766540966746658,0.8962962962962964,0.4629944704381114,0.1538461538461538,0.5,0.5,0.2983786920201785,0.7480916030534353,0.2516129032258065,0.3815602836879432,0.602836879432624,0.7901234567901232,0.1826923076923077,0.4521483942646461,0.0342809968378918,0.0,1.0,0.0,1.0,1.0,0.0,1.0,0.0,1.0,0.0,0.0,1.0,1.0,0.0,0.0,1.0,1.0,0.0,0.0,1.0,0.0,0.0,0.1629317566811167,0.8041675902630445,0.006151045781053743,0.02674958978488884,1.0,0.0,0.0,0.0,1.0,0.0,1.0,0.0,0.0,0.0,0.7058823555811642,0.2445820429975435,0.04953560128627055,0.3180099714600898,0.6819900281092038,1.0,0.0,1.0,0.0,0.5772971786492378,0.4227028209559913,0.6150231860099542,0.342722878765697,0.0046946804209652,0.0375592884049492,0.8215765382611462,0.1784234735711579,0.0,1.0
0.5441176470588236,0.3794994857730545,0.6444444444444444,0.351339855380689,0.1538461538461538,0.5,0.4,0.3509142629702229,0.8320610687022896,0.2290322580645161,0.5843971631205674,0.4858156028368794,0.6543209876543208,0.0865384615384614,0.6822660098522167,0.1032609256351852,1.0,0.0,0.0,1.0,0.0,1.0,1.0,0.0,0.3811126324777544,0.618887367436915,1.0,0.0,1.0,0.0,0.0,1.0,1.0,0.0,0.0,1.0,0.0,0.0,0.0,1.0,0.0,0.0,1.0,0.0,0.0,0.0,1.0,0.0,1.0,0.0,0.0,0.0,1.0,0.0,0.0,1.0,0.0,1.0,0.0,1.0,0.0,1.0,0.0,0.6150231538208402,0.3427229084639458,0.0046943790543023,0.0375596024136738,0.8215767286235252,0.1784232732209545,0.7653061910383584,0.2346938052847452
0.6225990734712997,0.3177922523140213,0.6940740740740741,0.3555933645257337,0.1538461538461538,0.2,0.2,0.1869918699186991,0.7862595419847329,0.0999999999999999,0.0709219858156028,0.3900709219858154,0.6172839506172838,0.1153846153846154,0.4556650246305419,0.0342809968378918,1.0,0.0,1.0,0.0,1.0,0.0,1.0,0.0,0.0,1.0,1.0,0.0,1.0,0.0,0.0,1.0,1.0,0.0,0.0830388700597084,0.5777385307197876,0.2102473335472969,0.1289752652481798,0.155357139790804,0.7642857157434415,0.0285714324918729,0.0517857120457808,0.8621907999307681,0.0883392221469796,0.0194346381763729,0.0300353405724864,1.0,0.0,1.0,0.0,0.0,0.0,0.0,1.0,0.0,1.0,0.0,1.0,0.0,1.0,0.0,0.5772971773548485,0.42270282230723955,0.615023473928942,0.3427230112541314,0.0046949014750504,0.0375586115822332,0.8216936330209714,0.1783063734789927,0.7653060041886877,0.2346940020564333
0.7170185127074168,0.4446348988687006,0.7777777777777779,0.5108464483198638,0.1538461538461538,0.4,0.4,0.3338405411163174,0.7419129264932569,0.1064516129032258,0.4865248226950354,0.3723404255319147,0.6543209876543208,0.1346153846153845,0.3251231527093596,0.0342809968378918,1.0,0.0,0.0,1.0,0.0,1.0,1.0,0.0,0.3811126235402995,0.6188873768650376,1.0,0.0,1.0,0.0,1.0,0.0,1.0,0.0,1.0,0.0,0.0,0.0,0.0,1.0,0.0,0.0,1.0,0.0,0.0,0.0,0.9344973592352823,0.06550264093935398,1.0,0.0,0.0,0.0,1.0,0.0,0.0,0.0,1.0,1.0,0.0,1.0,0.0,1.0,0.0,0.6150232855149229,0.3427227747047938,0.0046948290497146,0.0375591387068005,0.8215766102394393,0.1784233978348772,0.7653061372886626,0.2346938619960495
0.7282135076252724,0.4309221803222488,0.8,0.5214802211824755,0.1538461538461538,0.2,0.4,0.2113821138211381,0.7480916030534353,0.1161290322580645,0.3687943262411347,0.2907801418439717,0.5061728395061729,0.0865384615384614,0.3891625615763546,0.0342809968378918,1.0,0.0,0.6919504627564728,0.30804953733083196,0.7131537304483411,0.2868462692042022,1.0,0.0,0.0,1.0,0.0,1.0,1.0,0.0,0.0,1.0,1.0,0.0,0.0,1.0,0.0,0.0,0.0,1.0,0.0,0.0,1.0,0.0,0.0,0.0,1.0,0.0,1.0,0.0,0.0,0.0,1.0,0.0,0.0,1.0,0.0,1.0,0.0,1.0,0.0,1.0,0.0,0.6263950201262164,0.3424960814703808,0.0032848341122843072,0.027824024975391604,0.8215765758460544,0.178423434057109,0.7653061154123602,0.2346938849242589
0.9183006535947712,0.9451491258141924,0.7481481481481482,0.8578282696003146,0.1538461538461538,0.4,0.4,0.4246682945183182,0.8015267175572518,0.1483870967741935,0.5829787234042553,0.354609929078014,0.4691358024691356,0.2862994086149599,0.3201970443349754,0.0434783206775309,1.0,0.0,0.0,1.0,1.0,0.0,1.0,0.0,0.0,1.0,1.0,0.0,0.0,1.0,0.0,1.0,1.0,0.0,0.0,1.0,0.0,0.0,0.0,1.0,0.0,0.0,1.0,0.0,0.0,0.0,1.0,0.0,1.0,0.0,0.0,0.0,1.0,0.0,0.0,0.0,1.0,1.0,0.0,1.0,0.0,1.0,0.0,0.6150235067388088,0.3427228579823279,0.0046951030382438,0.03755853088767,0.0,1.0,0.7664222038254799,0.23357781623898788
0.6759259259259259,0.3747000342817964,0.7222222222222223,0.4098256061250531,0.1538461538461538,0.6747239494151843,0.5175516808187515,0.0813008130081301,0.7862595419847329,0.2096774193548387,0.6236281450633397,0.3897679416258683,0.6273202721209934,0.1346153846153845,0.541871921182266,0.0342809968378918,1.0,0.0,1.0,0.0,0.7131537209204704,0.28684627928403117,1.0,0.0,1.0,0.0,1.0,0.0,0.0,1.0,0.5038639784971584,0.49613602194899586,0.0,1.0,0.0,1.0,0.0,0.0,0.0,1.0,0.0,0.0,1.0,0.0,0.0,0.0,1.0,0.0,1.0,0.0,0.0,0.0,1.0,0.0,0.0,1.0,0.0,1.0,0.0,1.0,0.0,1.0,0.0,0.6150236186320412,0.3427229252463246,0.004694656270992,0.0375587977994398,0.0,1.0,0.0,1.0
0.508169934640523,0.2588275625642784,0.5518518518518519,0.2237345810293492,0.3076923076923077,0.5,0.4,0.1869918699186991,0.725190839694656,0.1612903225806451,0.3815602836879432,0.5212765957446805,0.8395061728395061,0.0673076923076922,0.5197044334975369,0.0342809968378918,1.0,0.0,1.0,0.0,1.0,0.0,0.9509493951807197,0.049050603285710315,0.0,1.0,1.0,0.0,1.0,0.0,1.0,0.0,1.0,0.0,0.0,1.0,0.0,0.0,0.0,1.0,0.0,0.0,1.0,0.0,0.0,0.0,1.0,0.0,1.0,0.0,0.0,0.0,1.0,0.0,0.0,1.0,0.0,1.0,0.0,1.0,0.0,0.0,1.0,1.0,0.0,0.0,0.0,0.8216936342649297,0.1783063688867137,1.0,0.0
0.8131808278867103,0.5388145183814415,0.9481481481481482,0.6905572096980008,0.1538461538461538,0.4,0.5,0.2682926829268293,0.725190839694656,0.2290322580645161,0.4836879432624112,0.7624113475177303,0.9797495618588588,0.1538461538461539,0.3226600985221675,0.1446488829135613,0.0,1.0,1.0,0.0,0.0,1.0,1.0,0.0,1.0,0.0,0.7064523946617818,0.29354760941123714,1.0,0.0,0.0,1.0,1.0,0.0,0.0,1.0,0.0,0.0,0.0,1.0,0.0,0.0,1.0,0.0,0.0,0.0,1.0,0.0,0.0,1.0,0.0,0.0,1.0,0.0,0.0,0.0,1.0,1.0,0.0,1.0,0.0,0.0,1.0,1.0,0.0,0.0,0.0,0.8215767243024253,0.1784232777806189,1.0,0.0
0.9526143790849672,0.3390469660610216,0.8296296296296297,0.4709698000850701,0.1538461538461538,0.2,0.2,0.3336801592937807,0.0,0.1032258064516128,0.5063829787234042,0.2624113475177305,0.691358024691358,0.1153846153846154,0.2807881773399014,0.0342809968378918,1.0,0.0,0.0,1.0,1.0,0.0,1.0,0.0,0.0,1.0,1.0,0.0,1.0,0.0,0.0,1.0,1.0,0.0,0.0,1.0,0.0,0.0,0.1553571345205476,0.7642857226135266,0.0285713911264905,0.0517857529556032,0.0,1.0,0.0,0.0,1.0,0.0,1.0,0.0,0.0,0.0,0.705882358898166,0.2445820313646041,0.04953560984130534,0.0,1.0,1.0,0.0,1.0,0.0,1.0,0.0,0.6150234354062387,0.3427225980323797,0.0046955331832511,0.0375584382194098,0.8215765913399178,0.1784234176334499,0.7653062272279673,0.2346937673691052
0.6356209150326798,0.533081933493315,0.8185185185185186,0.6225010633772862,0.3076923076923077,0.2,0.2,0.1869918699186991,0.7557251908396942,0.2129032258064516,0.4695035460992907,0.3510638297872339,0.5802469135802468,0.2596153846153846,0.5049261083743842,0.0388796587577113,1.0,0.0,1.0,0.0,0.7131537370506993,0.28684626225979015,1.0,0.0,0.0,1.0,1.0,0.0,1.0,0.0,0.0,1.0,1.0,0.0,0.0,1.0,0.0,0.0,1.0,0.0,0.0,0.0,1.0,0.0,0.0,0.0,1.0,0.0,1.0,0.0,0.0,0.0,1.0,0.0,0.0,1.0,0.0,1.0,0.0,0.9952689537854619,0.004731046286455265,0.0,1.0,0.615023422392581,0.3427229659423514,0.0046949932213746,0.0375586209611137,0.8215766135499014,0.1784233943625874,0.7653060979698378,0.234693903237232
0.8229847494553377,0.3387041480973602,0.8333333333333333,0.4736282433007231,0.1538461538461538,0.4135570517792627,0.4,0.040650406504065,0.7557251908396942,0.1677419354838709,0.6595744680851064,0.726950354609929,0.8641975308641974,0.1538461538461539,0.3004926108374384,0.1078595875550048,0.0,1.0,1.0,0.0,1.0,0.0,1.0,0.0,0.0,1.0,1.0,0.0,0.0,1.0,1.0,0.0,1.0,0.0,0.0,1.0,0.0,0.0,0.0,1.0,0.0,0.0,1.0,0.0,0.0,0.0,1.0,0.0,1.0,0.0,0.0,0.0,1.0,0.0,0.0,0.0,1.0,1.0,0.0,0.9952689507033036,0.004731049564660084,1.0,0.0,1.0,0.0,0.0,0.0,0.821576660156976,0.1784233452790204,0.7664222178812301,0.23357777806821256
0.7162997702553704,0.6232430579362358,0.7370370370370372,0.6012335176520629,0.2366522083839502,0.6308863104951695,0.6000000000000001,0.1869918699186991,0.7709923664122136,0.1580645161290322,0.3347517730496453,0.33073559145315773,0.6419753086419753,0.0673076923076922,0.4729064039408867,0.0342809968378918,1.0,0.0,1.0,0.0,1.0,0.0,1.0,0.0,1.0,0.0,0.7064524287830538,0.29354757330277637,0.0,1.0,1.0,0.0,1.0,0.0,1.0,0.0,0.0,0.0,0.0,1.0,0.0,0.0,0.0,1.0,0.0,0.0,0.0,1.0,1.0,0.0,0.0,0.0,1.0,0.0,0.0,0.0,1.0,1.0,0.0,1.0,0.0,0.5772971698304536,0.42270283016932186,1.0,0.0,0.0,0.0,0.821576510662183,0.1784235026724874,1.0,0.0
0.7314814814814815,0.203976688378471,0.7777777777777779,0.3236920459378987,0.1538461538461538,0.4,0.4,0.1056910569105691,0.8320610687022896,0.0451612903225806,0.4432691129732407,0.3475177304964536,0.5802469135802468,0.1826923076923077,0.3201970443349754,0.0434783206775309,0.0,1.0,1.0,0.0,1.0,0.0,1.0,0.0,0.0,1.0,1.0,0.0,0.0,1.0,0.0,1.0,1.0,0.0,0.0830388685589049,0.577738527192124,0.2102473416054525,0.1289752623109538,0.155357151071438,0.7642857169533047,0.0285714138625796,0.051785717696715,0.8621908204306483,0.0883392087890447,0.0194346417117217,0.0300353288553739,1.0,0.0,1.0,0.0,0.0,0.0,1.0,0.0,0.0,0.0,1.0,1.0,0.0,1.0,0.0,1.0,0.0,0.615023605883474,0.342722865747914,0.0046948260470837,0.0375586992174977,0.8215765869304292,0.1784234223814655,0.7664222159139721,0.23357778440343813
0.7521786492374728,0.2931093589304079,0.8074074074074074,0.415142492556359,0.1538461538461538,0.6000000000000001,0.6000000000000001,0.5121951219512195,0.8473282442748089,0.1870967741935484,0.7531914893617021,0.2907801418439717,0.6049382716049381,0.1346153846153845,0.2068965517241379,0.1722408544324787,0.4757439488449082,0.5242560508501799,1.0,0.0,0.0,1.0,1.0,0.0,0.0,1.0,1.0,0.0,0.0,1.0,0.0,1.0,0.0,1.0,0.0,1.0,0.0,0.0,0.0,1.0,0.0,0.0,1.0,0.0,0.0,0.0,1.0,0.0,1.0,0.0,0.0,0.0,1.0,0.0,0.0,0.3180099500004475,0.6819900507096541,0.9418140602622066,0.058185951621569476,1.0,0.0,0.0,1.0,0.0,1.0,0.0,0.0,1.0,0.0,0.0,1.0
0.5849673202614379,0.2739115529653754,0.6444444444444444,0.2875372182050191,0.1538461538461538,0.5,0.4,0.5934959349593496,0.7862595419847329,0.1935483870967742,0.1900709219858156,0.4432624113475176,0.6419753086419753,0.0673076923076922,0.4730767588110651,0.0342809968378918,1.0,0.0,1.0,0.0,0.7131537143178506,0.28684628621477204,1.0,0.0,0.0,1.0,1.0,0.0,0.0,1.0,0.0,1.0,1.0,0.0,0.0472238249744763,0.6150820379999095,0.21862655662441832,0.11906758061856748,0.0,1.0,0.0,0.0,1.0,0.0,0.0,0.0,1.0,0.0,0.0,0.0,1.0,0.0,0.7058823651821902,0.24458203865779082,0.04953559544723041,1.0,0.0,1.0,0.0,1.0,0.0,1.0,0.0,1.0,0.0,0.0,0.0,0.0,1.0,0.7653059078835347,0.2346941034013339
0.4199346405228758,0.40861553418171265,0.5703703703703704,0.3407060825180774,0.1538461538461538,0.5,0.3,0.4308943089430894,0.7557251908396942,0.37565404367976274,0.5290780141843971,0.3439716312056735,0.4444444444444444,0.2019230769230768,0.5172413793103449,0.5217391603387654,1.0,0.0,1.0,0.0,1.0,0.0,1.0,0.0,0.3811126492563216,0.6188873497157789,0.7064525163918758,0.2935474806513466,1.0,0.0,0.0,1.0,1.0,0.0,0.0,1.0,0.0,0.0,0.16293180803060692,0.8041675871848597,0.006151157596657741,0.02674947444439213,0.9020562852178645,0.08271413364275304,0.005704904875618255,0.00952471527626042,1.0,0.0,1.0,0.0,0.0,0.0,1.0,0.0,0.0,1.0,0.0,1.0,0.0,1.0,0.0,0.5718518637968703,0.4281481355725584,0.6150237544874624,0.3427227623321069,0.004694742910831,0.0375587335737462,0.8215768244755531,0.178423172341419,0.7653062291252389,0.2346937653817374
0.593681917211329,0.4573191635241687,0.6814814814814816,0.4517811389212204,0.0769230769230769,0.5,0.6000000000000001,0.3116785588627241,0.725190839694656,0.1865867937415834,0.4113475177304965,0.5744680851063828,0.765432098765432,0.1442307692307691,0.6970443349753694,0.0342809968378918,0.0,1.0,0.0,1.0,0.0,1.0,1.0,0.0,1.0,0.0,0.0,1.0,0.0,1.0,0.0,1.0,1.0,0.0,0.0,1.0,0.0,0.0,0.0,1.0,0.0,0.0,1.0,0.0,0.0,0.0,0.9344973667126446,0.06550263308115978,0.0,0.0,1.0,0.0,1.0,0.0,0.0,0.31800997221278593,0.6819900273092283,1.0,0.0,0.9952689452960876,0.004731055260241979,1.0,0.0,0.615023367127773,0.342722869859664,0.0046948257454809,0.0375589542960478,0.0,1.0,0.7653060654476151,0.2346939375768156
0.9564270152505446,0.3863558450462804,0.8557529090253677,0.5108464483198638,0.1538461538461538,0.5,0.4,0.371097074015885,0.7938931297709919,0.2774193548387096,0.6113475177304963,0.2624113475177305,0.625759132483564,0.0576923076923077,0.6133004926108374,0.0710702921964483,1.0,0.0,1.0,0.0,1.0,0.0,1.0,0.0,0.0,1.0,1.0,0.0,1.0,0.0,0.0,1.0,1.0,0.0,0.0,1.0,0.0,0.0,0.0,1.0,0.0,0.0,1.0,0.0,0.0,0.0,1.0,0.0,1.0,0.0,0.0,0.0,1.0,0.0,0.0,0.0,1.0,1.0,0.0,0.9952689413369052,0.004731059369786905,1.0,0.0,0.626395089831187,0.34249607585157205,0.0032837656128453796,0.02782508421098595,0.8216936255260797,0.17830637547029782,0.7653061360251828,0.2346938632286905
0.6666666666666667,0.2660267398011655,0.7407407407407407,0.3460229689493832,0.1538461538461538,0.5,0.5,0.3170731707317072,0.7557251908396942,0.0483870967741935,0.3177304964539007,0.3085106382978722,0.4567901234567901,0.3173076923076923,0.3793103448275862,0.0434783206775309,0.0,1.0,1.0,0.0,0.7131537182779639,0.2868462820407568,1.0,0.0,1.0,0.0,0.0,1.0,0.0,1.0,0.0,1.0,1.0,0.0,0.0,0.0,1.0,0.0,0.0,1.0,0.0,0.0,1.0,0.0,0.0,0.0,1.0,0.0,0.0,0.0,1.0,0.0,1.0,0.0,0.0,1.0,0.0,1.0,0.0,1.0,0.0,0.0,1.0,1.0,0.0,0.0,0.0,0.8215765817620542,0.1784234278125335,0.7653061837854487,0.2346938130472898
0.778322440087146,0.3596160438806993,0.8481481481481481,0.5044661846022968,0.1538461538461538,0.6000000000000001,0.4,0.5121951219512195,0.7862595419847329,0.2774193548387096,0.5103421451698807,0.3936170212765957,0.679012345679012,0.1057692307692308,0.5689655172413793,0.1032609256351852,1.0,0.0,1.0,0.0,1.0,0.0,0.9509493812707621,0.04905061796447763,1.0,0.0,1.0,0.0,0.0,1.0,0.0,1.0,1.0,0.0,0.0,1.0,0.0,0.0,0.0,1.0,0.0,0.0,1.0,0.0,0.0,0.0,1.0,0.0,0.7380737893858975,0.11135702737153164,0.15054836181004894,2.121224585582837e-05,1.0,0.0,0.0,1.0,0.0,1.0,0.0,1.0,0.0,1.0,0.0,0.6150235003742437,0.3427229432893418,0.0046943693861122,0.0375592005417597,1.0,0.0,0.7653062300490391,0.2346937642380078
0.8382352941176472,0.654782310593075,0.8314759658769041,0.7001276052743513,0.1538461538461538,0.5,0.5,0.1869918699186991,0.7930561886051029,0.3064516129032258,0.574468085106383,0.4255319148936169,0.7037037037037037,0.1538461538461539,0.2881773399014778,0.0388796587577113,1.0,0.0,1.0,0.0,1.0,0.0,1.0,0.0,0.0,1.0,1.0,0.0,0.0,1.0,0.0,1.0,1.0,0.0,0.0830388716481732,0.5777385238100337,0.2102473366100218,0.1289752676587047,0.1553571495885343,0.7642857144467112,0.028571420906948,0.0517857147090955,0.9020562235175485,0.08271413233118874,0.005704911539242019,0.00952472270662763,1.0,0.0,1.0,0.0,0.0,0.0,1.0,0.0,0.0,0.0,1.0,1.0,0.0,1.0,0.0,0.0,1.0,1.0,0.0,0.0,0.0,0.8215765322087518,0.1784234799448996,0.7664222144642193,0.23357779164851367
0.8611111111111112,0.5066849502913952,0.8222222222222222,0.6044236495108464,0.1538461538461538,0.3,0.2,0.1869918699186991,0.7938931297709919,0.1612903225806451,0.3957446808510638,0.3049645390070921,0.6172839506172838,0.2692307692307691,0.396551724137931,0.0342809968378918,0.4757439534693916,0.5242560459726495,1.0,0.0,1.0,0.0,1.0,0.0,0.3811126244127555,0.618887375953878,1.0,0.0,1.0,0.0,0.5038639531339105,0.49613604873121553,0.5115029894065322,0.48849700829938936,0.0,1.0,0.0,0.0,0.0,0.0,0.0,1.0,1.0,0.0,0.0,0.0,1.0,0.0,1.0,0.0,0.0,0.0,1.0,0.0,0.0,0.0,1.0,1.0,0.0,0.9952689764772125,0.00473102239190093,1.0,0.0,1.0,0.0,0.0,0.0,0.8215764505144039,0.1784235659945384,0.0,1.0
0.3142701525054466,0.4052108330476516,0.5333333333333333,0.2843470863462356,0.1538461538461538,0.5,0.4,0.1707317073170731,0.9770992366412212,0.2838709677419355,0.5361702127659574,0.5248226950354606,0.6666666666666665,0.221153846153846,0.5270935960591133,0.1492475448333808,0.0,1.0,0.6919504584108436,0.3080495419098557,1.0,0.0,0.9509493432190735,0.04905065806093234,1.0,0.0,1.0,0.0,0.0,1.0,0.0,1.0,1.0,0.0,0.0,1.0,0.0,0.0,1.0,0.0,0.0,0.0,1.0,0.0,0.0,0.0,1.0,0.0,1.0,0.0,0.0,0.0,1.0,0.0,0.0,0.0,1.0,1.0,0.0,1.0,0.0,0.0,1.0,0.6150234487346737,0.3427230254557876,0.0046946987286281,0.0375588329940155,0.8215767038698985,0.178423299297722,0.7664222119834387,0.23357778997518552
0.8698257080610022,0.0,0.8962962962962964,0.209910676307954,0.2307692307692307,0.2,0.2,0.2538091701762333,0.7709923664122136,0.1354838709677419,0.4581560283687943,0.4205883694632451,0.7407407407407405,0.096153846153846,0.3497536945812808,0.0342809968378918,1.0,0.0,0.0,1.0,1.0,0.0,1.0,0.0,0.0,1.0,0.7064524850134771,0.2935475138694871,1.0,0.0,0.0,1.0,1.0,0.0,0.0,1.0,0.0,0.0,0.0,1.0,0.0,0.0,0.9020562364954675,0.08271412452817073,0.005704894952273998,0.00952471813065614,0.934497362273849,0.0655026377296225,1.0,0.0,0.0,0.0,1.0,0.0,0.0,0.0,1.0,1.0,0.0,1.0,0.0,1.0,0.0,0.6150232286173962,0.3427228208169075,0.0046945284861937,0.0375594603036562,0.8216936290786259,0.17830637143965233,0.7653062058480595,0.2346937898212081
0.4722222222222222,0.2797394583476174,0.5962962962962963,0.26095278604849,0.1538461538461538,0.6000000000000001,0.4,0.4308943089430894,0.8625954198473282,0.3193548387096774,0.6382978723404255,0.25886524822695,0.5679012345679013,0.096153846153846,0.5024630541871922,0.13264538463346837,1.0,0.0,1.0,0.0,1.0,0.0,1.0,0.0,1.0,0.0,1.0,0.0,0.4222561052354715,0.5777438943532205,0.0,1.0,1.0,0.0,0.0,1.0,0.0,0.0,0.0,1.0,0.0,0.0,1.0,0.0,0.0,0.0,1.0,0.0,1.0,0.0,0.0,0.0,1.0,0.0,0.0,0.0,1.0,1.0,0.0,0.9952689477366947,0.00473105266165097,1.0,0.0,1.0,0.0,0.0,0.0,0.8215767727878901,0.1784232266978838,0.7653061126344013,0.2346938878158611
0.6062091503267975,0.2194034967432293,0.6555555555555557,0.26095278604849,0.1538461538461538,0.2,0.2,0.1056910569105691,0.7709923664122136,0.2064516129032257,0.3148936170212766,0.8439716312056738,0.2222222222222221,0.721153846153846,0.6748768472906403,0.0342809968378918,1.0,0.0,1.0,0.0,1.0,0.0,0.0,1.0,0.0,1.0,1.0,0.0,0.0,1.0,1.0,0.0,1.0,0.0,0.0830388634500602,0.5777385275930651,0.2102473366460918,0.1289752725125353,0.155357162391685,0.7642857063014937,0.0285714367959833,0.0517856931349102,0.8621907968492346,0.0883392187097363,0.0194346586222848,0.0300353265154267,1.0,0.0,1.0,0.0,0.0,0.0,1.0,0.0,0.0,1.0,0.0,1.0,0.0,1.0,0.0,1.0,0.0,1.0,0.0,0.0,0.0,0.8215767604238764,0.1784232397713033,1.0,0.0
0.9133986928104576,0.6023311621528967,0.837037037037037,0.7022543598468736,0.1538461538461538,0.5,0.4,0.4027096522423814,0.7709923664122136,0.4774193548387097,0.7631205673758864,0.3510638297872339,0.6419753086419753,0.1442307692307691,0.4680482994162703,0.0618729683568091,1.0,0.0,1.0,0.0,1.0,0.0,1.0,0.0,0.0,1.0,0.7064525038867233,0.2935474938726579,1.0,0.0,0.0,1.0,0.0,1.0,0.0830388653211882,0.5777385204373322,0.2102473446584739,0.1289752698000709,0.155357128804408,0.7642857161686643,0.028571434304829,0.0517857216160165,0.8621908080498798,0.0883392293562486,0.0194346267775257,0.0300353358767492,1.0,0.0,1.0,0.0,0.0,0.0,1.0,0.0,0.0,0.3180099655007105,0.6819900343591995,1.0,0.0,0.9952689624475995,0.004731037156686879,1.0,0.0,0.6150236163546033,0.3427229883910175,0.0046946162594619,0.0375587743199524,0.8215766857346997,0.1784233183815832,0.7653059591884418,0.2346940494014616
0.5049019607843137,0.5317106616386698,0.8148148148148149,0.6171841769459804,0.0769230769230769,0.2,0.2,0.34243919920036797,0.7557251908396942,0.1935483870967742,0.3148936170212766,0.5760954218219194,0.7407407407407405,0.2403846153846152,0.5,0.05267564451717,0.0,1.0,0.0,1.0,1.0,0.0,0.9509493621806707,0.04905063810044996,0.3811126083436299,0.6188873928920254,1.0,0.0,1.0,0.0,0.0,1.0,1.0,0.0,0.0,1.0,0.0,0.0,0.0,1.0,0.0,0.0,1.0,0.0,0.0,0.0,1.0,0.0,1.0,0.0,0.0,0.0,1.0,0.0,0.0,0.0,1.0,1.0,0.0,1.0,0.0,1.0,0.0,0.6263950739452205,0.342496078485083,0.0032855112048071344,0.027823347796183118,0.8215764297321988,0.178423587858706,0.0,1.0
0.7374727668845316,0.3565306822077476,0.8703703703703705,0.5214802211824755,0.0769230769230769,0.2,0.2,0.1056910569105691,0.7557251908396942,0.1032258064516128,0.2113475177304964,0.6808510638297871,0.7037037037037037,0.2403846153846152,0.3990147783251231,0.0342809968378918,0.0,1.0,0.0,1.0,1.0,0.0,1.0,0.0,0.0,1.0,1.0,0.0,1.0,0.0,0.0,1.0,1.0,0.0,0.0830388655189094,0.5777385273462163,0.2102473339269756,0.1289752733257592,0.16293176590657676,0.8041675866370809,0.006151087378870712,0.026749552892538664,0.862190814503104,0.088339213033579,0.0194346281522557,0.0300353447225386,1.0,0.0,1.0,0.0,0.0,0.0,1.0,0.0,0.0,0.0,1.0,1.0,0.0,1.0,0.0,0.0,1.0,0.6150230855640548,0.3427228261963156,0.0046951486574996,0.0375589724759191,0.8215764142784941,0.1784236041318081,0.0,1.0
0.6748366013071896,0.4484058964689749,0.7733333333333334,0.5087196937473415,0.2307692307692307,0.2,0.2,0.3124858254737161,0.725190839694656,0.2,0.4141843971631205,0.6631205673758864,0.6543209876543208,0.3173076923076923,0.8029556650246304,0.0388796587577113,1.0,0.0,0.0,1.0,0.7131537332677783,0.28684626624448095,1.0,0.0,0.0,1.0,1.0,0.0,1.0,0.0,0.0,1.0,1.0,0.0,0.0,1.0,0.0,0.0,0.0,1.0,0.0,0.0,1.0,0.0,0.0,0.0,0.934497359857894,0.06550264030644948,1.0,0.0,0.0,0.0,1.0,0.0,0.0,1.0,0.0,1.0,0.0,0.9952689273128056,0.004731074163209281,1.0,0.0,0.615023210235992,0.3427228603177756,0.0046952253961357,0.0375587227375184,0.8215765978396355,0.1784234108996568,0.7664222102618113,0.233577792164254
0.7802466572362056,0.3613301336990058,0.8296296296296297,0.4895789025946406,0.0769230769230769,0.3,0.3,0.1869918699186991,0.7557251908396942,0.2064516129032257,0.723404255319149,0.3191489361702124,0.6543209876543208,0.0576923076923077,0.2783251231527094,0.0342809968378918,1.0,0.0,1.0,0.0,1.0,0.0,1.0,0.0,0.0,1.0,1.0,0.0,0.0,1.0,0.0,1.0,0.0,1.0,0.0,1.0,0.0,0.0,0.0,1.0,0.0,0.0,1.0,0.0,0.0,0.0,1.0,0.0,1.0,0.0,0.0,0.0,1.0,0.0,0.0,0.0,1.0,1.0,0.0,1.0,0.0,0.0,1.0,0.6150235086729945,0.3427229505186819,0.0046945681582926,0.0375589811796227,0.8215766571632247,0.1784233485104095,0.7653060457087322,0.2346939584218365
0.7941176470588236,0.7374014398354473,0.8074074074074074,0.7766907698851552,0.16217180490086788,0.3,0.3,0.3205300071318525,0.7559546080733466,0.1419354838709677,0.2283687943262411,0.3262411347517728,0.5925925925925926,0.1442307692307691,0.4211822660098522,0.0388796587577113,1.0,0.0,0.0,1.0,1.0,0.0,1.0,0.0,0.0,1.0,1.0,0.0,0.0,1.0,0.5038639762896043,0.4961360243276197,1.0,0.0,0.0,1.0,0.0,0.0,0.1553571396217113,0.7642857161787171,0.0285714323865036,0.0517857118730047,1.0,0.0,0.0,0.0,1.0,0.0,1.0,0.0,0.0,0.0,1.0,0.0,0.0,1.0,0.0,1.0,0.0,1.0,0.0,1.0,0.0,0.6150233189906117,0.3427228726358502,0.0046949682789568,0.037558856442176,0.8215764483358208,0.1784235682994326,0.7653058725221337,0.2346941406101351
0.6410675381263616,0.1885498800137127,0.7333333333333334,0.2854104636324968,0.1538461538461538,0.5477200760191802,0.5,0.431773655533929,0.7862595419847329,0.332258064516129,0.6808510638297872,0.3120567375886522,0.5432098765432098,0.1923076923076923,0.4162561576354679,0.0710702921964483,0.0,1.0,1.0,0.0,1.0,0.0,1.0,0.0,0.0,1.0,0.7064524590751118,0.2935475412652728,0.42225610192013396,0.5777438978548993,0.0,1.0,0.0,1.0,0.0,1.0,0.0,0.0,0.1629317777211805,0.8041675931068167,0.006151164404196496,0.026749458044095564,1.0,0.0,0.0,0.0,0.9344973642928626,0.06550263563221104,0.7380758697626347,0.11135702786202739,0.1505483645424126,1.899522266046727e-05,0.0,1.0,0.0,0.0,1.0,0.94181404383579,0.05818595957652406,1.0,0.0,0.0,1.0,0.6263950925078552,0.3424960835279055,0.003283277974746812,0.027825576086657366,1.0,0.0,1.0,0.0
0.2799564270152505,0.1964346931779225,0.4703703703703704,0.1535516801361122,0.1538461538461538,0.4,0.3,0.343659285861092,0.8099688216045859,0.0548387096774193,0.7248226950354609,0.3014184397163117,0.5061728395061729,0.221153846153846,0.2266009852216748,0.0388796587577113,0.0,1.0,1.0,0.0,0.7131537338900679,0.2868462656040073,0.0,1.0,0.0,1.0,0.7064525043764512,0.29354749336629604,0.0,1.0,0.0,1.0,0.0,1.0,0.04722381711448187,0.6150820478780059,0.21862656849341733,0.11906756799876783,0.0,1.0,0.0,0.0,1.0,0.0,0.0,0.0,0.9344973734935853,0.06550262594590006,0.7380652820681647,0.11135703613074766,0.1505483633012341,3.03405041793825e-05,0.0,1.0,0.0,0.0,1.0,1.0,0.0,1.0,0.0,0.5772971568223506,0.42270284397047964,1.0,0.0,0.0,0.0,0.821576806623788,0.1784231911144944,0.7653059101243971,0.2346941010163423
0.5013336802222984,0.4405210833047651,0.6555555555555557,0.3981284559761803,0.1538461538461538,0.4,0.3,0.2682926829268293,0.7557251908396942,0.3967741935483871,0.5914893617021277,0.4326241134751771,0.4814814814814814,0.3557692307692308,0.541871921182266,0.0388796587577113,0.0,1.0,1.0,0.0,1.0,0.0,1.0,0.0,0.0,1.0,1.0,0.0,1.0,0.0,0.0,1.0,1.0,0.0,1.0,0.0,0.0,0.0,0.0,1.0,0.0,0.0,1.0,0.0,0.0,0.0,1.0,0.0,1.0,0.0,0.0,0.0,1.0,0.0,0.0,0.0,1.0,1.0,0.0,1.0,0.0,1.0,0.0,0.6263951560458155,0.3424960616030843,0.003282197120085706,0.027826678034984398,0.0,1.0,0.7653059807133012,0.23469402681602
0.326797385620915,0.1395269112101474,0.5185185185185185,0.1492981709910676,0.1538461538461538,0.8,0.7000000000000001,0.2520325203252032,0.8484294163098189,0.4388144585722138,0.7035460992907802,0.1950354609929077,0.3950617283950617,0.2980769230769231,0.438423645320197,0.2688127547486895,0.0,1.0,1.0,0.0,1.0,0.0,1.0,0.0,0.0,1.0,1.0,0.0,0.0,1.0,1.0,0.0,0.5115029310505745,0.4884970697476281,0.0,1.0,0.0,0.0,0.0,1.0,0.0,0.0,1.0,0.0,0.0,0.0,0.0,1.0,0.0,0.0,1.0,0.0,1.0,0.0,0.0,0.0,1.0,1.0,0.0,0.9952689652085879,0.004731034266864498,0.0,1.0,1.0,0.0,0.0,0.0,0.8215766742761457,0.1784233304119133,1.0,0.0
0.6699346405228759,0.2482002056907781,0.7037037037037037,0.3088047639302424,0.1538461538461538,0.20380786438918475,0.2,0.1795523419594777,0.7709923664122136,0.1258064516129032,0.0,0.4251840271348653,0.6693348684165703,0.125,0.5369458128078818,0.0342809968378918,0.0,1.0,0.0,1.0,1.0,0.0,1.0,0.0,0.0,1.0,1.0,0.0,0.4222561037073802,0.5777438959105365,0.0,1.0,1.0,0.0,0.0,1.0,0.0,0.0,0.0,1.0,0.0,0.0,1.0,0.0,0.0,0.0,1.0,0.0,1.0,0.0,0.0,0.0,1.0,0.0,0.0,0.0,1.0,1.0,0.0,1.0,0.0,0.0,1.0,0.6150231168489668,0.3427228495867999,0.0046949823716307,0.0375590847917135,0.8216936282560954,0.17830638703542045,0.0,1.0
0.9368191721132898,0.5368398890219835,0.9037037037037036,0.6863037005529561,0.0769230769230769,0.7000000000000001,0.5,0.4693008687722325,0.8167938931297707,0.4290322580645161,0.7280021839117818,0.3865248226950353,0.5555555555555554,0.1153846153846154,0.2684729064039409,0.0342809968378918,1.0,0.0,0.0,1.0,1.0,0.0,1.0,0.0,0.0,1.0,1.0,0.0,0.0,1.0,0.0,1.0,0.0,1.0,0.0,1.0,0.0,0.0,0.0,0.0,0.0,1.0,1.0,0.0,0.0,0.0,0.0,1.0,1.0,0.0,0.0,0.0,1.0,0.0,0.0,1.0,0.0,1.0,0.0,1.0,0.0,1.0,0.0,0.6150232497368106,0.3427229725965032,0.0046941749053706,0.0375596399853513,0.8215765454771148,0.1784234659803343,0.7664221882243595,0.23357782469980293
0.7238562091503268,0.7544206218763204,0.7925925925925925,0.7479795831561037,0.20939247792029844,0.6000000000000001,0.4,0.3809396187888892,0.7557251908396942,0.3354838709677419,0.5634193455736114,0.606012438662554,0.7160493827160492,0.3365384615384614,0.5098522167487685,0.2458194451495917,0.0,1.0,1.0,0.0,1.0,0.0,1.0,0.0,0.38111264352479757,0.6188873557567164,1.0,0.0,0.4222560995517207,0.5777439003716449,0.5038639841008945,0.4961360160891235,1.0,0.0,0.0,1.0,0.0,0.0,0.0,1.0,0.0,0.0,1.0,0.0,0.0,0.0,1.0,0.0,1.0,0.0,0.0,0.0,1.0,0.0,0.0,1.0,0.0,1.0,0.0,1.0,0.0,0.5772971728049467,0.4227028270860461,1.0,0.0,0.0,0.0,1.0,0.0,0.7664222079290366,0.23357779287828906
0.684640522875817,0.4175819422028433,0.7783385702411898,0.4895789025946406,0.0,0.6152496627222616,0.5,0.2926829268292683,0.7938931297709919,0.3483870967741935,0.8113475177304964,0.2411347517730493,0.5061728395061729,0.14043975259966773,0.3571428571428571,0.0342809968378918,1.0,0.0,1.0,0.0,1.0,0.0,1.0,0.0,0.0,1.0,1.0,0.0,0.0,1.0,0.0,1.0,0.0,1.0,0.0,1.0,0.0,0.0,0.1629317836165578,0.8041675894770917,0.006151087121861409,0.02674953647498657,1.0,0.0,0.0,0.0,1.0,0.0,1.0,0.0,0.0,0.0,1.0,0.0,0.0,0.0,1.0,1.0,0.0,1.0,0.0,0.5718518525834606,0.4281481473766498,0.6150236090170808,0.3427228859023054,0.0046946114784456,0.0375588950806288,0.8216936286287622,0.17830637701188334,0.7653060674390371,0.234693935409054
0.6840958605664489,0.5824477202605416,0.9037037037037036,0.7660569970225435,0.1473244787814594,0.4,0.4,0.3495934959349593,0.8015267175572518,0.1419354838709677,0.4320650205001202,0.6666666666666665,0.8518518518518516,0.1826923076923077,0.6650246305418719,0.0572743064369896,0.0,1.0,1.0,0.0,0.0,1.0,1.0,0.0,0.0,1.0,1.0,0.0,1.0,0.0,0.0,1.0,1.0,0.0,0.083038860187418,0.5777385246560011,0.2102473372629234,0.1289752785035687,0.1553571399943107,0.7642857168849038,0.0285714305409956,0.0517857126061527,0.862190818107889,0.0883392134213454,0.0194346192375665,0.0300353495538291,1.0,0.0,0.0,0.0,1.0,0.0,1.0,0.0,0.0,0.0,1.0,1.0,0.0,1.0,0.0,1.0,0.0,0.6150236132102678,0.3427229502701832,0.0046949511430098,0.0375584737888287,0.8216936186805577,0.17830639196816256,0.7653061569062057,0.2346938411259093
0.3698257080610022,0.3692149468632156,0.562962962962963,0.2875372182050191,0.1538461538461538,0.7000000000000001,0.8,0.2682926829268293,0.7938931297709919,0.4419354838709677,0.7645390070921986,0.5638297872340423,0.6666666666666665,0.1923076923076923,0.5911330049261084,0.05267564451717,0.0,1.0,1.0,0.0,0.7131537161397898,0.28684628428939607,1.0,0.0,0.0,1.0,0.0,1.0,1.0,0.0,1.0,0.0,0.0,1.0,0.0,0.0,0.0,1.0,0.0,1.0,0.0,0.0,1.0,0.0,0.0,0.0,1.0,0.0,0.0,1.0,0.0,0.0,1.0,0.0,0.0,0.0,1.0,1.0,0.0,1.0,0.0,1.0,0.0,0.6150235781178828,0.3427230384912902,0.0046950887414005,0.0375582770820364,0.8215766277867561,0.1784233793184179,0.7653063004554221,0.2346936902031362
0.4351851851851852,0.377785395954748,0.6592592592592592,0.3619736282433007,0.1538461538461538,0.5,0.3,0.1056910569105691,0.7862595419847329,0.2838709677419355,0.4482269503546099,0.51063829787234,0.6172839506172838,0.2403846153846152,0.5332144173587003,0.0342809968378918,1.0,0.0,1.0,0.0,1.0,0.0,0.9509493901753843,0.04905060859014343,0.0,1.0,1.0,0.0,1.0,0.0,0.0,1.0,1.0,0.0,0.0,0.0,0.0,1.0,0.0,1.0,0.0,0.0,1.0,0.0,0.0,0.0,1.0,0.0,1.0,0.0,0.0,0.0,1.0,0.0,0.0,0.0,1.0,1.0,0.0,1.0,0.0,1.0,0.0,0.6150235576566466,0.3427228911921819,0.0046954083218773,0.0375581260664271,0.8215765776124773,0.1784234321420623,0.7664222111764822,0.23357778460541545
0.7222222222222222,0.4309221803222488,0.7555555555555555,0.4789451297320289,0.0769230769230769,0.4,0.4,0.3739456619870533,0.7557251908396942,0.2193548387096774,0.64822695035461,0.2907801418439717,0.6296296296296295,0.1057692307692308,0.43205181136595516,0.0388796587577113,1.0,0.0,0.0,1.0,0.0,1.0,1.0,0.0,0.0,1.0,1.0,0.0,0.0,1.0,0.0,1.0,1.0,0.0,0.0,1.0,0.0,0.0,0.0,1.0,0.0,0.0,1.0,0.0,0.0,0.0,0.9344973694269967,0.06550263019818026,1.0,0.0,0.0,0.0,1.0,0.0,0.0,0.0,1.0,1.0,0.0,1.0,0.0,1.0,0.0,0.615023341486189,0.3427228092799111,0.0046947318179357,0.0375591420168932,0.821576693516965,0.1784233101891524,0.7653060634007403,0.2346939397390367
0.7892156862745099,0.3959547480287966,0.8185185185185186,0.5087196937473415,0.3846153846153846,0.4,0.5,0.1300813008130081,0.8015267175572518,0.0774193548387096,0.3957446808510638,0.429078014184397,0.4691358024691356,0.3846153846153846,0.2216748768472906,0.0342809968378918,0.0,1.0,1.0,0.0,1.0,0.0,1.0,0.0,0.0,1.0,0.0,1.0,0.0,1.0,0.0,1.0,1.0,0.0,0.0,1.0,0.0,0.0,0.0,1.0,0.0,0.0,1.0,0.0,0.0,0.0,1.0,0.0,1.0,0.0,0.0,0.0,1.0,0.0,0.0,1.0,0.0,1.0,0.0,0.995268948853422,0.004731051464503255,0.0,1.0,0.6263950536091563,0.34249608109633567,0.0032837391082359835,0.027825154155129872,0.821693627011477,0.17830638050392933,1.0,0.0
0.6897999119190953,0.4353788138498458,0.7222222222222223,0.4523606975754997,0.0769230769230769,0.2,0.4,0.1869918699186991,0.7709923664122136,0.164516129032258,0.5106382978723405,0.407801418439716,0.7019723769074878,0.0673076923076922,0.3423645320197044,0.0342809968378918,1.0,0.0,1.0,0.0,0.7131537367742837,0.2868462625486925,1.0,0.0,0.0,1.0,0.0,1.0,1.0,0.0,0.0,1.0,1.0,0.0,0.0,1.0,0.0,0.0,0.0,1.0,0.0,0.0,1.0,0.0,0.0,0.0,1.0,0.0,1.0,0.0,0.0,0.0,1.0,0.0,0.0,1.0,0.0,0.9418140507243751,0.05818595297616336,1.0,0.0,0.5772971798980113,0.422702819615861,0.6150234865605484,0.3427230177810838,0.0046946626113882,0.0375588366006823,0.8215766391974917,0.1784233673745283,0.7653061750522032,0.2346938222872945
0.6813725490196079,0.3061364415495372,0.6777777777777778,0.3300723096554657,0.1538461538461538,0.5,0.4,0.4146341463414634,0.7709923664122136,0.1838709677419355,0.5659574468085106,0.3971631205673758,0.6780626691088946,0.0865384615384614,0.3275862068965517,0.0940636017955461,0.0,1.0,1.0,0.0,0.7131537350378244,0.286846264386285,1.0,0.0,1.0,0.0,1.0,0.0,0.0,1.0,1.0,0.0,1.0,0.0,0.0,1.0,0.0,0.0,0.0,1.0,0.0,0.0,1.0,0.0,0.0,0.0,0.9344973672098894,0.06550263254960309,1.0,0.0,0.0,0.0,1.0,0.0,0.0,0.0,1.0,1.0,0.0,1.0,0.0,1.0,0.0,0.6150234535850825,0.3427229781567862,0.0046946478617273,0.0375589289748425,0.8215767701194299,0.1784232295572588,0.7664222064439409,0.23357779049053273
0.8567538126361657,0.3644154953719575,0.925925925925926,0.5799659719268395,0.1538461538461538,0.4,0.4,0.6747967479674797,0.7862595419847329,0.2,0.3333333333333333,0.6524822695035459,0.8765432098765431,0.1538461538461539,0.2684729064039409,0.2412207832297721,0.0,1.0,1.0,0.0,1.0,0.0,1.0,0.0,0.0,1.0,1.0,0.0,0.0,1.0,1.0,0.0,1.0,0.0,0.0,1.0,0.0,0.0,1.0,0.0,0.0,0.0,0.9020562566468053,0.08271413049177923,0.005704925683385209,0.00952469594711225,1.0,0.0,1.0,0.0,0.0,0.0,1.0,0.0,0.0,0.0,1.0,0.9418140518241245,0.05818594996714366,1.0,0.0,1.0,0.0,0.6150234424383811,0.342723009491823,0.0046943567394812,0.0375592067354353,0.8215765821455274,0.1784234274267996,0.0,1.0
0.7565359477124184,0.6503256770654782,0.7905976213007968,0.6580842356318332,0.1538461538461538,0.4,0.6000000000000001,0.4552845528455285,0.778625954198473,0.1774193548387097,0.324822695035461,0.5531914893617018,0.6918997432205036,0.2403846153846152,0.458128078817734,0.0388796587577113,1.0,0.0,1.0,0.0,1.0,0.0,1.0,0.0,0.3811126213949473,0.6188873791694697,0.0,1.0,0.0,1.0,1.0,0.0,0.5115030026328089,0.4884969943953318,0.0,1.0,0.0,0.0,0.0,1.0,0.0,0.0,1.0,0.0,0.0,0.0,1.0,0.0,1.0,0.0,0.0,0.0,1.0,0.0,0.0,0.31800997228333405,0.6819900272434095,1.0,0.0,1.0,0.0,1.0,0.0,0.6150237936180544,0.3427230182372426,0.0046953076445693,0.0375578413255368,0.8215766162882453,0.1784233914834996,0.7664222066421051,0.23357780478178491
0.6465141612200436,0.3105930750771341,0.7259259259259259,0.3672905146746065,0.0769230769230769,0.4,0.4,0.3495934959349593,0.9389312977099236,0.2290322580645161,0.6184397163120566,0.3295592283202266,0.6049382716049381,0.1153846153846154,0.3399014778325123,0.0618729683568091,1.0,0.0,1.0,0.0,1.0,0.0,1.0,0.0,0.0,1.0,1.0,0.0,0.0,1.0,0.0,1.0,0.5115029630581849,0.4884970361045258,0.0,1.0,0.0,0.0,0.0,1.0,0.0,0.0,1.0,0.0,0.0,0.0,1.0,0.0,1.0,0.0,0.0,0.0,1.0,0.0,0.0,1.0,0.0,1.0,0.0,1.0,0.0,1.0,0.0,1.0,0.0,0.0,0.0,0.0,1.0,0.7653059639037619,0.2346940443943213
0.7846289970282131,0.4206220237554276,0.8925925925925926,0.5673966936181818,0.1538461538461538,0.7000000000000001,0.6000000000000001,0.42549550524410007,0.7876925959344343,0.6161290322580645,0.8103582995321859,0.5567375886524821,0.8641975308641974,0.0673076923076922,0.3866995073891626,0.1216555733144635,0.47574393597662523,0.5242560643898111,1.0,0.0,0.0,1.0,1.0,0.0,0.0,1.0,0.7064524810804458,0.29354751796659395,1.0,0.0,0.0,1.0,0.0,1.0,0.0,1.0,0.0,0.0,0.0,1.0,0.0,0.0,1.0,0.0,0.0,0.0,1.0,0.0,0.0,0.0,1.0,0.0,1.0,0.0,0.0,0.0,1.0,1.0,0.0,1.0,0.0,1.0,0.0,1.0,0.0,0.0,0.0,0.821576599740157,0.1784234088670335,0.7664222071850432,0.2335777894592328
0.474400871459695,0.3914981145011998,0.6481481481481481,0.3619736282433007,0.2307692307692307,0.6000000000000001,0.5,0.4308943089430894,0.8473282442748089,0.4019156099517077,0.7914893617021276,0.2730496453900706,0.5185185185185184,0.2403846153846152,0.6133004926108374,0.0664716302766287,1.0,0.0,1.0,0.0,1.0,0.0,1.0,0.0,0.0,1.0,1.0,0.0,1.0,0.0,0.0,1.0,0.0,1.0,0.0830388744966376,0.577738514269775,0.2102473477852496,0.1289752631705277,0.1553571489948514,0.7642857153815212,0.0285714355104671,0.0517856993682086,0.8621908067264411,0.088339227589589,0.0194346349079308,0.0300353308230113,1.0,0.0,0.0,1.0,0.0,0.0,1.0,0.0,0.0,0.0,1.0,1.0,0.0,1.0,0.0,1.0,0.0,1.0,0.0,0.0,0.0,0.8215766702631158,0.1784233346408595,0.7653060549761077,0.234693948522525
0.5332244008714597,0.3781282139184092,0.6518518518518519,0.3566567418119948,0.2307692307692307,0.6000000000000001,0.5,0.3776423308184101,0.9541984732824424,0.2935483870967741,0.7120567375886525,0.4822695035460993,0.6049382716049381,0.2403846153846152,0.2931034482758621,0.2642140928288699,1.0,0.0,0.6919504550710252,0.3080495454245733,1.0,0.0,1.0,0.0,0.0,1.0,1.0,0.0,1.0,0.0,0.0,1.0,0.5115029261742017,0.4884970750075389,0.0,1.0,0.0,0.0,0.0,1.0,0.0,0.0,1.0,0.0,0.0,0.0,0.9344973558542109,0.06550264452606225,0.0,1.0,0.0,0.0,0.705882349024578,0.24458204692509278,0.04953560422387093,0.0,1.0,1.0,0.0,1.0,0.0,1.0,0.0,0.6150237049800944,0.3427230279476313,0.0046945322190535,0.0375587227813369,0.821576687809778,0.1784233161659313,0.7653060048785543,0.2346940013261719
0.7461873638344226,0.4778882413438463,0.837037037037037,0.595916631220757,0.1538461538461538,0.47621300008098977,0.4,0.3818045081865716,0.8396946564885495,0.28893333212571254,0.652482269503546,0.3794326241134751,0.5555555555555554,0.0865384615384614,0.4064039408866995,0.1308528971541026,0.0,1.0,1.0,0.0,1.0,0.0,1.0,0.0,0.38111263145956775,0.6188873685290703,1.0,0.0,1.0,0.0,1.0,0.0,1.0,0.0,0.0,1.0,0.0,0.0,0.0,1.0,0.0,0.0,1.0,0.0,0.0,0.0,1.0,0.0,1.0,0.0,0.0,0.0,1.0,0.0,0.0,0.0,1.0,1.0,0.0,1.0,0.0,0.0,1.0,0.6150232542796124,0.3427230071651784,0.0046946846516615,0.0375590751517,0.8215767867214825,0.1784232120168754,0.7653062150636329,0.2346937800158898
0.6835511982570807,0.4281796366129584,0.8037037037037038,0.5214802211824755,0.1538461538461538,0.2,0.2,0.3038184137217563,0.7862595419847329,0.1612903225806451,0.3943262411347518,0.4680851063829787,0.7000604062534774,0.1442307692307691,0.5640394088669951,0.0342809968378918,0.0,1.0,0.6919504590148333,0.30804954126908324,1.0,0.0,1.0,0.0,0.0,1.0,1.0,0.0,1.0,0.0,0.0,1.0,1.0,0.0,0.0,1.0,0.0,0.0,0.0,1.0,0.0,0.0,1.0,0.0,0.0,0.0,1.0,0.0,0.0,1.0,0.0,0.0,1.0,0.0,0.0,1.0,0.0,1.0,0.0,1.0,0.0,1.0,0.0,0.6263950580542044,0.34249607676502725,0.0032845146972713124,0.02782435159078467,0.8216936218618737,0.17830638650706632,0.7653060845584743,0.2346939174135813
0.5272331154684096,0.334933150497086,0.6666666666666667,0.3407060825180774,0.1538461538461538,0.4,0.2,0.3134123504700541,0.8015267175572518,0.1129032258064515,0.3134751773049644,0.2695035460992905,0.382716049382716,0.2307692307692306,0.3251231527093596,0.2688127547486895,1.0,0.0,1.0,0.0,1.0,0.0,1.0,0.0,0.0,1.0,1.0,0.0,1.0,0.0,0.0,1.0,1.0,0.0,0.0,0.0,1.0,0.0,1.0,0.0,0.0,0.0,0.9020562338524094,0.08271413308411302,0.005704915541945077,0.009524724902051585,1.0,0.0,1.0,0.0,0.0,0.0,1.0,0.0,0.0,0.0,1.0,1.0,0.0,1.0,0.0,0.0,1.0,1.0,0.0,0.0,0.0,1.0,0.0,0.7653059321803368,0.2346940778167803
0.4842047930283225,0.2629413781282139,0.5851851851851853,0.2450021267545724,0.1538461538461538,0.5,0.6000000000000001,0.1869918699186991,0.7709923664122136,0.1451612903225806,0.3914893617021275,0.3191489361702124,0.5061728395061729,0.1634615384615385,0.4285714285714286,0.0342809968378918,1.0,0.0,1.0,0.0,0.0,1.0,1.0,0.0,1.0,0.0,0.0,1.0,0.0,1.0,0.0,1.0,1.0,0.0,0.0,1.0,0.0,0.0,0.0,1.0,0.0,0.0,1.0,0.0,0.0,0.0,1.0,0.0,1.0,0.0,0.0,0.0,1.0,0.0,0.0,1.0,0.0,1.0,0.0,1.0,0.0,0.5772971742148237,0.4227028256073686,0.6150236637812916,0.3427229807555944,0.0046947945805938,0.0375585480974153,0.82157665996193,0.1784233455121033,0.7653060939112899,0.2346939076011639
0.2952069716775599,0.2697977374014397,0.4370370370370371,0.1673755848575074,0.1538461538461538,0.6127410502429789,0.5,0.4231665392208587,0.852066135084566,0.2,0.7416316090354513,0.2695035460992905,0.4814814814814814,0.2488024309821528,0.4359605911330049,0.1409645433642963,0.0,1.0,0.0,1.0,0.0,1.0,1.0,0.0,0.0,1.0,1.0,0.0,1.0,0.0,0.0,1.0,0.0,1.0,0.0,0.0,1.0,0.0,0.0,1.0,0.0,0.0,1.0,0.0,0.0,0.0,1.0,0.0,0.0,1.0,0.0,0.0,1.0,0.0,0.0,0.3180099550319401,0.6819900454098122,1.0,0.0,1.0,0.0,0.0,1.0,0.6150232285430788,0.3427228316902538,0.0046949585377905,0.037559007260184,0.8215767167767825,0.1784232856943884,0.7653061182971324,0.234693881931789
0.610566448801743,0.188892697977374,0.6296296296296298,0.2279880901743938,0.2307692307692307,0.8,0.5,0.1056910569105691,0.8167938931297707,0.4548387096774193,0.7858156028368793,0.3156028368794323,0.5432098765432098,0.125,0.6403940886699507,0.0434783206775309,1.0,0.0,1.0,0.0,1.0,0.0,0.9509493449994733,0.04905065616501869,0.0,1.0,1.0,0.0,0.0,1.0,0.5038639767805246,0.49613602388433675,0.0,1.0,0.0,0.0,1.0,0.0,0.0,1.0,0.0,0.0,1.0,0.0,0.0,0.0,1.0,0.0,1.0,0.0,0.0,0.0,0.0,0.0,1.0,1.0,0.0,1.0,0.0,1.0,0.0,1.0,0.0,0.6150234589559336,0.3427228752783037,0.004695088734733,0.0375585775138493,0.8215767061111949,0.1784232968771032,0.765306031997722,0.2346939727744882
0.6230936819172114,0.565649640041138,0.7511111111111113,0.5746490854955337,0.1538461538461538,0.5626364869195754,0.7000000000000001,0.46272693144733046,0.7709923664122136,0.5032258064516129,0.5682934919831921,0.4432624113475176,0.5679012345679013,0.1923076923076923,0.6600985221674877,0.17391221482986824,0.0,1.0,1.0,0.0,0.7131537211312411,0.28684627903164805,0.9509493718846302,0.04905062787179426,0.0,1.0,0.0,1.0,1.0,0.0,1.0,0.0,1.0,0.0,0.0,1.0,0.0,0.0,0.0,1.0,0.0,0.0,0.0,1.0,0.0,0.0,1.0,0.0,1.0,0.0,0.0,0.0,1.0,0.0,0.0,0.0,1.0,1.0,0.0,1.0,0.0,0.0,1.0,0.6150232733083993,0.3427230131417881,0.0046950241225883,0.0375587002295583,0.8215767765721138,0.1784232226993871,0.7653062840039505,0.2346937074826157
0.6481481481481483,0.3088789852588275,0.6444444444444444,0.3088047639302424,0.1538461538461538,1.0,1.0,0.3170731707317072,0.8625954198473282,0.3161290322580645,0.8357244682134015,0.3758865248226948,0.6049382716049381,0.2403846153846152,0.6502463054187192,0.1078595875550048,0.0,1.0,1.0,0.0,0.0,1.0,1.0,0.0,1.0,0.0,0.0,1.0,0.0,1.0,0.5038640079786803,0.4961359909248624,0.0,1.0,0.0,0.0,1.0,0.0,0.0,1.0,0.0,0.0,1.0,0.0,0.0,0.0,1.0,0.0,0.738069108589249,0.11135703310619183,0.15054835968481783,2.631858165669243e-05,0.0,1.0,0.0,1.0,0.0,1.0,0.0,1.0,0.0,1.0,0.0,1.0,0.0,0.0,0.0,1.0,0.0,0.7653061454783787,0.2346938532749477
0.8839869281045752,0.3431607816249571,0.9060515122234363,0.5321139940450871,0.1538461538461538,0.8,0.9,0.5934959349593496,0.8473282442748089,0.3354838709677419,0.8354096290233313,0.4219858156028366,0.7530864197530864,0.125,0.3620689655172414,0.3745819789045395,0.0,1.0,1.0,0.0,1.0,0.0,1.0,0.0,0.0,1.0,0.0,1.0,0.0,1.0,1.0,0.0,0.0,1.0,0.0,0.0,1.0,0.0,0.16293178908262684,0.8041675819875106,0.006151108387404958,0.026749518858262267,1.0,0.0,0.0,0.0,1.0,0.0,1.0,0.0,0.0,0.0,1.0,0.0,0.0,0.0,1.0,0.9418140427412108,0.05818596007536281,1.0,0.0,0.0,1.0,0.6150235958415802,0.3427230681287888,0.0046946224245649,0.0375587057549786,0.8215766687020924,0.1784233362693188,0.7653061511125953,0.2346938473782032
0.4694989106753812,0.2756256427836818,0.7074074074074075,0.3300723096554657,0.1538461538461538,0.5,0.4,0.1463414634146341,0.9465648854961826,0.0903225806451612,0.7432624113475176,0.2943262411347516,0.5432098765432098,0.1442307692307691,0.1871921182266009,0.05267564451717,0.0,1.0,1.0,0.0,0.713153733400587,0.2868462660957981,0.9509493644066597,0.04905063576296265,1.0,0.0,1.0,0.0,1.0,0.0,0.0,1.0,0.0,1.0,0.0,1.0,0.0,0.0,0.0,1.0,0.0,0.0,1.0,0.0,0.0,0.0,1.0,0.0,1.0,0.0,0.0,0.0,1.0,0.0,0.0,0.0,1.0,1.0,0.0,1.0,0.0,0.5772971686281062,0.4227028315324468,0.6150234089309631,0.3427229902220313,0.004694314865428,0.0375593067964143,0.8215767315345266,0.1784232701776342,1.0,0.0
0.6525054466230937,0.3167637984230373,0.6814814814814816,0.3396427052318162,0.1538461538461538,0.4,0.2,0.1300813008130081,0.8320610687022896,0.096774193548387,0.1971631205673758,0.3254613188488477,0.4567901234567901,0.2115384615384614,0.7339901477832512,0.199832825951396,0.0,1.0,1.0,0.0,1.0,0.0,0.9509493648892711,0.049050635203629844,1.0,0.0,1.0,0.0,1.0,0.0,0.0,1.0,1.0,0.0,0.0,1.0,0.0,0.0,0.0,1.0,0.0,0.0,1.0,0.0,0.0,0.0,1.0,0.0,1.0,0.0,0.0,0.0,0.0,1.0,0.0,1.0,0.0,1.0,0.0,0.9952689783208845,0.0047310204394422906,0.5772971795874973,0.4227028199504912,0.626395010410467,0.3424960758923645,0.0032837523048798722,0.027825140901285517,0.8215766749536318,0.1784233297431096,0.7664222054482045,0.2335777949781047
0.8197167755991286,0.3921837504285224,0.9037037037037036,0.5852828583581454,0.1538461538461538,0.3,0.3,0.3495934959349593,0.7557251908396942,0.2032258064516129,0.4042553191489362,0.479105746280369,0.7022912007337021,0.2019230769230768,0.2413793103448275,0.0342809968378918,0.0,1.0,1.0,0.0,1.0,0.0,1.0,0.0,0.0,1.0,0.7064525082894109,0.29354748917825024,1.0,0.0,1.0,0.0,0.5115029927389517,0.4884970047322438,0.0,1.0,0.0,0.0,0.16293177994154862,0.8041675894934069,0.006151064298386966,0.02674957324538374,1.0,0.0,0.0,0.0,1.0,0.0,0.0,0.0,1.0,0.0,1.0,0.0,0.0,1.0,0.0,1.0,0.0,1.0,0.0,1.0,0.0,1.0,0.0,0.0,0.0,0.8215765695173799,0.1784234407028067,0.7653062370956869,0.2346937568177217
0.3229847494553376,0.1604388069934864,0.4185185185185185,0.1173968524032326,0.1538461538461538,0.6000000000000001,0.3,0.1869918699186991,0.8375854040806088,0.2516129032258065,0.4141843971631205,0.3971631205673758,0.5308641975308641,0.2115384615384614,0.5246521204897218,0.1446488829135613,0.0,1.0,1.0,0.0,1.0,0.0,1.0,0.0,0.0,1.0,1.0,0.0,1.0,0.0,0.0,1.0,1.0,0.0,0.0,0.0,1.0,0.0,0.0,1.0,0.0,0.0,1.0,0.0,0.0,0.0,1.0,0.0,1.0,0.0,0.0,0.0,0.7058823537414317,0.24458204449414178,0.049535601643380556,1.0,0.0,1.0,0.0,1.0,0.0,1.0,0.0,0.6150234813037063,0.34272284894852,0.0046955412658477,0.0375581156945454,0.8216936247255662,0.17830638154413447,0.7664222129563274,0.2335777852230817
0.3927015250544662,0.2588275625642784,0.5518518518518519,0.2237345810293492,0.1538461538461538,0.3,0.2,0.5528455284552846,0.7557251908396942,0.1451612903225806,0.64822695035461,0.5035460992907799,0.6049382716049381,0.21549567378218365,0.7758620689655172,0.0342809968378918,0.0,1.0,1.0,0.0,1.0,0.0,1.0,0.0,0.0,1.0,1.0,0.0,1.0,0.0,0.0,1.0,1.0,0.0,0.0,0.0,1.0,0.0,0.0,1.0,0.0,0.0,1.0,0.0,0.0,0.0,0.0,1.0,0.0,1.0,0.0,0.0,0.7058823559989218,0.24458204488922508,0.049535598807166736,0.0,1.0,1.0,0.0,1.0,0.0,0.0,1.0,1.0,0.0,0.0,0.0,0.8215768189428541,0.1784231781443027,1.0,0.0
0.843681917211329,0.4370929036681521,0.8444444444444446,0.5682688217779667,0.1538461538461538,0.7000000000000001,0.5,0.4745585705777208,0.8473282442748089,0.3096774193548386,0.825531914893617,0.2730496453900706,0.6049382716049381,0.2403846153846152,0.3349753694581281,0.2872074024279678,1.0,0.0,0.0,1.0,1.0,0.0,1.0,0.0,1.0,0.0,1.0,0.0,1.0,0.0,0.0,1.0,0.0,1.0,0.0,0.0,1.0,0.0,0.0,1.0,0.0,0.0,1.0,0.0,0.0,0.0,1.0,0.0,1.0,0.0,0.0,0.0,1.0,0.0,0.0,1.0,0.0,1.0,0.0,1.0,0.0,0.0,1.0,0.6150231859042911,0.3427228102804117,0.0046945474585459,0.0375594978338981,0.8215767099275912,0.1784232928895217,0.7653061247648046,0.2346938751033221
0.4493464052287582,0.3359616043880699,0.6148148148148149,0.3045512547851978,0.1538461538461538,0.5,0.4,0.3008130081300814,0.7404580152671754,0.232258064516129,0.5078014184397163,0.38358969767444223,0.5432098765432098,0.2019230769230768,0.3990147783251231,0.09786546913809135,0.0,1.0,1.0,0.0,0.7131537311218215,0.2868462685096579,1.0,0.0,1.0,0.0,1.0,0.0,0.0,1.0,1.0,0.0,1.0,0.0,0.0,1.0,0.0,0.0,0.0,1.0,0.0,0.0,1.0,0.0,0.0,0.0,1.0,0.0,0.0,1.0,0.0,0.0,1.0,0.0,0.0,1.0,0.0,1.0,0.0,1.0,0.0,0.5772971785243213,0.42270282107088764,1.0,0.0,0.0,0.0,0.0,1.0,1.0,0.0
0.6443355119825709,0.323277339732602,0.7629629629629631,0.4045087196937473,0.1538461538461538,0.7225934469187926,0.5,0.4471544715447154,0.8320610687022896,0.2516129032258065,0.6156028368794325,0.4255319148936169,0.5555555555555554,0.1346153846153845,0.4285714285714286,0.15844486867302,1.0,0.0,1.0,0.0,0.7131537154088968,0.2868462850547133,1.0,0.0,1.0,0.0,1.0,0.0,0.0,1.0,0.0,1.0,0.5115029404079746,0.488497060036467,0.0,0.0,0.0,1.0,0.0,1.0,0.0,0.0,0.9020562641019036,0.08271413146651718,0.005704890096367432,0.009524716273569878,1.0,0.0,1.0,0.0,0.0,0.0,0.7058823557225649,0.24458203918979626,0.049535605038985686,1.0,0.0,1.0,0.0,1.0,0.0,0.0,1.0,1.0,0.0,0.0,0.0,1.0,0.0,0.7653064015516118,0.2346935837687239
0.6029411764705883,0.2835104559478917,0.6518518518518519,0.2981709910676308,0.1538461538461538,0.6000000000000001,0.5,0.5121951219512195,0.7862595419847329,0.435483870967742,0.7617021276595745,0.4708333784714261,0.7037037037037037,0.1442307692307691,0.5,0.05267564451717,0.0,1.0,1.0,0.0,1.0,0.0,1.0,0.0,0.38111262578266925,0.618887374509494,0.7064524856062706,0.29354751318475114,0.0,1.0,0.0,1.0,0.0,1.0,0.0,1.0,0.0,0.0,0.0,1.0,0.0,0.0,0.90205628038886,0.0827141225498843,0.005704894626587409,0.009524706478225009,1.0,0.0,1.0,0.0,0.0,0.0,1.0,0.0,0.0,0.31800995900104356,0.6819900412078856,1.0,0.0,1.0,0.0,1.0,0.0,0.6263950465245647,0.3424960802533472,0.0032840189632987737,0.027824839215785935,0.8215767157789884,0.1784232867470961,0.7653060180694888,0.2346939875009112
0.5626361655773421,0.2533424751456976,0.7111111111111112,0.3173117822203317,0.1538461538461538,0.2,0.2,0.3495934959349593,0.7099236641221376,0.1419354838709677,0.4263907125911667,0.4964539007092194,0.7037037037037037,0.1538461538461539,0.3694581280788177,0.0342809968378918,0.4757439373988471,0.5242560629089719,1.0,0.0,1.0,0.0,0.950949371140418,0.0490506286241853,0.0,1.0,1.0,0.0,1.0,0.0,0.0,1.0,1.0,0.0,0.0830388725720883,0.5777385226252773,0.2102473401155002,0.128975264324328,0.1553571458260885,0.764285717719289,0.0285714245297633,0.0517857116120065,0.8621908089300699,0.0883392215139412,0.0194346295709009,0.0300353403322929,1.0,0.0,1.0,0.0,0.0,0.0,1.0,0.0,0.0,0.0,1.0,1.0,0.0,1.0,0.0,1.0,0.0,1.0,0.0,0.0,0.0,0.8216936218766513,0.17830638184374814,0.7653060984532032,0.2346939028037
0.7273977286313068,0.4957147754542337,0.8407407407407408,0.585625968478163,0.0769230769230769,0.448688507566092,0.3766065214951777,0.3800675658591063,0.8778625954198471,0.2483870967741935,0.6073057151359893,0.4774431120240547,0.691358024691358,0.1923076923076923,0.4975369458128079,0.0388796587577113,0.47574394396932274,0.524256055988267,0.0,1.0,1.0,0.0,1.0,0.0,0.0,1.0,1.0,0.0,1.0,0.0,0.0,1.0,0.508620696265893,0.4913793032418841,0.0,1.0,0.0,0.0,0.0,1.0,0.0,0.0,1.0,0.0,0.0,0.0,1.0,0.0,0.7380818464096737,0.11135702855725105,0.15054836264022786,1.256893531398351e-05,1.0,0.0,0.0,0.0,1.0,1.0,0.0,0.9952689271682942,0.004731074300360905,1.0,0.0,0.6150232779681694,0.342722827868911,0.0046947192248325,0.0375592034930758,0.8215765937174748,0.1784234152194953,1.0,0.0
0.6824618736383442,0.7367158039081246,0.7355555555555557,0.6910758922804572,0.1538461538461538,0.7000000000000001,0.7000000000000001,0.4759726430400299,0.7557251908396942,0.2709677419354839,0.7829787234042555,0.6063829787234041,0.7781880458163024,0.221153846153846,0.1527093596059113,0.0572743064369896,0.0,1.0,0.0,1.0,0.0,1.0,1.0,0.0,1.0,0.0,0.0,1.0,1.0,0.0,0.0,1.0,0.0,1.0,0.0830388645317424,0.5777385144727087,0.2102473450212804,0.1289752765637404,0.1553571387785053,0.7642857092790438,0.0285714341331104,0.0517857182757065,0.8621908416355177,0.0883392124235242,0.0194346291438315,0.030035315002944,1.0,0.0,1.0,0.0,0.0,0.0,1.0,0.0,0.0,1.0,0.0,0.0,1.0,1.0,0.0,0.5772971674028395,0.4227028328414365,0.6150231739944881,0.3427228940553414,0.0046947482257109,0.0375592167808008,0.8215765981412291,0.1784234105525903,0.7653060550199307,0.2346939486269146
0.5032679738562091,0.3044223517312306,0.6076897534207442,0.2769034453424074,0.1538461538461538,0.7000000000000001,0.5,0.5934959349593496,0.8167938931297707,0.267741935483871,0.7617021276595745,0.4219858156028366,0.5185185185185184,0.1442307692307691,0.6157635467980296,0.126254235234283,0.0,1.0,1.0,0.0,1.0,0.0,0.950949369309563,0.049050630552223806,0.0,1.0,1.0,0.0,0.0,1.0,0.0,1.0,0.0,1.0,0.0830388699106893,0.5777385138618936,0.2102473568225599,0.1289752592760623,0.1553571416703641,0.7642857153116906,0.0285714254579434,0.0517857176935886,0.8621908185112748,0.0883392129083751,0.0194346339389498,0.0300353345494976,1.0,0.0,1.0,0.0,0.0,0.0,1.0,0.0,0.0,1.0,0.0,1.0,0.0,0.9952689620444528,0.004731037568743934,1.0,0.0,0.6150234585683383,0.3427229825376851,0.0046944118301655,0.0375591605809476,0.8215766719819455,0.1784233328134966,0.7653060829129671,0.2346939191752161
0.34640522875817,0.1837504285224545,0.4962962962962963,0.1599319438536792,0.1538461538461538,0.7929060290131983,0.6000000000000001,0.3495934959349593,0.8625954198473282,0.438782644557766,0.7063829787234043,0.404255319148936,0.3333333333333332,0.5096153846153846,0.3448275862068966,0.6551003560135328,1.0,0.0,1.0,0.0,0.0,1.0,1.0,0.0,1.0,0.0,1.0,0.0,1.0,0.0,0.0,1.0,0.0,1.0,0.0,1.0,0.0,0.0,1.0,0.0,0.0,0.0,0.0,1.0,0.0,0.0,1.0,0.0,1.0,0.0,0.0,0.0,1.0,0.0,0.0,0.0,1.0,0.9418140087626241,0.05818597843454276,1.0,0.0,0.5718518461528408,0.4281481541441529,1.0,0.0,0.0,0.0,1.0,0.0,0.7653060895049679,0.2346939121453378
0.7941176470588236,0.5193692149468632,0.7555555555555555,0.5448745214802211,0.2307692307692307,0.8622105081149319,0.9,0.1544715447154471,0.900763358778626,0.3677419354838709,0.9134751773049644,0.3475177304964536,0.6543209876543208,0.1346153846153845,0.3522167487684728,0.0756689541162678,0.4757439548018644,0.5242560445663147,1.0,0.0,0.0,1.0,1.0,0.0,0.0,1.0,0.0,1.0,0.0,1.0,0.0,1.0,0.0,1.0,0.0,0.0,1.0,0.0,0.0,1.0,0.0,0.0,0.0,1.0,0.0,0.0,1.0,0.0,0.7380847015051606,0.11135702540548997,0.1505483679255225,9.484502165646447e-06,1.0,0.0,0.0,0.0,1.0,1.0,0.0,1.0,0.0,0.0,1.0,1.0,0.0,0.0,0.0,0.8215765610790988,0.1784234495181733,0.7653063267954785,0.2346936625197264
0.6813725490196079,0.3421445081120262,0.7259259259259259,0.3917481922586133,0.2307692307692307,0.3,0.2,0.1056910569105691,0.7727565109030226,0.15931384645915356,0.3645390070921985,0.429078014184397,0.6549772932055344,0.15277684071553604,0.4827586206896551,0.0388796587577113,1.0,0.0,1.0,0.0,1.0,0.0,1.0,0.0,0.0,1.0,1.0,0.0,1.0,0.0,0.0,1.0,1.0,0.0,0.0830388689995835,0.5777385257679695,0.2102473411887787,0.1289752637644521,0.1553571472505323,0.7642857137457368,0.0285714364916717,0.0517857019731743,0.8621908078949939,0.0883392208626465,0.0194346337167614,0.0300353378904888,1.0,0.0,1.0,0.0,0.0,0.0,1.0,0.0,0.0,1.0,0.0,1.0,0.0,1.0,0.0,1.0,0.0,0.626395018783334,0.34249607662199,0.0032836276264985864,0.02782527909332433,0.8215765865927354,0.1784234227417891,0.7653061339236623,0.2346938655156045
0.5648148148148148,0.4514912581419266,0.6296296296296298,0.383241173968524,0.1538461538461538,0.8,0.6000000000000001,0.2682926829268293,0.8854961832061066,0.2580645161290322,0.7999999999999999,0.3439716312056735,0.5925925925925926,0.0865384615384614,0.3842364532019704,0.0618729683568091,0.0,1.0,1.0,0.0,1.0,0.0,1.0,0.0,1.0,0.0,1.0,0.0,0.0,1.0,0.5038639888132525,0.4961360111277856,0.0,1.0,0.0830388705731492,0.5777385151976275,0.210247351659117,0.1289752624466442,0.1553571477907057,0.7642857145808349,0.028571415770121,0.0517857217944707,0.8621908227063055,0.0883392115681251,0.0194346445526943,0.0300353205372735,1.0,0.0,1.0,0.0,0.0,0.0,1.0,0.0,0.0,0.0,1.0,1.0,0.0,1.0,0.0,1.0,0.0,0.615023561130172,0.3427229732865257,0.0046944169245719,0.0375590547914362,0.821576645041914,0.1784233611757524,0.7653060926352935,0.2346939089822599
0.4133986928104575,0.1707233459033253,0.6,0.2024670353041258,0.1538461538461538,0.4,0.5,0.2682926829268293,0.8091603053435112,0.1548387096774193,0.3829787234042553,0.4539007092198581,0.6543209876543208,0.1153846153846154,0.4655172413793104,0.0388796587577113,1.0,0.0,1.0,0.0,0.0,1.0,1.0,0.0,0.0,1.0,0.0,1.0,1.0,0.0,0.0,1.0,1.0,0.0,0.0,1.0,0.0,0.0,0.0,1.0,0.0,0.0,1.0,0.0,0.0,0.0,0.934497366615707,0.06550263319274918,1.0,0.0,0.0,0.0,1.0,0.0,0.0,0.0,1.0,1.0,0.0,1.0,0.0,0.0,1.0,1.0,0.0,0.0,0.0,1.0,0.0,1.0,0.0
0.7957516339869282,0.1097017483716146,1.0,0.3726074011059123,0.1538461538461538,0.6000000000000001,0.5,0.065040650406504,0.7557251908396942,0.2548387096774193,0.702127659574468,0.3971631205673758,0.6666666666666665,0.1634615384615385,0.2044334975369458,0.2274247974703134,0.0,1.0,1.0,0.0,1.0,0.0,1.0,0.0,0.3811126275478255,0.6188873726465898,1.0,0.0,0.0,1.0,0.0,1.0,0.0,1.0,0.0,1.0,0.0,0.0,0.0,1.0,0.0,0.0,1.0,0.0,0.0,0.0,0.934497371852087,0.06550262765174908,1.0,0.0,0.0,0.0,1.0,0.0,0.0,0.0,1.0,1.0,0.0,1.0,0.0,1.0,0.0,0.6150235649064344,0.3427228574364569,0.0046946231914063,0.0375589605391344,0.8215766554228954,0.1784233502662576,1.0,0.0
0.8099128540305011,0.2865958176208434,0.9219430460326945,0.5002126754572521,0.1538461538461538,0.3,0.2,0.1869918699186991,0.756223578379521,0.332258064516129,0.5645390070921985,0.5780141843971629,0.8765432098765431,0.1153846153846154,0.396551724137931,0.0342809968378918,0.47574394119275343,0.5242560589264988,1.0,0.0,1.0,0.0,1.0,0.0,1.0,0.0,1.0,0.0,1.0,0.0,0.0,1.0,1.0,0.0,0.0,1.0,0.0,0.0,0.0,1.0,0.0,0.0,1.0,0.0,0.0,0.0,1.0,0.0,1.0,0.0,0.0,0.0,0.0,0.0,1.0,1.0,0.0,1.0,0.0,0.9952689372278938,0.004731063756456266,1.0,0.0,0.0,1.0,0.0,0.0,0.821576822432579,0.1784231745057708,1.0,0.0
0.6541394335511983,0.7226602673980116,0.7925925925925925,0.7168450977699095,0.1538461538461538,0.6182635636625442,0.6389973786939298,0.3678370851041994,0.7709923664122136,0.21186674223832216,0.4127659574468084,0.4574468085106382,0.691358024691358,0.221153846153846,0.5270935960591133,0.0388796587577113,0.0,1.0,0.0,1.0,0.0,1.0,1.0,0.0,1.0,0.0,0.0,1.0,0.0,1.0,0.0,1.0,1.0,0.0,0.0830388699685835,0.577738515925627,0.2102473320053149,0.1289752825241809,0.1553571405651281,0.7642857137901176,0.0285714239538679,0.0517857220287636,0.8621908265588393,0.0883392155183399,0.0194346130057817,0.0300353446073976,1.0,0.0,1.0,0.0,0.0,0.0,1.0,0.0,0.0,0.0,1.0,0.9418140218438976,0.05818597795099911,1.0,0.0,1.0,0.0,0.615023491164788,0.3427228595525161,0.0046951113830876,0.0375585374529517,0.0,1.0,0.0,1.0
0.6432461873638344,0.2790538224202948,0.837037037037037,0.4257762654189706,0.0769230769230769,0.8,0.7000000000000001,0.4146341463414634,0.7709923664122136,0.4225806451612903,0.8014184397163121,0.5602836879432622,0.765432098765432,0.1538461538461539,0.3891625615763546,0.1032609256351852,1.0,0.0,1.0,0.0,1.0,0.0,1.0,0.0,1.0,0.0,0.0,1.0,0.0,1.0,0.0,1.0,0.0,1.0,0.0830388663290832,0.5777385168276142,0.2102473557040466,0.1289752611698076,0.1553571482030733,0.764285710616738,0.0285714158697512,0.0517857254048765,0.8621908095450574,0.0883392274330974,0.0194346405837994,0.0300353221196898,1.0,0.0,1.0,0.0,0.0,0.0,0.7058823511493338,0.24458204243311465,0.049535606578978375,0.0,1.0,1.0,0.0,1.0,0.0,0.0,1.0,0.6150236483260256,0.3427229982458714,0.0046946593154745,0.0375586849656552,0.8215767540793204,0.1784232464051038,0.7653060706989693,0.2346939320700543
0.4215686274509804,0.4871443263627013,0.5,0.2981709910676308,0.1538461538461538,0.5,0.3,0.3378002079006674,0.9083969465648848,0.232258064516129,0.3872340425531915,0.5248226950354606,0.7160493827160492,0.0769230769230768,0.5270935960591133,0.2872074024279678,1.0,0.0,0.0,1.0,0.7131537373359498,0.28684626198541396,1.0,0.0,1.0,0.0,1.0,0.0,1.0,0.0,0.0,1.0,1.0,0.0,0.0,0.0,0.0,1.0,1.0,0.0,0.0,0.0,0.9020562503860905,0.08271413342004885,0.0057048952260045915,0.009524729973112045,1.0,0.0,0.0,1.0,0.0,0.0,1.0,0.0,0.0,0.0,1.0,0.9418140201171941,0.058185980961761086,1.0,0.0,0.0,1.0,0.6150232761639767,0.3427229258551098,0.0046942530788819,0.0375595815068411,0.8215767948379797,0.1784232035474051,0.7664222062253586,0.23357779255389444
0.6013071895424836,0.4439492629413781,0.7333333333333334,0.4683113568694172,0.1538461538461538,0.6743071286446528,0.6552067311478993,0.1869918699186991,0.7709923664122136,0.2483870967741935,0.7460992907801417,0.5035460992907799,0.7901234567901232,0.0576923076923077,0.4408866995073891,0.0342809968378918,1.0,0.0,1.0,0.0,0.7131537253991315,0.2868462745784971,1.0,0.0,1.0,0.0,0.0,1.0,0.0,1.0,0.0,1.0,0.0,1.0,0.0,1.0,0.0,0.0,0.0,0.0,0.0,1.0,1.0,0.0,0.0,0.0,1.0,0.0,0.0,1.0,0.0,0.0,1.0,0.0,0.0,1.0,0.0,1.0,0.0,1.0,0.0,1.0,0.0,0.615023731900594,0.3427230936052468,0.0046943903335314,0.0375587702047787,0.8215765608867924,0.1784234497493505,0.7653060973217976,0.2346939039577517
0.5087145969498911,0.3842989372643126,0.625925925925926,0.3407060825180774,0.1538461538461538,0.2,0.2,0.2843756820586216,0.7709923664122136,0.1419354838709677,0.3673758865248226,0.4539007092198581,0.671467448638353,0.1153846153846154,0.2438423645320196,0.0342809968378918,1.0,0.0,0.0,1.0,0.7131537484520635,0.2868462502674749,0.9509493375098376,0.04905066403603675,0.0,1.0,0.7064525096574701,0.2935474877586389,1.0,0.0,0.50386396340962,0.49613603792186056,1.0,0.0,0.0,1.0,0.0,0.0,0.0,1.0,0.0,0.0,1.0,0.0,0.0,0.0,1.0,0.0,1.0,0.0,0.0,0.0,1.0,0.0,0.0,1.0,0.0,1.0,0.0,1.0,0.0,1.0,0.0,0.6150232319708269,0.3427228821666379,0.0046947207295391,0.0375591948451904,0.8215765932860415,0.1784234157096895,0.7653060791626255,0.2346939231606358
0.7717864923747277,0.4610901611244429,0.8407407407407408,0.5577948906834408,0.2307692307692307,0.3,0.4,0.3096981184405386,0.7709923664122136,0.096774193548387,0.3805829332992139,0.2375886524822694,0.5061728395061729,0.0673076923076922,0.4605911330049261,0.0342809968378918,1.0,0.0,0.0,1.0,1.0,0.0,1.0,0.0,1.0,0.0,0.0,1.0,1.0,0.0,0.0,1.0,1.0,0.0,0.0,1.0,0.0,0.0,0.16293178481436432,0.8041675910582501,0.006151058457677494,0.026749570041517234,0.9020562829318551,0.08271412863094785,0.005704891527087752,0.009524701735321717,1.0,0.0,1.0,0.0,0.0,0.0,1.0,0.0,0.0,1.0,0.0,1.0,0.0,1.0,0.0,1.0,0.0,0.6150232802033402,0.3427230210345545,0.0046944767790814,0.0375592465171457,0.8215765880872126,0.1784234211834772,0.7664222090636545,0.23357779229998665
0.0942265795206971,0.3462461432979088,0.2259259259259259,0.0908124202467035,0.1538461538461538,0.5,0.5,0.2195121951219512,0.9083969465648848,0.1709677419354838,0.4226950354609928,0.4007092198581559,0.4814814814814814,0.22239276168381605,0.5394088669950738,0.1676421925126591,0.0,1.0,1.0,0.0,1.0,0.0,1.0,0.0,0.0,1.0,1.0,0.0,0.0,1.0,1.0,0.0,1.0,0.0,0.0830388734927619,0.5777385107917947,0.2102473498063679,0.1289752658376839,0.1553571510153949,0.7642857130423166,0.0285714271607664,0.0517857082394208,0.8621908094429545,0.0883392165595822,0.0194346311177501,0.0300353434243914,1.0,0.0,1.0,0.0,0.0,0.0,1.0,0.0,0.0,0.0,1.0,1.0,0.0,1.0,0.0,1.0,0.0,0.6150236000432965,0.3427229571810948,0.0046953593706663,0.0375580617737136,0.8215765971100409,0.1784234116396689,0.7653060856257774,0.2346939163805025
0.5533769063180828,0.4521768940692492,0.6607407407407406,0.4098256061250531,0.0769230769230769,0.9,0.6000000000000001,0.3986618472373169,0.8015267175572518,0.4,0.6425531914893617,0.3936170212765957,0.5308641975308641,0.1634615384615385,0.5591133004926109,0.0434783206775309,0.4757439456402467,0.5242560542228404,0.0,1.0,0.0,1.0,1.0,0.0,1.0,0.0,1.0,0.0,0.0,1.0,0.0,1.0,1.0,0.0,0.0,1.0,0.0,0.0,0.0,1.0,0.0,0.0,1.0,0.0,0.0,0.0,1.0,0.0,1.0,0.0,0.0,0.0,1.0,0.0,0.0,0.0,1.0,1.0,0.0,1.0,0.0,1.0,0.0,0.6150232892531324,0.342722825207162,0.0046948875981808,0.0375590206042528,0.821576714667869,0.1784232878435656,0.765306080264019,0.2346939219410965
0.4438997821350763,0.2691121014741172,0.6148148148148149,0.2662696724797958,0.2307692307692307,0.5,0.4,0.3089430894308943,0.8778625954198471,0.2709677419354839,0.563089548931745,0.2056737588652482,0.3333333333333332,0.221153846153846,0.2610837438423645,0.234081270248079,1.0,0.0,1.0,0.0,1.0,0.0,1.0,0.0,0.0,1.0,1.0,0.0,1.0,0.0,0.0,1.0,1.0,0.0,0.0,0.0,1.0,0.0,0.0,1.0,0.0,0.0,0.9020562419771572,0.08271412622101393,0.005704919942806086,0.009524713132874618,1.0,0.0,1.0,0.0,0.0,0.0,1.0,0.0,0.0,0.0,1.0,1.0,0.0,1.0,0.0,1.0,0.0,0.6150237911812808,0.3427228370247134,0.0046955759924126,0.0375577588363383,1.0,0.0,1.0,0.0
0.6209150326797386,0.2903668152211176,0.6851851851851851,0.3247554232241599,0.1538461538461538,0.4,0.4,0.1463414634146341,0.7709923664122136,0.1806451612903225,0.5716312056737588,0.5602836879432622,0.7407407407407405,0.1730769230769231,0.2832512315270936,0.0388796587577113,0.4757439369457577,0.524256063385629,0.0,1.0,0.7131537390030349,0.2868462602077726,0.9509493393524624,0.049050662115512345,0.0,1.0,1.0,0.0,0.0,1.0,1.0,0.0,1.0,0.0,0.0,0.0,1.0,0.0,0.0,1.0,0.0,0.0,1.0,0.0,0.0,0.0,1.0,0.0,1.0,0.0,0.0,0.0,1.0,0.0,0.0,0.0,1.0,1.0,0.0,1.0,0.0,1.0,0.0,0.6150232842943961,0.3427228013091556,0.0046955117585575,0.03755841103522,0.8215766481917082,0.178423357893185,0.7653061720092229,0.2346938254653481
0.5751633986928105,0.5135413095646211,0.7259259259259259,0.5108464483198638,0.1538461538461538,0.6000000000000001,0.4,0.4260253801028931,0.7862595419847329,0.4870967741935483,0.8117569075732806,0.4503546099290778,0.6049382716049381,0.1153846153846154,0.6625615763546798,0.1492475448333808,0.0,1.0,1.0,0.0,1.0,0.0,1.0,0.0,1.0,0.0,1.0,0.0,1.0,0.0,0.0,1.0,0.0,1.0,0.0,1.0,0.0,0.0,1.0,0.0,0.0,0.0,1.0,0.0,0.0,0.0,1.0,0.0,1.0,0.0,0.0,0.0,1.0,0.0,0.0,0.0,1.0,1.0,0.0,1.0,0.0,0.0,1.0,0.6150233447864757,0.3427231311363943,0.0046940565819059,0.0375594930901908,0.8215768642680292,0.1784231304192839,0.7664222028715445,0.2335777967129271
0.8785573885535526,0.3383613301336989,0.9481481481481482,0.5746490854955337,0.2307692307692307,0.6000000000000001,0.7000000000000001,0.4022487384020289,0.8148320898039362,0.1967741935483871,0.6453900709219859,0.4204711860649188,0.691358024691358,0.1582790319569068,0.2783251231527094,0.1446488829135613,0.0,1.0,0.0,1.0,0.0,1.0,1.0,0.0,0.0,1.0,1.0,0.0,0.42225607749125615,0.5777439236474102,0.5038640178322908,0.4961359804458044,1.0,0.0,0.0,1.0,0.0,0.0,0.0,1.0,0.0,0.0,1.0,0.0,0.0,0.0,1.0,0.0,1.0,0.0,0.0,0.0,1.0,0.0,0.0,1.0,0.0,1.0,0.0,0.9952689207813075,0.004731081045160734,0.5772971697645246,0.4227028303438686,0.6150230170873321,0.3427228933993786,0.0046944393329689,0.0375597041058012,0.8215767146221424,0.1784232879398617,1.0,0.0
0.7347494553376906,0.3195063421323276,0.8074074074074074,0.4364100382815822,0.1538461538461538,0.5,0.6000000000000001,0.3430523888510807,0.7689505675195157,0.3580645161290322,0.5361702127659574,0.4113475177304964,0.2962962962962963,0.3557692307692308,1.0,0.0342809968378918,1.0,0.0,0.0,1.0,1.0,0.0,0.9509493850732635,0.04905061398731014,0.0,1.0,0.7064523927194462,0.29354761148125164,1.0,0.0,1.0,0.0,1.0,0.0,0.0830388685866253,0.5777385159651393,0.2102473429640822,0.1289752727210819,0.155357148267594,0.7642857121858869,0.0285714390742332,0.0517856998467397,0.862190812577695,0.0883392272500782,0.0194346342690673,0.0300353255204233,0.0,1.0,1.0,0.0,0.0,0.0,1.0,0.0,0.0,0.0,1.0,1.0,0.0,1.0,0.0,1.0,0.0,0.6150232655002865,0.3427228572027537,0.0046953953439754,0.0375584909028109,0.8215767148719224,0.1784232876601087,0.765306225470783,0.234693769060991
0.7766079150507427,0.6356596623853853,0.7629629629629631,0.6501488728200764,0.1538461538461538,0.6153622385888105,0.5727310115800375,0.089430894308943,0.7404580152671754,0.2870967741935484,0.5386232182149862,0.2553191489361699,0.4938271604938269,0.1923076923076923,0.3349753694581281,0.0664716302766287,0.0,1.0,1.0,0.0,0.0,1.0,1.0,0.0,0.0,1.0,1.0,0.0,0.0,1.0,1.0,0.0,0.5086206991313931,0.4913793003495608,0.0,1.0,0.0,0.0,0.0,1.0,0.0,0.0,1.0,0.0,0.0,0.0,0.0,1.0,0.0,1.0,0.0,0.0,0.0,1.0,0.0,1.0,0.0,1.0,0.0,1.0,0.0,1.0,0.0,0.6150234640652754,0.3427229461089366,0.0046950790432029,0.0375585081504027,0.8215764855088721,0.1784235291529219,0.0,1.0
0.7810457516339869,0.4604045251971204,0.7111111111111112,0.4598043385793279,0.2307692307692307,0.6000000000000001,0.6000000000000001,0.1056910569105691,0.9160305343511448,0.1741935483870967,0.7929078014184395,0.5921985815602835,0.790424004196763,0.1826923076923077,0.2610837438423645,0.12807990512748998,1.0,0.0,1.0,0.0,1.0,0.0,1.0,0.0,0.0,1.0,1.0,0.0,0.0,1.0,1.0,0.0,0.0,1.0,0.0,0.0,1.0,0.0,1.0,0.0,0.0,0.0,1.0,0.0,0.0,0.0,1.0,0.0,0.0,0.0,1.0,0.0,1.0,0.0,0.0,1.0,0.0,0.9418140568452266,0.05818595527664072,1.0,0.0,1.0,0.0,0.6150236201078587,0.3427229918202453,0.0046945779465064,0.0375588070312531,0.8215765847760592,0.1784234246435743,0.7653062298871637,0.2346937644864675
0.3927015250544662,0.3294480630785054,0.4259259259259259,0.184389621437686,0.1538461538461538,0.6000000000000001,0.7000000000000001,0.3204831690580348,0.8473282442748089,0.1451612903225806,0.4631332277867436,0.4751773049645389,0.679012345679012,0.2884615384615383,0.1945812807881773,0.0986622637153656,1.0,0.0,0.6919504579518692,0.30804954239186966,1.0,0.0,0.9509494015120891,0.04905059668786671,1.0,0.0,0.0,1.0,0.0,1.0,1.0,0.0,1.0,0.0,0.0,0.0,0.0,1.0,1.0,0.0,0.0,0.0,1.0,0.0,0.0,0.0,1.0,0.0,0.0,1.0,0.0,0.0,1.0,0.0,0.0,0.0,1.0,0.9418140392007461,0.05818597186437224,1.0,0.0,1.0,0.0,0.6263950851146547,0.3424960806590328,0.0032843328644114322,0.027824520439357903,0.8215766812371424,0.1784233230958787,0.7653060378922285,0.2346939666709793
0.6546840958605664,0.4230373671580391,0.6851851851851851,0.4119523606975755,0.0769230769230769,0.7000000000000001,0.5,0.2682926829268293,0.8015267175572518,0.5258064516129032,0.8198581560283688,0.3794326241134751,0.5432098765432098,0.2403846153846152,0.5320197044334976,0.1078595875550048,0.0,1.0,1.0,0.0,1.0,0.0,0.9509493493162975,0.04905065162554301,0.0,1.0,1.0,0.0,0.0,1.0,0.0,1.0,0.0,1.0,0.0,1.0,0.0,0.0,0.0,1.0,0.0,0.0,1.0,0.0,0.0,0.0,1.0,0.0,1.0,0.0,0.0,0.0,1.0,0.0,0.0,0.0,1.0,1.0,0.0,1.0,0.0,1.0,0.0,0.6150236247507014,0.3427228758462154,0.0046950271358611,0.0375584619475392,0.0,1.0,0.7664221985105104,0.23357780749829826
0.7009803921568627,0.38831649579892746,0.8555555555555556,0.5081010457984226,0.3076923076923077,0.8,0.6000000000000001,0.2926829268292683,0.6946564885496183,0.3129032258064516,0.7134751773049645,0.3900709219858154,0.4444444444444444,0.26998933687559074,0.541871921182266,0.0618729683568091,0.0,1.0,1.0,0.0,0.0,1.0,1.0,0.0,0.0,1.0,0.7064525385009246,0.2935474571582124,0.0,1.0,1.0,0.0,0.0,1.0,0.047223815077881426,0.6150820361711776,0.21862656897241384,0.11906758005504314,0.0,1.0,0.0,0.0,0.9020562689642987,0.08271412004412626,0.005704899336105851,0.009524701031123461,1.0,0.0,1.0,0.0,0.0,0.0,1.0,0.0,0.0,0.0,1.0,1.0,0.0,1.0,0.0,0.0,1.0,0.615023326357349,0.3427229306304797,0.0046957456021817,0.0375579885664075,0.8215765384745104,0.1784234733352007,0.7653061728771003,0.234693824432273
0.425925925925926,0.34633397570804797,0.5925925925925927,0.3088047639302424,0.2307692307692307,0.7000000000000001,0.7000000000000001,0.1219512195121951,0.7099236641221376,0.267741935483871,0.3304964539007092,0.2872340425531912,0.5185185185185184,0.1346153846153845,0.47533525212134653,0.0802676160360874,0.0,1.0,1.0,0.0,0.0,1.0,1.0,0.0,1.0,0.0,0.0,1.0,1.0,0.0,1.0,0.0,1.0,0.0,0.0,1.0,0.0,0.0,0.16293181064796436,0.8041675937265429,0.006151018642357009,0.026749591175286414,1.0,0.0,0.0,0.0,1.0,0.0,1.0,0.0,0.0,0.0,1.0,0.0,0.0,1.0,0.0,1.0,0.0,1.0,0.0,0.5772971747122911,0.4227028250914704,0.6150233224471024,0.3427229529863316,0.0046952130714844,0.0375585159664292,0.8216936364745686,0.17830636747858264,1.0,0.0
0.5320076670599352,0.3524168666438121,0.6444444444444444,0.3353891960867716,0.1538461538461538,0.5,0.5,0.33284058536773414,0.8320610687022896,0.3280393056255825,0.5659574468085106,0.4184397163120565,0.7037037037037037,0.1923076923076923,0.4950738916256157,0.1538462067532004,0.0,1.0,1.0,0.0,1.0,0.0,1.0,0.0,0.0,1.0,0.0,1.0,1.0,0.0,0.0,1.0,1.0,0.0,0.0,1.0,0.0,0.0,0.0,1.0,0.0,0.0,1.0,0.0,0.0,0.0,1.0,0.0,1.0,0.0,0.0,0.0,0.7058823554409385,0.24458204517931925,0.04953559914116734,0.31800996192853137,0.6819900381393168,1.0,0.0,1.0,0.0,1.0,0.0,1.0,0.0,0.0,0.0,0.8215766367237546,0.1784233699224534,0.7653061695547188,0.2346938280151297
0.689409538904211,0.2739115529653754,0.7851851851851852,0.383241173968524,0.1538461538461538,0.2,0.4,0.3164272785452363,0.7709923664122136,0.1935483870967742,0.4169171624767964,0.3510638297872339,0.6666666666666665,0.1442307692307691,0.4444582581809338,0.04827276629945401,0.0,1.0,0.0,1.0,1.0,0.0,1.0,0.0,0.0,1.0,0.0,1.0,1.0,0.0,0.0,1.0,1.0,0.0,0.04722382226564248,0.6150820467446856,0.21862655202337034,0.11906757865299789,0.0,1.0,0.0,0.0,1.0,0.0,0.0,0.0,1.0,0.0,1.0,0.0,0.0,0.0,1.0,0.0,0.0,0.0,1.0,1.0,0.0,1.0,0.0,1.0,0.0,0.6150233598868926,0.3427228598527345,0.004694856401859,0.0375589405350034,0.8215767166098156,0.1784232859018376,1.0,0.0
0.7592592592592593,0.4813164209804593,0.8444444444444446,0.6065504040833687,0.1538461538461538,0.6000000000000001,0.4,0.4486305865145213,0.7404580152671754,0.467741935483871,0.7560283687943262,0.3439716312056735,0.5679012345679013,0.125,0.5344827586206896,0.0434783206775309,1.0,0.0,0.0,1.0,1.0,0.0,1.0,0.0,1.0,0.0,1.0,0.0,1.0,0.0,0.0,1.0,0.0,1.0,0.0830388675447366,0.5777385158444053,0.2102473443496074,0.1289752725568002,0.1553571351258907,0.7642857136976662,0.0285714365494043,0.0517857150707524,0.86219081053025,0.0883392311642747,0.0194346314826636,0.0300353264682161,1.0,0.0,1.0,0.0,0.0,0.0,1.0,0.0,0.0,0.0,1.0,1.0,0.0,1.0,0.0,1.0,0.0,0.615023233967716,0.342722894765111,0.0046946009870016,0.0375593020444671,0.8215766872779025,0.1784233167460168,0.7653060377218499,0.2346939666631288
0.8458605664488018,0.5152553993829276,0.8757332822353633,0.6183673626885716,0.1538461538461538,0.8,0.5991446324808016,0.4740781126145487,0.8473282442748089,0.3741935483870967,0.8751773049645392,0.5602836879432622,0.8271604938271604,0.1634615384615385,0.5615763546798029,0.0480769825973504,1.0,0.0,0.0,1.0,1.0,0.0,1.0,0.0,1.0,0.0,1.0,0.0,0.0,1.0,0.5038639887660363,0.4961360111537032,0.0,1.0,0.0,1.0,0.0,0.0,1.0,0.0,0.0,0.0,1.0,0.0,0.0,0.0,1.0,0.0,1.0,0.0,0.0,0.0,1.0,0.0,0.0,1.0,0.0,1.0,0.0,1.0,0.0,0.571851854182821,0.4281481456999567,0.6150232728963096,0.3427229486229152,0.0046940951714949,0.0375597226307393,0.8215766993350929,0.1784233040161976,0.7653059600076967,0.2346940484764917
0.7331154684095862,0.2358587589989715,0.8592592592592594,0.4045087196937473,0.1538461538461538,0.7975593088765547,0.8,0.3089430894308943,0.7328244274809159,0.5032258064516129,0.7964939116012033,0.4787234042553188,0.7340747380171583,0.11286225592258453,0.4334975369458128,0.0388796587577113,0.0,1.0,1.0,0.0,1.0,0.0,0.9509493639499872,0.04905063619655503,1.0,0.0,0.0,1.0,0.0,1.0,1.0,0.0,0.0,1.0,0.0,1.0,0.0,0.0,0.0,1.0,0.0,0.0,0.9020562610584122,0.08271412603229233,0.0057048925637543935,0.009524705726225213,1.0,0.0,1.0,0.0,0.0,0.0,1.0,0.0,0.0,0.0,1.0,1.0,0.0,1.0,0.0,0.0,1.0,0.6150236485849083,0.342722875878403,0.0046953855746713,0.0375580681586832,0.8215769266903428,0.1784230647240399,0.7653063718854194,0.2346936151000664
0.7347494553376906,0.7548512191329548,0.8148148148148149,0.7660569970225435,0.3076923076923077,0.3,0.3,0.3546143201316895,0.7099236641221376,0.2258064516129032,0.3290780141843971,0.4929078014184394,0.7407407407407405,0.2596153846153846,0.4797642441620146,0.0342809968378918,0.0,1.0,0.0,1.0,1.0,0.0,1.0,0.0,0.0,1.0,0.0,1.0,1.0,0.0,0.0,1.0,1.0,0.0,0.0,0.0,0.0,1.0,0.0,1.0,0.0,0.0,1.0,0.0,0.0,0.0,1.0,0.0,1.0,0.0,0.0,0.0,1.0,0.0,0.0,0.0,1.0,1.0,0.0,1.0,0.0,0.577297173927565,0.4227028259271811,0.6150232885567781,0.3427228842867951,0.0046957056224687,0.0375581193526199,0.8215765352778757,0.1784234767575149,0.7664221999909556,0.233577803530869
0.3632897603485839,0.58998971546109,0.5259259259259259,0.3672905146746065,0.1538461538461538,0.9634240410656092,0.7000000000000001,0.065040650406504,0.9694656488549618,0.4161758290033907,0.9248226950354612,0.501961239014072,0.6172839506172838,0.2403846153846152,0.4695728408938126,0.1308528971541026,1.0,0.0,1.0,0.0,1.0,0.0,1.0,0.0,1.0,0.0,1.0,0.0,0.0,1.0,1.0,0.0,0.0,1.0,0.0,0.0,0.0,1.0,0.0,1.0,0.0,0.0,1.0,0.0,0.0,0.0,0.9344973849090258,0.06550261392029177,0.7380800325605334,0.11135703747204917,0.1505483434333903,1.4497831499760139e-05,1.0,0.0,0.0,0.0,1.0,0.0,1.0,1.0,0.0,1.0,0.0,0.6150233173594379,0.3427229213314945,0.0046952291573342,0.0375585398253978,0.8215765675210193,0.1784234427788348,0.7653063872426983,0.2346935989417302
0.5217864923747277,0.252656839218375,0.6888888888888889,0.3024245002126754,0.2307692307692307,0.4,0.5736483889600243,0.1544715447154471,0.7404580152671754,0.2032258064516129,0.2042553191489361,0.3971631205673758,0.5802469135802468,0.2307692307692306,0.2487684729064039,0.0342809968378918,0.0,1.0,1.0,0.0,1.0,0.0,1.0,0.0,0.0,1.0,0.0,1.0,0.0,1.0,1.0,0.0,1.0,0.0,0.0,1.0,0.0,0.0,0.16293180664635376,0.8041675900307507,0.006150991046619758,0.026749620742403946,1.0,0.0,0.0,0.0,0.9344973591140371,0.0655026410857269,1.0,0.0,0.0,0.0,1.0,0.0,0.0,1.0,0.0,1.0,0.0,1.0,0.0,1.0,0.0,0.6150235498389213,0.3427229604934277,0.004695288373458,0.0375581852146906,0.8215765857563443,0.178423423618768,1.0,0.0
0.7026143790849674,0.3877271169009255,0.7925925925925925,0.4789451297320289,0.1538461538461538,0.7000000000000001,0.4,0.3344902225289515,0.8320610687022896,0.3,0.3971631205673759,0.4574468085106382,0.6404668365163114,0.221153846153846,0.3325123152709359,0.0342809968378918,1.0,0.0,0.0,1.0,1.0,0.0,1.0,0.0,0.0,1.0,1.0,0.0,0.0,1.0,0.0,1.0,1.0,0.0,0.0,0.0,0.0,1.0,0.0,1.0,0.0,0.0,1.0,0.0,0.0,0.0,1.0,0.0,1.0,0.0,0.0,0.0,1.0,0.0,0.0,0.0,1.0,1.0,0.0,1.0,0.0,0.0,1.0,0.6150231688942469,0.3427228203397298,0.004695196802537,0.0375588381707054,0.8215765848382631,0.1784234245312477,0.765306092324664,0.2346939093549761
0.5179738562091504,0.3839561193006513,0.7,0.3981284559761803,0.1538461538461538,0.9,0.6000000000000001,0.1463414634146341,0.8320610687022896,0.3161290322580645,0.7645390070921986,0.4893617021276593,0.7407407407407405,0.125,0.354679802955665,0.0664716302766287,0.0,1.0,1.0,0.0,1.0,0.0,1.0,0.0,1.0,0.0,1.0,0.0,0.0,1.0,1.0,0.0,0.0,1.0,0.0,1.0,0.0,0.0,0.0,1.0,0.0,0.0,1.0,0.0,0.0,0.0,1.0,0.0,1.0,0.0,0.0,0.0,1.0,0.0,0.0,0.0,1.0,1.0,0.0,0.9952689684524706,0.004731030813850068,1.0,0.0,0.6150234778324004,0.3427229458472983,0.0046948962353404,0.0375586810458307,0.8215767029509123,0.1784233002002362,1.0,0.0
0.6514161220043574,0.459033253342475,0.8,0.5427477669076988,0.2307692307692307,0.8,0.6000000000000001,0.4342905505204079,0.8320610687022896,0.2806451612903226,0.7446808510638298,0.4716312056737588,0.7160493827160492,0.1153846153846154,0.4605911330049261,0.0434783206775309,1.0,0.0,0.0,1.0,1.0,0.0,1.0,0.0,0.0,1.0,1.0,0.0,0.0,1.0,0.5038639919769613,0.4961360077981456,0.0,1.0,0.0,0.0,1.0,0.0,0.0,1.0,0.0,0.0,1.0,0.0,0.0,0.0,1.0,0.0,1.0,0.0,0.0,0.0,1.0,0.0,0.0,0.0,1.0,1.0,0.0,1.0,0.0,1.0,0.0,0.6150232710505001,0.3427228568042683,0.0046951966453715,0.0375586896453489,0.8215766523607834,0.1784233534560008,0.7653060856936718,0.2346939162032523
0.5403050108932462,0.2488858416181008,0.6777777777777778,0.2928541046363249,0.1538461538461538,0.6911908361286172,0.6000000000000001,0.393121247836138,0.8320610687022896,0.3483870967741935,0.7730496453900709,0.3900709219858154,0.6296296296296295,0.125,0.3719211822660099,0.0986622637153656,1.0,0.0,1.0,0.0,1.0,0.0,1.0,0.0,0.0,1.0,1.0,0.0,0.0,1.0,1.0,0.0,0.0,1.0,0.04722382590865237,0.6150820333365454,0.2186265615238806,0.11906757932699552,0.1553571424596133,0.7642857141944107,0.0285714294119078,0.051785713948749,0.8621908069253692,0.0883392281720606,0.0194346382046035,0.0300353266141142,1.0,0.0,1.0,0.0,0.0,0.0,1.0,0.0,0.0,0.0,1.0,1.0,0.0,1.0,0.0,1.0,0.0,0.6150235532009212,0.3427229771952507,0.0046946220871472,0.0375588478657377,1.0,0.0,0.7653061242583485,0.2346938756542635
0.6454248366013072,0.5185323962957503,0.8222222222222222,0.595916631220757,0.14707783604926097,0.5,0.6000000000000001,0.2926829268292683,0.8015267175572518,0.0903225806451612,0.3205673758865247,0.4148936170212765,0.6296296296296295,0.096153846153846,0.3596059113300492,0.0388796587577113,1.0,0.0,1.0,0.0,0.0,1.0,1.0,0.0,0.0,1.0,0.7064524087032242,0.2935475945369943,0.0,1.0,0.0,1.0,1.0,0.0,0.0,1.0,0.0,0.0,1.0,0.0,0.0,0.0,1.0,0.0,0.0,0.0,1.0,0.0,0.0,0.0,1.0,0.0,1.0,0.0,0.0,0.0,1.0,0.9418140532261732,0.05818594754231865,1.0,0.0,1.0,0.0,0.6150237529477054,0.3427230507670802,0.0046947542761831,0.0375584192949361,1.0,0.0,0.765306050485396,0.2346939532021279
0.5610021786492375,0.3784710318820706,0.7125925925925924,0.4045087196937473,0.1538461538461538,0.3936516822106296,0.4,0.3252032520325203,0.7862595419847329,0.21108605387332566,0.5546099290780141,0.2304964539007088,0.4444444444444444,0.1923076923076923,0.3325123152709359,0.0940636017955461,0.0,1.0,1.0,0.0,1.0,0.0,1.0,0.0,0.38111264241903386,0.6188873570003808,0.0,1.0,0.4222561194462465,0.5777438793324741,0.0,1.0,1.0,0.0,0.0830388706994431,0.5777385237856765,0.2102473348992132,0.1289752704811676,0.1553571470871118,0.7642857097099116,0.0285714346838188,0.0517857082599102,0.8621908253332238,0.0883392175071701,0.0194346303396373,0.0300353260362256,1.0,0.0,1.0,0.0,0.0,0.0,1.0,0.0,0.0,0.0,1.0,0.0,1.0,1.0,0.0,1.0,0.0,0.6263950416728095,0.3424960775699032,0.0032829461635228707,0.02782594141415462,0.8215766803195379,0.1784233240954897,0.7653061484718249,0.2346938502222006
0.8212048872031404,0.307164895440521,0.9111111111111112,0.5108464483198638,0.1538461538461538,0.5,0.5,0.1056910569105691,0.8244274809160306,0.1935483870967742,0.5035460992907802,0.6205673758865247,0.8888888888888888,0.1538461538461539,0.3620689655172414,0.1308528971541026,0.0,1.0,1.0,0.0,0.0,1.0,1.0,0.0,1.0,0.0,0.0,1.0,1.0,0.0,0.0,1.0,1.0,0.0,0.0830388607787073,0.5777385276401967,0.2102473456281868,0.128975266121504,0.155357149895032,0.764285712966533,0.0285714264897191,0.0517857101933676,0.8621908219824749,0.0883392114173594,0.0194346302856741,0.0300353361401412,1.0,0.0,0.0,0.0,1.0,0.0,0.7058823505509655,0.2445820438381714,0.049535605768032176,1.0,0.0,1.0,0.0,1.0,0.0,1.0,0.0,0.6263950043435058,0.342496082323567,0.0032831224812767124,0.027825824144553257,0.8216936176382628,0.17830638841363633,0.7653063344840397,0.234693654333958
0.5631808278867103,0.279396640383956,0.7037037037037037,0.3300723096554657,0.0769230769230769,0.4,0.4,0.2682926829268293,0.7709923664122136,0.1806451612903225,0.300709219858156,0.5030976935794476,0.728395061728395,0.125,0.4507389162561576,0.0342809968378918,0.0,1.0,0.6919504556105558,0.3080495448602012,1.0,0.0,1.0,0.0,0.0,1.0,1.0,0.0,0.42225609527935903,0.5777439048743438,1.0,0.0,1.0,0.0,0.0,0.0,0.0,1.0,1.0,0.0,0.0,0.0,1.0,0.0,0.0,0.0,1.0,0.0,0.0,1.0,0.0,0.0,1.0,0.0,0.0,0.0,1.0,0.941814048352996,0.0581859554773011,0.9952689638861694,0.004731035651489912,1.0,0.0,0.6150235285712269,0.3427229839749095,0.0046947473631205,0.037558739415186,0.8215766063098913,0.1784234019950377,0.7653061240286738,0.2346938758680525
0.5005446623093682,0.2605416523825848,0.674074074074074,0.2981709910676308,0.1538461538461538,1.0,0.9,0.3902439024390244,0.8320610687022896,0.4436088278800062,0.7375886524822696,0.43541737452557566,0.5679012345679013,0.2788461538461537,0.4383124402908468,0.21340815960378484,1.0,0.0,1.0,0.0,0.0,1.0,1.0,0.0,1.0,0.0,0.0,1.0,0.42225608341561816,0.5777439172886663,1.0,0.0,0.0,1.0,0.0,1.0,0.0,0.0,1.0,0.0,0.0,0.0,1.0,0.0,0.0,0.0,0.9344973582959053,0.06550264196673272,0.7380795778203658,0.11135702754313925,0.15054836128463422,1.4999864141995722e-05,1.0,0.0,0.0,1.0,0.0,0.0,1.0,1.0,0.0,1.0,0.0,1.0,0.0,0.0,0.0,0.8215767195997582,0.1784232826586542,0.7653060644720808,0.2346939384661855
0.5838779956427016,0.4343503599588618,0.7407407407407407,0.4683113568694172,0.1538461538461538,0.5687154783605031,0.6000000000000001,0.3225366624772275,0.9083969465648848,0.2838709677419355,0.3801418439716312,0.5709219858156027,0.691358024691358,0.221153846153846,0.4556650246305419,0.0388796587577113,0.0,1.0,0.0,1.0,1.0,0.0,1.0,0.0,1.0,0.0,0.0,1.0,1.0,0.0,0.0,1.0,1.0,0.0,0.0830388657286076,0.5777385195299547,0.2102473407004744,0.1289752743772023,0.1553571503517031,0.7642857113846618,0.0285714310452855,0.0517857066919607,0.8621908223700874,0.0883392127017818,0.0194346481552425,0.030035315999896,1.0,0.0,1.0,0.0,0.0,0.0,0.7058823580058794,0.24458204033794773,0.0495356014116306,1.0,0.0,1.0,0.0,1.0,0.0,0.5772971762293215,0.4227028235038104,0.6150232476115198,0.3427229238999263,0.004694720806707,0.0375591330542616,0.8215765937097678,0.1784234152112866,0.76530611152806,0.2346938890222092
0.5370370370370371,0.2286595817620843,0.654814814814815,0.2662696724797958,0.1538461538461538,0.2,0.2,0.2113821138211381,0.7557251908396942,0.0677419354838709,0.174468085106383,0.2907801418439717,0.5655316209269312,0.125,0.1822660098522167,0.0342809968378918,0.0,1.0,1.0,0.0,1.0,0.0,0.9509493499908006,0.049050650864166156,0.0,1.0,0.0,1.0,1.0,0.0,0.0,1.0,1.0,0.0,0.0830388641760886,0.5777385252693047,0.2102473484898186,0.1289752620106845,0.155357146717757,0.764285715217399,0.0285714262452193,0.0517857115277631,0.8621908181877396,0.088339219346629,0.0194346391506146,0.030035322779872,1.0,0.0,1.0,0.0,0.0,0.0,1.0,0.0,0.0,1.0,0.0,1.0,0.0,1.0,0.0,1.0,0.0,0.6150235047866993,0.3427229405223098,0.0046949808444552,0.0375585708567315,0.8216936273778713,0.17830638019894252,0.7653060908277294,0.2346939109361862
0.6138344226579521,0.279396640383956,0.7644444444444445,0.3726074011059123,0.1538461538461538,0.4,0.2,0.5203252032520325,0.8091603053435112,0.2032258064516129,0.4326241134751774,0.4432624113475176,0.691358024691358,0.1442307692307691,0.5073891625615764,0.15844486867302,1.0,0.0,1.0,0.0,1.0,0.0,1.0,0.0,0.0,1.0,1.0,0.0,1.0,0.0,0.0,1.0,1.0,0.0,0.0,0.0,1.0,0.0,0.0,1.0,0.0,0.0,0.0,0.0,0.0,1.0,1.0,0.0,1.0,0.0,0.0,0.0,1.0,0.0,0.0,0.0,1.0,1.0,0.0,1.0,0.0,1.0,0.0,0.6150236838513896,0.3427228330360242,0.0046949103085321,0.0375585623706966,0.8215768112044871,0.1784231862983831,0.7653059949326142,0.2346940117948055
0.7549019607843137,0.5474802879670895,0.7962962962962963,0.6097405359421522,0.1538461538461538,0.7000000000000001,0.4,0.2926829268292683,0.7862595419847329,0.2580645161290322,0.2397163120567376,0.3404255319148934,0.7160493827160492,0.0673076923076922,0.5640394088669951,0.09508001452713166,0.0,1.0,1.0,0.0,0.713153719940698,0.2868462803132862,1.0,0.0,1.0,0.0,1.0,0.0,0.0,1.0,0.0,1.0,1.0,0.0,0.0,0.0,1.0,0.0,1.0,0.0,0.0,0.0,1.0,0.0,0.0,0.0,1.0,0.0,1.0,0.0,0.0,0.0,1.0,0.0,0.0,1.0,0.0,1.0,0.0,1.0,0.0,1.0,0.0,1.0,0.0,0.0,0.0,0.8216936165244442,0.17830639308441532,0.7664222016966415,0.23357780520287197
0.7058823529411765,0.3085361672951662,0.8518518518518519,0.4629944704381114,0.3846153846153846,0.5,0.6000000000000001,0.2357723577235772,0.7328244274809159,0.2,0.4737588652482269,0.4432624113475176,0.7407407407407405,0.2403846153846152,0.4507389162561576,0.0342809968378918,1.0,0.0,1.0,0.0,0.7131537235554632,0.28684627647316796,1.0,0.0,1.0,0.0,0.0,1.0,0.0,1.0,1.0,0.0,1.0,0.0,0.0,1.0,0.0,0.0,0.0,1.0,0.0,0.0,1.0,0.0,0.0,0.0,1.0,0.0,1.0,0.0,0.0,0.0,0.0,1.0,0.0,1.0,0.0,1.0,0.0,1.0,0.0,0.5772971697397093,0.4227028303592041,0.615023537269139,0.3427230426372953,0.0046953090688655,0.037558091161902,0.8215768200250484,0.1784231770193116,1.0,0.0
0.6198257080610022,0.7289611034035777,0.7111111111111112,0.6809868141216503,0.1538461538461538,0.3,0.3,0.3152230264389641,0.8778625954198471,0.1967741935483871,0.2241134751773049,0.3571564392067956,0.6296296296296295,0.096153846153846,0.4039408866995073,0.09017643377875773,1.0,0.0,0.0,1.0,0.7131537370372958,0.2868462622714849,1.0,0.0,0.0,1.0,0.7064524853579333,0.2935475134558361,1.0,0.0,0.0,1.0,1.0,0.0,0.0,1.0,0.0,0.0,0.0,1.0,0.0,0.0,1.0,0.0,0.0,0.0,1.0,0.0,1.0,0.0,0.0,0.0,1.0,0.0,0.0,0.0,1.0,1.0,0.0,1.0,0.0,1.0,0.0,0.6150233259548115,0.3427229255868353,0.0046948996647999,0.0375588639333692,0.8215765104172421,0.1784235029514838,0.7653059214864744,0.2346940891124946
0.5849673202614379,0.5980220239034311,0.6888888888888889,0.5693321990642279,0.2307692307692307,0.5,0.3,0.5121951219512195,0.7938931297709919,0.2451612903225806,0.6765957446808512,0.41660756763897727,0.6651906122706729,0.1634615384615385,0.458128078817734,0.2412207832297721,0.0,1.0,0.6919504672404044,0.3080495326024304,1.0,0.0,1.0,0.0,0.0,1.0,1.0,0.0,1.0,0.0,0.0,1.0,1.0,0.0,0.0,0.0,0.0,1.0,0.0,1.0,0.0,0.0,0.0,1.0,0.0,0.0,1.0,0.0,1.0,0.0,0.0,0.0,0.0,1.0,0.0,0.0,1.0,0.9418140348144848,0.058185960657001545,1.0,0.0,1.0,0.0,1.0,0.0,0.0,0.0,0.8215766881954375,0.1784233157298509,0.7653061652118901,0.2346938326929925
0.7570806100217865,0.5474802879670895,0.7333333333333334,0.5395576350489153,0.1538461538461538,0.3,0.3,0.3101945249638396,0.7938931297709919,0.1311848820903263,0.3390070921985816,0.3971631205673758,0.6500999069615079,0.1538461538461539,0.3103448275862068,0.0342809968378918,1.0,0.0,0.0,1.0,0.7131537193621849,0.28684628089776887,1.0,0.0,0.0,1.0,1.0,0.0,1.0,0.0,0.0,1.0,1.0,0.0,0.0,1.0,0.0,0.0,0.0,1.0,0.0,0.0,1.0,0.0,0.0,0.0,1.0,0.0,1.0,0.0,0.0,0.0,1.0,0.0,0.0,0.31800996420769767,0.6819900357474967,1.0,0.0,1.0,0.0,0.0,1.0,0.6150232570021483,0.3427228642902526,0.0046949187242403,0.0375589832358123,0.8215766036580894,0.1784234047778188,0.7653060194747282,0.2346939860407371
0.30119825708061,0.1772368872128899,0.4814814814814815,0.1503615482773287,0.2307692307692307,0.9,1.0,0.40597217846268907,0.8854961832061066,0.4,0.851063829787234,0.2978723404255317,0.4938271604938269,0.1923076923076923,0.4956390008427144,0.1860368401919374,1.0,0.0,1.0,0.0,0.0,1.0,1.0,0.0,0.0,1.0,0.0,1.0,0.0,1.0,0.5038640021568198,0.4961359970857253,0.0,1.0,0.0830388725857381,0.5777385064422229,0.210247360266936,0.1289752606630078,0.1553571460790593,0.764285717833964,0.0285714287730975,0.051785706842271,0.8621908112982406,0.08833922176621,0.0194346303072855,0.0300353367587494,1.0,0.0,1.0,0.0,0.0,0.0,1.0,0.0,0.0,0.0,1.0,1.0,0.0,1.0,0.0,1.0,0.0,0.6150237374905669,0.3427229908446876,0.004695020727271,0.03755822466952,0.8215767744821136,0.1784232248954963,1.0,0.0
0.6120682494600721,0.3256770654782309,0.7185185185185186,0.3726074011059123,0.1538461538461538,0.5,0.6000000000000001,0.1626016260162602,0.7557251908396942,0.4096774193548387,0.5602836879432624,0.6063829787234041,0.728395061728395,0.2788461538461537,0.5123152709359606,0.0388796587577113,0.0,1.0,1.0,0.0,1.0,0.0,1.0,0.0,0.0,1.0,0.0,1.0,1.0,0.0,1.0,0.0,1.0,0.0,0.0,1.0,0.0,0.0,0.0,1.0,0.0,0.0,1.0,0.0,0.0,0.0,1.0,0.0,1.0,0.0,0.0,0.0,1.0,0.0,0.0,1.0,0.0,1.0,0.0,1.0,0.0,1.0,0.0,0.6150234780676758,0.3427229454159456,0.0046953413511593,0.0375582238452354,0.821576684434899,0.1784233196946879,1.0,0.0
0.644880174291939,0.3400754199520054,0.7333333333333334,0.3938749468311356,0.1538461538461538,0.6000000000000001,0.7000000000000001,0.4878048780487805,0.7959822717558013,0.2903225806451612,0.4964539007092199,0.4609929078014183,0.6666666666666665,0.1923076923076923,0.5,0.1124582494748243,0.0,1.0,1.0,0.0,0.0,1.0,0.9509494154199714,0.04905058206251511,0.0,1.0,0.0,1.0,1.0,0.0,0.0,1.0,0.5115029585449198,0.4884970408300987,0.0,1.0,0.0,0.0,0.0,1.0,0.0,0.0,1.0,0.0,0.0,0.0,1.0,0.0,1.0,0.0,0.0,0.0,0.7058823571579096,0.24458204682375762,0.049535595635755825,0.0,1.0,1.0,0.0,1.0,0.0,1.0,0.0,0.0,1.0,0.0,0.0,1.0,0.0,0.7653060178953277,0.2346939875745519
0.5043572984749456,0.3719574905725059,0.6777777777777778,0.3726074011059123,0.0769230769230769,0.7000000000000001,0.6297214920983734,0.7398373983739838,0.7557251908396942,0.4032258064516129,0.9163120567375884,0.5715891040410894,0.7901234567901232,0.2019230769230768,0.2610837438423645,0.0572743064369896,0.0,1.0,1.0,0.0,0.0,1.0,1.0,0.0,0.0,1.0,1.0,0.0,0.0,1.0,0.503863989143899,0.4961360107812608,0.0,1.0,0.0830388674320667,0.5777385179140175,0.2102473516411006,0.1289752630081253,0.1553571456565912,0.7642857165244814,0.0285714213734739,0.0517857163023196,0.8621908146043282,0.0883392185680349,0.019434629319504,0.0300353375514682,1.0,0.0,1.0,0.0,0.0,0.0,1.0,0.0,0.0,0.0,1.0,1.0,0.0,1.0,0.0,1.0,0.0,0.6263950899604441,0.34249607914366975,0.0032824050503486024,0.027826467256630072,0.8216936274292332,0.17830637164365226,0.7664222036002676,0.23357780099597425
0.6982570806100219,0.2966476953216415,0.7111111111111112,0.351339855380689,0.1538461538461538,0.7000000000000001,0.4,0.4959349593495935,0.8091603053435112,0.3935483870967742,0.7957446808510639,0.37743818169326365,0.5555555555555554,0.221153846153846,0.4704433497536946,0.0802676160360874,0.0,1.0,1.0,0.0,1.0,0.0,1.0,0.0,0.0,1.0,1.0,0.0,1.0,0.0,0.0,1.0,0.0,1.0,0.0,0.0,1.0,0.0,0.0,1.0,0.0,0.0,1.0,0.0,0.0,0.0,1.0,0.0,1.0,0.0,0.0,0.0,1.0,0.0,0.0,0.0,1.0,1.0,0.0,1.0,0.0,0.577297170327431,0.42270282974662454,0.6150234093750555,0.3427229947870369,0.0046951075313348,0.0375584861158374,0.8216936307149999,0.17830637018122475,0.7653061095555452,0.2346938911703672
0.7015992007651445,0.271169009256085,0.8,0.3917481922586133,0.1538461538461538,0.3,0.3,0.1056910569105691,0.7557251908396942,0.096774193548387,0.4524822695035461,0.3262411347517728,0.5308641975308641,0.1826923076923077,0.4458128078817733,0.0342809968378918,0.0,1.0,1.0,0.0,0.7131537214207111,0.2868462787201004,1.0,0.0,0.3811126168094554,0.6188873839719575,1.0,0.0,1.0,0.0,0.0,1.0,1.0,0.0,0.0,1.0,0.0,0.0,0.0,1.0,0.0,0.0,1.0,0.0,0.0,0.0,1.0,0.0,1.0,0.0,0.0,0.0,1.0,0.0,0.0,0.0,1.0,1.0,0.0,1.0,0.0,1.0,0.0,1.0,0.0,0.0,0.0,0.8216936187139017,0.17830638597035608,1.0,0.0
0.7196942248310396,0.6972917380870758,0.7666666666666666,0.6737065186189816,0.3076923076923077,0.5,0.3,0.4228440577534306,0.7709923664122136,0.2645161290322581,0.5929078014184397,0.3581560283687941,0.5185185185185184,0.2232812702797547,0.4532019704433497,0.0388796587577113,1.0,0.0,0.691950453872711,0.3080495466653713,0.7131537311944601,0.28684626846053374,1.0,0.0,0.0,1.0,0.7064525235220964,0.29354747306131335,1.0,0.0,0.0,1.0,1.0,0.0,0.0,0.0,0.0,1.0,0.0,1.0,0.0,0.0,0.0,1.0,0.0,0.0,1.0,0.0,0.0,1.0,0.0,0.0,1.0,0.0,0.0,1.0,0.0,1.0,0.0,1.0,0.0,1.0,0.0,0.6150230658536984,0.3427228337606873,0.0046950576757848,0.0375590781929336,0.8215764973967297,0.1784235165710874,0.7653062688375799,0.2346937234452566
0.5811546840958606,0.4072677408296195,0.6222222222222222,0.351339855380689,0.2307692307692307,0.9,1.0,0.4740490483956368,0.8549618320610688,0.48403765746220484,0.8113475177304964,0.4895989027779913,0.6543209876543208,0.1923076923076923,0.7192118226600985,0.20532828072157927,0.0,1.0,0.0,1.0,0.0,1.0,1.0,0.0,0.0,1.0,0.0,1.0,0.4222560767449096,0.5777439243482867,1.0,0.0,0.5115029139027094,0.48849708790329793,0.0,0.0,1.0,0.0,0.0,1.0,0.0,0.0,1.0,0.0,0.0,0.0,1.0,0.0,0.7380791612293023,0.1113570297738029,0.15054835979246683,1.5459050678456876e-05,1.0,0.0,0.0,0.31800996256320857,0.6819900374955874,0.941814042967276,0.05818595337366261,1.0,0.0,1.0,0.0,0.6150232952834851,0.3427229576056669,0.0046952090428286,0.0375585449707006,0.8215767480865172,0.1784232526953929,1.0,0.0
0.931372549019608,0.5344532053479603,0.9350939959926508,0.6721218875527021,0.1538461538461538,0.6000000000000001,0.4,0.4447312412447369,0.7709923664122136,0.1967741935483871,0.7134751773049645,0.4645390070921982,0.8395061728395061,0.1346153846153845,0.4187192118226601,0.0940636017955461,0.0,1.0,0.0,1.0,1.0,0.0,1.0,0.0,1.0,0.0,0.7064525357760509,0.2935474601662126,0.0,1.0,0.5038639723528071,0.4961360285385803,0.0,1.0,0.0,0.0,0.0,1.0,0.0,1.0,0.0,0.0,1.0,0.0,0.0,0.0,1.0,0.0,0.0,1.0,0.0,0.0,1.0,0.0,0.0,0.0,1.0,1.0,0.0,1.0,0.0,0.0,1.0,0.6150232146793262,0.342722886939984,0.0046945569088746,0.0375593763762834,0.8215766034447899,0.1784234050080717,0.76530600435319,0.2346940018613249
0.5550108932461874,0.3095646211861501,0.6777777777777778,0.3321990642279881,0.2307692307692307,0.3,0.2,0.2827909510549017,0.7938931297709919,0.2096774193548387,0.3418439716312056,0.2872340425531912,0.5679012345679013,0.125,0.5049261083743842,0.0342809968378918,1.0,0.0,0.0,1.0,1.0,0.0,1.0,0.0,0.0,1.0,1.0,0.0,1.0,0.0,0.0,1.0,1.0,0.0,0.0,1.0,0.0,0.0,0.0,1.0,0.0,0.0,0.9020562607107273,0.0827141261763259,0.005704913489246954,0.009524701819666137,1.0,0.0,1.0,0.0,0.0,0.0,1.0,0.0,0.0,0.0,1.0,1.0,0.0,1.0,0.0,1.0,0.0,0.6150231548216287,0.3427227994908248,0.0046950168098192,0.0375590607852989,0.8215766113836223,0.1784233966402394,0.7653061587368546,0.234693839380617
0.7265499811794502,0.4929722317449434,0.8148148148148149,0.5567643165067184,0.1538461538461538,0.4,0.5,0.1056910569105691,0.7709923664122136,0.2580645161290322,0.4028368794326241,0.51063829787234,0.765432098765432,0.1346153846153845,0.4408866995073891,0.0388796587577113,0.0,1.0,1.0,0.0,1.0,0.0,1.0,0.0,0.0,1.0,0.0,1.0,1.0,0.0,0.5038639760354167,0.4961360245958586,1.0,0.0,0.0,1.0,0.0,0.0,0.0,1.0,0.0,0.0,1.0,0.0,0.0,0.0,1.0,0.0,1.0,0.0,0.0,0.0,1.0,0.0,0.0,0.0,1.0,1.0,0.0,0.9952689638542568,0.0047310356705624335,1.0,0.0,0.6150236784095378,0.342722959599523,0.0046952144299583,0.0375581226954554,0.8215765565302013,0.1784234543410645,0.7664222138712959,0.23357778482230707
0.3191721132897603,0.340761055879328,0.4592592592592592,0.2077839217354317,0.1538461538461538,0.6000000000000001,0.6000000000000001,0.1869918699186991,0.900763358778626,0.364516129032258,0.6340425531914894,0.5704458349216868,0.6419753086419753,0.3269230769230768,0.5019318011881466,0.2136288117108547,0.0,1.0,1.0,0.0,1.0,0.0,1.0,0.0,0.0,1.0,1.0,0.0,0.42225609116277807,0.5777439092060024,1.0,0.0,1.0,0.0,0.0,1.0,0.0,0.0,0.0,1.0,0.0,0.0,1.0,0.0,0.0,0.0,1.0,0.0,1.0,0.0,0.0,0.0,1.0,0.0,0.0,0.0,1.0,1.0,0.0,1.0,0.0,0.0,1.0,1.0,0.0,0.0,0.0,1.0,0.0,1.0,0.0
0.6040305010893247,0.2948234487487143,0.6874021419055683,0.3353891960867716,0.1538461538461538,0.7000000000000001,0.6000000000000001,0.024390243902439,0.725190839694656,0.3096774193548386,0.7148936170212764,0.4539007092198581,0.6049382716049381,0.2019230769230768,0.6305418719211823,0.0894649398757265,1.0,0.0,1.0,0.0,0.0,1.0,1.0,0.0,0.0,1.0,1.0,0.0,0.0,1.0,0.0,1.0,0.0,1.0,0.0830388724085772,0.5777385173642381,0.2102473488534701,0.1289752610618418,0.1553571495764631,0.7642857166062135,0.0285714222414162,0.0517857110644107,0.8621908139652185,0.0883392198635054,0.0194346321878969,0.0300353339538079,1.0,0.0,1.0,0.0,0.0,0.0,1.0,0.0,0.0,0.31800996381732183,0.6819900361616098,1.0,0.0,1.0,0.0,1.0,0.0,1.0,0.0,0.0,0.0,0.8215765844216002,0.1784234249823405,0.7653061035825752,0.2346938973634671
0.5452069716775599,0.3808707576276997,0.6,0.3194385367928541,0.1538461538461538,0.5,0.5,0.3495934959349593,0.7954740387941767,0.3032258064516129,0.6340425531914894,0.3618266189515293,0.6049382716049381,0.1442307692307691,0.3694581280788177,0.0388796587577113,0.0,1.0,1.0,0.0,1.0,0.0,1.0,0.0,0.0,1.0,0.0,1.0,1.0,0.0,0.0,1.0,1.0,0.0,0.083038875858115,0.5777385143867276,0.2102473518238351,0.1289752574179761,0.1553571511527196,0.7642857178532921,0.0285714183061855,0.051785712100394,0.8621908166830701,0.0883392225464065,0.0194346337308243,0.0300353266013905,1.0,0.0,1.0,0.0,0.0,0.0,0.7058823619923309,0.2445820431879795,0.049535594176387865,0.0,1.0,1.0,0.0,1.0,0.0,0.0,1.0,1.0,0.0,0.0,0.0,0.821576770513527,0.1784232290739598,0.7653061075724987,0.2346938933302635
0.7009803921568627,0.2509427494000685,0.8111111111111111,0.383241173968524,0.1538461538461538,0.7000000000000001,0.4,0.4269185726841331,0.8295155331470102,0.3548387096774193,0.8056737588652482,0.5460992907801416,0.787842227567253,0.1057692307692308,0.4137931034482759,0.1906355021117569,1.0,0.0,0.0,1.0,1.0,0.0,0.9509493621064489,0.0490506381239636,1.0,0.0,1.0,0.0,1.0,0.0,0.0,1.0,0.0,1.0,0.0830388682440768,0.5777385099415611,0.2102473633259646,0.1289752585335511,0.1553571401143899,0.7642857110083003,0.0285714334858345,0.051785715657501,0.862190808663922,0.0883392258425398,0.0194346378805361,0.0300353275203536,1.0,0.0,0.0,0.0,1.0,0.0,1.0,0.0,0.0,0.0,1.0,1.0,0.0,1.0,0.0,1.0,0.0,0.6150232842130632,0.3427228857361661,0.0046942786117788,0.0375595884004602,0.8215767708024194,0.1784232288030637,1.0,0.0
0.3649237472766884,0.2745971888926979,0.5,0.2024670353041258,0.1538461538461538,0.7000000000000001,0.4,0.1869918699186991,0.8091603053435112,0.42487178745377324,0.7588652482269503,0.3085106382978722,0.4814814814814814,0.15667126746581247,0.7167487684729064,0.0974549726507396,0.0,1.0,1.0,0.0,1.0,0.0,1.0,0.0,1.0,0.0,1.0,0.0,1.0,0.0,0.0,1.0,0.0,1.0,0.0830388695415867,0.5777385133061185,0.2102473520019696,0.1289752652101762,0.1629317936676017,0.8041675879406877,0.00615120460683638,0.02674942721140272,0.8621908145125918,0.0883392221527603,0.0194346353388827,0.0300353277002954,0.9344973694034202,0.0655026302658287,1.0,0.0,0.0,0.0,1.0,0.0,0.0,0.0,1.0,0.9418140225590759,0.05818596864085179,0.995268970547038,0.004731028636613233,1.0,0.0,0.6150233914736191,0.3427229610156669,0.0046949203125522,0.0375587339796862,0.821576733651152,0.1784232679216748,1.0,0.0
0.7233386635255861,0.4034967432293452,0.837037037037037,0.5321139940450871,0.1538461538461538,0.5,0.3,0.3289165922569246,0.8091603053435112,0.1161290322580645,0.4992907801418439,0.5886524822695034,0.7037037037037037,0.2596153846153846,0.5541871921182266,0.0342809968378918,1.0,0.0,0.0,1.0,1.0,0.0,1.0,0.0,1.0,0.0,1.0,0.0,1.0,0.0,1.0,0.0,1.0,0.0,0.0,1.0,0.0,0.0,0.162931763471593,0.804167585370375,0.006150876442457598,0.026749755840906886,1.0,0.0,0.0,0.0,1.0,0.0,0.0,0.0,1.0,0.0,1.0,0.0,0.0,0.31800997067735715,0.6819900289258201,1.0,0.0,1.0,0.0,0.0,1.0,0.615022994051966,0.3427228576100151,0.0046949363186864,0.0375592562103048,0.8215767096334036,0.1784232931873582,0.7664222130125526,0.2335777803443293
0.3164488017429194,0.2351731230716489,0.4888888888888889,0.1790727350063802,0.1538461538461538,0.6000000000000001,0.5,0.46564129871139404,0.778625954198473,0.6516129032258065,0.8212460920249471,0.407801418439716,0.5925925925925926,0.1511140559268178,0.5689655172413793,0.0342809968378918,0.0,1.0,1.0,0.0,1.0,0.0,0.9509493356453709,0.04905066602214281,0.0,1.0,1.0,0.0,0.0,1.0,0.0,1.0,0.0,1.0,0.0,1.0,0.0,0.0,0.0,1.0,0.0,0.0,1.0,0.0,0.0,0.0,1.0,0.0,1.0,0.0,0.0,0.0,0.0,1.0,0.0,0.0,1.0,1.0,0.0,1.0,0.0,0.0,1.0,0.615023440512149,0.3427230483973326,0.0046951074721668,0.0375583971920866,0.8215767703782955,0.1784232292777962,0.7664222005442913,0.23357780352475888
0.6452005189069486,0.4182379156667809,0.7481481481481482,0.4629944704381114,0.1538461538461538,0.9,0.7837035945781531,0.4163796177790249,0.8778625954198471,0.3354838709677419,0.7120567375886525,0.46661870483448525,0.6543209876543208,0.2115384615384614,0.3990147783251231,0.0434783206775309,1.0,0.0,0.0,1.0,0.0,1.0,1.0,0.0,1.0,0.0,0.0,1.0,1.0,0.0,0.0,1.0,0.0,1.0,0.0,0.0,0.0,1.0,0.16293178421507037,0.8041675854302909,0.006151126748834668,0.026749497224495822,0.9020562568905578,0.082714127084624,0.005704880985274219,0.009524731032364064,1.0,0.0,1.0,0.0,0.0,0.0,1.0,0.0,0.0,1.0,0.0,1.0,0.0,1.0,0.0,1.0,0.0,0.6150234183630285,0.3427228260457823,0.004693984293344,0.0375598078220452,0.8215766358641914,0.1784233708327754,0.765306125555454,0.2346938743118342
0.4673202614379085,0.3507027768255055,0.8666666666666667,0.5034540808648493,0.1538461538461538,0.3,0.3,0.3633619321784387,0.7557251908396942,0.2096774193548387,0.5801418439716312,0.1737588652482269,0.5432098765432098,0.0384615384615385,0.5320197044334976,0.05267564451717,1.0,0.0,0.0,1.0,1.0,0.0,1.0,0.0,0.0,1.0,1.0,0.0,1.0,0.0,1.0,0.0,1.0,0.0,0.047223835803385295,0.6150820291051546,0.2186265459285428,0.11906758819787466,0.16293176598547,0.8041675849329735,0.006151085451692961,0.026749548926798372,0.9020562354003802,0.08271413414818607,0.005704879627663195,0.009524731124951002,1.0,0.0,1.0,0.0,0.0,0.0,1.0,0.0,0.0,0.3180099562256202,0.6819900441673505,0.9418140571102618,0.05818595116937619,1.0,0.0,1.0,0.0,0.6150233499445853,0.342722582411111,0.0046945548488982,0.0375595529066989,0.8215766191252329,0.1784233884907419,0.0,1.0
0.2739651416122005,0.2293452176894069,0.4592592592592592,0.1620586984262015,0.0769230769230769,0.6000000000000001,0.5,0.2682926829268293,1.0,0.3580645161290322,0.7553699894495601,0.4148936170212765,0.5679012345679013,0.3076923076923077,0.3448275862068966,0.1032609256351852,0.0,1.0,1.0,0.0,1.0,0.0,1.0,0.0,0.0,1.0,1.0,0.0,1.0,0.0,0.0,1.0,0.0,1.0,0.0830388707563966,0.577738514565438,0.2102473535575287,0.1289752609747022,0.162931787479917,0.8041675839031877,0.006151283518491368,0.026749339477476486,0.8621908161376522,0.0883392121684893,0.0194346470947305,0.0300353243903339,1.0,0.0,0.0,0.0,1.0,0.0,1.0,0.0,0.0,0.0,1.0,1.0,0.0,1.0,0.0,1.0,0.0,0.6150236078671423,0.3427229469683994,0.0046947517354649,0.0375586881239864,0.8216936184368977,0.17830638694878764,1.0,0.0
0.6568627450980393,0.334933150497086,0.674074074074074,0.3460229689493832,0.1538461538461538,0.7000000000000001,0.5,0.2845528455284553,0.8473282442748089,0.2612903225806451,0.6453900709219859,0.2553191489361699,0.5308641975308641,0.14669629309778895,0.3152709359605911,0.1676421925126591,1.0,0.0,1.0,0.0,0.0,1.0,1.0,0.0,0.0,1.0,1.0,0.0,1.0,0.0,0.0,1.0,1.0,0.0,0.0,0.0,0.0,1.0,0.0,1.0,0.0,0.0,1.0,0.0,0.0,0.0,1.0,0.0,1.0,0.0,0.0,0.0,1.0,0.0,0.0,0.0,1.0,1.0,0.0,1.0,0.0,1.0,0.0,0.6150235570325082,0.3427229295109399,0.0046946020044825,0.0375589143412664,0.8215767225527513,0.1784232795481311,1.0,0.0
0.3474945533769063,0.2077476859787452,0.5409792043150304,0.1705657167162909,0.1538461538461538,0.5707637684792602,0.4,0.3994775232704141,0.8320610687022896,0.5193548387096774,0.7219858156028368,0.4007092198581559,0.553409696526685,0.1630440435083448,0.8497536945812808,0.0480769825973504,1.0,0.0,0.0,1.0,1.0,0.0,1.0,0.0,0.0,1.0,1.0,0.0,1.0,0.0,0.0,1.0,0.0,1.0,1.0,0.0,0.0,0.0,0.16293177774221412,0.8041675873376362,0.006151251753515163,0.026749387385725742,0.9020562672288394,0.08271412758732899,0.005704900084865572,0.009524716121890764,0.9344973584262901,0.06550264179379295,1.0,0.0,0.0,0.0,1.0,0.0,0.0,0.0,1.0,1.0,0.0,0.9952689386084106,0.004731062277557929,0.0,1.0,0.6150230442121707,0.3427227972753419,0.0046947213553446,0.0375594857780023,0.8215766167376148,0.1784233909618782,0.765306177027114,0.2346938201529852
0.8344226579520698,0.4833733287624271,0.7481481481481482,0.5108464483198638,0.1538461538461538,0.5,0.6000000000000001,0.1869918699186991,0.7557251908396942,0.2419354838709677,0.6454677957878137,0.4929078014184394,0.6666666666666665,0.1442307692307691,0.6650246305418719,0.0342809968378918,1.0,0.0,1.0,0.0,0.7131537220332516,0.28684627808812535,1.0,0.0,0.0,1.0,0.0,1.0,1.0,0.0,0.0,1.0,0.0,1.0,0.0,1.0,0.0,0.0,0.0,1.0,0.0,0.0,1.0,0.0,0.0,0.0,1.0,0.0,1.0,0.0,0.0,0.0,1.0,0.0,0.0,0.0,1.0,1.0,0.0,1.0,0.0,0.5772971778193168,0.4227028218040092,0.6150236286459456,0.3427230115734162,0.0046949491694993,0.0375583946450037,0.8216936345670984,0.17830637150062612,0.7653061045047861,0.2346938965407853
0.2903050108932462,0.2471717517997942,0.5074074074074074,0.1939600170140365,0.17492295839888464,0.2,0.2,0.2688819509277538,0.7175572519083966,0.0290322580645161,0.399507183837778,0.581560283687943,0.765432098765432,0.1538461538461539,0.458128078817734,0.084866277955907,0.0,1.0,0.0,1.0,1.0,0.0,0.0,1.0,0.0,1.0,1.0,0.0,0.0,1.0,1.0,0.0,1.0,0.0,0.0,0.0,1.0,0.0,0.0,1.0,0.0,0.0,1.0,0.0,0.0,0.0,1.0,0.0,1.0,0.0,0.0,0.0,1.0,0.0,0.0,0.0,1.0,1.0,0.0,1.0,0.0,1.0,0.0,0.6150233562209363,0.3427227457490023,0.0046952071174795,0.0375587044076415,0.8215766872340242,0.1784233168137068,0.0,1.0
0.7679738562091504,0.3767569420637641,0.8148148148148149,0.4895789025946406,0.1538461538461538,0.2,0.2,0.3083081167983891,0.7557251908396942,0.1419354838709677,0.4099290780141844,0.4219858156028366,0.6296296296296295,0.2596153846153846,0.3522167487684728,0.0388796587577113,0.0,1.0,0.0,1.0,1.0,0.0,1.0,0.0,0.0,1.0,1.0,0.0,1.0,0.0,0.0,1.0,1.0,0.0,0.0,1.0,0.0,0.0,0.0,1.0,0.0,0.0,1.0,0.0,0.0,0.0,0.0,1.0,1.0,0.0,0.0,0.0,1.0,0.0,0.0,0.0,1.0,0.9418140546944994,0.058185952165021204,1.0,0.0,0.0,1.0,0.6150231767864265,0.3427228172088077,0.0046949371845194,0.0375591005758083,0.8215766621116155,0.1784233432604622,0.7653060943199689,0.2346939072605696
0.622004357298475,0.4833733287624271,0.7259259259259259,0.4895789025946406,0.1538461538461538,0.3,0.5,0.2737976111331879,0.7633587786259537,0.1709677419354838,0.2283687943262411,0.3723404255319147,0.7037037037037037,0.1346153846153845,0.5492610837438424,0.0342809968378918,1.0,0.0,0.6919504590767365,0.30804954120856487,1.0,0.0,1.0,0.0,0.0,1.0,0.0,1.0,0.0,1.0,0.0,1.0,1.0,0.0,0.0,1.0,0.0,0.0,0.0,1.0,0.0,0.0,1.0,0.0,0.0,0.0,1.0,0.0,1.0,0.0,0.0,0.0,1.0,0.0,0.0,0.0,1.0,1.0,0.0,1.0,0.0,1.0,0.0,0.6150235299829443,0.3427228715399197,0.0046951677686408,0.0375584246806917,0.8215765547974018,0.1784234562333521,0.7653059156352162,0.2346940953218618
0.5577342047930284,0.2338018512170038,0.6037037037037037,0.2396852403232666,0.1538461538461538,0.4,0.4,0.3246902339592806,0.7862595419847329,0.1387096774193548,0.55177304964539,0.5,0.7530864197530864,0.2115384615384614,0.2783251231527094,0.0664716302766287,0.47574394218327287,0.5242560578666295,0.0,1.0,0.0,1.0,1.0,0.0,0.0,1.0,1.0,0.0,1.0,0.0,1.0,0.0,1.0,0.0,0.0,1.0,0.0,0.0,0.0,1.0,0.0,0.0,0.9020562554516298,0.08271412256220423,0.00570488672167635,0.009524727314492387,1.0,0.0,1.0,0.0,0.0,0.0,1.0,0.0,0.0,0.3180099602665841,0.6819900398923007,1.0,0.0,1.0,0.0,1.0,0.0,0.6150231851394199,0.3427228401543533,0.0046949637710553,0.0375590399012401,0.8215767494814917,0.178423251259343,0.7664222167122607,0.23357777973375526
0.601851851851852,0.6102159753171065,0.6925925925925926,0.5427477669076988,0.3076923076923077,0.4,0.4,0.2967817351103209,0.7709923664122136,0.1903225806451612,0.2212765957446808,0.2659574468085104,0.4567901234567901,0.0865384615384614,0.625615763546798,0.0388796587577113,1.0,0.0,0.0,1.0,0.0,1.0,1.0,0.0,0.0,1.0,0.7064524816434279,0.29354751729472683,0.0,1.0,0.0,1.0,1.0,0.0,0.0,1.0,0.0,0.0,0.0,1.0,0.0,0.0,1.0,0.0,0.0,0.0,1.0,0.0,0.7380821531063215,0.11135703330687974,0.1505483575857055,1.2225648622354868e-05,0.7058823646380449,0.2445820400742188,0.049535594570868646,0.3180099706327213,0.6819900289730032,1.0,0.0,1.0,0.0,1.0,0.0,0.6263949435788352,0.3424960870982936,0.0032857335952413136,0.027823150850029954,0.8215765205433344,0.1784234922929677,0.7653060208578695,0.2346939844488302
0.6328976034858388,0.6215289681179293,0.7185185185185186,0.5789025946405784,0.1538461538461538,0.2,0.4,0.3226922533377726,0.7709923664122136,0.1419354838709677,0.3848261371502014,0.333333333333333,0.5839202846357738,0.125,0.6650246305418719,0.0480769825973504,0.0,1.0,0.6919504586301963,0.30804954168187226,0.713153744848874,0.28684625403394104,1.0,0.0,0.38111261368878513,0.6188873872740912,0.0,1.0,1.0,0.0,0.0,1.0,0.5115030089971662,0.48849698764698535,0.0,1.0,0.0,0.0,0.0,1.0,0.0,0.0,1.0,0.0,0.0,0.0,1.0,0.0,1.0,0.0,0.0,0.0,1.0,0.0,0.0,0.0,1.0,1.0,0.0,1.0,0.0,1.0,0.0,0.6150233046572441,0.3427229234391351,0.0046950863389257,0.0375586974056884,0.8215766131190441,0.1784233948284275,1.0,0.0
0.7734204793028322,0.2855673637298594,0.8296296296296297,0.4257762654189706,0.1538461538461538,0.4,0.4,0.2532744710420047,0.7404580152671754,0.0806451612903225,0.2510638297872339,0.4716312056737588,0.6172839506172838,0.1442307692307691,0.4876847290640393,0.0342809968378918,0.0,1.0,0.0,1.0,1.0,0.0,1.0,0.0,0.3811126268824654,0.6188873733299286,1.0,0.0,0.0,1.0,1.0,0.0,1.0,0.0,0.0,1.0,0.0,0.0,0.0,1.0,0.0,0.0,1.0,0.0,0.0,0.0,1.0,0.0,1.0,0.0,0.0,0.0,1.0,0.0,0.0,0.0,1.0,1.0,0.0,1.0,0.0,0.0,1.0,0.6263950179976286,0.3424960763543936,0.0032853159647420194,0.027823573438036764,0.8215766445510698,0.1784233617228715,1.0,0.0
0.5301022302399065,0.3387041480973602,0.6185185185185185,0.3088047639302424,0.0769230769230769,0.4,0.4,0.336433334312721,0.7480916030534353,0.3387096774193548,0.502127659574468,0.5212765957446805,0.7530864197530864,0.096153846153846,0.4014778325123153,0.0342809968378918,0.0,1.0,0.0,1.0,1.0,0.0,1.0,0.0,0.0,1.0,1.0,0.0,0.0,1.0,0.0,1.0,1.0,0.0,0.0,1.0,0.0,0.0,0.0,1.0,0.0,0.0,1.0,0.0,0.0,0.0,1.0,0.0,0.7380868366271214,0.11135702535194603,0.15054835863705796,7.210899947818206e-06,1.0,0.0,0.0,0.0,1.0,1.0,0.0,0.0,1.0,0.5772972088337667,0.42270279153431045,0.6150383903194225,0.3427120772460508,0.0047518959117353,0.0374955753591924,0.8215822312762562,0.1784174895520132,0.7653060535260288,0.234693941908006
0.752723311546841,0.6609530339389783,0.7185185185185186,0.6065504040833687,0.18133611994324617,0.5,0.6108973904041499,0.2682926829268293,0.7557251908396942,0.164516129032258,0.4865248226950354,0.2021276595744681,0.4197530864197529,0.1730769230769231,0.4630541871921182,0.0664716302766287,1.0,0.0,1.0,0.0,1.0,0.0,1.0,0.0,1.0,0.0,0.0,1.0,0.0,1.0,1.0,0.0,1.0,0.0,0.0,1.0,0.0,0.0,0.0,1.0,0.0,0.0,0.0,1.0,0.0,0.0,0.9344973613911269,0.06550263869271222,0.0,1.0,0.0,0.0,1.0,0.0,0.0,0.31800997534985,0.6819900240066571,1.0,0.0,1.0,0.0,1.0,0.0,0.6150236006015704,0.342722936520622,0.0046951825640504,0.0375582645861559,0.8215766069689683,0.1784234012831193,0.7653061434851838,0.234693855515399
0.6138344226579521,0.2622557422008913,0.6888888888888889,0.3088047639302424,0.1538461538461538,0.4,0.4,0.1869918699186991,0.7555340744013421,0.164516129032258,0.4099290780141844,0.5390070921985812,0.7901234567901232,0.0480769230769231,0.41660877546059205,0.0342809968378918,0.4757439403883079,0.5242560597623367,1.0,0.0,1.0,0.0,1.0,0.0,0.0,1.0,1.0,0.0,0.0,1.0,1.0,0.0,0.511502987115394,0.48849701076934304,0.0,1.0,0.0,0.0,0.0,1.0,0.0,0.0,1.0,0.0,0.0,0.0,1.0,0.0,1.0,0.0,0.0,0.0,1.0,0.0,0.0,0.0,1.0,1.0,0.0,1.0,0.0,0.5718518558705616,0.4281481439185892,0.6150235245561142,0.3427229474417637,0.0046950817189704,0.0375584387240941,1.0,0.0,1.0,0.0
0.5430283224400873,0.3009941720946177,0.5518518518518519,0.2450021267545724,0.1538461538461538,0.5,0.3,0.2810079300816843,0.7709923664122136,0.3129032258064516,0.2851063829787233,0.5,0.679012345679012,0.1153846153846154,0.1502463054187192,0.0342809968378918,0.4757439440694441,0.5242560558810616,0.6919504624604402,0.30804953762437226,1.0,0.0,1.0,0.0,1.0,0.0,1.0,0.0,0.42225610605861796,0.5777438934635328,0.5038639801635383,0.49613602028956294,1.0,0.0,0.0,1.0,0.0,0.0,1.0,0.0,0.0,0.0,0.9020562452920781,0.08271412946745715,0.005704941619928183,0.009524697231136248,0.0,1.0,1.0,0.0,0.0,0.0,1.0,0.0,0.0,0.0,1.0,1.0,0.0,1.0,0.0,0.5772971730153362,0.4227028268620435,0.6150235277683563,0.3427228859683049,0.0046949175782059,0.037558668680826,0.8215768396100549,0.1784231564059396,0.7653060786717432,0.2346939237181419
0.6879084967320263,0.4600617072334589,0.7858057017586917,0.5227524846352266,0.1538461538461538,0.4,0.3,0.4091555546410869,0.7709923664122136,0.2774193548387096,0.64822695035461,0.6099290780141842,0.8641975308641974,0.1346153846153845,0.4906892351204234,0.0388796587577113,0.0,1.0,0.0,1.0,1.0,0.0,1.0,0.0,0.0,1.0,1.0,0.0,1.0,0.0,0.0,1.0,1.0,0.0,0.04722381983010171,0.6150820393782193,0.2186265580590574,0.1190675824962577,0.0,1.0,0.0,0.0,1.0,0.0,0.0,0.0,1.0,0.0,1.0,0.0,0.0,0.0,1.0,0.0,0.0,0.0,1.0,1.0,0.0,1.0,0.0,1.0,0.0,0.6263950771981461,0.3424960778274566,0.0032852607356478325,0.0278236024807057,0.8215766391079715,0.1784233673969855,0.7653061083847112,0.2346938922136165
0.5136165577342048,0.2783681864929722,0.6659234100806458,0.3194385367928541,0.0769230769230769,0.4,0.4,0.2594156821776715,0.7862595419847329,0.1741935483870967,0.2794326241134751,0.2446808510638294,0.7037037037037037,0.0769230769230768,0.3497536945812808,0.0342809968378918,1.0,0.0,0.0,1.0,1.0,0.0,1.0,0.0,0.0,1.0,1.0,0.0,0.0,1.0,1.0,0.0,1.0,0.0,0.0,1.0,0.0,0.0,0.0,1.0,0.0,0.0,1.0,0.0,0.0,0.0,1.0,0.0,0.0,1.0,0.0,0.0,1.0,0.0,0.0,0.0,1.0,1.0,0.0,1.0,0.0,1.0,0.0,0.6263950303493636,0.34249607465844956,0.0032858676198821435,0.02782298523603821,0.821576608939328,0.1784233992278723,0.7653060459188231,0.2346939581047077
0.704248366013072,0.5413095646211862,0.8172097833668022,0.5969800085070183,0.1538461538461538,1.0,0.9,0.4308943089430894,0.8015267175572518,0.2806451612903226,0.8085106382978723,0.5531914893617018,0.8518518518518516,0.1538461538461539,0.5098522167487685,0.0664716302766287,0.0,1.0,0.6919504735714976,0.30804952595324975,0.7131536953426252,0.2868463062080209,1.0,0.0,1.0,0.0,0.0,1.0,0.0,1.0,0.5038640063903466,0.4961359926221849,0.0,1.0,0.0,0.0,1.0,0.0,1.0,0.0,0.0,0.0,1.0,0.0,0.0,0.0,1.0,0.0,0.7380777140918942,0.11135702732756136,0.15054836828881246,1.7038299997551576e-05,1.0,0.0,0.0,1.0,0.0,1.0,0.0,1.0,0.0,0.0,1.0,0.0,1.0,0.0,0.0,0.8215767228719542,0.1784232792163763,0.7653062070859458,0.2346937883974081
0.483115468409586,0.2317449434350359,0.6037037037037037,0.2386218630370054,0.1538461538461538,0.6000000000000001,0.5458717019838617,0.3470608773431082,0.8396946564885495,0.0774193548387096,0.6085106382978722,0.5212765957446805,0.8024691358024689,0.1153846153846154,0.2241379310344827,0.1032609256351852,0.0,1.0,0.0,1.0,0.0,1.0,1.0,0.0,0.3811126354401473,0.61888736432078,1.0,0.0,0.0,1.0,0.5038639945858978,0.4961360050271948,1.0,0.0,0.0,1.0,0.0,0.0,0.0,1.0,0.0,0.0,1.0,0.0,0.0,0.0,1.0,0.0,1.0,0.0,0.0,0.0,1.0,0.0,0.0,0.0,1.0,1.0,0.0,1.0,0.0,0.0,1.0,0.6150231164147675,0.3427228536873961,0.0046948872492961,0.0375591785014131,0.8216936304325383,0.17830637065045296,1.0,0.0
0.2260348583877996,0.2502571134727459,0.3925925925925926,0.1386643981284559,0.21285165189891223,0.6000000000000001,0.4,0.4263121893639501,0.8091603053435112,0.4935483870967742,0.8056737588652482,0.3581560283687941,0.5061728395061729,0.17773599240777654,0.4852216748768473,0.0434783206775309,1.0,0.0,0.0,1.0,1.0,0.0,1.0,0.0,0.0,1.0,1.0,0.0,1.0,0.0,0.0,1.0,0.0,1.0,0.04722382978807327,0.615082031631571,0.2186265593991199,0.11906757903524523,0.0,1.0,0.0,0.0,1.0,0.0,0.0,0.0,0.0,1.0,1.0,0.0,0.0,0.0,1.0,0.0,0.0,0.0,1.0,1.0,0.0,1.0,0.0,0.0,1.0,0.6150232322318282,0.3427228919259304,0.0046949379884995,0.0375589605271571,0.8215767533742939,0.1784232471510326,0.765306068671873,0.2346939342236309
0.7952069716775599,0.5265683921837504,0.7481481481481482,0.5427477669076988,0.1538461538461538,0.3,0.3,0.2709981397923626,0.7709923664122136,0.1161290322580645,0.198581560283688,0.4219858156028366,0.5802469135802468,0.3557692307692308,0.147783251231527,0.0342809968378918,0.0,1.0,0.0,1.0,1.0,0.0,1.0,0.0,0.0,1.0,0.7064524820568279,0.2935475169319971,0.0,1.0,0.0,1.0,1.0,0.0,0.0,1.0,0.0,0.0,0.0,1.0,0.0,0.0,1.0,0.0,0.0,0.0,1.0,0.0,1.0,0.0,0.0,0.0,1.0,0.0,0.0,1.0,0.0,1.0,0.0,1.0,0.0,1.0,0.0,0.6150232620044755,0.342722799779907,0.0046951358818096,0.0375588227805188,0.8216936207598867,0.1783063934193374,0.7653059175951793,0.2346940933219009
0.2908496732026144,0.2684264655467946,0.4444444444444444,0.1705657167162909,0.0769230769230769,0.5,0.6000000000000001,0.323183473813683,0.8357242568763968,0.2516129032258065,0.5174293746619043,0.3865248226950353,0.728395061728395,0.2019230769230768,0.5394088669950738,0.0480769825973504,0.0,1.0,0.0,1.0,1.0,0.0,1.0,0.0,0.0,1.0,0.0,1.0,1.0,0.0,0.0,1.0,1.0,0.0,0.04722382517281065,0.6150820380951327,0.21862656061046404,0.11906757542029967,0.0,1.0,0.0,0.0,1.0,0.0,0.0,0.0,1.0,0.0,1.0,0.0,0.0,0.0,0.7058823544241986,0.24458204269178385,0.049535602830011904,0.0,1.0,1.0,0.0,1.0,0.0,0.5772971743091653,0.4227028255313141,0.6150235352080393,0.3427227728748286,0.0046949694137524,0.0375587257301323,0.8216936264722554,0.17830637928808646,0.7653060633253304,0.2346939398930049
0.8611111111111112,0.5135413095646211,0.7333333333333334,0.518290089323692,0.1538461538461538,0.7000000000000001,0.7104110766956889,0.1463414634146341,0.7557251908396942,0.2806451612903226,0.4674412345431942,0.4468085106382977,0.6543209876543208,0.125,0.4373775969860617,0.0388796587577113,1.0,0.0,1.0,0.0,0.0,1.0,1.0,0.0,1.0,0.0,0.0,1.0,0.0,1.0,0.0,1.0,1.0,0.0,0.0,1.0,0.0,0.0,0.0,1.0,0.0,0.0,0.9020562619311951,0.08271412389226807,0.005704891389749722,0.009524720915519702,1.0,0.0,0.0,0.0,1.0,0.0,1.0,0.0,0.0,0.31800997545065357,0.6819900238860174,1.0,0.0,1.0,0.0,1.0,0.0,0.6150236175357979,0.3427229562340836,0.0046949256571253,0.0375584890707448,0.821576586935546,0.1784234223352039,0.7653062051143755,0.23469379056374
0.5838779956427016,0.1926636955776482,0.6666666666666667,0.2503190131858783,0.2307692307692307,0.3,0.5,0.1869918699186991,0.7862595419847329,0.2129032258064516,0.4078556133116193,0.3049645390070921,0.5061728395061729,0.17521175015718268,0.6748768472906403,0.0342809968378918,1.0,0.0,1.0,0.0,0.0,1.0,1.0,0.0,0.0,1.0,0.0,1.0,1.0,0.0,0.0,1.0,1.0,0.0,0.0,1.0,0.0,0.0,0.0,1.0,0.0,0.0,1.0,0.0,0.0,0.0,1.0,0.0,1.0,0.0,0.0,0.0,1.0,0.0,0.0,0.0,1.0,1.0,0.0,1.0,0.0,0.0,1.0,1.0,0.0,0.0,0.0,0.8215767510756609,0.1784232496142429,1.0,0.0
0.7908496732026145,0.307164895440521,0.9481481481481482,0.5427477669076988,0.1538461538461538,0.4,0.4,0.1463414634146341,0.7709923664122136,0.2064516129032257,0.426950354609929,0.4539007092198581,0.7766905002790448,0.0865384615384614,0.2512315270935961,0.0342809968378918,0.0,1.0,1.0,0.0,0.7131537292960716,0.2868462704356366,0.950949362118236,0.0490506381365593,0.0,1.0,0.7064524807515042,0.2935475183563,0.0,1.0,0.0,1.0,1.0,0.0,0.0,1.0,0.0,0.0,0.0,1.0,0.0,0.0,1.0,0.0,0.0,0.0,1.0,0.0,0.0,0.0,1.0,0.0,1.0,0.0,0.0,0.0,1.0,1.0,0.0,1.0,0.0,1.0,0.0,0.6150236471466521,0.3427228844133176,0.0046948046963141,0.037558657563119,0.0,1.0,1.0,0.0
0.4287399127234239,0.2838532739115529,0.5355555555555556,0.2269247128881326,0.1538461538461538,0.7000000000000001,0.5,0.2357723577235772,0.9083969465648848,0.364516129032258,0.8123886326269745,0.3014184397163117,0.5555555555555554,0.1923076923076923,0.3399014778325123,0.0940636017955461,0.4757439437961878,0.5242560561741527,1.0,0.0,1.0,0.0,1.0,0.0,0.0,1.0,1.0,0.0,1.0,0.0,0.0,1.0,0.0,1.0,0.0,0.0,1.0,0.0,0.0,1.0,0.0,0.0,1.0,0.0,0.0,0.0,1.0,0.0,0.0,1.0,0.0,0.0,0.7058823506159133,0.2445820490091326,0.049535600331933605,0.3180099574905192,0.6819900428215222,1.0,0.0,1.0,0.0,0.0,1.0,0.6150235695273585,0.3427229025826902,0.0046951188604398,0.0375583986191327,0.8215766911258053,0.1784233126521456,0.7653061368421659,0.2346938624712354
0.593681917211329,0.47289548850173013,0.7222222222222223,0.4895789025946406,0.1538461538461538,0.5,0.4,0.3495934959349593,0.7557251908396942,0.2451612903225806,0.5134751773049645,0.4255319148936169,0.6419753086419753,0.1442307692307691,0.5935960591133005,0.0342809968378918,0.4757439463674812,0.5242560534621612,1.0,0.0,0.0,1.0,1.0,0.0,0.0,1.0,1.0,0.0,1.0,0.0,0.0,1.0,1.0,0.0,0.0,1.0,0.0,0.0,0.0,1.0,0.0,0.0,1.0,0.0,0.0,0.0,0.9344973555457604,0.06550264485172597,0.0,1.0,0.0,0.0,1.0,0.0,0.0,0.0,1.0,1.0,0.0,1.0,0.0,0.0,1.0,0.6150235387111771,0.3427229273606297,0.0046950267407412,0.0375585006162049,0.8215766916934504,0.1784233120587226,0.7653061284836469,0.2346938711892522
0.8894335511982571,0.556393555022283,0.8888888888888888,0.6676171919148015,0.0769230769230769,0.4,0.3,0.2032520325203252,0.7099236641221376,0.0612903225806451,0.198581560283688,0.3971631205673758,0.8518518518518516,0.125,0.0911330049261083,0.0342809968378918,0.0,1.0,1.0,0.0,0.7131537147190967,0.2868462857963916,1.0,0.0,1.0,0.0,1.0,0.0,0.0,1.0,0.0,1.0,1.0,0.0,0.0,1.0,0.0,0.0,0.0,1.0,0.0,0.0,1.0,0.0,0.0,0.0,1.0,0.0,0.0,0.0,1.0,0.0,1.0,0.0,0.0,1.0,0.0,1.0,0.0,1.0,0.0,0.577297173644078,0.42270282621028976,0.6150236248414003,0.3427228839242161,0.0046946782990107,0.0375588116360074,0.821576443909246,0.1784235729393551,0.7653060202927897,0.2346939850954127
0.7037037037037037,0.3877271169009255,0.825925925925926,0.5087196937473415,0.1538461538461538,0.3,0.5,0.3495934959349593,0.7862595419847329,0.1225806451612903,0.1631205673758865,0.3510638297872339,0.691358024691358,0.1153846153846154,0.3793103448275862,0.0342809968378918,1.0,0.0,1.0,0.0,1.0,0.0,1.0,0.0,0.38111261952729525,0.6188873811143241,0.0,1.0,1.0,0.0,0.5038639802219849,0.49613602014723956,1.0,0.0,0.0,1.0,0.0,0.0,0.0,1.0,0.0,0.0,1.0,0.0,0.0,0.0,0.9344973635488562,0.06550263640052678,1.0,0.0,0.0,0.0,1.0,0.0,0.0,0.0,1.0,0.9418140425892488,0.058185960444577134,1.0,0.0,1.0,0.0,0.6150238159759032,0.3427229764954889,0.0046949796971513,0.0375581976439908,0.0,1.0,0.7653059388402539,0.234694070782509
0.857843137254902,0.47322123310259134,0.8666666666666667,0.5787569512268971,0.1538461538461538,0.5,0.4,0.457359508359437,0.757570678614927,0.3903225806451613,0.6099290780141844,0.4751773049645389,0.6172839506172838,0.1730769230769231,0.5911330049261084,0.0388796587577113,1.0,0.0,0.0,1.0,1.0,0.0,1.0,0.0,0.0,1.0,1.0,0.0,0.0,1.0,0.0,1.0,1.0,0.0,0.0,1.0,0.0,0.0,1.0,0.0,0.0,0.0,0.0,1.0,0.0,0.0,0.9344973523290541,0.06550264824148577,1.0,0.0,0.0,0.0,1.0,0.0,0.0,0.0,1.0,1.0,0.0,1.0,0.0,1.0,0.0,0.615023281018557,0.3427228840447388,0.0046949947680803,0.037558857798351,0.8215765426298911,0.1784234689709901,0.765305930648112,0.2346940793468597
0.3366013071895425,0.2410010284538909,0.4666666666666667,0.1705657167162909,0.1538461538461538,0.7000000000000001,0.6000000000000001,0.4542011212754803,0.9160305343511448,0.4806451612903225,0.8269503546099289,0.3475177304964536,0.5308641975308641,0.1811166553983191,0.6354679802955665,0.2642140928288699,0.0,1.0,0.0,1.0,0.7131537346351489,0.2868462648091832,1.0,0.0,0.0,1.0,0.7064524888573702,0.29354750974355404,0.42225610403085867,0.5777438955941634,0.0,1.0,0.0,1.0,0.0,1.0,0.0,0.0,0.0,1.0,0.0,0.0,1.0,0.0,0.0,0.0,1.0,0.0,1.0,0.0,0.0,0.0,0.0,1.0,0.0,0.0,1.0,1.0,0.0,1.0,0.0,1.0,0.0,0.6150233437824836,0.3427229436388381,0.0046948232675344,0.0375589034780409,0.8215767561521369,0.1784232442331406,0.7653059571571692,0.2346940515456332
0.8153594771241831,0.4367500857044909,0.8296296296296297,0.5533815397703105,0.1538461538461538,0.3,0.3,0.1869918699186991,0.778625954198473,0.1806451612903225,0.4085106382978724,0.3900709219858154,0.7407407407407405,0.0576923076923077,0.42037091408356575,0.0342809968378918,1.0,0.0,1.0,0.0,0.0,1.0,1.0,0.0,0.0,1.0,1.0,0.0,1.0,0.0,0.0,1.0,1.0,0.0,0.0,1.0,0.0,0.0,0.0,1.0,0.0,0.0,1.0,0.0,0.0,0.0,0.9344973657287021,0.0655026341136653,1.0,0.0,0.0,0.0,1.0,0.0,0.0,0.0,1.0,1.0,0.0,1.0,0.0,1.0,0.0,0.6150236496454302,0.3427229378636441,0.0046946396341986,0.0375587676813681,0.8216936269952392,0.17830637832100282,0.7653060887494905,0.2346939130084142
0.1835511982570806,0.2180322248885841,0.3081481481481481,0.0929391748192258,0.1538461538461538,0.6053195816171044,0.5,0.4016425751396334,0.8854961832061066,0.3935483870967742,0.7347517730496455,0.2765957446808511,0.4814814814814814,0.1153846153846154,0.5544616940196349,0.0618729683568091,0.4757439456253163,0.5242560542279805,0.0,1.0,1.0,0.0,0.9509493679626453,0.04905063202458193,0.0,1.0,1.0,0.0,1.0,0.0,0.0,1.0,0.0,1.0,0.047223827493660275,0.6150820336085341,0.21862656025344973,0.11906757922202127,0.0,1.0,0.0,0.0,1.0,0.0,0.0,0.0,1.0,0.0,1.0,0.0,0.0,0.0,0.7058823483523853,0.24458204885587198,0.04953560291842929,0.0,1.0,1.0,0.0,1.0,0.0,0.5772971696805693,0.42270283040980317,0.6150231441630607,0.342722837504618,0.0046946714866614,0.0375593864143103,0.8215764826697889,0.1784235320764085,0.0,1.0
0.7058823529411765,0.3908124785738772,0.6888888888888889,0.3938749468311356,0.1538461538461538,0.6000000000000001,0.5,0.5121951219512195,0.7862595419847329,0.4387096774193548,0.8567375886524821,0.4255319148936169,0.5925925925925926,0.0576923076923077,0.45716358253647493,0.2090301497910351,0.0,1.0,1.0,0.0,1.0,0.0,1.0,0.0,0.0,1.0,1.0,0.0,0.0,1.0,0.5038639825164107,0.49613601778316496,0.0,1.0,0.0830388723572793,0.5777385168863198,0.2102473533284146,0.1289752570303207,0.1553571419185098,0.7642857155280681,0.0285714244076809,0.051785718279061,0.9020562946805166,0.08271412749925044,0.0057049250332718016,0.009524696126574583,1.0,0.0,1.0,0.0,0.0,0.0,1.0,0.0,0.0,0.0,1.0,1.0,0.0,1.0,0.0,1.0,0.0,1.0,0.0,0.0,0.0,1.0,0.0,0.7653060824693716,0.2346939196455324
0.6244511962147057,0.4117243743572163,0.6903703703703703,0.408762228838792,0.2307692307692307,0.3,0.3,0.1056910569105691,0.7862595419847329,0.1806451612903225,0.3985815602836878,0.6134751773049643,0.8148148148148147,0.0865384615384614,0.6527093596059114,0.0342809968378918,1.0,0.0,1.0,0.0,1.0,0.0,1.0,0.0,0.0,1.0,1.0,0.0,0.0,1.0,0.5038639759266565,0.49613602471085094,1.0,0.0,0.0,1.0,0.0,0.0,0.0,1.0,0.0,0.0,1.0,0.0,0.0,0.0,1.0,0.0,1.0,0.0,0.0,0.0,0.7058823581142479,0.24458203731821448,0.049535604400973154,0.0,1.0,1.0,0.0,1.0,0.0,0.577297179265599,0.422702820264764,0.6150236098823598,0.3427229708234708,0.0046951460920231,0.0375582562106283,0.8215766384919134,0.1784233681231003,1.0,0.0
0.2598039215686274,0.2135755913609873,0.4074074074074074,0.1322841344108889,0.1538461538461538,0.7000000000000001,0.5,0.4334959269086688,0.9236641221374042,0.373737067951659,0.6921985815602837,0.3971631205673758,0.5679012345679013,0.2403846153846152,0.5190111908560343,0.0894649398757265,1.0,0.0,0.0,1.0,0.7131537277158932,0.28684627210062796,1.0,0.0,0.0,1.0,1.0,0.0,1.0,0.0,0.0,1.0,0.0,1.0,0.0,0.0,1.0,0.0,0.16293179258489576,0.8041675812055926,0.00615109683377868,0.02674953693699278,0.9020562518891507,0.08271412284849877,0.0057049137201531375,0.00952472060510634,1.0,0.0,1.0,0.0,0.0,0.0,1.0,0.0,0.0,0.0,1.0,1.0,0.0,0.9952689498035031,0.004731050470578313,0.0,1.0,0.6150232844050401,0.3427227473119653,0.0046950123805774,0.0375589802772832,0.8215766954515535,0.178423308163385,0.766422214340437,0.2335777899839313
0.5740740740740741,0.2797394583476174,0.5962962962962963,0.26095278604849,0.1538461538461538,0.3,0.3,0.2682926829268293,0.7862595419847329,0.1290322580645161,0.3985815602836878,0.30709314528161674,0.5061728395061729,0.1538461538461539,0.3645320197044335,0.0940636017955461,0.0,1.0,1.0,0.0,1.0,0.0,1.0,0.0,0.0,1.0,1.0,0.0,0.4222561006643344,0.5777438991528763,1.0,0.0,1.0,0.0,0.047223822256529324,0.6150820415995409,0.21862655204485426,0.11906758393095906,0.0,1.0,0.0,0.0,1.0,0.0,0.0,0.0,1.0,0.0,1.0,0.0,0.0,0.0,1.0,0.0,0.0,0.0,1.0,1.0,0.0,1.0,0.0,1.0,0.0,0.6150234050253853,0.3427229300708824,0.0046949297407165,0.0375587423204164,0.8215765724324389,0.1784234376411202,0.0,1.0
0.568082788671024,0.2865958176208434,0.6888888888888889,0.3247554232241599,0.1538461538461538,0.4,0.3,0.2682926829268293,0.7709923664122136,0.3161290322580645,0.4354609929078014,0.5292350446925038,0.765432098765432,0.1346153846153845,0.6748768472906403,0.0618729683568091,0.0,1.0,1.0,0.0,1.0,0.0,1.0,0.0,0.0,1.0,1.0,0.0,1.0,0.0,0.0,1.0,1.0,0.0,0.0,1.0,0.0,0.0,0.0,1.0,0.0,0.0,1.0,0.0,0.0,0.0,1.0,0.0,1.0,0.0,0.0,0.0,0.0,1.0,0.0,0.0,1.0,1.0,0.0,1.0,0.0,1.0,0.0,0.6263950803624949,0.3424960802268654,0.003283484633493372,0.0278253755328991,0.8215767372872853,0.1784232640874875,0.7653060612894949,0.2346939419364166
0.6824618736383442,0.2968803565306821,0.7851851851851852,0.4013185878349639,0.3846153846153846,0.5823094329670009,0.5,0.2601626016260162,0.900763358778626,0.3451612903225806,0.5490754190900756,0.333333333333333,0.5555555555555554,0.18938478332965925,0.4679802955665024,0.3837793027441786,0.0,1.0,1.0,0.0,1.0,0.0,1.0,0.0,0.0,1.0,1.0,0.0,0.0,1.0,0.0,1.0,1.0,0.0,0.04722381587825353,0.6150820455384666,0.21862656858339813,0.11906757019060665,1.0,0.0,0.0,0.0,1.0,0.0,0.0,0.0,1.0,0.0,1.0,0.0,0.0,0.0,1.0,0.0,0.0,0.0,1.0,1.0,0.0,1.0,0.0,1.0,0.0,0.6150235123127283,0.3427230032175625,0.0046946220278835,0.0375588650678638,0.8215766704210002,0.1784233344785412,1.0,0.0
0.4961873638344226,0.4831776860449313,0.6333333333333333,0.4470438111441939,0.19992502305866133,0.4,0.4,0.2957786533645178,0.8320610687022896,0.1451612903225806,0.3177304964539007,0.6382978723404253,0.7530864197530864,0.1826923076923077,0.7635467980295566,0.0618729683568091,1.0,0.0,0.0,1.0,1.0,0.0,1.0,0.0,0.0,1.0,1.0,0.0,0.0,1.0,0.503863986539052,0.49613601349825864,1.0,0.0,0.0,1.0,0.0,0.0,0.16293179241018008,0.8041675836798954,0.0061509749186292595,0.026749647707973168,0.9020562666322692,0.08271412406695822,0.005704912512374705,0.009524690066103902,1.0,0.0,0.0,0.0,1.0,0.0,1.0,0.0,0.0,1.0,0.0,1.0,0.0,1.0,0.0,0.0,1.0,0.6150232834198337,0.3427228470525165,0.0046945705150164,0.037559330855219,0.8215765948908356,0.1784234139909118,0.7664222104603964,0.23357778744016633
0.0462962962962963,0.3654439492629413,0.6666666666666667,0.3598468736707783,0.1538461538461538,0.8,0.7000000000000001,0.4521469984411294,0.9083969465648848,0.2741935483870967,0.8609929078014186,0.4574468085106382,0.7160493827160492,0.1730769230769231,0.4482758620689655,0.084866277955907,0.0,1.0,1.0,0.0,0.0,1.0,1.0,0.0,0.0,1.0,1.0,0.0,1.0,0.0,1.0,0.0,0.0,1.0,0.0,1.0,0.0,0.0,0.0,1.0,0.0,0.0,1.0,0.0,0.0,0.0,1.0,0.0,1.0,0.0,0.0,0.0,1.0,0.0,0.0,0.0,1.0,1.0,0.0,1.0,0.0,1.0,0.0,0.6263951571863853,0.342496079046811,0.003282958624915455,0.027825890771902118,0.8216936297074369,0.17830637301202967,0.7653062837978357,0.2346937075105434
0.8801742919389979,0.4593760713061364,0.7777777777777779,0.5214802211824755,0.1538461538461538,0.5,0.5,0.1869918699186991,0.7862595419847329,0.2032258064516129,0.6780141843971631,0.4326241134751771,0.6172839506172838,0.1730769230769231,0.2807881773399014,0.4067726123432764,1.0,0.0,1.0,0.0,1.0,0.0,0.9509493036866752,0.04905069967398212,0.0,1.0,0.7064525020673342,0.2935474958349694,0.0,1.0,1.0,0.0,0.0,1.0,0.0,0.0,1.0,0.0,0.0,1.0,0.0,0.0,0.9020563040721272,0.08271412978183001,0.005704902589082184,0.009524681847923544,1.0,0.0,1.0,0.0,0.0,0.0,1.0,0.0,0.0,0.0,1.0,1.0,0.0,1.0,0.0,0.0,1.0,0.6150235161408699,0.342722934420518,0.0046951516486083,0.0375583905548967,0.8215766413564297,0.1784233651216061,0.7653061132462271,0.2346938873547825
0.8058914251284987,0.4326362701405553,0.8222222222222222,0.5427477669076988,0.1538461538461538,0.2,0.2,0.3089430894308943,0.7862595419847329,0.0516129032258064,0.3319148936170213,0.4716312056737588,0.7530864197530864,0.1826923076923077,0.3201970443349754,0.0434783206775309,1.0,0.0,1.0,0.0,1.0,0.0,1.0,0.0,0.0,1.0,1.0,0.0,0.422256115614985,0.5777438834465933,0.0,1.0,1.0,0.0,0.0,1.0,0.0,0.0,0.0,1.0,0.0,0.0,1.0,0.0,0.0,0.0,0.9344973591799178,0.06550264101531511,0.0,1.0,0.0,0.0,1.0,0.0,0.0,1.0,0.0,1.0,0.0,1.0,0.0,1.0,0.0,0.6150236296978082,0.3427229364053016,0.0046947133068655,0.0375587146838195,1.0,0.0,0.7653060419985696,0.2346939622236371
0.7044554930370499,0.5077134041823791,0.7407407407407407,0.5214802211824755,0.16048056186422813,0.6000000000000001,0.5,0.4834323980811235,0.7099236641221376,0.5548387096774193,0.7957446808510639,0.3900709219858154,0.765432098765432,0.1538461538461539,0.5270935960591133,0.2366221213099525,0.4757439517665154,0.5242560477708074,0.0,1.0,1.0,0.0,1.0,0.0,0.0,1.0,1.0,0.0,0.0,1.0,0.0,1.0,0.0,1.0,0.0,1.0,0.0,0.0,0.16293178357635407,0.8041675781529303,0.006151222659572131,0.026749413201282768,0.0,1.0,0.0,0.0,1.0,0.0,1.0,0.0,0.0,0.0,1.0,0.0,0.0,1.0,0.0,1.0,0.0,1.0,0.0,1.0,0.0,0.6150231576535392,0.3427228718514603,0.0046944191814363,0.0375595955541911,0.8215764313136237,0.1784235861841527,0.0,1.0
0.7020697167755992,0.5495371957490571,0.6903703703703703,0.5002126754572521,0.1538461538461538,0.4,0.4,0.3821138211382114,0.7580037724848061,0.1935483870967742,0.3929078014184397,0.5086811453753239,0.5802469135802468,0.3461538461538462,0.6379310344827587,0.19752054030925614,0.0,1.0,0.6919504521030715,0.30804954856802946,1.0,0.0,0.9509493809847953,0.04905061832198976,1.0,0.0,1.0,0.0,1.0,0.0,1.0,0.0,1.0,0.0,0.0472238211384749,0.615082035805669,0.21862654933670977,0.11906759306980585,0.0,1.0,0.0,0.0,1.0,0.0,0.0,0.0,1.0,0.0,0.7380872171170803,0.11135702869608233,0.1505483585756292,6.815438523877226e-06,1.0,0.0,0.0,0.0,1.0,0.0,1.0,0.9952689415299396,0.004731059227712775,0.0,1.0,0.6150232082716722,0.3427229870060927,0.0046952211943018,0.0375585963179446,0.8215765527318024,0.1784234583848564,0.7664222131641812,0.23357777878541852
0.5114379084967321,0.2430579362358587,0.5585185185185186,0.2194810718843045,0.2307692307692307,0.5,0.4,0.2781503984552849,0.8396946564885495,0.1096774193548387,0.3730496453900709,0.5460992907801416,0.7777777777777777,0.125,0.4729064039408867,0.0342809968378918,1.0,0.0,0.0,1.0,0.0,1.0,1.0,0.0,0.3811126360638455,0.6188873636706329,1.0,0.0,1.0,0.0,0.0,1.0,1.0,0.0,0.0,0.0,0.0,1.0,0.0,1.0,0.0,0.0,0.9020562632312069,0.08271412422579216,0.005704891559524361,0.00952471821634504,1.0,0.0,1.0,0.0,0.0,0.0,1.0,0.0,0.0,1.0,0.0,0.941814037358292,0.05818596514325869,0.9952689502377807,0.004731050028410677,0.0,1.0,0.6150231977744148,0.3427228209561982,0.0046945058872037,0.0375595161417758,0.8215767385241809,0.1784232627850501,0.7664222128440636,0.23357778029674225
0.4030501089324619,0.252656839218375,0.5185185185185185,0.2024670353041258,0.0769230769230769,0.9,0.7000000000000001,0.3495934959349593,0.8473282442748089,0.4,0.8127659574468086,0.4539007092198581,0.6791625854981052,0.1346153846153845,0.2610837438423645,0.0618729683568091,0.0,1.0,1.0,0.0,0.0,1.0,1.0,0.0,1.0,0.0,1.0,0.0,1.0,0.0,1.0,0.0,0.0,1.0,0.0830388686849624,0.5777385056108235,0.2102473609284837,0.128975265076357,0.1553571414988516,0.7642857167192934,0.0285714212964134,0.0517857206580584,0.8621908090398103,0.0883392193271018,0.0194346350623043,0.0300353368822422,1.0,0.0,0.0,1.0,0.0,0.0,0.7058823589694709,0.24458204146384888,0.04953559918495842,0.0,1.0,1.0,0.0,1.0,0.0,0.0,1.0,1.0,0.0,0.0,0.0,0.8215767661463089,0.1784232336743723,0.7653062296074736,0.2346937647119072
0.6857298474945535,0.3123071648954405,0.7022222222222223,0.351339855380689,0.1538461538461538,0.5,0.5,0.3024846026956712,0.7900210846434694,0.1096774193548387,0.4408553994211723,0.4007092198581559,0.7160493827160492,0.1057692307692308,0.5640394088669951,0.1032609256351852,0.0,1.0,0.6919504617068095,0.308049538441432,0.0,1.0,1.0,0.0,0.0,1.0,1.0,0.0,0.0,1.0,0.0,1.0,1.0,0.0,0.0,1.0,0.0,0.0,0.0,1.0,0.0,0.0,1.0,0.0,0.0,0.0,1.0,0.0,0.7380818580954647,0.11135703026601262,0.15054836218011025,1.257992187175816e-05,1.0,0.0,0.0,0.0,1.0,1.0,0.0,1.0,0.0,1.0,0.0,0.615023265797443,0.3427228418893177,0.0046945619589153,0.0375593638542763,0.8215766058800178,0.1784234024271412,0.7653061774895493,0.2346938196207477
0.3698257080610022,0.2183750428522454,0.5703703703703704,0.2131008081667375,0.1538461538461538,0.4,0.3,0.2585141364486183,0.7862595419847329,0.1193548387096774,0.3120567375886525,0.6241134751773048,0.8024691358024689,0.1730769230769231,0.487699575122313,0.0342809968378918,0.0,1.0,0.0,1.0,0.0,1.0,1.0,0.0,0.0,1.0,1.0,0.0,1.0,0.0,0.0,1.0,1.0,0.0,0.0,0.0,0.0,1.0,0.0,1.0,0.0,0.0,1.0,0.0,0.0,0.0,1.0,0.0,1.0,0.0,0.0,0.0,1.0,0.0,0.0,0.0,1.0,1.0,0.0,1.0,0.0,1.0,0.0,0.6150232316427493,0.3427228696014996,0.0046950182395469,0.0375589024158375,0.8215766472498568,0.1784233588788319,1.0,0.0
0.8601438799519135,0.4480897474953629,0.874074074074074,0.5781146472334721,0.1538461538461538,0.3,0.3,0.2845528455284553,0.7099236641221376,0.132258064516129,0.3617021276595744,0.47595997370522775,0.7407407407407405,0.1057692307692308,0.7758620689655172,0.0480769825973504,1.0,0.0,1.0,0.0,0.0,1.0,1.0,0.0,0.0,1.0,1.0,0.0,0.42225611687165154,0.577743882061766,0.0,1.0,1.0,0.0,0.0,1.0,0.0,0.0,0.0,1.0,0.0,0.0,1.0,0.0,0.0,0.0,0.0,1.0,0.0,0.0,1.0,0.0,1.0,0.0,0.0,0.3180099694408507,0.6819900302235884,1.0,0.0,1.0,0.0,1.0,0.0,0.6150237068352467,0.3427229002717192,0.0046947158243968,0.0375586670644726,0.0,1.0,0.7664221974044947,0.23357780466705114
0.6230936819172114,0.3465889612615701,0.7407407407407407,0.4045087196937473,0.2307692307692307,0.6000000000000001,0.7000000000000001,0.6097560975609756,0.8320610687022896,0.3483870967741935,0.4453900709219858,0.5247621285706772,0.7160493827160492,0.1538461538461539,0.7142857142857143,0.1170569113946439,0.0,1.0,1.0,0.0,0.0,1.0,1.0,0.0,0.0,1.0,0.0,1.0,1.0,0.0,0.0,1.0,1.0,0.0,0.0,1.0,0.0,0.0,0.0,1.0,0.0,0.0,1.0,0.0,0.0,0.0,0.0,1.0,0.0,0.0,1.0,0.0,1.0,0.0,0.0,1.0,0.0,1.0,0.0,0.9952689719010778,0.004731027237930396,1.0,0.0,0.6150236069927708,0.3427229998084953,0.0046944292608445,0.0375589637879021,0.8215766955279438,0.1784233080228768,0.765306260747758,0.2346937319226785
0.5582788671023965,0.3075077134041823,0.7925925925925925,0.415142492556359,0.1538461538461538,0.6000000000000001,0.5,0.3814818524101461,0.9236641221374042,0.064516129032258,0.7914893617021276,0.1347517730496452,0.4567901234567901,0.1346153846153845,0.1354679802955665,0.0618729683568091,0.0,1.0,0.0,1.0,1.0,0.0,1.0,0.0,0.0,1.0,1.0,0.0,0.0,1.0,0.0,1.0,0.0,1.0,0.04722382149108095,0.6150820419621299,0.21862656594865038,0.11906756954212938,0.0,1.0,0.0,0.0,1.0,0.0,0.0,0.0,1.0,0.0,0.0,0.0,1.0,0.0,1.0,0.0,0.0,1.0,0.0,1.0,0.0,1.0,0.0,0.0,1.0,0.6150230638117138,0.3427228050760564,0.0046945030265084,0.0375596814926059,0.8215766036460573,0.1784234047592166,1.0,0.0
0.5288671023965142,0.8412752828248199,0.6074074074074074,0.5852828583581454,0.1415719865750356,0.4,0.3,0.1869918699186991,0.7709923664122136,0.2741935483870967,0.2312056737588652,0.4007092198581559,0.679012345679012,0.096153846153846,0.4729064039408867,0.0434783206775309,1.0,0.0,1.0,0.0,1.0,0.0,1.0,0.0,0.0,1.0,1.0,0.0,1.0,0.0,0.0,1.0,1.0,0.0,0.04722384294321713,0.615082026005355,0.218626540954992,0.11906758909302495,0.1553571541867852,0.7642857109499388,0.0285714377469472,0.0517856961536145,0.8621908068229363,0.0883392253951818,0.0194346331453637,0.0300353348654731,1.0,0.0,1.0,0.0,0.0,0.0,1.0,0.0,0.0,1.0,0.0,1.0,0.0,1.0,0.0,1.0,0.0,1.0,0.0,0.0,0.0,0.8215763425615283,0.1784236795922964,0.0,1.0
0.8235294117647058,0.5406239286938636,0.7962962962962963,0.6044236495108464,0.1538461538461538,0.8,0.6000000000000001,0.3739837398373984,0.7917455941630258,0.3354838709677419,0.5759637285982288,0.3581560283687941,0.6543209876543208,0.221153846153846,0.4507389162561576,0.1216555733144635,1.0,0.0,1.0,0.0,0.0,1.0,1.0,0.0,1.0,0.0,1.0,0.0,0.0,1.0,0.5038639918045208,0.49613600801124624,1.0,0.0,0.0,1.0,0.0,0.0,0.0,1.0,0.0,0.0,1.0,0.0,0.0,0.0,0.9344973568832933,0.06550264344859424,0.0,0.0,1.0,0.0,1.0,0.0,0.0,0.0,1.0,1.0,0.0,0.9952689574048037,0.004731042472711722,0.0,1.0,1.0,0.0,0.0,0.0,0.8216936187667183,0.17830638320148218,1.0,0.0
0.3943355119825708,0.209804593760713,0.6185185185185185,0.2343683538919608,0.2307692307692307,0.5,0.4,0.3434342798634332,0.8625954198473282,0.3094379794732707,0.5210326756254675,0.4751773049645389,0.728395061728395,0.1346153846153845,0.5221674876847291,0.1124582494748243,0.4757439411722125,0.5242560589342548,0.0,1.0,1.0,0.0,0.9509493830913694,0.04905061604815575,0.0,1.0,0.7064524827024551,0.29354751629764886,1.0,0.0,0.0,1.0,1.0,0.0,0.0,1.0,0.0,0.0,0.0,1.0,0.0,0.0,1.0,0.0,0.0,0.0,1.0,0.0,1.0,0.0,0.0,0.0,1.0,0.0,0.0,0.31800995945952426,0.6819900407524184,1.0,0.0,1.0,0.0,0.5772971730847899,0.4227028268187437,0.6150231512153355,0.3427228617355145,0.0046948907339282,0.0375591282119981,0.8215767317696709,0.1784232698708141,1.0,0.0
0.809368191721133,0.6767778949840149,0.925925925925926,0.7873245427477668,0.1538461538461538,0.9,0.7000000000000001,0.5133996857093115,0.961832061068702,0.2709677419354839,0.7617021276595745,0.3581560283687941,0.6049382716049381,0.177147386561005,0.3645320197044335,0.4343645838621938,0.0,1.0,0.0,1.0,1.0,0.0,1.0,0.0,1.0,0.0,1.0,0.0,0.0,1.0,1.0,0.0,0.0,1.0,0.0830388648114525,0.5777385036147482,0.2102473577313445,0.1289752746534447,0.1553571271565056,0.7642857106719718,0.0285714289880028,0.0517857346359257,0.8621908237936763,0.0883392155478629,0.019434632911889,0.0300353271386966,1.0,0.0,1.0,0.0,0.0,0.0,1.0,0.0,0.0,0.0,1.0,0.9418140198415638,0.05818597539116421,1.0,0.0,1.0,0.0,0.6150232465855037,0.3427228801323725,0.0046944015215631,0.0375595081472208,0.8215765197939302,0.1784234930118498,0.0,1.0
0.6639433551198257,0.5478231059307507,0.8592592592592594,0.6809868141216503,0.17961171191105438,0.4,0.4,0.3187818597621816,0.9236641221374042,0.1451612903225806,0.3333333333333333,0.4822695035460993,0.6049382716049381,0.23366985606821755,0.7044334975369458,0.0342809968378918,0.4757439496596423,0.5242560500009397,0.0,1.0,0.7131537288342442,0.286846270905894,1.0,0.0,0.0,1.0,1.0,0.0,0.0,1.0,0.0,1.0,1.0,0.0,0.0,1.0,0.0,0.0,1.0,0.0,0.0,0.0,1.0,0.0,0.0,0.0,1.0,0.0,1.0,0.0,0.0,0.0,1.0,0.0,0.0,0.0,1.0,1.0,0.0,1.0,0.0,0.0,1.0,0.6150233003051844,0.3427229114452772,0.0046948669894292,0.037558939836264,0.8216936280570916,0.1783063818378795,0.7653058853483055,0.2346941270024988
0.6367102396514162,0.3921837504285224,0.7481481481481482,0.4438536792854105,0.1538461538461538,0.6000000000000001,0.5,0.2845528455284553,0.900763358778626,0.3032258064516129,0.8056737588652482,0.4609929078014183,0.6543209876543208,0.1826923076923077,0.270935960591133,0.2504181070694112,0.0,1.0,1.0,0.0,1.0,0.0,1.0,0.0,0.0,1.0,1.0,0.0,1.0,0.0,0.0,1.0,0.0,1.0,0.0830388705083166,0.5777385157799781,0.2102473540322162,0.1289752594703812,0.1553571479503736,0.7642857146420073,0.028571421858024,0.0517857152949536,0.8621908232798171,0.0883392140784967,0.0194346435191387,0.0300353183288132,0.9344973651036391,0.06550263479596752,0.0,0.0,1.0,0.0,0.705882351473964,0.2445820434459619,0.049535605188477105,0.0,1.0,1.0,0.0,1.0,0.0,1.0,0.0,0.6263950059116973,0.34249607955442996,0.003283671260108867,0.027825232232951636,0.8215766274264165,0.1784233797137578,1.0,0.0
0.5206971677559914,0.2780253685293109,0.5977777777777777,0.26095278604849,0.1538461538461538,0.2,0.2,0.3170731707317072,0.7862595419847329,0.2193548387096774,0.1815602836879432,0.3955747706231307,0.6166762347278452,0.1346153846153845,0.4778325123152709,0.0342809968378918,1.0,0.0,1.0,0.0,1.0,0.0,1.0,0.0,0.38111261106732697,0.6188873900352813,1.0,0.0,1.0,0.0,0.5038639669120334,0.49613603423390973,0.5115030223470166,0.48849697356889143,0.0,1.0,0.0,0.0,0.0,1.0,0.0,0.0,1.0,0.0,0.0,0.0,1.0,0.0,0.0,1.0,0.0,0.0,1.0,0.0,0.0,0.0,1.0,1.0,0.0,1.0,0.0,1.0,0.0,0.0,1.0,0.0,0.0,0.8215766578397897,0.1784233477780137,0.7664222064652882,0.233577802486987
0.5392156862745099,0.2252314021254713,0.6888888888888889,0.2843470863462356,0.0769230769230769,0.7000000000000001,0.4,0.441251062051867,0.8338784375107574,0.467741935483871,0.8439716312056739,0.4929078014184394,0.7037037037037037,0.1346153846153845,0.4039408866995073,0.1032609256351852,0.0,1.0,0.0,1.0,1.0,0.0,1.0,0.0,0.0,1.0,1.0,0.0,1.0,0.0,0.0,1.0,0.0,1.0,0.0,0.0,1.0,0.0,0.0,1.0,0.0,0.0,1.0,0.0,0.0,0.0,1.0,0.0,0.7380822051067868,0.11135703091692584,0.1505483604669453,1.2157516156241499e-05,0.0,1.0,0.0,0.0,1.0,1.0,0.0,1.0,0.0,0.0,1.0,0.6263950692692908,0.3424960778071281,0.0032845762937186995,0.02782430624342236,0.821576806266624,0.1784231914531625,0.7653060890683542,0.2346939127340236
0.8696644683934602,0.4122048437437149,0.8888888888888888,0.564015312632922,0.1538461538461538,0.8,0.6000000000000001,0.34388356701112227,0.8854961832061066,0.1612903225806451,0.8056737588652482,0.4007092198581559,0.7037037037037037,0.1826923076923077,0.147783251231527,0.1446488829135613,1.0,0.0,0.0,1.0,0.0,1.0,0.950949387246226,0.04905061173438985,1.0,0.0,1.0,0.0,0.0,1.0,0.0,1.0,0.0,1.0,0.0,0.0,1.0,0.0,0.16293175961686013,0.8041675768564308,0.006151157030235721,0.026749495243167942,1.0,0.0,0.0,0.0,1.0,0.0,0.7380767512206924,0.11135702963160676,0.15054836429585783,1.8050194199537017e-05,1.0,0.0,0.0,1.0,0.0,0.0,1.0,1.0,0.0,1.0,0.0,0.6150232310034708,0.3427228457793789,0.004694488011098,0.037559472660119,0.8215766072298891,0.1784234009875199,1.0,0.0
0.9128540305010896,0.5906753513884127,0.7148148148148148,0.5533815397703105,0.2307692307692307,0.3,0.4,0.3812231499848522,0.7557251908396942,0.232258064516129,0.5078014184397163,0.2836879432624111,0.6296296296296295,0.1442307692307691,0.4211822660098522,0.2136288117108547,0.47574395239010603,0.5242560471095202,0.0,1.0,1.0,0.0,1.0,0.0,1.0,0.0,0.7064523933048557,0.29354761085468817,1.0,0.0,0.0,1.0,1.0,0.0,0.0,1.0,0.0,0.0,1.0,0.0,0.0,0.0,1.0,0.0,0.0,0.0,1.0,0.0,1.0,0.0,0.0,0.0,1.0,0.0,0.0,0.0,1.0,1.0,0.0,1.0,0.0,1.0,0.0,0.615023423210753,0.3427229735956085,0.0046946023759902,0.0375590138070411,0.8215767450007933,0.178423256022742,0.7653059515620276,0.2346940575432043
0.8327886710239651,0.4847446006170722,0.8488888888888888,0.6139940450871969,0.1538461538461538,0.4,0.5708666426762699,0.3528103322538372,0.7557251908396942,0.0999999999999999,0.4865248226950354,0.5567375886524821,0.5679012345679013,0.2884615384615383,0.3891625615763546,0.0342809968378918,1.0,0.0,0.0,1.0,1.0,0.0,1.0,0.0,0.0,1.0,0.0,1.0,0.4222560918693373,0.5777439084417173,1.0,0.0,1.0,0.0,0.0,1.0,0.0,0.0,0.0,1.0,0.0,0.0,1.0,0.0,0.0,0.0,1.0,0.0,1.0,0.0,0.0,0.0,0.0,1.0,0.0,0.31800997262227726,0.6819900268731587,1.0,0.0,1.0,0.0,0.0,1.0,0.626395075570708,0.34249608335234016,0.0032850709845927417,0.027823789577325786,0.821576714653632,0.1784232879183132,0.7653059926783077,0.2346940142234148
0.5152505446623095,0.219060678779568,0.6148148148148149,0.2375584857507443,0.2307692307692307,0.4,0.2,0.3902439024390244,0.8320610687022896,0.1516129032258064,0.7361702127659574,0.3439716312056735,0.4938271604938269,0.1826923076923077,0.5344827586206896,0.19251853363871807,0.0,1.0,1.0,0.0,1.0,0.0,0.0,1.0,0.0,1.0,1.0,0.0,0.0,1.0,0.0,1.0,0.0,1.0,0.0,0.0,1.0,0.0,1.0,0.0,0.0,0.0,1.0,0.0,0.0,0.0,1.0,0.0,0.0,0.0,1.0,0.0,1.0,0.0,0.0,0.0,1.0,1.0,0.0,0.9952689360910552,0.004731064895662662,0.0,1.0,0.6150234853259391,0.3427229381378273,0.0046946523676316,0.0375589324069556,0.8215769113181322,0.1784230809159103,1.0,0.0
0.8513071895424837,0.3945834761741514,1.0347085235804863,0.6618460229689493,0.1538461538461538,0.6000000000000001,0.5,0.0,0.99236641221374,0.42199049617587714,0.8695035460992907,0.4691894853697533,0.7767047062202093,0.0673076923076922,0.6822660098522167,0.4021739504234569,0.0,1.0,1.0,0.0,1.0,0.0,0.9509493320500245,0.04905066975749639,0.0,1.0,1.0,0.0,1.0,0.0,0.0,1.0,0.0,1.0,0.0,0.0,1.0,0.0,0.0,1.0,0.0,0.0,1.0,0.0,0.0,0.0,1.0,0.0,1.0,0.0,0.0,0.0,1.0,0.0,0.0,0.0,1.0,1.0,0.0,1.0,0.0,1.0,0.0,0.6150235632401241,0.3427229247521551,0.0046947576101222,0.0375587534004865,0.8215766024049036,0.1784234060846247,0.7653062040875372,0.2346937914593612
0.7886710239651417,0.5083990401097017,0.8296296296296297,0.5991502599485079,0.1538461538461538,0.4,0.6000000000000001,0.3333333333333333,0.7862595419847329,0.2064516129032257,0.426950354609929,0.3262411347517728,0.5555555555555554,0.1634615384615385,0.4261083743842364,0.0342809968378918,1.0,0.0,1.0,0.0,0.0,1.0,0.9509493587600139,0.04905064169307449,0.0,1.0,0.0,1.0,0.0,1.0,0.0,1.0,1.0,0.0,0.0,1.0,0.0,0.0,0.0,1.0,0.0,0.0,1.0,0.0,0.0,0.0,1.0,0.0,0.0,0.0,1.0,0.0,0.7058823544838443,0.24458204670026862,0.04953559855896161,1.0,0.0,1.0,0.0,1.0,0.0,1.0,0.0,0.6150236173059187,0.3427229760722424,0.0046947603754045,0.0375586386068884,0.8215764381137485,0.1784235790333055,0.0,1.0
0.8360566448801743,0.2670551936921495,0.8222222222222222,0.4045087196937473,0.2307692307692307,0.5,0.3,0.5934959349593496,0.7557251908396942,0.2419354838709677,0.5418439716312057,0.5602836879432622,0.8271604938271604,0.1634615384615385,0.3201970443349754,0.2274247974703134,0.0,1.0,1.0,0.0,1.0,0.0,1.0,0.0,0.3811126422284953,0.618887357117268,0.7064525187287336,0.29354747818602267,1.0,0.0,0.0,1.0,1.0,0.0,0.04722382247966406,0.6150820302932796,0.21862656911358158,0.11906757795162803,0.0,1.0,0.0,0.0,1.0,0.0,0.0,0.0,1.0,0.0,0.7380779652919074,0.11135702774749634,0.15054836419476214,1.6726536685829352e-05,1.0,0.0,0.0,0.0,1.0,1.0,0.0,1.0,0.0,0.5772971749494946,0.4227028248675174,1.0,0.0,0.0,0.0,0.0,1.0,0.7664222053035148,0.23357779840016046
0.8529411764705883,0.4072677408296195,0.962962962962963,0.597791897382648,0.1538461538461538,0.5,0.4,0.3333333333333333,0.778625954198473,0.4290322580645161,0.6992907801418439,0.6099290780141842,0.9999999999999998,0.1057692307692308,0.4285714285714286,0.0342809968378918,0.0,1.0,1.0,0.0,1.0,0.0,1.0,0.0,0.0,1.0,1.0,0.0,1.0,0.0,0.0,1.0,0.0,1.0,0.083038860025239,0.577738521326848,0.2102473495872109,0.1289752695284646,0.1553571344309664,0.764285716674725,0.0285714236927348,0.0517857258780269,0.8621908225021461,0.0883392200156838,0.0194346300131763,0.030035326779307,1.0,0.0,1.0,0.0,0.0,0.0,1.0,0.0,0.0,0.0,1.0,1.0,0.0,0.9952689485068654,0.004731051841744938,1.0,0.0,0.6150235959499954,0.3427229553591783,0.0046946326404494,0.0375588140882454,0.8215766628660974,0.1784233424463324,1.0,0.0
0.7592592592592593,0.2800822763112787,0.662962962962963,0.3034878774989366,0.1538461538461538,0.3,0.2,0.0813008130081301,0.778625954198473,0.1548387096774193,0.3106382978723404,0.6205673758865247,0.7037037037037037,0.1538461538461539,0.3817733990147783,0.0,0.0,1.0,1.0,0.0,1.0,0.0,1.0,0.0,1.0,0.0,1.0,0.0,1.0,0.0,0.0,1.0,1.0,0.0,0.0,1.0,0.0,0.0,0.0,1.0,0.0,0.0,1.0,0.0,0.0,0.0,1.0,0.0,1.0,0.0,0.0,0.0,1.0,0.0,0.0,1.0,0.0,1.0,0.0,0.9952689557285321,0.004731044251528704,1.0,0.0,0.6150233927371787,0.3427229902054612,0.0046947112802701,0.0375589168694974,0.8215766544825374,0.1784233512995229,1.0,0.0
0.8245900566939799,0.6945491943777853,0.825925925925926,0.7330126848625047,0.0769230769230769,0.5,0.4,0.1463414634146341,0.7099236641221376,0.3129032258064516,0.4070921985815602,0.4361702127659572,0.8271604938271604,0.1634615384615385,0.5049261083743842,0.0388796587577113,1.0,0.0,1.0,0.0,1.0,0.0,0.0,1.0,0.38111263124561623,0.6188873687114822,1.0,0.0,0.0,1.0,0.0,1.0,1.0,0.0,0.0,1.0,0.0,0.0,0.0,1.0,0.0,0.0,1.0,0.0,0.0,0.0,1.0,0.0,1.0,0.0,0.0,0.0,1.0,0.0,0.0,0.0,1.0,1.0,0.0,1.0,0.0,0.0,1.0,0.6263950439222695,0.34249606963398604,0.0032840956524301523,0.027824768292513236,0.8215765696216317,0.1784234405297142,0.0,1.0
0.6203703703703705,0.3092218032224889,0.7111111111111112,0.3555933645257337,0.1538461538461538,0.7000000000000001,0.6000000000000001,0.4394309898457179,0.8549618320610688,0.5096774193548387,0.8060891506133137,0.5460992907801416,0.765432098765432,0.1923076923076923,0.5189140750585458,0.0434783206775309,0.47574393993770736,0.5242560602271528,0.0,1.0,1.0,0.0,1.0,0.0,0.0,1.0,1.0,0.0,0.0,1.0,0.0,1.0,0.0,1.0,0.0,1.0,0.0,0.0,0.0,1.0,0.0,0.0,1.0,0.0,0.0,0.0,1.0,0.0,0.0,1.0,0.0,0.0,1.0,0.0,0.0,0.0,1.0,1.0,0.0,1.0,0.0,1.0,0.0,0.6150232979262891,0.342722859418583,0.0046947418210245,0.0375591251408071,0.821576675388198,0.1784233292321706,0.7653060449563075,0.2346939591300232
0.6840958605664489,0.4778882413438463,0.7074074074074075,0.4683113568694172,0.1538461538461538,0.5,0.4,0.3946538559946444,0.8015267175572518,0.1709677419354838,0.702127659574468,0.7163120567375882,0.6296296296296295,0.2403846153846152,0.5541871921182266,0.07214078242794636,0.0,1.0,0.0,1.0,1.0,0.0,1.0,0.0,0.0,1.0,1.0,0.0,0.0,1.0,0.0,1.0,0.0,1.0,0.0,1.0,0.0,0.0,0.0,1.0,0.0,0.0,1.0,0.0,0.0,0.0,1.0,0.0,0.0,0.0,1.0,0.0,0.0,1.0,0.0,0.0,1.0,1.0,0.0,1.0,0.0,0.5718518550161187,0.4281481448168954,0.6150231941960851,0.3427229998672343,0.0046950422097824,0.0375587819321513,0.8215766483121754,0.1784233577581973,0.7653060133738426,0.2346939924834626
0.2821350762527233,0.1878642440863901,0.4444444444444444,0.1386643981284559,0.1538461538461538,0.6286860928397993,0.5,0.3878699730113517,0.9083969465648848,0.2225806451612903,0.7929078014184395,0.4255319148936169,0.6296296296296295,0.17059772933713147,0.4881056770862451,0.0618729683568091,0.0,1.0,0.0,1.0,1.0,0.0,1.0,0.0,0.0,1.0,1.0,0.0,0.0,1.0,0.0,1.0,0.0,1.0,0.0,0.0,1.0,0.0,1.0,0.0,0.0,0.0,1.0,0.0,0.0,0.0,1.0,0.0,0.0,1.0,0.0,0.0,0.0,1.0,0.0,0.318009958479495,0.6819900417689655,1.0,0.0,1.0,0.0,1.0,0.0,0.6150234295931737,0.3427229500601176,0.0046950046101091,0.0375586175784747,0.8215767516145673,0.1784232490051399,0.7664222080397642,0.233577803932717
0.8164488017429194,0.3459033253342475,0.8222222222222222,0.4704381114419396,0.0769230769230769,0.5,0.3,0.3621075553430607,0.8091603053435112,0.2,0.6468085106382978,0.1702127659574466,0.6049382716049381,0.0576923076923077,0.2783251231527094,0.0342809968378918,1.0,0.0,0.0,1.0,1.0,0.0,1.0,0.0,0.0,1.0,1.0,0.0,0.0,1.0,0.0,1.0,1.0,0.0,0.0830388708280138,0.5777385165456913,0.2102473489879975,0.1289752634967164,0.1553571412264722,0.764285708989943,0.0285714434282587,0.0517857063652945,0.8621908253380275,0.0883392197683305,0.0194346244031504,0.0300353297419823,1.0,0.0,1.0,0.0,0.0,0.0,1.0,0.0,0.0,1.0,0.0,0.0,1.0,1.0,0.0,0.5772971725201701,0.4227028273997707,0.6150230998869599,0.3427226871862227,0.0046946852686584,0.0375595788747663,0.8215766110808449,0.1784233969284323,0.7653061147587755,0.2346938857052857
0.6628540305010894,0.4926294137812821,0.6851851851851851,0.4576775840068056,0.2307692307692307,0.6000000000000001,0.5,0.3295542445308206,0.8625954198473282,0.1580645161290322,0.4326241134751774,0.5390070921985812,0.7530864197530864,0.1634615384615385,0.6773399014778325,0.0940636017955461,1.0,0.0,0.0,1.0,1.0,0.0,1.0,0.0,1.0,0.0,1.0,0.0,0.0,1.0,1.0,0.0,1.0,0.0,0.04722381884148563,0.615082039105044,0.2186265572315118,0.11906758464406564,0.0,1.0,0.0,0.0,0.9020562544909559,0.08271412794910316,0.005704900790149514,0.009524701950577197,1.0,0.0,1.0,0.0,0.0,0.0,1.0,0.0,0.0,1.0,0.0,1.0,0.0,1.0,0.0,1.0,0.0,0.6150232411624427,0.3427228250269185,0.0046946721249913,0.0375592949025085,0.8215765605682217,0.1784234501325747,0.7664222097635561,0.2335777888737468
0.6748366013071896,0.2917380870757627,0.7727053398262123,0.3938749468311356,0.1538461538461538,0.6000000000000001,0.5,0.5121951219512195,0.7709923664122136,0.3387096774193548,0.6212765957446807,0.3475177304964536,0.6277407800655577,0.1442307692307691,0.3226600985221675,0.0986622637153656,1.0,0.0,1.0,0.0,1.0,0.0,1.0,0.0,0.381112638416094,0.61888736115594,0.0,1.0,1.0,0.0,0.0,1.0,1.0,0.0,0.0,0.0,1.0,0.0,0.0,1.0,0.0,0.0,1.0,0.0,0.0,0.0,1.0,0.0,1.0,0.0,0.0,0.0,1.0,0.0,0.0,0.0,1.0,1.0,0.0,1.0,0.0,1.0,0.0,1.0,0.0,0.0,0.0,0.8216936250173574,0.17830637504723246,0.7653061265351464,0.2346938732420339
0.599128540305011,0.5015426808364758,0.7666666666666666,0.5427477669076988,0.1538461538461538,0.4,0.3,0.0162601626016259,0.7709923664122136,0.1677419354838709,0.126241134751773,0.4964539007092194,0.728395061728395,0.1538461538461539,0.4926108374384236,0.0342809968378918,1.0,0.0,1.0,0.0,1.0,0.0,1.0,0.0,0.38111263856159616,0.6188873610350223,1.0,0.0,0.0,1.0,0.0,1.0,1.0,0.0,0.0,1.0,0.0,0.0,1.0,0.0,0.0,0.0,1.0,0.0,0.0,0.0,1.0,0.0,0.0,0.0,1.0,0.0,1.0,0.0,0.0,0.0,1.0,0.0,1.0,1.0,0.0,0.5718518549852243,0.4281481448484932,0.6150235233787162,0.3427229037365691,0.004695189272924,0.0375583764906299,0.8215765066003976,0.178423506954788,1.0,0.0
0.6639433551198257,0.3688721288995543,0.7911524638713647,0.4576775840068056,0.1538461538461538,0.5,0.3,0.3821138211382114,0.7709923664122136,0.2935483870967741,0.5673758865248227,0.5177304964539005,0.7901234567901232,0.11039490059077012,0.4753694581280788,0.1307836654157648,0.4757439408839309,0.5242560592411075,1.0,0.0,0.7131537209065395,0.28684627927987916,1.0,0.0,1.0,0.0,1.0,0.0,1.0,0.0,0.0,1.0,1.0,0.0,0.0,1.0,0.0,0.0,0.0,1.0,0.0,0.0,1.0,0.0,0.0,0.0,1.0,0.0,0.0,1.0,0.0,0.0,0.0,1.0,0.0,1.0,0.0,0.9418140504493595,0.05818595603562937,1.0,0.0,1.0,0.0,0.6150234829642465,0.3427230088346108,0.0046946870659219,0.0375588236466909,1.0,0.0,0.7653061055914776,0.2346938952695954
0.6171023965141612,0.3842989372643126,0.7296296296296296,0.4225861335601871,0.1538461538461538,0.3,0.3,0.302349204016499,0.6946564885496183,0.1387096774193548,0.4141843971631205,0.3262411347517728,0.5925925925925926,0.1346153846153845,0.463098259644731,0.0342809968378918,1.0,0.0,0.0,1.0,1.0,0.0,1.0,0.0,0.0,1.0,1.0,0.0,1.0,0.0,1.0,0.0,1.0,0.0,0.0830388735802292,0.5777385140076945,0.2102473449440656,0.1289752673511538,0.1553571409435468,0.7642857177080042,0.0285714348920399,0.0517857062486424,0.9020562452621875,0.08271413555304041,0.005704942599233487,0.009524683956301239,1.0,0.0,1.0,0.0,0.0,0.0,1.0,0.0,0.0,0.0,1.0,1.0,0.0,1.0,0.0,1.0,0.0,0.6150232537373923,0.3427228122841463,0.004695136510146,0.0375588175777517,0.8215766844565834,0.1784233197139765,1.0,0.0
0.728093415291503,0.5241686664381213,0.7632664996195884,0.5746490854955337,0.2307692307692307,0.6000000000000001,0.6000000000000001,0.4744424739444677,0.8931297709923665,0.1935483870967742,0.6595744680851064,0.4113475177304964,0.5308641975308641,0.3173076923076923,0.2339901477832512,0.3104076120459089,0.47574394064872194,0.5242560594706305,0.0,1.0,0.0,1.0,1.0,0.0,0.0,1.0,1.0,0.0,0.0,1.0,1.0,0.0,1.0,0.0,0.0,0.0,1.0,0.0,0.0,1.0,0.0,0.0,1.0,0.0,0.0,0.0,1.0,0.0,0.0,1.0,0.0,0.0,0.0,1.0,0.0,0.0,1.0,1.0,0.0,1.0,0.0,1.0,0.0,0.6150233288478244,0.3427228819683623,0.0046953952450132,0.0375583973619404,0.8215767364112003,0.1784232650169899,0.7653060771829279,0.2346939251560519
0.3420479302832244,0.2451148440178265,0.5851851851851853,0.235431731178222,0.1538461538461538,0.3,0.3,0.2520325203252032,0.8625954198473282,0.1709677419354838,0.6070921985815603,0.4432624113475176,0.5679012345679013,0.25,0.3152709359605911,0.2090301497910351,0.0,1.0,1.0,0.0,1.0,0.0,1.0,0.0,0.0,1.0,1.0,0.0,0.42225611705369337,0.5777438819141417,0.0,1.0,1.0,0.0,0.0,1.0,0.0,0.0,0.0,1.0,0.0,0.0,1.0,0.0,0.0,0.0,1.0,0.0,1.0,0.0,0.0,0.0,1.0,0.0,0.0,0.0,1.0,1.0,0.0,1.0,0.0,0.5772971730663641,0.4227028268364319,0.61502347744114,0.3427229414762889,0.0046949439797542,0.0375586376237302,0.821576733652769,0.178423267920108,1.0,0.0
0.9504357298474946,0.3675054311444768,0.8767679903532908,0.5108464483198638,0.0769230769230769,0.2,0.2,0.3658536585365853,0.7557251908396942,0.1580645161290322,0.2496453900709219,0.5,0.8148148148148147,0.221153846153846,0.5541871921182266,0.0342809968378918,0.0,1.0,1.0,0.0,1.0,0.0,1.0,0.0,0.3811126128220216,0.6188873881770887,1.0,0.0,1.0,0.0,0.0,1.0,1.0,0.0,0.0,1.0,0.0,0.0,1.0,0.0,0.0,0.0,1.0,0.0,0.0,0.0,1.0,0.0,1.0,0.0,0.0,0.0,1.0,0.0,0.0,0.0,1.0,1.0,0.0,1.0,0.0,0.5772971745141999,0.4227028253120132,1.0,0.0,0.0,0.0,0.8216936179722294,0.17830638553565792,0.765305929371217,0.2346940807611169
0.6138344226579521,0.2523140212547137,0.7333333333333334,0.3311356869417269,0.1538461538461538,0.6579776853107403,0.7000000000000001,0.1626016260162602,0.8182404153096651,0.2869416071095049,0.5333333333333332,0.3951928108222686,0.6364214712101919,0.1578173112972949,0.4135687546732818,0.0756689541162678,1.0,0.0,1.0,0.0,1.0,0.0,1.0,0.0,1.0,0.0,0.0,1.0,0.0,1.0,0.0,1.0,1.0,0.0,0.0,1.0,0.0,0.0,0.0,1.0,0.0,0.0,1.0,0.0,0.0,0.0,1.0,0.0,1.0,0.0,0.0,0.0,1.0,0.0,0.0,0.0,1.0,1.0,0.0,1.0,0.0,1.0,0.0,0.615023782841776,0.3427229551916816,0.0046947303650326,0.0375585116571084,0.8215765619205722,0.1784234486696037,0.0,1.0
0.4613289760348584,0.2814535481659238,0.5666666666666667,0.2439387494683113,0.1538461538461538,0.6000000000000001,0.5953640400032787,0.2149882868947359,0.8549618320610688,0.132258064516129,0.1120567375886524,0.5248226950354606,0.7777777777777777,0.1442307692307691,0.7586206896551724,0.0342809968378918,0.0,1.0,0.6919504614295016,0.3080495387259985,0.0,1.0,1.0,0.0,0.0,1.0,1.0,0.0,0.0,1.0,1.0,0.0,0.5115030151584945,0.4884969811951838,0.0,1.0,0.0,0.0,0.0,1.0,0.0,0.0,1.0,0.0,0.0,0.0,1.0,0.0,1.0,0.0,0.0,0.0,1.0,0.0,0.0,0.0,1.0,1.0,0.0,1.0,0.0,1.0,0.0,0.6150232690881523,0.3427228379812066,0.0046951220665508,0.0375587884929171,0.8215765865727989,0.1784234227480834,0.7653060692699962,0.2346939334948327
0.7761437908496732,0.5005142269454919,0.7777777777777779,0.5533815397703105,0.1538461538461538,0.5,0.5,0.3577235772357723,0.7557251908396942,0.2032258064516129,0.6564764718231466,0.333333333333333,0.6172839506172838,0.25,0.2931034482758621,0.05267564451717,0.0,1.0,1.0,0.0,1.0,0.0,1.0,0.0,0.0,1.0,1.0,0.0,0.0,1.0,1.0,0.0,0.0,1.0,0.0,0.0,0.0,1.0,0.0,1.0,0.0,0.0,1.0,0.0,0.0,0.0,1.0,0.0,0.0,0.0,1.0,0.0,1.0,0.0,0.0,0.0,1.0,1.0,0.0,1.0,0.0,0.0,1.0,0.6150233678359798,0.3427229345422584,0.0046948874477864,0.0375588223108264,0.8215766056841876,0.178423402651217,0.7653063301766696,0.2346936590357604
0.664488017429194,0.3112787110044566,0.7148148148148148,0.3598468736707783,0.1538461538461538,0.7000000000000001,0.6000000000000001,0.1869918699186991,0.7175572519083966,0.3943975880526429,0.7361702127659574,0.3723404255319147,0.6666666666666665,0.125,0.5246305418719212,0.0388796587577113,0.0,1.0,1.0,0.0,1.0,0.0,0.9509493668915979,0.049050633111603514,0.0,1.0,1.0,0.0,0.0,1.0,1.0,0.0,0.0,1.0,0.04722382434961181,0.6150820361617901,0.21862656287158144,0.11906757659319955,0.0,1.0,0.0,0.0,1.0,0.0,0.0,0.0,1.0,0.0,1.0,0.0,0.0,0.0,1.0,0.0,0.0,0.0,1.0,1.0,0.0,1.0,0.0,1.0,0.0,0.6150235394995998,0.3427228954924087,0.0046949736230385,0.0375585878302633,0.8215766758636965,0.1784233287178941,1.0,0.0
0.8079571788227645,0.3668152211175866,0.8518518518518519,0.5140365801786473,0.1548847626055268,0.6000000000000001,0.692356997011991,0.2953411819999144,0.7709923664122136,0.1419354838709677,0.2297872340425532,0.3392484963151688,0.5925925925925926,0.1442307692307691,0.2684729064039409,0.0342809968378918,1.0,0.0,0.0,1.0,0.0,1.0,1.0,0.0,1.0,0.0,0.0,1.0,0.0,1.0,1.0,0.0,1.0,0.0,0.0,1.0,0.0,0.0,0.0,1.0,0.0,0.0,1.0,0.0,0.0,0.0,1.0,0.0,0.0,1.0,0.0,0.0,1.0,0.0,0.0,1.0,0.0,1.0,0.0,1.0,0.0,1.0,0.0,0.6150232811848453,0.3427229272167281,0.0046949694693655,0.0375588379119007,0.8215766279751133,0.1784233791765496,0.7653061147542906,0.234693885559665
0.5640341579949579,0.38361330133699,0.6814814814814816,0.383241173968524,0.1538461538461538,0.2910248297595262,0.2,0.3223676985678467,0.8167938931297707,0.1903225806451612,0.4439716312056737,0.2872340425531912,0.4938271604938269,0.1826923076923077,0.3251231527093596,0.0572743064369896,0.0,1.0,0.0,1.0,0.7131537458583612,0.2868462530073863,1.0,0.0,0.0,1.0,1.0,0.0,1.0,0.0,0.0,1.0,1.0,0.0,0.0830388732142318,0.5777385178014204,0.2102473436920495,0.1289752650337162,0.155357145606666,0.7642857173210225,0.0285714321026423,0.0517857044825913,0.8621908190080475,0.0883392208123767,0.0194346335111915,0.0300353261272751,1.0,0.0,1.0,0.0,0.0,0.0,0.0,1.0,0.0,0.0,1.0,1.0,0.0,1.0,0.0,1.0,0.0,0.6150232072867967,0.3427228900381089,0.0046950918247801,0.0375588319803738,0.8215766939601032,0.1784233097214157,0.7653060370898987,0.2346939674374232
0.4673202614379085,0.3760713061364416,0.6296296296296298,0.338579327945555,0.1538461538461538,0.3,0.2,0.3252032520325203,0.8015267175572518,0.1193548387096774,0.2439716312056736,0.5709219858156027,0.7160493827160492,0.1634615384615385,0.5911330049261084,0.0342809968378918,0.0,1.0,1.0,0.0,1.0,0.0,0.950949359588892,0.0490506407972523,0.0,1.0,1.0,0.0,1.0,0.0,0.0,1.0,0.5115030121849495,0.48849698428419064,0.0,1.0,0.0,0.0,0.0,1.0,0.0,0.0,1.0,0.0,0.0,0.0,0.0,1.0,0.7380861076797662,0.1113570357481799,0.15054836109186354,7.978417451925957e-06,1.0,0.0,0.0,0.0,1.0,1.0,0.0,1.0,0.0,1.0,0.0,0.6150235652251792,0.342722966800414,0.0046949311560485,0.0375585287450785,1.0,0.0,0.7653060542456579,0.2346939494153695
0.6252723311546842,0.3263627014055537,0.6518518518518519,0.3247554232241599,0.1538461538461538,0.8,0.8,0.2682926829268293,0.9236641221374042,0.4870967741935483,0.5745138743437768,0.5744680851063828,0.8148148148148147,0.1538461538461539,0.5073891625615764,0.0342809968378918,0.0,1.0,1.0,0.0,0.0,1.0,1.0,0.0,1.0,0.0,0.0,1.0,0.0,1.0,0.0,1.0,1.0,0.0,0.083038865357476,0.5777385241984838,0.2102473430050861,0.1289752674870881,0.1553571564225921,0.7642857121008972,0.0285714272280394,0.0517857033053417,0.8621908191297979,0.0883392092971872,0.0194346371655892,0.0300353343943458,1.0,0.0,1.0,0.0,0.0,0.0,1.0,0.0,0.0,1.0,0.0,1.0,0.0,0.9952689668865761,0.0047310325185990765,1.0,0.0,0.615023547867468,0.3427229994680679,0.0046945954507838,0.0375588579790435,0.8215766975855927,0.1784233058716452,0.7664222086836704,0.23357778962773967
0.9139433551198258,0.3702434007541995,0.7748132648336483,0.4523606975754997,0.1538461538461538,0.3,0.4,0.2922853632966784,0.8244274809160306,0.1741935483870967,0.3730496453900709,0.404255319148936,0.7162931087899247,0.096153846153846,0.3620689655172414,0.0342809968378918,1.0,0.0,0.0,1.0,1.0,0.0,1.0,0.0,0.0,1.0,1.0,0.0,1.0,0.0,0.0,1.0,1.0,0.0,0.0,1.0,0.0,0.0,0.0,1.0,0.0,0.0,1.0,0.0,0.0,0.0,1.0,0.0,1.0,0.0,0.0,0.0,1.0,0.0,0.0,0.0,1.0,1.0,0.0,1.0,0.0,1.0,0.0,0.6150234051736699,0.3427228664645169,0.0046945242560902,0.0375592255364926,0.8215766221230099,0.1784233853393237,0.7653060328808365,0.2346939718679054
0.8240740740740742,0.4782310593075077,0.7629629629629631,0.5214802211824755,0.1538461538461538,0.3,0.3,0.3252032520325203,0.6946564885496183,0.1677419354838709,0.327659574468085,0.51063829787234,0.9012345679012344,0.1826923076923077,0.2660098522167488,0.0342809968378918,0.4757439334159693,0.5242560670912515,1.0,0.0,1.0,0.0,1.0,0.0,0.0,1.0,1.0,0.0,1.0,0.0,1.0,0.0,1.0,0.0,0.0,1.0,0.0,0.0,0.0,1.0,0.0,0.0,1.0,0.0,0.0,0.0,1.0,0.0,0.0,0.0,1.0,0.0,0.0,1.0,0.0,0.0,1.0,1.0,0.0,1.0,0.0,1.0,0.0,0.6150236970289104,0.3427229522924799,0.0046952417029749,0.037558083205573,0.0,1.0,0.7653060013438857,0.2346940051411022
0.3867102396514161,0.2553993829276654,0.4962962962962963,0.1918332624415142,0.0769230769230769,0.4,0.3,0.3982397350782225,0.778625954198473,0.3354838709677419,0.8354609929078013,0.4113475177304964,0.6419753086419753,0.1153846153846154,0.7857142857142857,0.0710702921964483,0.0,1.0,0.0,1.0,1.0,0.0,0.0,1.0,0.0,1.0,1.0,0.0,0.4222560984060886,0.5777439015577499,0.0,1.0,0.0,1.0,0.0,1.0,0.0,0.0,0.0,1.0,0.0,0.0,1.0,0.0,0.0,0.0,0.9344973708782951,0.06550262870652512,1.0,0.0,0.0,0.0,1.0,0.0,0.0,0.0,1.0,1.0,0.0,1.0,0.0,1.0,0.0,0.6150233705682406,0.3427228134361123,0.0046944535449261,0.0375593915695899,0.8215768674686245,0.1784231270702152,0.7653060598263051,0.2346939433885568
0.738562091503268,0.7120329105245115,0.7703703703703704,0.7075712462781794,0.0769230769230769,0.2,0.1,0.3354683010516217,0.7612023040057675,0.4,0.5914893617021277,0.4964539007092194,0.6362273426803491,0.19863428341036152,0.810344827586207,0.2458194451495917,1.0,0.0,0.0,1.0,1.0,0.0,0.0,1.0,0.0,1.0,1.0,0.0,1.0,0.0,0.0,1.0,1.0,0.0,0.0,1.0,0.0,0.0,0.0,1.0,0.0,0.0,1.0,0.0,0.0,0.0,1.0,0.0,0.7380846683767681,0.11135703356974891,0.1505483579078728,9.512392330046637e-06,1.0,0.0,0.0,0.0,1.0,0.9418140243605445,0.05818594683993461,1.0,0.0,1.0,0.0,0.6150234645619753,0.342722762172483,0.0046949335684967,0.0375588510324805,0.8215768276648543,0.1784231689850283,0.7653059793673169,0.2346940281024755
0.2723311546840958,0.2807679122386013,0.3925925925925926,0.1492981709910676,0.1538461538461538,0.6000000000000001,0.5,0.4253514873241246,0.8778625954198471,0.496774193548387,0.7943262411347517,0.1205673758865246,0.4074074074074074,0.1153846153846154,0.4507389162561576,0.0664716302766287,1.0,0.0,0.0,1.0,1.0,0.0,1.0,0.0,0.0,1.0,1.0,0.0,1.0,0.0,0.5038639757777332,0.4961360248803105,0.0,1.0,0.0,1.0,0.0,0.0,1.0,0.0,0.0,0.0,0.9020562774136442,0.08271413323252685,0.005704891856791239,0.009524724530118989,1.0,0.0,1.0,0.0,0.0,0.0,1.0,0.0,0.0,0.0,1.0,1.0,0.0,1.0,0.0,1.0,0.0,0.6150232181581718,0.3427229051947531,0.0046943896218001,0.0375595251974184,0.8215766867957442,0.1784233172307958,0.7653061007188282,0.2346939003593551
0.6922657952069717,0.2495714775454233,0.7666666666666666,0.37274468420409457,0.0,0.5,0.3,0.334431961236949,0.7862595419847329,0.3,0.575886524822695,0.2375886524822694,0.5802469135802468,0.1153846153846154,0.4113300492610837,0.0388796587577113,0.47574394098377837,0.5242560591269966,0.0,1.0,1.0,0.0,1.0,0.0,0.0,1.0,1.0,0.0,1.0,0.0,0.5038639657215127,0.4961360354864306,1.0,0.0,0.0,0.0,1.0,0.0,0.1553571473540194,0.7642857114427068,0.0285714432745268,0.0517856973068959,1.0,0.0,0.0,0.0,1.0,0.0,0.0,0.0,1.0,0.0,1.0,0.0,0.0,0.0,1.0,1.0,0.0,1.0,0.0,0.5772971746031685,0.4227028251955187,0.6150232778259024,0.3427227262126349,0.0046950312311139,0.0375589899121824,0.8215766477305869,0.1784233583276989,0.7653062444403572,0.2346937491299735
0.6013071895424836,0.3267055193692149,0.8,0.43802177608355675,0.1538461538461538,0.8,0.5,0.4502630545642835,0.7709923664122136,0.267741935483871,0.7716312056737588,0.4645390070921982,0.7901234567901232,0.125,0.4926108374384236,0.0388796587577113,1.0,0.0,0.0,1.0,0.0,1.0,1.0,0.0,0.38111264510807974,0.6188873540965978,1.0,0.0,0.0,1.0,0.0,1.0,0.0,1.0,0.0,0.0,0.0,1.0,0.0,1.0,0.0,0.0,1.0,0.0,0.0,0.0,1.0,0.0,1.0,0.0,0.0,0.0,1.0,0.0,0.0,0.0,1.0,1.0,0.0,1.0,0.0,0.0,1.0,0.6150231581445238,0.3427228655613912,0.0046945747071406,0.0375594419891235,0.8215767363325871,0.1784232650991291,0.7653061555364029,0.2346938427590721
0.8284313725490197,0.9289513563531497,0.7555555555555555,0.8617609527860484,0.1538461538461538,0.7000000000000001,0.8,0.4715447154471545,0.7557251908396942,0.3161290322580645,0.498005612382764,0.354609929078014,0.5679012345679013,0.25,0.46770466772870667,0.0664716302766287,1.0,0.0,1.0,0.0,0.0,1.0,1.0,0.0,0.38111264378679555,0.6188873555232142,0.0,1.0,0.0,1.0,1.0,0.0,1.0,0.0,0.0,1.0,0.0,0.0,1.0,0.0,0.0,0.0,1.0,0.0,0.0,0.0,1.0,0.0,1.0,0.0,0.0,0.0,1.0,0.0,0.0,1.0,0.0,1.0,0.0,1.0,0.0,0.5772971742081745,0.4227028256065374,0.6150236568896895,0.3427229909354637,0.004695149833359,0.0375581796733216,0.8215766361321306,0.1784233705256463,0.7653060170914813,0.2346939884083346
0.619281045751634,0.1618100788481316,0.6444444444444444,0.2194810718843045,0.2307692307692307,0.7000000000000001,0.6000000000000001,0.436966323653264,0.8702290076335872,0.4161290322580645,0.7990198754063969,0.5567375886524821,0.7530864197530864,0.1346153846153845,0.5270935960591133,0.3745819789045395,1.0,0.0,0.6919504571548034,0.30804954323058464,1.0,0.0,1.0,0.0,0.0,1.0,1.0,0.0,1.0,0.0,1.0,0.0,0.0,1.0,0.0,0.0,0.0,1.0,0.0,1.0,0.0,0.0,1.0,0.0,0.0,0.0,1.0,0.0,0.0,1.0,0.0,0.0,1.0,0.0,0.0,0.0,1.0,1.0,0.0,1.0,0.0,1.0,0.0,0.6150232581527464,0.3427229425317835,0.0046945130196285,0.0375593152632464,0.8215767237192153,0.1784232783597003,0.7653062468744793,0.234693746564003
0.6775599128540305,0.4991429550908467,0.8792592592592592,0.6597192683964269,0.1538461538461538,0.6000000000000001,0.4,0.3495934959349593,0.7862595419847329,0.2580645161290322,0.5815602836879433,0.4432624113475176,0.728395061728395,0.1634615384615385,0.4901477832512315,0.0434783206775309,1.0,0.0,1.0,0.0,1.0,0.0,1.0,0.0,1.0,0.0,1.0,0.0,0.0,1.0,0.0,1.0,1.0,0.0,0.0830388719727992,0.5777385198130626,0.2102473382688242,0.1289752698284125,0.1553571452974522,0.7642857102364475,0.0285714339099109,0.0517857104156243,0.8621908028088453,0.0883392236722311,0.0194346209222027,0.0300353535632944,1.0,0.0,1.0,0.0,0.0,0.0,1.0,0.0,0.0,1.0,0.0,1.0,0.0,1.0,0.0,0.0,1.0,1.0,0.0,0.0,0.0,0.8215765059408768,0.1784235076001014,0.0,1.0
0.8556644880174293,0.4373973676637639,0.8518518518518519,0.5533815397703105,0.2307692307692307,0.6000000000000001,0.7000000000000001,0.2682926829268293,0.7709923664122136,0.2129032258064516,0.6099290780141844,0.5248226950354606,0.765432098765432,0.2884615384615383,0.3620689655172414,0.0388796587577113,1.0,0.0,1.0,0.0,0.0,1.0,1.0,0.0,1.0,0.0,0.0,1.0,0.0,1.0,1.0,0.0,0.5115029627555474,0.488497036395354,0.0,1.0,0.0,0.0,0.16293177025196304,0.8041675797602732,0.006150982217022927,0.026749642171008503,0.0,1.0,0.0,0.0,0.9344973674261572,0.06550263231904985,1.0,0.0,0.0,0.0,1.0,0.0,0.0,1.0,0.0,1.0,0.0,0.9952689687283166,0.004731030568948746,0.0,1.0,0.615023403619509,0.3427229286257462,0.0046950181557379,0.0375586547194073,0.8215767129880535,0.1784232896783054,0.7653063005631212,0.2346936901484604
0.897801291388647,0.4326362701405553,0.9481481481481482,0.6703530412590386,0.18693008548167245,0.4,0.4,0.3646976864897945,0.7557251908396942,0.1161290322580645,0.4936170212765957,0.5354609929078011,0.7777777777777777,0.2980769230769231,0.2389162561576354,0.0940636017955461,0.0,1.0,0.0,1.0,1.0,0.0,1.0,0.0,0.0,1.0,1.0,0.0,0.0,1.0,1.0,0.0,1.0,0.0,0.0,1.0,0.0,0.0,0.0,1.0,0.0,0.0,1.0,0.0,0.0,0.0,1.0,0.0,1.0,0.0,0.0,0.0,1.0,0.0,0.0,0.0,1.0,1.0,0.0,1.0,0.0,0.0,1.0,0.615023197642808,0.3427228043815983,0.0046952403661665,0.0375587798857794,0.821576665958883,0.1784233391761472,1.0,0.0
0.7012131204188254,0.4010970174837162,0.7925925925925925,0.4895789025946406,0.1538461538461538,0.6000000000000001,0.5,0.406962908714425,0.7862595419847329,0.2903225806451612,0.702127659574468,0.156028368794326,0.4074074074074074,0.1634615384615385,0.1896551724137931,0.0342809968378918,1.0,0.0,0.0,1.0,1.0,0.0,0.9509493706007004,0.0490506292225964,0.0,1.0,1.0,0.0,0.0,1.0,0.0,1.0,0.0,1.0,0.0,1.0,0.0,0.0,0.0,1.0,0.0,0.0,1.0,0.0,0.0,0.0,0.934497358038926,0.06550264220441637,1.0,0.0,0.0,0.0,1.0,0.0,0.0,0.0,1.0,1.0,0.0,1.0,0.0,0.0,1.0,0.6263950447566053,0.3424960783163824,0.0032856772689223712,0.027823181371301464,0.8215766479362528,0.1784233581544966,0.7653060006299861,0.2346940058665312
0.7892156862745099,0.7751114158381899,0.8146853155440067,0.7775265712303798,0.2047497898348906,0.4,0.3,0.3622409059817681,0.7709923664122136,0.1258064516129032,0.2921985815602836,0.3156028368794323,0.6049382716049381,0.2692307692307691,0.3201970443349754,0.0342809968378918,1.0,0.0,0.0,1.0,1.0,0.0,1.0,0.0,1.0,0.0,1.0,0.0,0.0,1.0,0.0,1.0,1.0,0.0,0.0,1.0,0.0,0.0,0.0,1.0,0.0,0.0,1.0,0.0,0.0,0.0,1.0,0.0,1.0,0.0,0.0,0.0,1.0,0.0,0.0,0.0,1.0,1.0,0.0,0.9952689245574212,0.004731077113724003,0.0,1.0,0.6263950558740755,0.3424960786839272,0.003285850805776369,0.027823005342375362,0.8215765476725778,0.1784234637348286,0.7664222043679014,0.23357780975319464
0.8562091503267975,0.4158381899211518,0.837037037037037,0.5427477669076988,0.0769230769230769,0.2,0.1,0.3159156731941464,0.7709923664122136,0.4741935483870968,0.3262411347517731,0.2021276595744681,0.46725522464935665,0.11593471467079308,0.5566502463054187,0.0342809968378918,1.0,0.0,0.6919504528218177,0.30804954779286764,1.0,0.0,0.0,1.0,0.0,1.0,1.0,0.0,1.0,0.0,0.5038639704177281,0.4961360305463267,1.0,0.0,0.0,1.0,0.0,0.0,0.0,1.0,0.0,0.0,1.0,0.0,0.0,0.0,0.0,1.0,1.0,0.0,0.0,0.0,1.0,0.0,0.0,0.0,1.0,1.0,0.0,1.0,0.0,0.0,1.0,0.6150232393419859,0.3427227949686539,0.004694480013066,0.0375595256562475,0.8215768717821735,0.1784231225730627,1.0,0.0
0.7363834422657952,0.3815563935550222,0.8222222222222222,0.5002126754572521,0.1538461538461538,0.4,0.4,0.418719207263901,0.7557251908396942,0.2741935483870967,0.8070921985815601,0.3687943262411346,0.5185185185185184,0.2788461538461537,0.4827586206896551,0.0342809968378918,1.0,0.0,0.0,1.0,1.0,0.0,0.0,1.0,0.0,1.0,1.0,0.0,0.0,1.0,0.0,1.0,0.0,1.0,0.0,1.0,0.0,0.0,0.0,1.0,0.0,0.0,1.0,0.0,0.0,0.0,1.0,0.0,1.0,0.0,0.0,0.0,1.0,0.0,0.0,0.0,1.0,1.0,0.0,0.0,1.0,0.5772971945304812,0.42270280664849236,0.6150386012490296,0.3427120183605262,0.0047515124099707,0.0374958028148992,0.8215824261779182,0.1784172843749464,0.7664222059385157,0.2335777950468596
0.5315904139433552,0.2176894069249228,0.6555555555555557,0.2598894087622288,0.159888674249189,0.4,0.4,0.2682926829268293,0.6946564885496183,0.1387096774193548,0.2312056737588652,0.4680851063829787,0.7037037037037037,0.096153846153846,0.3325123152709359,0.0342809968378918,0.0,1.0,1.0,0.0,0.0,1.0,1.0,0.0,0.0,1.0,1.0,0.0,1.0,0.0,1.0,0.0,1.0,0.0,0.0,1.0,0.0,0.0,0.16293180751602254,0.8041675922046032,0.0061510570096756645,0.026749558614504898,1.0,0.0,0.0,0.0,1.0,0.0,1.0,0.0,0.0,0.0,1.0,0.0,0.0,1.0,0.0,1.0,0.0,1.0,0.0,1.0,0.0,0.6150233813374051,0.3427229454528154,0.0046947888510081,0.0375588961170464,0.8215766425492975,0.1784233638242459,0.7653062381337437,0.2346937557205072
0.613289760348584,0.5359862760957235,0.8037037037037038,0.595916631220757,0.1538461538461538,0.2,0.2,0.6504065040650406,0.7557251908396942,0.1225806451612903,0.2567375886524822,0.5567375886524821,0.7901234567901232,0.221153846153846,0.3768472906403941,0.2366221213099525,1.0,0.0,1.0,0.0,1.0,0.0,0.9509493800195395,0.04905061927109888,0.0,1.0,1.0,0.0,1.0,0.0,0.0,1.0,1.0,0.0,0.0830388706331118,0.5777385230950258,0.2102473365424069,0.1289752695982197,0.1553571360479418,0.7642857145089967,0.0285714394434338,0.0517857102589105,0.8621907968144051,0.0883392293471886,0.0194346328653816,0.0300353417819648,1.0,0.0,1.0,0.0,0.0,0.0,1.0,0.0,0.0,1.0,0.0,0.9418140400002294,0.05818595491549705,1.0,0.0,1.0,0.0,1.0,0.0,0.0,0.0,0.8215766015956228,0.1784234069711766,0.7653059106661408,0.2346941004361794
0.6770152505446624,0.3959547480287966,0.8666666666666667,0.5292771712507401,0.1538461538461538,0.8,0.6000000000000001,0.4978499600337343,0.9236641221374042,0.4,0.7999999999999999,0.3829787234042552,0.6543209876543208,0.1634615384615385,0.3866995073891626,0.1400502209937417,0.0,1.0,0.0,1.0,1.0,0.0,1.0,0.0,0.0,1.0,1.0,0.0,0.0,1.0,0.0,1.0,0.0,1.0,0.047223812214547856,0.615082042474532,0.2186265722116182,0.11906757321858319,1.0,0.0,0.0,0.0,1.0,0.0,0.0,0.0,1.0,0.0,1.0,0.0,0.0,0.0,0.0,1.0,0.0,0.0,1.0,1.0,0.0,1.0,0.0,0.5772971705598449,0.4227028294884949,0.6150233584671315,0.3427229104622979,0.0046943042298458,0.0375594554148993,0.8215766415067586,0.1784233648776193,0.7653058773137793,0.2346941355193279
0.4057734204793028,0.1563249914295509,0.6888888888888889,0.2386218630370054,0.1538461538461538,0.7113002652589345,0.6000000000000001,0.4149657898854376,0.8549618320610688,0.4806451612903225,0.7914893617021276,0.354609929078014,0.5555555555555554,0.0865384615384614,0.6280788177339901,0.0710702921964483,0.4757439435098888,0.5242560564612189,0.0,1.0,1.0,0.0,1.0,0.0,0.0,1.0,1.0,0.0,0.42225609174358836,0.5777439086100928,0.0,1.0,0.0,1.0,0.0,1.0,0.0,0.0,1.0,0.0,0.0,0.0,1.0,0.0,0.0,0.0,1.0,0.0,1.0,0.0,0.0,0.0,1.0,0.0,0.0,0.0,1.0,1.0,0.0,1.0,0.0,0.5772971716837478,0.42270282829048655,0.6263950394835114,0.342496082912231,0.0032854581009726935,0.027823400565331058,0.8216936321368002,0.17830636972708214,0.7653060903165987,0.2346939112215144
0.7603485838779958,0.6839218375042851,0.9035233514335619,0.7766907698851552,0.1538461538461538,0.4,0.5,0.3482010763168088,0.7557251908396942,0.1967741935483871,0.3092198581560283,0.25886524822695,0.5802469135802468,0.1153846153846154,0.3497536945812808,0.0342809968378918,1.0,0.0,0.0,1.0,1.0,0.0,1.0,0.0,1.0,0.0,0.0,1.0,0.0,1.0,0.0,1.0,1.0,0.0,0.0,1.0,0.0,0.0,0.0,1.0,0.0,0.0,1.0,0.0,0.0,0.0,0.9344973692789664,0.0655026303463968,1.0,0.0,0.0,0.0,1.0,0.0,0.0,0.31800997302697454,0.6819900264680485,1.0,0.0,1.0,0.0,0.0,1.0,0.6150233848862405,0.3427229195853327,0.0046950396309994,0.0375586626924617,0.8215765745811086,0.1784234354128575,0.7653058890397375,0.2346941232585931
0.8506993693662902,0.7878304548348404,0.8814814814814815,0.8404934070608251,0.1538461538461538,0.2,0.2,0.4002930885800803,0.7557251908396942,0.14225657982294493,0.4851063829787233,0.6418439716312054,0.8888888888888888,0.0769230769230768,0.2857142857142857,0.0342809968378918,0.0,1.0,0.0,1.0,0.7131537343447953,0.2868462651040946,1.0,0.0,0.0,1.0,1.0,0.0,1.0,0.0,0.0,1.0,1.0,0.0,0.0,1.0,0.0,0.0,0.0,1.0,0.0,0.0,1.0,0.0,0.0,0.0,1.0,0.0,1.0,0.0,0.0,0.0,1.0,0.0,0.0,0.0,1.0,1.0,0.0,1.0,0.0,0.5772971782998408,0.42270282130607495,0.615023279078245,0.3427229106538014,0.0046948553982842,0.0375589751963256,0.8215764316582492,0.1784235858136089,0.0,1.0
0.9509803921568628,0.5234830305107988,0.8111111111111111,0.6065504040833687,0.1538461538461538,0.7000000000000001,0.7000000000000001,0.4457001289680573,0.7557251908396942,0.3387096774193548,0.7602836879432623,0.4539007092198581,0.6543209876543208,0.2596153846153846,0.4556650246305419,0.0572743064369896,1.0,0.0,0.0,1.0,1.0,0.0,1.0,0.0,0.0,1.0,0.0,1.0,0.0,1.0,0.0,1.0,0.0,1.0,0.0,0.0,1.0,0.0,0.0,1.0,0.0,0.0,0.9020562797645325,0.08271412870768957,0.005704865483590726,0.009524719804921533,1.0,0.0,1.0,0.0,0.0,0.0,1.0,0.0,0.0,0.31800996725334096,0.6819900325269529,1.0,0.0,1.0,0.0,1.0,0.0,0.6150236893292857,0.3427227789066446,0.004695761315598,0.0375577399011926,0.8215767633053267,0.1784232366981728,0.7653060609476368,0.2346939424602478
0.6813725490196079,0.3688721288995543,0.7074074074074075,0.3938749468311356,0.1538461538461538,0.7000000000000001,0.6000000000000001,0.3495934959349593,0.8473282442748089,0.267741935483871,0.7489361702127658,0.429078014184397,0.7037037037037037,0.0865384615384614,0.2857142857142857,0.0710702921964483,0.0,1.0,1.0,0.0,1.0,0.0,1.0,0.0,0.38111262771499343,0.6188873724730958,1.0,0.0,0.0,1.0,0.0,1.0,0.0,1.0,0.0830388714799934,0.5777385137309778,0.2102473516457406,0.1289752630281165,0.1553571431473598,0.764285715075596,0.0285714101058329,0.0517857321088536,0.8621908296661429,0.088339210244469,0.0194346342276108,0.0300353250069598,1.0,0.0,0.0,0.0,1.0,0.0,1.0,0.0,0.0,0.0,1.0,1.0,0.0,1.0,0.0,0.5718518548646803,0.4281481449791074,0.0,1.0,0.0,0.0,0.0,1.0,1.0,0.0
0.4014161220043573,0.4055536510113129,0.5814814814814815,0.3194385367928541,0.4615384615384616,0.7000000000000001,0.6000000000000001,0.57035315778608,0.725190839694656,0.6774193548387097,0.8217433889802597,0.5460992907801416,0.6296296296296295,0.2596153846153846,0.8719211822660099,0.24418948418784786,0.0,1.0,0.0,1.0,0.7131537171794933,0.2868462832032752,1.0,0.0,0.0,1.0,1.0,0.0,1.0,0.0,0.503863991125024,0.4961360086360618,0.0,1.0,0.0830388844034664,0.5777385009649196,0.2102473622191915,0.1289752516542942,0.1553571403564312,0.7642857117546952,0.0285714414231851,0.0517857064681283,0.8621908111373224,0.0883392319374455,0.0194346078095376,0.0300353493378795,0.9344973536810158,0.06550264679395756,0.0,0.0,1.0,0.0,0.0,1.0,0.0,1.0,0.0,1.0,0.0,0.995268953633195,0.004731046469268696,0.0,1.0,0.6150229606142459,0.3427229894409846,0.0046951202508704,0.0375589648921116,1.0,0.0,0.7653063569929885,0.2346936306453813
0.6111111111111112,0.508741858073363,0.7074074074074075,0.4895789025946406,0.2307692307692307,0.8,0.7000000000000001,0.5324130558843796,0.8854961832061066,0.3903225806451613,0.802836879432624,0.5189828710007431,0.6666666666666665,0.2596153846153846,0.5073891625615764,0.641304370254074,0.0,1.0,0.0,1.0,1.0,0.0,1.0,0.0,0.0,1.0,1.0,0.0,0.0,1.0,1.0,0.0,0.5115029168470512,0.488497084801908,0.0830388717350451,0.5777385017026695,0.2102473672165126,0.1289752594351769,0.1629318060722279,0.8041675838746529,0.006151084857081379,0.026749538100398818,0.8621908249640953,0.0883392212492186,0.0194346283928128,0.0300353245089862,1.0,0.0,0.0,1.0,0.0,0.0,0.0,1.0,0.0,0.0,1.0,1.0,0.0,1.0,0.0,1.0,0.0,0.6150233571984554,0.3427229493342072,0.004694897102547,0.0375588070612789,0.8215767252956991,0.1784232766991678,0.7653060098842561,0.2346939960576732
0.5386710239651417,0.4542338018512168,0.7481481481481482,0.4895789025946406,0.4615384615384616,0.6000000000000001,0.4,0.3495934959349593,0.7709923664122136,0.3516129032258064,0.5843971631205674,0.2872340425531912,0.5679012345679013,0.0769230769230768,0.3596059113300492,0.0388796587577113,0.0,1.0,1.0,0.0,0.0,1.0,1.0,0.0,1.0,0.0,1.0,0.0,1.0,0.0,0.0,1.0,0.5115029445562869,0.4884970555632585,0.0,1.0,0.0,0.0,0.0,1.0,0.0,0.0,1.0,0.0,0.0,0.0,1.0,0.0,0.0,1.0,0.0,0.0,0.0,1.0,0.0,1.0,0.0,0.9369676319054314,0.063032368091937,1.0,0.0,0.0,1.0,0.0,1.0,0.0,0.0,1.0,0.0,0.7653061887381992,0.2346938076706638
0.7532679738562092,0.3246486115872471,0.8666666666666667,0.4895789025946406,0.3076923076923077,0.3,0.2,0.3018084977783377,0.778625954198473,0.0935483870967742,0.4226950354609928,0.1914893617021276,0.5432098765432098,0.096153846153846,0.4491625581067611,0.0388796587577113,1.0,0.0,0.0,1.0,1.0,0.0,1.0,0.0,1.0,0.0,0.7098591689380636,0.2901408303113705,1.0,0.0,0.0,1.0,1.0,0.0,0.0,1.0,0.0,0.0,0.0,0.0,0.0,1.0,1.0,0.0,0.0,0.0,0.9395683480103276,0.0604316518497045,1.0,0.0,0.0,0.0,0.0,0.0,1.0,1.0,0.0,0.9369676085168804,0.0630323927134635,1.0,0.0,1.0,0.0,0.6150231295627226,0.342722943070328,0.0046943800433812,0.0375595907570938,0.8215766935304971,0.17842331017343,0.76642219517677,0.2335778121663411
0.5076252723311547,0.2430579362358587,0.5851851851851853,0.2343683538919608,0.2307692307692307,0.8,0.7000000000000001,0.41531154220729205,0.7328244274809159,0.3675418072691208,0.8666666666666666,0.2198581560283687,0.4938271604938269,0.1153846153846154,0.4729064039408867,0.0664716302766287,0.0,1.0,1.0,0.0,0.0,1.0,1.0,0.0,0.390998590007252,0.6090014101792622,0.7098591730499093,0.2901408259492682,0.0,1.0,1.0,0.0,0.0,1.0,0.0,0.0,1.0,0.0,0.0,1.0,0.0,0.0,1.0,0.0,0.0,0.0,1.0,0.0,1.0,0.0,0.0,0.0,0.7058823564297524,0.24458204318184507,0.049535600127466495,0.3180099603726375,0.6819900397779671,0.9369676278741677,0.063032372354853,0.9952689751123789,0.004731023855313543,0.5772971650129912,0.4227028353368859,1.0,0.0,0.0,0.0,0.8215769029339555,0.1784230897407255,1.0,0.0
0.8055555555555556,0.3270483373328763,0.7481481481481482,0.396001701403658,0.3076923076923077,0.4,0.23971983958911652,0.5121951219512195,0.7175572519083966,0.0774193548387096,0.327659574468085,0.5353087641207417,0.679012345679012,0.2692307692307691,0.4802955665024631,0.1814381782721178,0.0,1.0,1.0,0.0,0.7131537159606718,0.28684628448547067,1.0,0.0,1.0,0.0,1.0,0.0,1.0,0.0,0.0,1.0,1.0,0.0,0.0,1.0,0.0,0.0,0.0,1.0,0.0,0.0,1.0,0.0,0.0,0.0,0.0,1.0,0.7380748234088038,0.11135703388135854,0.15054836086560508,2.0129526695944477e-05,1.0,0.0,0.0,1.0,0.0,0.936967635106136,0.0630323647393746,1.0,0.0,1.0,0.0,0.615023504224288,0.3427229838233202,0.0046945209398892,0.0375589978984012,0.8216936196094944,0.17830638101648144,0.7653060970594291,0.2346939043277731
0.3115468409586057,0.2238601302708261,0.4814814814814815,0.1705657167162909,0.3076923076923077,0.5339445616840441,0.4,0.3441586219231898,0.931297709923664,0.164516129032258,0.6070921985815603,0.3156028368794323,0.4938271604938269,0.1634615384615385,0.3201970443349754,0.0480769825973504,1.0,0.0,0.0,1.0,0.7131537349920936,0.28684626442712446,1.0,0.0,1.0,0.0,1.0,0.0,1.0,0.0,1.0,0.0,1.0,0.0,0.04722381776602369,0.6150820363546279,0.21862656605324804,0.11906757999062978,1.0,0.0,0.0,0.0,1.0,0.0,0.0,0.0,1.0,0.0,0.7380689674207466,0.11135703174556733,0.1505483559005638,2.6397160855728963e-05,1.0,0.0,0.0,0.3164005815678345,0.6835994183791416,0.9369676299504406,0.0630323701514098,1.0,0.0,1.0,0.0,0.6150232745835735,0.3427228100690898,0.0046946051593624,0.0375593431859213,1.0,0.0,1.0,0.0
0.2690631808278867,0.2553993829276654,0.4962962962962963,0.1918332624415142,0.3076923076923077,0.8,0.8702684174158005,0.5523439897665088,0.8625954198473282,0.6838709677419355,0.7063829787234043,0.3404255319148934,0.4444444444444444,0.1730769230769231,0.2364532019704433,0.9402173950423456,1.0,0.0,0.0,1.0,1.0,0.0,1.0,0.0,0.38111263084492275,0.6188873692059442,0.0,1.0,0.0,1.0,1.0,0.0,0.0,1.0,0.0830388734152277,0.5777385066073186,0.2102473629815242,0.1289752568026944,0.1553571508307741,0.7642857054505516,0.0285714271608032,0.0517857164331062,0.8621908039790457,0.0883392386905419,0.0194346462294229,0.0300353104996787,0.0,1.0,0.7380858536180935,0.11135703930910412,0.15054835698352165,8.241337416947658e-06,0.7058823427589731,0.24458204741048528,0.04953561037159182,0.0,1.0,0.9418139750240416,0.05818599028077387,1.0,0.0,0.0,1.0,0.6150233737529773,0.342723018451563,0.0046946807676483,0.037558938818559,1.0,0.0,1.0,0.0
0.4428104575163399,0.330643716782519,0.5185185185185185,0.2556358996171842,0.6153846153846154,0.7000000000000001,0.5,0.7560975609756098,0.8473282442748089,0.1774193548387097,0.7730496453900709,0.5992907801418437,0.765432098765432,0.1730769230769231,0.3054187192118226,0.232023459390133,0.47574393547529537,0.5242560649306914,1.0,0.0,1.0,0.0,1.0,0.0,1.0,0.0,1.0,0.0,0.0,1.0,1.0,0.0,0.0,1.0,0.04722380592762965,0.6150820377226051,0.2186265721659344,0.11906758474815904,0.16293175832701878,0.804167580453894,0.006151043796379763,0.026749618480115256,0.902056258842537,0.08271411981215937,0.00570492502516029,0.00952468537709883,0.9395683511108468,0.0604316485845636,0.7230113696502691,0.1178977281573849,0.1576704508626689,0.0014204508766223,1.0,0.0,0.0,0.3164005794561046,0.6835994206007298,0.9418140415395326,0.05818596082946459,1.0,0.0,0.0,1.0,0.6150235433989443,0.3427230206767869,0.0046948644998587,0.0375585645009648,1.0,0.0,0.7653060724009544,0.2346939303956968
0.7167755991285404,0.2780253685293109,0.8417726352846641,0.4364100382815822,0.2307692307692307,0.5,0.5939936628950423,0.4308943089430894,0.7480916030534353,0.3258064516129032,0.5418439716312057,0.4113475177304964,0.5185185185185184,0.2403846153846152,0.6551724137931034,0.1032609256351852,1.0,0.0,1.0,0.0,1.0,0.0,1.0,0.0,0.0,1.0,0.0,1.0,1.0,0.0,1.0,0.0,1.0,0.0,0.0,1.0,0.0,0.0,1.0,0.0,0.0,0.0,1.0,0.0,0.0,0.0,1.0,0.0,1.0,0.0,0.0,0.0,1.0,0.0,0.0,1.0,0.0,0.9369676398956212,0.063032359677712,1.0,0.0,1.0,0.0,0.0,1.0,0.0,0.0,1.0,0.0,0.765306188444712,0.2346938079145556
1.0,0.4693746692978292,0.8836277767217049,0.5997864211864326,0.20988828496804607,0.8,0.6322346088143389,0.4014692290877864,0.7099236641221376,0.29572150069480035,0.4638297872340425,0.2269503546099289,0.5061728395061729,0.1826923076923077,0.3866995073891626,0.3745819789045395,1.0,0.0,0.0,1.0,0.0,1.0,1.0,0.0,1.0,0.0,1.0,0.0,0.0,1.0,1.0,0.0,1.0,0.0,0.0,1.0,0.0,0.0,0.0,1.0,0.0,0.0,1.0,0.0,0.0,0.0,1.0,0.0,1.0,0.0,0.0,0.0,1.0,0.0,0.0,0.0,1.0,1.0,0.0,1.0,0.0,1.0,0.0,0.6263949588893414,0.34249607717353137,0.0032852492728792093,0.027823640245474124,0.8215767467967539,0.1784232548333479,1.0,0.0
0.3534858387799565,0.2883099074391497,0.4888888888888889,0.2024670353041258,0.3846153846153846,0.6000000000000001,0.7000000000000001,0.4175314183181168,0.9160305343511448,0.2161290322580645,0.7177304964539007,0.4609929078014183,0.6419753086419753,0.1442307692307691,0.2364532019704433,0.2136288117108547,0.0,1.0,0.0,1.0,1.0,0.0,1.0,0.0,1.0,0.0,0.0,1.0,1.0,0.0,1.0,0.0,0.0,1.0,1.0,0.0,0.0,0.0,0.0,1.0,0.0,0.0,0.9020563155139861,0.08271412064488304,0.005704884077193384,0.009524689650036722,0.9395683486591976,0.0604316511647364,1.0,0.0,0.0,0.0,1.0,0.0,0.0,1.0,0.0,0.936967614055993,0.0630323868950685,1.0,0.0,0.0,1.0,0.6150230583216973,0.3427230045187097,0.004694347658754,0.0375596370421982,0.8216936292010957,0.17830637591403797,0.765306243891481,0.2346937498159901
0.6122004357298475,0.46828933836133,0.7259259259259259,0.4789451297320289,0.5384615384615385,0.9611526754045843,0.9316013402352685,0.4913191708269097,0.8320610687022896,0.42291518652351284,0.7531914893617021,0.3368794326241133,0.6172839506172838,0.0480769230769231,0.4641200290411658,0.2090301497910351,0.0,1.0,1.0,0.0,0.0,1.0,1.0,0.0,1.0,0.0,0.0,1.0,0.0,1.0,1.0,0.0,0.0,1.0,0.0,0.0,1.0,0.0,0.1629318082821083,0.8041675824135383,0.006151075442313858,0.026749547650423255,1.0,0.0,0.0,0.0,1.0,0.0,1.0,0.0,0.0,0.0,1.0,0.0,0.0,0.3180099658099558,0.6819900340314057,0.936967615537524,0.0630323853373215,1.0,0.0,1.0,0.0,0.0,1.0,0.0,0.0,1.0,0.0,0.7653061307574279,0.2346938687370351
0.7821350762527233,0.3767569420637641,0.8148148148148149,0.4895789025946406,0.2307692307692307,0.8313737706049124,0.7000000000000001,0.5121951219512195,0.8091603053435112,0.3774193548387097,0.7546099290780143,0.4326241134751771,0.7160493827160492,0.1442307692307691,0.4433497536945813,0.22055498460703382,0.0,1.0,1.0,0.0,0.0,1.0,1.0,0.0,1.0,0.0,0.7098591917149395,0.2901408063085672,0.0,1.0,1.0,0.0,0.5115029280004313,0.4884970730346936,0.0,0.0,0.0,1.0,1.0,0.0,0.0,0.0,1.0,0.0,0.0,0.0,1.0,0.0,0.0,1.0,0.0,0.0,0.7058823453055306,0.2445820507547105,0.04953560423938708,1.0,0.0,0.9369676160825794,0.0630323847535646,0.9952689780490348,0.004731020682705256,1.0,0.0,0.0,1.0,0.0,0.0,1.0,0.0,0.7664222018643009,0.2335777935123331
0.6895424836601307,0.334933150497086,0.6814814814814816,0.351339855380689,0.5384615384615385,0.7000000000000001,0.6000000000000001,0.5455868057914246,0.7175572519083966,0.4419354838709677,0.9205673758865248,0.4929078014184394,0.7160493827160492,0.1826923076923077,0.4137931034482759,0.4941471888198481,0.0,1.0,0.6919504684932325,0.30804953130091517,0.7131537285770362,0.28684627117942973,1.0,0.0,1.0,0.0,1.0,0.0,0.42225608985103524,0.5777439105516008,1.0,0.0,0.0,1.0,0.0,0.0,1.0,0.0,0.16293179897782029,0.8041675796561842,0.006151117236644632,0.026749502716199913,1.0,0.0,0.0,0.0,1.0,0.0,1.0,0.0,0.0,0.0,1.0,0.0,0.0,0.0,1.0,0.9369676112433608,0.0630323898562917,1.0,0.0,0.0,1.0,0.6150230316279627,0.3427230089847496,0.0046950309393378,0.0375589595915493,0.8215767549889477,0.178423245473752,0.76530624298629,0.2346937507590843
0.5620915032679739,0.234144669180665,0.5748148148148148,0.2237345810293492,0.3846153846153846,0.5,0.3,0.19937728612651143,0.8091603053435112,0.0580645161290322,0.1617021276595744,0.4148936170212765,0.6172839506172838,0.1538461538461539,0.3990147783251231,0.0388796587577113,1.0,0.0,1.0,0.0,1.0,0.0,1.0,0.0,1.0,0.0,1.0,0.0,1.0,0.0,1.0,0.0,1.0,0.0,0.0,1.0,0.0,0.0,0.0,1.0,0.0,0.0,1.0,0.0,0.0,0.0,1.0,0.0,1.0,0.0,0.0,0.0,1.0,0.0,0.0,0.0,1.0,0.0,1.0,1.0,0.0,0.0,1.0,1.0,0.0,0.0,0.0,0.0,1.0,0.7653059814011858,0.2346940260616761
0.8850762527233116,0.8073363044223517,0.8962962962962964,0.8531211932727336,0.31572757779518973,0.6000000000000001,0.5,0.91869918699187,0.6793893129770989,0.4064516129032258,0.526241134751773,0.5141843971631206,0.7160493827160492,0.1730769230769231,0.6305418719211823,0.4205685981027351,1.0,0.0,1.0,0.0,0.7131537225129567,0.28684627756788905,1.0,0.0,0.0,1.0,1.0,0.0,0.0,1.0,1.0,0.0,1.0,0.0,0.0,0.0,0.0,1.0,0.16293181911911025,0.8041675755802462,0.006151111410071852,0.026749515062600815,0.0,1.0,0.0,0.0,1.0,0.0,1.0,0.0,0.0,0.0,1.0,0.0,0.0,0.0,1.0,0.9369676296546542,0.0630323704743207,1.0,0.0,1.0,0.0,0.0,1.0,0.0,0.0,0.8215765927793358,0.1784234161865471,1.0,0.0
0.7091503267973857,0.3942406582104901,0.8222222222222222,0.5108464483198638,0.3076923076923077,1.0,1.0,0.509880075649934,0.8702290076335872,0.49744790005106787,0.8851063829787232,0.5212765957446805,0.7037037037037037,0.125,0.5886699507389163,0.126254235234283,0.0,1.0,0.6919504638871057,0.30804953617308606,0.7131536890086126,0.2868463128431237,1.0,0.0,1.0,0.0,0.706452349722144,0.2935476568384311,0.0,1.0,1.0,0.0,0.0,1.0,0.0830388631052205,0.5777385129828203,0.2102473529345178,0.1289752715532228,0.1553571338165951,0.7642857149848036,0.0285714201111754,0.0517857320156174,0.8621908223861312,0.088339217971161,0.0194346427193735,0.0300353160137585,1.0,0.0,0.7380785794820395,0.11135702866518926,0.15054836692751217,1.610967584175782e-05,0.0,0.0,1.0,1.0,0.0,0.9369676227786145,0.0630323777127419,1.0,0.0,0.0,1.0,0.6150232934038316,0.3427231314982141,0.0046940973179275,0.0375595054350885,1.0,0.0,0.7653061190503725,0.234693881073787
0.7064270152505447,0.3417895097703119,0.7037037037037037,0.3726074011059123,0.315190951922672,0.6000000000000001,0.4,0.36223449975629873,0.7862595419847329,0.2419354838709677,0.6567375886524823,0.6312056737588652,0.8518518518518516,0.125,0.5344827586206896,0.1538462067532004,0.0,1.0,0.6919504742068274,0.3080495252626767,1.0,0.0,1.0,0.0,1.0,0.0,1.0,0.0,0.0,1.0,1.0,0.0,1.0,0.0,0.0,0.0,1.0,0.0,0.16293178322973,0.8041675765447273,0.006151031850878397,0.0267496050844791,1.0,0.0,0.0,0.0,1.0,0.0,1.0,0.0,0.0,0.0,1.0,0.0,0.0,1.0,0.0,0.9369676375646446,0.0630323621552746,0.9952689643516393,0.004731035159768027,1.0,0.0,0.0,1.0,0.0,0.0,1.0,0.0,0.7653061618215674,0.2346938361650957
0.5038126361655774,0.3574139311468554,0.674074074074074,0.3726074011059123,0.2307692307692307,0.8,0.6000000000000001,0.4791799041743619,0.7557251908396942,0.43616795008198767,0.921985815602837,0.3859499810679538,0.5802469135802468,0.1442307692307691,0.458128078817734,0.0480769825973504,0.0,1.0,0.0,1.0,1.0,0.0,1.0,0.0,1.0,0.0,1.0,0.0,0.0,1.0,1.0,0.0,0.0,1.0,0.0,1.0,0.0,0.0,0.0,1.0,0.0,0.0,1.0,0.0,0.0,0.0,0.9344973605124107,0.06550263947265766,0.7230113663028574,0.1178977300552485,0.1576704507972963,0.0014204525744637,0.0,1.0,0.0,1.0,0.0,0.9369676458382592,0.0630323534299006,1.0,0.0,1.0,0.0,0.6150231454422649,0.3427228300006888,0.0046948821500579,0.0375591772209418,0.8215768250055085,0.1784231717437404,1.0,0.0
0.3616557734204793,0.258484744600617,0.5037037037037038,0.19715014887282,0.4615384615384616,0.9761393550906576,0.7583896130932142,0.5187965210187182,0.9083969465648848,0.3677419354838709,0.7078014184397162,0.3191489361702124,0.4320987654320987,0.1730769230769231,0.2364532019704433,0.1860368401919374,0.0,1.0,1.0,0.0,0.0,1.0,1.0,0.0,1.0,0.0,1.0,0.0,0.0,1.0,1.0,0.0,0.0,1.0,0.0,0.0,0.0,1.0,0.0,1.0,0.0,0.0,1.0,0.0,0.0,0.0,0.0,1.0,1.0,0.0,0.0,0.0,1.0,0.0,0.0,0.0,1.0,0.9369676214741848,0.0630323790839234,0.9952689781705126,0.004731020561517085,0.0,1.0,0.0,1.0,0.0,0.0,1.0,0.0,0.7653062576666256,0.2346937352452724
0.6819172113289761,0.2680836475831333,0.6666666666666667,0.2981709910676308,0.3076923076923077,0.6000000000000001,0.5,0.46001164441560827,0.725190839694656,0.3419354838709677,0.8269503546099289,0.4858156028368794,0.8024691358024689,0.1538461538461539,0.4039408866995073,0.0388796587577113,0.0,1.0,0.0,1.0,1.0,0.0,1.0,0.0,0.38111261971596877,0.6188873809110064,1.0,0.0,1.0,0.0,1.0,0.0,0.0,1.0,0.0,0.0,1.0,0.0,0.0,1.0,0.0,0.0,1.0,0.0,0.0,0.0,1.0,0.0,0.7380738201355259,0.11135703261064023,0.15054835676747602,2.1205882172803392e-05,0.0,1.0,0.0,0.0,1.0,0.93696763404863,0.0630323658466358,1.0,0.0,1.0,0.0,0.615023228941137,0.3427229076141276,0.004695333890355,0.0375585407521835,0.8215768071972607,0.1784231904841198,0.7653061407096547,0.2346938583932794
0.6514161220043574,0.4816592389441205,0.7925925925925925,0.5533815397703105,0.0,0.4,0.6000000000000001,0.4897953618181971,0.8244274809160306,0.5580645161290322,0.8099290780141842,0.333333333333333,0.5061728395061729,0.1730769230769231,0.5714285714285714,0.3193980358667047,0.4757439306482416,0.5242560700147352,0.6919504486985133,0.3080495521722004,1.0,0.0,1.0,0.0,1.0,0.0,1.0,0.0,0.0,1.0,1.0,0.0,0.5115029372776165,0.48849706321159514,0.0,0.0,0.0,1.0,0.0,1.0,0.0,0.0,1.0,0.0,0.0,0.0,1.0,0.0,0.0,0.0,1.0,0.0,0.0,1.0,0.0,0.0,1.0,0.9369676184497998,0.0630323822561959,1.0,0.0,1.0,0.0,0.6150232321244435,0.3427230190102265,0.0046943453778618,0.0375594379923308,0.8215767034682937,0.1784232998198253,0.7653061711291753,0.2346938262547792
0.2342047930283224,0.2290023997257456,0.3851851851851852,0.1280306252658443,0.41775825879517603,0.7000000000000001,0.6000000000000001,0.45114461753616486,0.8473282442748089,0.1774193548387097,0.7106382978723403,0.8226950354609928,0.91358024691358,0.1634615384615385,0.3226600985221675,0.9770066904009022,1.0,0.0,1.0,0.0,1.0,0.0,1.0,0.0,1.0,0.0,1.0,0.0,0.42225609332711245,0.577743906912688,1.0,0.0,0.0,1.0,0.0830388671362792,0.5777385027659295,0.2102473698424941,0.1289752605938191,0.1553571328810387,0.7642857064044151,0.0285714064800133,0.0517857560710188,0.8621908005107515,0.0883392327763138,0.0194346498725834,0.0300353167149585,1.0,0.0,0.0,1.0,0.0,0.0,0.0,0.0,1.0,0.318009959311258,0.6819900409065649,0.9369675999131312,0.0630324017843831,1.0,0.0,1.0,0.0,0.6150238087024358,0.3427231157335193,0.0046945196383956,0.0375585313561086,1.0,0.0,0.7653059009389664,0.2346941107639104
0.622004357298475,0.2300308536167294,0.6444444444444444,0.26095278604849,0.2307692307692307,0.8,0.6000000000000001,0.4308943089430894,0.6870229007633584,0.43479081348345305,0.8085106382978723,0.3858900524564874,0.6763493491458352,0.0865384615384614,0.5049261083743842,0.0342809968378918,0.0,1.0,1.0,0.0,1.0,0.0,1.0,0.0,1.0,0.0,1.0,0.0,0.0,1.0,1.0,0.0,0.0,1.0,0.04722382168991357,0.6150820324834805,0.2186265675689899,0.11906757766134757,0.0,1.0,0.0,0.0,0.0,1.0,0.0,0.0,0.9344973602388496,0.06550263991012684,0.0,0.0,1.0,0.0,0.0,1.0,0.0,0.0,1.0,0.9369676353345991,0.0630323644905022,1.0,0.0,0.0,1.0,0.6150230994735107,0.3427230422178324,0.0046948984289688,0.0375589873207712,1.0,0.0,0.7653064460167492,0.2346935370798273
0.6857298474945535,0.2670551936921495,0.8222222222222222,0.4045087196937473,0.2307692307692307,0.8,0.5,0.5934959349593496,0.8320610687022896,0.4404696717303972,0.8156028368794327,0.3368794326241133,0.6296296296296295,0.0480769230769231,0.4437930793851177,0.0710702921964483,1.0,0.0,1.0,0.0,0.7131537331370383,0.28684626639981825,1.0,0.0,0.3811126468278536,0.6188873522984195,1.0,0.0,1.0,0.0,1.0,0.0,0.0,1.0,0.08303887057387,0.5777385093110426,0.2102473567737922,0.1289752634099821,0.1553571436143431,0.7642857097176762,0.0285714514319361,0.0517856947991801,0.862190803693376,0.0883392334136143,0.0194346359102423,0.0300353269297402,0.0,1.0,0.7380725766432179,0.11135703189374613,0.15054835903081787,2.2488085013816494e-05,1.0,0.0,0.0,1.0,0.0,0.9369676244996656,0.0630323758938555,1.0,0.0,1.0,0.0,1.0,0.0,0.0,0.0,1.0,0.0,0.7653063532123067,0.2346936345258951
0.7472766884531591,0.3551594103531025,0.9185185185185184,0.564015312632922,0.3076923076923077,0.7000000000000001,0.8,0.4308943089430894,0.7934909970906406,0.4225806451612903,0.7546099290780143,0.0815602836879432,0.4320987654320987,0.08828210852884161,0.3522167487684728,0.0802676160360874,0.4757439492014326,0.5242560504756884,1.0,0.0,1.0,0.0,1.0,0.0,1.0,0.0,0.7064523268788454,0.2935476811223695,1.0,0.0,0.503864030484334,0.49613596710509766,0.0,1.0,1.0,0.0,0.0,0.0,0.0,1.0,0.0,0.0,0.9020562811963182,0.08271413454188425,0.005704878977053185,0.009524699241864054,0.9344973560485383,0.06550264427145402,1.0,0.0,0.0,0.0,1.0,0.0,0.0,0.0,1.0,0.9369676220037576,0.0630323785086295,1.0,0.0,0.0,1.0,1.0,0.0,0.0,0.0,1.0,0.0,1.0,0.0
0.2156862745098039,0.2800822763112787,0.3481481481481482,0.1280306252658443,0.1538461538461538,0.8,0.902261624987987,0.91869918699187,0.9389312977099236,0.7741935483870968,0.8198581560283688,0.2056737588652482,0.4197530864197529,0.2403846153846152,0.6354679802955665,0.2136288117108547,1.0,0.0,1.0,0.0,1.0,0.0,1.0,0.0,0.0,1.0,0.0,1.0,0.0,1.0,1.0,0.0,0.0,1.0,0.047223821772730656,0.6150820382460032,0.2186265563138402,0.11906758427267983,0.0,1.0,0.0,0.0,0.0,1.0,0.0,0.0,1.0,0.0,1.0,0.0,0.0,0.0,0.0,0.0,1.0,0.0,1.0,0.936967618114146,0.0630323826330077,1.0,0.0,0.0,1.0,0.6263950946739085,0.34249608804501086,0.003282871088458039,0.027825957878283458,1.0,0.0,0.7653060394882876,0.2346939649785706
0.4052287581699347,0.2488858416181008,0.5703703703703704,0.229051467460655,0.4615384615384616,0.8,0.7000000000000001,0.5121951219512195,0.8779115425818969,0.4903225806451613,0.852482269503546,0.2907801418439717,0.5061728395061729,0.0384615384615385,0.4852216748768473,0.5309364841784046,1.0,0.0,1.0,0.0,1.0,0.0,0.9509493630550495,0.04905063717666558,0.0,1.0,1.0,0.0,0.0,1.0,0.5038640069702576,0.4961359919797228,0.0,1.0,0.0472238308793792,0.6150820307963002,0.21862656746169074,0.11906757153402658,0.0,1.0,0.0,0.0,1.0,0.0,0.0,0.0,1.0,0.0,0.7380755726808563,0.11135703192093949,0.15054835665649413,1.9325677479309356e-05,1.0,0.0,0.0,0.0,1.0,0.936967632356812,0.0630323676235642,1.0,0.0,0.5772971662791464,0.4227028339747211,0.626394953809527,0.34249608721061087,0.0032839345108276463,0.02782493383583662,1.0,0.0,0.7653062021987548,0.2346937935268263
0.1525054466230936,0.2379156667809393,0.2888888888888888,0.0908124202467035,0.279062559004252,0.6000000000000001,0.5,0.5390495654056443,0.8542611900971081,0.6225806451612903,0.6936170212765956,0.2340425531914893,0.3086419753086418,0.0865384615384614,0.6125032355149942,0.779264227848661,0.0,1.0,0.0,1.0,0.7131537483110095,0.28684625040301737,0.0,1.0,0.0,1.0,1.0,0.0,0.0,1.0,1.0,0.0,0.0,1.0,0.0830394350097215,0.5777385482007116,0.2102437618665856,0.1289783048328499,0.1553480937699679,0.7642803179866193,0.0285636205658231,0.0518092032840116,0.8621727718645612,0.0883353853363527,0.0194356025065801,0.0300578817344565,0.9344973542503694,0.06550264624444424,0.7380787504774932,0.1113570378381703,0.15054836112376369,1.5891421497160607e-05,0.7058823438709076,0.24458204771145242,0.04953560893655573,0.0,1.0,0.9369801020572625,0.0630192385612109,1.0,0.0,1.0,0.0,0.6150795884472258,0.3426407058450984,0.0048091294672159,0.0374672787026899,1.0,0.0,1.0,0.0
0.6122004357298475,0.3105930750771341,0.7185185185185186,0.3619736282433007,0.2091220637709101,0.8092353780954782,0.7899177078905241,0.5121951219512195,0.802062896838829,0.2612903225806451,0.8297872340425533,0.4255319148936169,0.6543209876543208,0.1346153846153845,0.4264089953323149,0.0434783206775309,1.0,0.0,1.0,0.0,1.0,0.0,1.0,0.0,1.0,0.0,0.0,1.0,0.0,1.0,1.0,0.0,0.0,1.0,0.0,0.0,0.0,1.0,0.0,1.0,0.0,0.0,1.0,0.0,0.0,0.0,0.9395683493267528,0.0604316504647085,0.723011356185163,0.1178977272847963,0.1576704522689733,0.0014204649181032,1.0,0.0,0.0,0.0,1.0,0.9369676366822668,0.0630323630710915,1.0,0.0,1.0,0.0,0.6150236717347672,0.3427230272222198,0.0046948846086153,0.0375583972339864,0.8215767621333327,0.1784232379038078,0.7653062722799657,0.2346937198439811
0.5697167755991286,0.2355159410353102,0.5925925925925927,0.2343683538919608,0.2810765896730853,1.0595819987600323,0.9,0.6747967479674797,0.7480916030534353,0.3774193548387097,0.9120567375886524,0.40000819477401056,0.5925925925925926,0.1634615384615385,0.583743842364532,0.05267564451717,0.0,1.0,1.0,0.0,0.0,1.0,1.0,0.0,1.0,0.0,1.0,0.0,0.0,1.0,1.0,0.0,0.0,1.0,0.0,0.0,1.0,0.0,0.0,1.0,0.0,0.0,1.0,0.0,0.0,0.0,1.0,0.0,1.0,0.0,0.0,0.0,1.0,0.0,0.0,0.0,1.0,0.9369676314583772,0.0630323685777981,0.9952689496309255,0.00473105055513845,0.5718518441836297,0.4281481562172987,0.6150234861690791,0.3427230563412266,0.0046945503894227,0.0375589118650435,1.0,0.0,1.0,0.0
0.69880174291939,0.2807679122386013,0.7777777777777779,0.3944126663171248,0.5384615384615385,0.8,0.6000000000000001,0.5528455284552846,0.8625954198473282,0.2451612903225806,0.8368794326241135,0.3404255319148934,0.4691358024691356,0.1634615384615385,0.8743842364532021,0.2308481647743631,0.0,1.0,1.0,0.0,1.0,0.0,1.0,0.0,1.0,0.0,1.0,0.0,1.0,0.0,1.0,0.0,0.0,1.0,0.0,1.0,0.0,0.0,0.1629317644699021,0.804167593563116,0.006151209309115058,0.02674942004058889,1.0,0.0,0.0,0.0,1.0,0.0,1.0,0.0,0.0,0.0,0.0,0.0,1.0,1.0,0.0,0.9369676070686712,0.0630323942454238,0.9952689762794655,0.004731022602626811,0.0,1.0,0.6150231058300628,0.3427231483138273,0.0046941334940702,0.0375596528599566,1.0,0.0,0.7653062619234932,0.2346937306027843
0.1416122004357298,0.2416866643812135,0.3259259259259259,0.106763079540621,0.2485580058820981,0.5,0.5,0.3795585019327209,0.7938931297709919,0.1806451612903225,0.4794326241134752,0.25886524822695,0.1851851851851851,0.4711538461538462,0.3201970443349754,0.3285953597063438,0.0,1.0,0.0,1.0,1.0,0.0,1.0,0.0,0.0,1.0,0.7064524841826437,0.29354751468835805,0.0,1.0,1.0,0.0,1.0,0.0,0.0,0.0,0.0,1.0,0.16293182619920699,0.80416758667217,0.006151079460037678,0.02674953351753706,1.0,0.0,0.0,0.0,1.0,0.0,1.0,0.0,0.0,0.0,1.0,0.0,0.0,0.0,1.0,0.9369676238649696,0.0630323765633351,1.0,0.0,0.0,1.0,0.615023108064773,0.3427229409001752,0.0046956263595455,0.0375583365132852,0.8215766831343205,0.1784233210832455,1.0,0.0
0.8540305010893247,0.4034967432293452,0.837037037037037,0.5321139940450871,0.2307692307692307,0.9,0.7433809782796292,0.4680402139673121,0.7175572519083966,0.3967741935483871,0.7756778752011891,0.2943262411347516,0.4197530864197529,0.2307692307692306,0.3571428571428571,0.0388796587577113,1.0,0.0,1.0,0.0,0.0,1.0,1.0,0.0,0.3811126367333483,0.6188873629749588,1.0,0.0,0.0,1.0,1.0,0.0,0.0,1.0,0.0,1.0,0.0,0.0,0.0,1.0,0.0,0.0,1.0,0.0,0.0,0.0,0.0,1.0,0.0,0.0,1.0,0.0,1.0,0.0,0.0,0.0,1.0,0.9369676318243844,0.0630323681875968,1.0,0.0,0.0,1.0,0.6263950168965247,0.3424960817839152,0.0032826736518386523,0.02782629395568026,0.8215767758002995,0.1784232235334489,0.7653062630202545,0.2346937295864738
0.5833333333333334,0.3740143983544737,0.6962962962962964,0.3885580603998298,0.3076923076923077,0.8,0.8,0.5447154471544716,0.7480916030534353,0.5548387096774193,0.9092198581560283,0.407801418439716,0.7037037037037037,0.1153846153846154,0.5068311741800581,0.0480769825973504,0.0,1.0,1.0,0.0,1.0,0.0,1.0,0.0,1.0,0.0,0.0,1.0,0.0,1.0,1.0,0.0,0.0,1.0,0.0,0.0,1.0,0.0,1.0,0.0,0.0,0.0,1.0,0.0,0.0,0.0,1.0,0.0,1.0,0.0,0.0,0.0,1.0,0.0,0.0,0.0,1.0,0.936967617246612,0.0630323835345615,0.9952689666948048,0.00473103273175024,1.0,0.0,1.0,0.0,0.0,0.0,1.0,0.0,0.7664222078541929,0.23357779066204898
0.5876906318082789,0.7593417895097702,1.066044226853339,0.9680986814121648,0.2215699597987141,1.0,0.7000000000000001,0.6594051551021467,0.8015267175572518,0.5049440531738012,1.0,0.3687943262411346,0.6172839506172838,0.1442307692307691,0.6009852216748769,0.2688127547486895,1.0,0.0,0.0,1.0,0.0,1.0,1.0,0.0,1.0,0.0,1.0,0.0,0.0,1.0,1.0,0.0,0.5115029004868572,0.488497102118858,0.0,0.0,0.0,1.0,1.0,0.0,0.0,0.0,0.9020562490240591,0.08271414461757132,0.0057048398019153845,0.009524771661294618,1.0,0.0,1.0,0.0,0.0,0.0,1.0,0.0,0.0,0.0,1.0,0.9369676091578228,0.0630323920233921,1.0,0.0,1.0,0.0,0.6150231319932552,0.3427230258533807,0.0046947655249228,0.0375591050454224,0.8215767139902405,0.178423288594377,0.7653060742581076,0.2346939279498034
0.8169934640522877,0.4523958762307958,0.9555555555555556,0.6490854955338153,0.3076923076923077,0.8,0.6000000000000001,0.5934959349593496,0.7709923664122136,0.2483870967741935,0.673758865248227,0.4549026981983543,0.695749239586607,0.14490071561978754,0.2438423645320196,0.1032609256351852,0.0,1.0,1.0,0.0,0.0,1.0,1.0,0.0,1.0,0.0,1.0,0.0,0.0,1.0,1.0,0.0,1.0,0.0,0.0,0.0,0.0,1.0,0.0,1.0,0.0,0.0,1.0,0.0,0.0,0.0,0.0,1.0,0.0,0.0,1.0,0.0,1.0,0.0,0.0,0.0,1.0,0.9369676352096172,0.0630323646177309,1.0,0.0,0.5772971641419762,0.4227028362506984,0.6150234725864858,0.3427229693038207,0.0046945098475679,0.0375590586617183,1.0,0.0,0.765306380963848,0.2346936053762733
0.9217957151210806,0.3558450462804251,0.962962962962963,0.6065504040833687,0.3076923076923077,0.8,0.7000000000000001,0.5934959349593496,0.7557251908396942,0.3548387096774193,0.8539007092198582,0.51063829787234,0.8888888888888888,0.0769230769230768,0.3522167487684728,0.0572743064369896,0.0,1.0,1.0,0.0,0.7131537050121131,0.28684629600713907,1.0,0.0,0.0,1.0,1.0,0.0,0.0,1.0,1.0,0.0,0.0,1.0,0.0,0.0,1.0,0.0,0.0,1.0,0.0,0.0,1.0,0.0,0.0,0.0,1.0,0.0,1.0,0.0,0.0,0.0,0.705882346248146,0.24458204884767698,0.04953560521128564,1.0,0.0,0.9369676469138932,0.0630323522963698,1.0,0.0,0.0,1.0,0.6150232636110047,0.3427229637649472,0.004694692206859,0.0375591033066859,1.0,0.0,0.7653062859849369,0.2346937053189655
0.4836601307189543,0.2125471374700033,0.5962962962962963,0.2237345810293492,0.4615384615384616,0.7000000000000001,0.8,0.5121951219512195,0.7175572519083966,0.2129032258064516,0.8624113475177305,0.4503546099290778,0.691358024691358,0.125,0.4187192118226601,0.2504181070694112,1.0,0.0,1.0,0.0,0.0,1.0,1.0,0.0,1.0,0.0,0.0,1.0,0.0,1.0,1.0,0.0,0.0,1.0,0.0830388697668839,0.5777385124999432,0.2102473565955228,0.1289752610999973,0.1553571361962306,0.7642857162635601,0.0285714113080997,0.0517857371378901,0.8621908078922041,0.0883392314011163,0.0194346339907266,0.0300353264990069,1.0,0.0,1.0,0.0,0.0,0.0,0.0,0.0,1.0,0.0,1.0,0.9418140125334273,0.05818598675021969,1.0,0.0,0.0,1.0,0.6150235330261918,0.3427231110426795,0.0046946374591234,0.037558713814119,1.0,0.0,0.7653060995244166,0.2346939017505799
0.6290849673202615,0.2262598560164552,0.6468691228488295,0.2715865589111016,0.3495995174447195,0.9207493234262702,0.7000000000000001,0.5121951219512195,0.8702290076335872,0.5161290322580645,0.7489361702127658,0.2978723404255317,0.4938271604938269,0.1442307692307691,0.3522167487684728,0.3028564892852251,0.0,1.0,1.0,0.0,1.0,0.0,1.0,0.0,1.0,0.0,1.0,0.0,0.0,1.0,0.5038640053230892,0.49613599371133743,0.0,1.0,0.0,0.0,1.0,0.0,0.0,1.0,0.0,0.0,1.0,0.0,0.0,0.0,1.0,0.0,0.0,0.0,1.0,0.0,1.0,0.0,0.0,0.0,1.0,0.936967625500588,0.0630323748442567,1.0,0.0,0.0,1.0,0.0,1.0,0.0,0.0,0.8215768242478174,0.1784231725434024,0.7653063942828705,0.2346935913703987
0.5038126361655774,0.2536852931093589,0.6296296296296298,0.2662696724797958,0.5384615384615385,0.6908862996242895,0.5,0.4308943089430894,0.8091603053435112,0.6838709677419355,0.7375886524822696,0.4574468085106382,0.679012345679012,0.1335597763771398,0.55110909845827,0.22617855885005944,0.47574393771920687,0.5242560625600331,1.0,0.0,1.0,0.0,1.0,0.0,0.0,1.0,1.0,0.0,0.0,1.0,0.0,1.0,0.0,1.0,0.0,1.0,0.0,0.0,0.0,1.0,0.0,0.0,1.0,0.0,0.0,0.0,0.9344973586241487,0.06550264158699082,1.0,0.0,0.0,0.0,1.0,0.0,0.0,0.0,1.0,1.0,0.0,1.0,0.0,1.0,0.0,0.6263949607203132,0.342496093238563,0.003284156252845616,0.02782472427946836,1.0,0.0,0.7664222012960802,0.233577797603445
0.2984749455337691,0.2574562907096331,0.4740740740740741,0.1811994895789025,0.3076923076923077,0.9,0.8418723299545818,0.4308943089430894,0.900763358778626,0.4032258064516129,0.8628128648472744,0.4255319148936169,0.6419753086419753,0.1442307692307691,0.4852216748768473,0.4251672600225546,0.0,1.0,1.0,0.0,1.0,0.0,0.9509493662011976,0.04905063393949216,1.0,0.0,0.0,1.0,0.0,1.0,1.0,0.0,0.0,1.0,0.0,0.0,1.0,0.0,1.0,0.0,0.0,0.0,1.0,0.0,0.0,0.0,1.0,0.0,1.0,0.0,0.0,0.0,0.0,0.0,1.0,0.0,1.0,0.0,1.0,1.0,0.0,1.0,0.0,0.6150235146933176,0.3427230365778372,0.0046948381399944,0.0375586055438672,1.0,0.0,0.7664222120762492,0.23357778588616185
0.4057734204793028,0.3400754199520054,0.5703703703703704,0.2769034453424074,0.2836783619612906,0.9,0.8,0.3495934959349593,0.8015267175572518,0.4838709677419355,0.8822695035460993,0.4326241134751771,0.6049382716049381,0.1730769230769231,0.4532019704433497,0.17692222954780745,0.0,1.0,1.0,0.0,1.0,0.0,1.0,0.0,1.0,0.0,0.0,1.0,0.0,1.0,1.0,0.0,0.0,1.0,0.0830388768935873,0.5777385000107988,0.2102473747667866,0.1289752478815119,0.1553571403727984,0.7642857068292019,0.0285714122284302,0.0517857416040039,0.8621908157128304,0.0883392282615188,0.0194346316325246,0.0300353237834367,1.0,0.0,1.0,0.0,0.0,0.0,1.0,0.0,0.0,0.0,1.0,0.9369676134049184,0.0630323875783595,1.0,0.0,0.5718518560183549,0.4281481437610971,0.0,1.0,0.0,0.0,0.8215767944996599,0.1784232038541314,0.7653061781993366,0.2346938189040031
0.5147058823529411,0.426465546794652,0.7111111111111112,0.4364100382815822,0.3846153846153846,0.7172032922877734,0.6000000000000001,0.4715447154471545,0.8015267175572518,0.4870967741935483,0.8283687943262411,0.4468085106382977,0.6651418475890947,0.1634615384615385,0.3669950738916256,0.1400502209937417,1.0,0.0,1.0,0.0,1.0,0.0,1.0,0.0,0.0,1.0,0.7064524976111343,0.29354750049206657,0.0,1.0,0.5038639858080539,0.4961360143359095,0.0,1.0,1.0,0.0,0.0,0.0,0.0,1.0,0.0,0.0,1.0,0.0,0.0,0.0,1.0,0.0,1.0,0.0,0.0,0.0,0.7058823567155065,0.2445820426438695,0.04953560039354454,0.0,1.0,0.9369676257487818,0.0630323745831078,1.0,0.0,0.0,1.0,1.0,0.0,0.0,0.0,0.0,1.0,0.7653059967511032,0.2346940099151181
0.920479302832244,0.4288600813215184,0.8888888888888888,0.5773913362608188,0.39948141378327195,0.8,0.6000000000000001,0.5121951219512195,0.7633587786259537,0.7677419354838709,0.7999999999999999,0.3439716312056735,0.7407407407407405,0.1346153846153845,0.3596059113300492,0.9218227473630676,1.0,0.0,1.0,0.0,1.0,0.0,0.9509493287502355,0.04905067328403068,1.0,0.0,1.0,0.0,0.0,1.0,1.0,0.0,0.0,1.0,0.04722382213711607,0.6150820423727776,0.21862656160748373,0.11906757550031888,0.0,1.0,0.0,0.0,0.9020563263597275,0.08271414671325372,0.005704881890443381,0.009524705150161017,1.0,0.0,1.0,0.0,0.0,0.0,0.0,1.0,0.0,1.0,0.0,0.9369676146006948,0.0630323863145918,1.0,0.0,1.0,0.0,0.6150233769058258,0.3427232839668354,0.0046959290968464,0.037557373406827,0.8215767365680957,0.1784232648660393,0.7664221964514533,0.23357779993761207
0.66019791886217,0.2807679122386013,0.7481481481481482,0.3598468736707783,0.2106066739924553,0.9,0.7000000000000001,0.4308943089430894,0.8167938931297707,0.4225806451612903,0.7957446808510639,0.4184397163120565,0.7037037037037037,0.12590612598118672,0.5295566502463054,0.10715781871312913,0.0,1.0,1.0,0.0,0.0,1.0,1.0,0.0,0.0,1.0,1.0,0.0,0.0,1.0,1.0,0.0,0.0,1.0,0.0,0.0,1.0,0.0,0.0,1.0,0.0,0.0,1.0,0.0,0.0,0.0,1.0,0.0,1.0,0.0,0.0,0.0,1.0,0.0,0.0,1.0,0.0,0.9369676255628664,0.0630323747786175,0.9952689810935931,0.004731017541130367,1.0,0.0,1.0,0.0,0.0,0.0,0.8215767440287987,0.1784232569787079,0.7653063345220821,0.234693654199833
0.3616557734204793,0.1710661638669866,0.5555555555555556,0.1811994895789025,1.0000000000000002,0.9,0.7000000000000001,0.1463414634146341,0.900763358778626,0.4935483870967742,0.950354609929078,0.4574468085106382,0.7160493827160492,0.125,0.5024630541871922,0.5953177510558785,0.0,1.0,0.6919504779907586,0.3080495212920733,1.0,0.0,1.0,0.0,1.0,0.0,1.0,0.0,0.4222560781155783,0.5777439229231851,1.0,0.0,0.0,1.0,0.0,0.0,1.0,0.0,0.0,1.0,0.0,0.0,1.0,0.0,0.0,0.0,1.0,0.0,1.0,0.0,0.0,0.0,1.0,0.0,0.0,1.0,0.0,0.941814018236241,0.058185972331869396,1.0,0.0,0.5772971597013695,0.42270284094224453,0.615023158446874,0.3427230735376434,0.0046953411213771,0.0375584350444271,0.8215767607156975,0.1784232394030627,0.7653064619443004,0.2346935201226344
0.6808278867102396,0.25567664042315885,0.7259259259259259,0.3194385367928541,0.18087831853234468,0.8,0.5,0.3876372778845828,0.8015267175572518,0.3741935483870967,0.7817209760267456,0.4361702127659572,0.5802469135802468,0.1923076923076923,0.6822660098522167,0.0342809968378918,0.0,1.0,0.6919504761283156,0.3080495232511914,1.0,0.0,1.0,0.0,1.0,0.0,1.0,0.0,0.42225609737861247,0.5777439025789319,1.0,0.0,0.0,1.0,0.04722382339503328,0.6150820297164974,0.2186265688565565,0.11906757805425106,0.0,1.0,0.0,0.0,1.0,0.0,0.0,0.0,0.9344973636426205,0.06550263634096432,1.0,0.0,0.0,0.0,1.0,0.0,0.0,0.3180099660221828,0.6819900338136391,0.9369676190564428,0.0630323816249125,1.0,0.0,1.0,0.0,1.0,0.0,0.0,0.0,1.0,0.0,0.7653062520209009,0.2346937411734065
0.9493464052287582,0.0383956119300651,0.562962962962963,0.2662696724797958,0.2307692307692307,0.8,0.8,0.4607380302639901,0.7709923664122136,0.5419354838709677,0.9319148936170212,0.3971631205673758,0.6419753086419753,0.0769230769230768,0.4187192118226601,0.1446488829135613,1.0,0.0,1.0,0.0,1.0,0.0,1.0,0.0,1.0,0.0,1.0,0.0,0.0,1.0,1.0,0.0,0.0,1.0,0.0,0.0,0.0,1.0,0.0,1.0,0.0,0.0,0.9020563631424229,0.08271413844177633,0.0057048670057727735,0.009524702634621351,1.0,0.0,1.0,0.0,0.0,0.0,1.0,0.0,0.0,0.0,1.0,0.9369676178748514,0.0630323828687124,1.0,0.0,0.0,1.0,0.6150235995821328,0.3427230543881155,0.0046939567850816,0.0375593992717108,1.0,0.0,0.7653060765680754,0.2346939258028275
0.6100217864923747,0.3030510798765855,0.7111111111111112,0.351339855380689,0.3846153846153846,0.9440824075502348,0.9,0.7560975609756098,0.7862595419847329,0.7290322580645161,0.909616150646572,0.4858156028368794,0.765432098765432,0.0769230769230768,0.5295566502463054,0.29295990190878934,0.47574393470637033,0.5242560657208355,1.0,0.0,1.0,0.0,1.0,0.0,0.38111263529971084,0.6188873643810314,0.0,1.0,0.0,1.0,1.0,0.0,0.0,1.0,0.0,0.0,1.0,0.0,1.0,0.0,0.0,0.0,0.9020562505202719,0.08271413794754534,0.005704888743357839,0.009524730146496685,1.0,0.0,1.0,0.0,0.0,0.0,0.7058823458518011,0.2445820504680517,0.049535603955513485,0.0,1.0,0.9369676229341274,0.0630323775501617,1.0,0.0,0.0,1.0,0.6150236789584402,0.3427230725421661,0.0046943023647927,0.0375589406944292,0.8216936489762425,0.17830634247752974,1.0,0.0
0.3916122004357299,0.1844360644497771,0.5740740740740741,0.19715014887282,0.0769230769230769,0.9,0.7000000000000001,0.4308943089430894,0.7404580152671754,0.5870967741935484,0.829337476747423,0.407801418439716,0.6296296296296295,0.1634615384615385,0.4871378569704438,0.1400502209937417,0.0,1.0,1.0,0.0,0.0,1.0,1.0,0.0,0.3811126391683075,0.6188873603810037,1.0,0.0,0.0,1.0,1.0,0.0,0.0,1.0,0.0830388721709748,0.5777385122972669,0.2102473541100461,0.1289752612661644,0.1553571393763878,0.7642857158731912,0.028571433913532,0.0517857108814292,0.8621908074540391,0.0883392226730154,0.0194346132009837,0.0300353575256598,1.0,0.0,1.0,0.0,0.0,0.0,0.0,1.0,0.0,1.0,0.0,1.0,0.0,1.0,0.0,0.0,1.0,0.6150232560840685,0.3427230025718537,0.0046947437415593,0.0375590180666467,1.0,0.0,0.7653062411986986,0.2346937525050099
0.5403050108932462,0.2276311278711004,0.674074074074074,0.2769034453424074,0.2307692307692307,0.8,0.8,0.3495934959349593,0.8122036602153299,0.364516129032258,0.7731616293162403,0.5248226950354606,0.679012345679012,0.2019230769230768,0.3793103448275862,0.0664716302766287,0.475743939337155,0.5242560608540843,1.0,0.0,0.0,1.0,1.0,0.0,0.0,1.0,0.0,1.0,1.0,0.0,1.0,0.0,0.511502919463948,0.48849708202466124,0.083038862034396,0.5777385133673083,0.2102473631485626,0.1289752618099803,0.1553571426037786,0.7642857169030909,0.0285714198245673,0.0517857207773942,0.8621908231661959,0.0883392147467946,0.0194346340502102,0.030035327486765,1.0,0.0,1.0,0.0,0.0,0.0,1.0,0.0,0.0,0.0,1.0,0.9369676355578896,0.0630323642525799,1.0,0.0,0.0,1.0,0.0,1.0,0.0,0.0,1.0,0.0,1.0,0.0
0.4449891067538126,0.3345903325334247,0.6888888888888889,0.3566567418119948,0.3076923076923077,0.8,0.6000000000000001,0.5934959349593496,0.8014294163882033,0.44497382778207994,0.8312236981879116,0.3510638297872339,0.5308641975308641,0.16144869184750477,0.5197044334975369,0.0756689541162678,0.0,1.0,1.0,0.0,1.0,0.0,0.9509493630009714,0.04905063720606595,1.0,0.0,1.0,0.0,0.0,1.0,1.0,0.0,0.0,1.0,0.0830388724943179,0.5777385092528331,0.2102473557767437,0.1289752624140452,0.155357143572005,0.7642857154108819,0.0285714314174334,0.0517857094002822,0.9020562346531951,0.08271412980808057,0.005704941176931544,0.009524692659869882,1.0,0.0,1.0,0.0,0.0,0.0,0.0,1.0,0.0,0.0,1.0,0.9369676267460272,0.063032373529267,1.0,0.0,0.0,1.0,0.6150232700556861,0.3427230914541175,0.00469487987692,0.0375587697141767,1.0,0.0,0.7653061646911843,0.2346938330774123
0.5506535947712419,0.2430579362358587,0.6666666666666667,0.2822203317737133,0.3076923076923077,0.4,0.6000000000000001,0.3585304636965263,0.7404580152671754,0.1870967741935484,0.4853573893062957,0.4645390070921982,0.7037037037037037,0.0576923076923077,0.4753694581280788,0.0388796587577113,0.0,1.0,1.0,0.0,0.7131537121551393,0.2868462884595824,1.0,0.0,0.0,1.0,0.7064524026277941,0.2935476010054704,0.0,1.0,1.0,0.0,1.0,0.0,0.0,1.0,0.0,0.0,0.0,1.0,0.0,0.0,1.0,0.0,0.0,0.0,1.0,0.0,1.0,0.0,0.0,0.0,1.0,0.0,0.0,0.0,1.0,0.9369676432666538,0.0630323561493324,1.0,0.0,0.0,1.0,0.6263950861122499,0.3424960842144231,0.00328325780816896,0.02782560820002633,1.0,0.0,0.7653061150358489,0.2346938853729305
0.4466230936819172,0.2029482344874871,0.5962962962962963,0.2184176945980433,0.23541175601441927,0.7000000000000001,0.6000000000000001,0.4308943089430894,0.7709923664122136,0.4167064960931451,0.8595744680851064,0.30448221141579385,0.5679012345679013,0.0673076923076922,0.4778325123152709,0.0618729683568091,1.0,0.0,1.0,0.0,0.7131537319219087,0.2868462676726893,0.9509493391699153,0.04905066230366684,0.0,1.0,1.0,0.0,0.0,1.0,1.0,0.0,0.0,1.0,0.047223821522140885,0.6150820360805824,0.21862656901245925,0.11906757312786342,1.0,0.0,0.0,0.0,1.0,0.0,0.0,0.0,0.9344973603529675,0.06550263976880011,1.0,0.0,0.0,0.0,1.0,0.0,0.0,0.0,1.0,1.0,0.0,1.0,0.0,0.0,1.0,0.6150233548789625,0.3427230854396231,0.0046946997815435,0.0375588690900459,1.0,0.0,0.7653061994778612,0.2346937964573509
0.837690631808279,0.534110387384299,0.8148148148148149,0.6193109315185027,0.5384615384615385,0.8532775467716689,0.6000000000000001,0.5934959349593496,0.7938931297709919,0.5419354838709677,0.8141843971631205,0.333333333333333,0.6666666666666665,0.15509645792035762,0.3201970443349754,0.705685637131548,0.47574394087612193,0.5242560592270165,1.0,0.0,0.7131537370469561,0.2868462622702975,1.0,0.0,1.0,0.0,1.0,0.0,0.0,1.0,1.0,0.0,0.0,1.0,0.0,0.0,1.0,0.0,1.0,0.0,0.0,0.0,1.0,0.0,0.0,0.0,1.0,0.0,0.0,0.0,1.0,0.0,1.0,0.0,0.0,0.0,1.0,0.9369676262376287,0.0630323740657113,1.0,0.0,0.0,1.0,0.6150260215626916,0.3427206147123247,0.0047058920616761,0.0375470926358204,1.0,0.0,0.7664222028924176,0.23357778921185723
0.1868191721132897,0.2314021254713746,0.3333333333333333,0.106763079540621,0.5384615384615385,1.0,0.8,0.5772357723577236,0.8396946564885495,0.435483870967742,0.8056737588652482,0.2056737588652482,0.382716049382716,0.16952519930179655,0.4926108374384236,0.2826087405081482,0.0,1.0,0.6919504776630353,0.3080495216308733,0.0,1.0,1.0,0.0,1.0,0.0,1.0,0.0,0.0,1.0,1.0,0.0,0.0,1.0,0.0,1.0,0.0,0.0,0.0,1.0,0.0,0.0,1.0,0.0,0.0,0.0,1.0,0.0,1.0,0.0,0.0,0.0,0.705882334476389,0.24458205749545614,0.04953560886038211,0.0,1.0,0.9369676180427255,0.0630323826971228,1.0,0.0,0.5772971563093812,0.42270284449521334,0.0,1.0,0.0,0.0,1.0,0.0,0.765306171861552,0.2346938254508862
0.4379084967320261,0.2221460404525197,0.5259259259259259,0.1918332624415142,0.6153846153846154,0.8,0.7658312466241993,0.5260552835412323,0.8396946564885495,0.5419354838709677,0.8264503103394879,0.4503546099290778,0.5802469135802468,0.1057692307692308,0.9408866995073892,0.4021739504234569,1.0,0.0,0.0,1.0,1.0,0.0,1.0,0.0,1.0,0.0,0.0,1.0,0.4222560949393306,0.5777439051864817,0.5038639979092976,0.4961360015314832,0.0,1.0,0.0,0.0,1.0,0.0,0.0,1.0,0.0,0.0,0.0,1.0,0.0,0.0,1.0,0.0,1.0,0.0,0.0,0.0,0.7058823179565652,0.24458205899491336,0.049535624980550974,0.0,1.0,0.9418140168551559,0.05818596200823556,1.0,0.0,1.0,0.0,0.6150229684167381,0.3427229977948939,0.0046956192609173,0.0375584343774989,1.0,0.0,0.765306284550181,0.2346937069107594
0.2510893246187364,0.3153925265683922,0.4,0.165248830284985,0.6153846153846154,0.5815338849664687,0.6621006705608883,0.1869918699186991,0.7709923664122136,0.4548387096774193,0.5377900300477325,0.4360349516766098,0.3950617283950617,0.4326923076923075,0.7660098522167488,0.0388796587577113,0.4757439334535123,0.5242560670508554,1.0,0.0,1.0,0.0,1.0,0.0,0.0,1.0,0.0,1.0,0.0,1.0,0.5038639975174959,0.49613600197640495,1.0,0.0,0.0,0.0,1.0,0.0,0.0,1.0,0.0,0.0,1.0,0.0,0.0,0.0,1.0,0.0,0.7380730241252254,0.11135702273847625,0.15054836246800274,2.2044101561258245e-05,0.0,1.0,0.0,0.0,1.0,0.936968934189056,0.0630309974591719,1.0,0.0,0.0,1.0,0.6263950707406822,0.34249609180151486,0.0032829800660099107,0.027825904965759873,1.0,0.0,1.0,0.0
0.7155405749822504,0.4765169694892012,0.7628975505189644,0.5253732172829201,0.3337982214458014,0.6015645749669624,0.4,0.1869918699186991,0.8244274809160306,0.23927839964699735,0.8624113475177305,0.4503546099290778,0.8395061728395061,0.1923076923076923,0.2216748768472906,0.3607859931450808,0.0,1.0,1.0,0.0,1.0,0.0,1.0,0.0,1.0,0.0,1.0,0.0,0.0,1.0,1.0,0.0,0.5115029301209986,0.4884970707266768,0.0,0.0,0.0,1.0,1.0,0.0,0.0,0.0,0.0,1.0,0.0,0.0,1.0,0.0,0.0,1.0,0.0,0.0,0.0,0.0,1.0,0.0,1.0,0.9369676154937788,0.0630323853627289,1.0,0.0,0.0,1.0,0.6150228949407966,0.3427231598452067,0.0046952351107256,0.0375587395879366,0.8215767968406886,0.1784232015109553,0.7653061797699752,0.2346938172705209
0.2603485838779957,0.2972231744943434,0.3703703703703703,0.1439812845597617,0.3076923076923077,0.8,0.7109328339458286,0.4308943089430894,0.8091603053435112,0.3258064516129032,0.8014127863289056,0.4326241134751771,0.5185185185185184,0.2884615384615383,0.0172413793103448,0.2448761479458769,1.0,0.0,1.0,0.0,1.0,0.0,1.0,0.0,0.0,1.0,0.7064524731890254,0.2935475264679196,0.0,1.0,1.0,0.0,0.0,1.0,0.0830388729144566,0.5777385080346698,0.2102473599550163,0.1289752589403082,0.1553571458964142,0.7642857128983385,0.0285714194272266,0.0517857218534155,0.8621908089776132,0.0883392269961982,0.0194346393551992,0.0300353244675058,1.0,0.0,1.0,0.0,0.0,0.0,0.0,1.0,0.0,0.0,1.0,0.9369676277109152,0.0630323725213555,1.0,0.0,0.0,1.0,0.0,1.0,0.0,0.0,1.0,0.0,0.7653060075176007,0.2346939986418726
0.8785403050108932,0.4148097360301679,0.9555555555555556,0.6597192683964269,0.4615384615384616,0.8,0.7000000000000001,0.5934959349593496,0.7938931297709919,0.6419354838709678,0.8496453900709219,0.3971631205673758,0.71745665938683,0.1442307692307691,0.1527093596059113,0.5631271176171415,0.0,1.0,1.0,0.0,0.0,1.0,1.0,0.0,1.0,0.0,0.7064524796478663,0.2935475194312662,0.0,1.0,1.0,0.0,0.0,1.0,0.0,0.0,1.0,0.0,0.16293182077136714,0.8041675763000766,0.006151070751513887,0.02674957340528139,0.0,1.0,0.0,0.0,1.0,0.0,1.0,0.0,0.0,0.0,1.0,0.0,0.0,0.0,1.0,0.9418140060240835,0.058185970119505104,1.0,0.0,1.0,0.0,0.6150234733478595,0.3427228634974844,0.0046943775436761,0.0375593061715221,1.0,0.0,1.0,0.0
0.6072984749455338,0.2262598560164552,0.6666666666666667,0.2715865589111016,0.4615384615384616,0.8,0.6000000000000001,0.5934959349593496,0.7862595419847329,0.41471432467473934,0.7744680851063829,0.2304964539007088,0.4567901234567901,0.0673076923076922,0.5517241379310345,0.05267564451717,0.0,1.0,1.0,0.0,1.0,0.0,1.0,0.0,1.0,0.0,0.7064524924987845,0.2935475058221836,0.0,1.0,1.0,0.0,0.0,1.0,0.0830388513155977,0.5777385217962224,0.2102473599462505,0.1289752678038196,0.1553571502859804,0.7642857191974495,0.0285714179263288,0.0517857120120436,0.8621908181817576,0.0883392247481549,0.0194346250393553,0.0300353315731841,1.0,0.0,1.0,0.0,0.0,0.0,1.0,0.0,0.0,0.0,1.0,0.9369675787990754,0.0630324240057677,1.0,0.0,0.0,1.0,0.6263950025959009,0.34249608998935754,0.0032829187581882024,0.027825983763779316,1.0,0.0,0.7653071393987716,0.2346928078234099
0.7772331154684096,0.5375385670209119,0.8296296296296297,0.6384517226712036,0.5384615384615385,0.8158514909131203,0.6000000000000001,0.6151092036101238,0.8015267175572518,0.3774193548387097,0.8482269503546099,0.4609929078014183,0.6172839506172838,0.125,0.47541950914110487,0.3241356914540047,0.0,1.0,0.0,1.0,1.0,0.0,1.0,0.0,1.0,0.0,1.0,0.0,0.0,1.0,1.0,0.0,0.0,1.0,0.0,0.0,0.0,1.0,0.0,1.0,0.0,0.0,1.0,0.0,0.0,0.0,1.0,0.0,0.7380702603043695,0.11135703768269656,0.1505483572419266,2.4951696889985442e-05,0.0,0.0,1.0,1.0,0.0,0.9369676139216028,0.0630323870334392,1.0,0.0,0.5772971677769653,0.42270283241726736,0.6150229357489831,0.3427229919343807,0.0046943359126788,0.0375597943135824,0.8215767322768012,0.1784232693449378,0.7653062401925623,0.2346937535607035
0.4531590413943355,0.185464518340761,0.5555555555555556,0.1886431305827307,0.2307692307692307,0.8,0.7000000000000001,0.4793155558837173,0.8473282442748089,0.5225806451612903,0.9106382978723404,0.4574468085106382,0.6049382716049381,0.20354857720758449,0.3768472906403941,0.199832825951396,0.0,1.0,0.0,1.0,1.0,0.0,1.0,0.0,0.0,1.0,1.0,0.0,0.0,1.0,1.0,0.0,0.0,1.0,0.0830388727351584,0.5777385027284468,0.2102473587741293,0.1289752659514532,0.1553571450795831,0.76428571142991,0.0285714190409449,0.0517857246890494,0.86219082533392,0.0883392251025245,0.0194346423989751,0.0300353056532686,1.0,0.0,0.0,0.0,1.0,0.0,0.0,0.0,1.0,0.0,1.0,1.0,0.0,1.0,0.0,1.0,0.0,0.6150231758474467,0.3427228901262394,0.0046947473428486,0.0375592193452709,0.8215767620488651,0.1784232379881662,0.765306130110623,0.2346938695093656
0.3997821350762527,0.25750601747855373,0.5333333333333333,0.2173543173117822,0.5384615384615385,0.9,0.7000000000000001,0.5965402742373024,0.8625954198473282,0.435483870967742,0.8737588652482268,0.429078014184397,0.6419753086419753,0.0384615384615385,0.3842364532019704,0.3660311278012108,1.0,0.0,0.0,1.0,1.0,0.0,1.0,0.0,1.0,0.0,1.0,0.0,0.0,1.0,1.0,0.0,0.0,1.0,0.0830388777697932,0.5777384949998718,0.2102473732239159,0.1289752538076848,0.1553571334097448,0.76428570367933,0.0285714348587228,0.0517857292274477,0.8621908129899744,0.0883392316268074,0.0194346257892307,0.0300353291994502,0.0,1.0,0.0,1.0,0.0,0.0,0.0,1.0,0.0,0.0,1.0,0.0,1.0,0.9952689620768373,0.004731037582845876,0.0,1.0,0.6263949353649787,0.34249609382429325,0.003284065517686896,0.02782487102289999,0.8216936337212717,0.17830636045656023,0.7653061173111418,0.2346938829788558
0.6241830065359478,0.3099074391498114,0.7481481481481482,0.383241173968524,0.5384615384615385,0.9,0.7000000000000001,0.7560975609756098,0.8167938931297707,0.4161290322580645,0.7205673758865249,0.4751773049645389,0.7160493827160492,0.1057692307692308,0.4014778325123153,0.4389632457820133,1.0,0.0,1.0,0.0,1.0,0.0,1.0,0.0,1.0,0.0,1.0,0.0,0.0,1.0,1.0,0.0,0.5115029186495623,0.48849708294942573,0.0,0.0,1.0,0.0,0.1629317931997638,0.8041675712269947,0.006151131694437484,0.026749497562400637,0.0,1.0,0.0,0.0,1.0,0.0,1.0,0.0,0.0,0.0,1.0,0.0,0.0,0.0,1.0,0.9418140422368376,0.058185958072600186,1.0,0.0,0.0,1.0,0.0,1.0,0.0,0.0,1.0,0.0,0.7653062030268032,0.2346937927194838
0.233115468409586,0.1902639698320192,0.4666666666666667,0.1492981709910676,0.35359928114260614,0.9,0.7000000000000001,0.5604248606622371,0.9160305343511448,0.5129032258064516,0.8399331262319147,0.2553191489361699,0.4938271604938269,0.1346153846153845,0.7660098522167488,0.7930602136081196,0.0,1.0,0.0,1.0,1.0,0.0,1.0,0.0,1.0,0.0,1.0,0.0,0.0,1.0,1.0,0.0,0.0,1.0,0.0,0.0,0.0,1.0,0.0,1.0,0.0,0.0,1.0,0.0,0.0,0.0,1.0,0.0,0.0,1.0,0.0,0.0,0.7058823174446728,0.24458205920976073,0.04953562540965262,0.3164005803980267,0.6835994196151496,0.0,1.0,1.0,0.0,0.0,1.0,0.6263949379444114,0.3424960815545285,0.003285140491526395,0.027823725119963116,0.8216936314090478,0.17830637051430764,0.765307239194143,0.2346927027089449
0.4411764705882353,0.2392869386355844,0.6074074074074074,0.2450021267545724,0.31372744466437635,0.9,0.6000000000000001,0.2682926829268293,0.8320610687022896,0.4516129032258065,0.5435450428940845,0.5177304964539005,0.5185185185185184,0.2115384615384614,0.396551724137931,0.22769293163016247,0.0,1.0,1.0,0.0,0.0,1.0,1.0,0.0,1.0,0.0,1.0,0.0,0.0,1.0,1.0,0.0,1.0,0.0,0.0830388459634212,0.5777385249458405,0.2102473559032838,0.1289752744156955,0.1553571733003974,0.7642857124314346,0.0285714310064515,0.0517856808121941,0.8621908239641128,0.0883392190903651,0.0194346303584163,0.0300353258413113,0.0,1.0,0.0,0.0,1.0,0.0,1.0,0.0,0.0,1.0,0.0,1.0,0.0,1.0,0.0,0.0,1.0,0.0,0.0,0.0,1.0,1.0,0.0,0.7653073663498144,0.2346925689192064
0.49376385599506156,0.5536510113129928,0.6222222222222222,0.4364100382815822,0.3846153846153846,0.793762094567652,0.8122917640188841,0.42646974560361495,0.9389312977099236,0.3903225806451613,0.6702333664818775,0.4645390070921982,0.6419753086419753,0.15347148561771187,0.5,0.1446488829135613,1.0,0.0,1.0,0.0,1.0,0.0,1.0,0.0,1.0,0.0,0.0,1.0,0.0,1.0,1.0,0.0,0.5086206873974354,0.4913793130125877,0.0,1.0,0.0,0.0,0.0,1.0,0.0,0.0,1.0,0.0,0.0,0.0,1.0,0.0,0.0,0.0,1.0,0.0,1.0,0.0,0.0,0.0,1.0,1.0,0.0,1.0,0.0,0.0,1.0,0.615023464790194,0.3427231550870282,0.0046947902781003,0.0375585845855079,1.0,0.0,0.7653062201012165,0.2346937744049174
0.7634657176392676,0.444977716832362,0.7851851851851852,0.5172267120374308,0.2307692307692307,0.7536523515336573,0.6101738516184789,0.3606818702892851,0.7862595419847329,0.1483870967741935,0.6356807377835184,0.4609929078014183,0.7407407407407405,0.2115384615384614,0.2807881773399014,0.3423913454658025,1.0,0.0,1.0,0.0,0.0,1.0,1.0,0.0,1.0,0.0,1.0,0.0,0.0,1.0,1.0,0.0,0.5086206958515429,0.4913793039090026,0.04722381582972812,0.6150820369095158,0.21862656237993627,0.11906758483731728,0.16293176428567946,0.8041675787950149,0.006151141594723297,0.026749501389952246,1.0,0.0,0.0,0.0,1.0,0.0,0.0,0.0,1.0,0.0,1.0,0.0,0.0,0.3180099629900648,0.6819900370426168,0.0,1.0,1.0,0.0,0.5772971658584956,0.4227028344396889,0.6263950669314788,0.3424960745471112,0.0032828437004445155,0.02782605750546263,0.8215766172644928,0.1784233904377228,0.76530607291167,0.2346939296688288
0.7941176470588236,0.4350359958861843,0.874074074074074,0.595916631220757,0.3076923076923077,0.6491873920496037,0.5265937528016497,0.3774850737313381,0.7938931297709919,0.24789813699139382,0.6425169099776441,0.4007092198581559,0.6172839506172838,0.0673076923076922,0.3719211822660099,0.0480769825973504,1.0,0.0,0.6919504640216226,0.3080495359974299,0.0,1.0,1.0,0.0,1.0,0.0,1.0,0.0,1.0,0.0,1.0,0.0,0.5086206866022668,0.4913793135805984,0.0,1.0,0.0,0.0,0.0,1.0,0.0,0.0,1.0,0.0,0.0,0.0,1.0,0.0,0.0,0.0,1.0,0.0,1.0,0.0,0.0,1.0,0.0,1.0,0.0,1.0,0.0,0.0,1.0,0.6150231656556668,0.3427230590028784,0.0046944350902712,0.0375593734001976,1.0,0.0,0.7653064020199587,0.2346935830926543
0.4613289760348584,0.2297111596549663,0.5666003578392187,0.2131008081667375,0.3076923076923077,1.0,0.8,0.1463414634146341,0.8931297709923665,0.5,0.8624113475177305,0.1737588652482269,0.4567901234567901,0.1153846153846154,0.34953618825243526,0.8298495089666762,0.0,1.0,1.0,0.0,0.0,1.0,1.0,0.0,1.0,0.0,1.0,0.0,0.0,1.0,1.0,0.0,0.5115029014886583,0.4884971009861656,0.0830388610946948,0.5777385147243796,0.2102473620969622,0.1289752624363319,0.1553571485721876,0.7642857108114309,0.0285714276191169,0.0517857127220585,0.8621908295088874,0.0883392155704834,0.0194346239521095,0.0300353301369091,0.9344973672267067,0.06550263254678479,1.0,0.0,0.0,0.0,1.0,0.0,0.0,0.3180099543560432,0.6819900461331388,0.0,1.0,0.9952689864460025,0.004731011930136142,0.0,1.0,0.6263948942875632,0.34249607587084396,0.0032826747361998088,0.02782627373841151,0.8215767523983535,0.1784232483346182,0.7653072885895638,0.2346926510911738
0.2303921568627451,0.2742543709290367,0.2888888888888888,0.100382815823054,0.6923076923076923,0.3,0.2,0.3805332201920075,0.8396946564885495,0.0451612903225806,0.4702671267056441,0.6241134751773048,0.5925925925925926,0.2403846153846152,0.8990147783251231,0.1400502209937417,0.0,1.0,0.0,1.0,1.0,0.0,0.0,1.0,0.3811126276841912,0.6188873724662509,1.0,0.0,0.0,1.0,1.0,0.0,1.0,0.0,0.0,0.0,1.0,0.0,0.0,1.0,0.0,0.0,1.0,0.0,0.0,0.0,1.0,0.0,1.0,0.0,0.0,0.0,0.0,1.0,0.0,0.0,1.0,0.9418140102490193,0.058185958216556144,1.0,0.0,0.0,1.0,0.615023141433392,0.3427229823060604,0.0046959122798162,0.0375579630754421,0.8215770098166733,0.1784229772160767,0.7653061626078749,0.2346938352530772
0.4515250544662309,0.215632499142955,0.5851851851851853,0.2194810718843045,0.28314936856533723,0.8814345348859243,0.6440249697500172,0.5474199078049001,0.8396946564885495,0.5612903225806452,0.797163120567376,0.2624113475177305,0.3703703703703702,0.1923076923076923,0.48821603032716043,0.24444013475560739,0.0,1.0,0.6919504592476601,0.30804954101262183,1.0,0.0,1.0,0.0,0.38111262812015934,0.6188873719857397,1.0,0.0,0.0,1.0,0.5038639980144035,0.4961360012984457,0.0,1.0,0.0,0.0,1.0,0.0,0.0,1.0,0.0,0.0,1.0,0.0,0.0,0.0,0.0,1.0,0.0,0.0,1.0,0.0,1.0,0.0,0.0,1.0,0.0,0.9418140393780358,0.05818595244665481,1.0,0.0,1.0,0.0,0.6150230495341432,0.3427229196338579,0.0046947634641603,0.0375593083155952,0.8215767252064738,0.1784232768088358,0.7653063744947892,0.2346936121387273
0.45705752614391304,0.2543709290366814,0.6111111111111112,0.2556358996171842,0.4615384615384616,0.8,0.7000000000000001,0.5134979097235257,0.8931297709923665,0.5048905274726236,0.904964539007092,0.4645390070921982,0.6666666666666665,0.1923076923076923,0.6773399014778325,0.1768395163522982,0.0,1.0,1.0,0.0,1.0,0.0,0.9509493489143762,0.04905065206715531,0.0,1.0,0.7064524761943385,0.2935475230530832,0.0,1.0,1.0,0.0,0.0,1.0,0.0,0.0,1.0,0.0,1.0,0.0,0.0,0.0,1.0,0.0,0.0,0.0,1.0,0.0,1.0,0.0,0.0,0.0,1.0,0.0,0.0,0.0,1.0,1.0,0.0,1.0,0.0,0.0,1.0,0.0,1.0,0.0,0.0,1.0,0.0,0.7664222128829298,0.23357778247011662
0.5713507625272332,0.2883099074391497,0.6666666666666667,0.3109315185027648,0.3076923076923077,0.6000000000000001,0.5,0.3617317084369897,0.8165471956731793,0.461290322580645,0.4794326241134752,0.3510638297872339,0.5679012345679013,0.2115384615384614,0.3423645320197044,0.084866277955907,0.4757439365993098,0.5242560637371512,1.0,0.0,1.0,0.0,1.0,0.0,0.0,1.0,1.0,0.0,0.42225608761515643,0.5777439129194198,0.5038639956364213,0.49613600394162327,1.0,0.0,0.047223828393848866,0.615082036838899,0.21862655627573135,0.11906757763269316,0.0,1.0,0.0,0.0,1.0,0.0,0.0,0.0,1.0,0.0,0.0,0.0,1.0,0.0,1.0,0.0,0.0,0.0,1.0,1.0,0.0,1.0,0.0,1.0,0.0,0.0,1.0,0.0,0.0,0.8215767633271858,0.1784232366781335,0.7653062709886278,0.2346937211906662
0.619281045751634,0.4490915323962975,0.6814814814814816,0.4257762654189706,0.3076923076923077,0.7000000000000001,0.6000000000000001,0.7073170731707318,0.725190839694656,0.4064516129032258,0.846808510638298,0.4539007092198581,0.6666666666666665,0.1556674321772313,0.4679802955665024,0.1216555733144635,0.0,1.0,1.0,0.0,1.0,0.0,1.0,0.0,0.0,1.0,1.0,0.0,0.0,1.0,0.5038640017765914,0.49613599743566117,0.0,1.0,0.0,1.0,0.0,0.0,0.0,1.0,0.0,0.0,1.0,0.0,0.0,0.0,1.0,0.0,0.0,1.0,0.0,0.0,1.0,0.0,0.0,1.0,0.0,1.0,0.0,1.0,0.0,0.0,1.0,0.6150260213675615,0.3427205002468284,0.0047059883083506,0.0375471139205517,0.8215768260006342,0.1784231706893221,0.7664222034382433,0.233577794227239
0.2037037037037037,0.2564278368186493,0.3740740740740741,0.1322841344108889,0.3846153846153846,0.5,0.5,0.3680037984050753,0.7709923664122136,0.3935483870967742,0.5020782864633491,0.2446808510638294,0.3950617283950617,0.1442307692307691,0.4802955665024631,0.1170569113946439,0.0,1.0,0.0,1.0,1.0,0.0,1.0,0.0,0.0,1.0,1.0,0.0,0.0,1.0,1.0,0.0,1.0,0.0,0.0,0.0,0.0,1.0,0.0,1.0,0.0,0.0,0.0,1.0,0.0,0.0,1.0,0.0,1.0,0.0,0.0,0.0,1.0,0.0,0.0,0.0,1.0,0.9418140285771339,0.0581859519822725,1.0,0.0,1.0,0.0,0.6150229976278283,0.3427228815684446,0.00469530453773,0.0375588488680778,0.821576584534618,0.1784234249035454,0.7653063471229785,0.2346936410674139
0.6917211328976035,0.6506684950291394,0.8296296296296297,0.7341556784347085,0.5384615384615385,0.8,0.6000000000000001,0.91869918699187,0.7938931297709919,0.6967741935483871,0.8992125345571162,0.5592289775935022,0.679012345679012,0.3173076923076923,0.4960178024201828,0.3988398415799189,0.0,1.0,1.0,0.0,1.0,0.0,1.0,0.0,1.0,0.0,1.0,0.0,1.0,0.0,1.0,0.0,0.0,1.0,0.0830388659062856,0.5777385091085208,0.2102473529656936,0.1289752725796977,0.1553571301742915,0.7642857133870747,0.0285714494733176,0.0517857074790304,0.8621908100672924,0.088339226613929,0.0194346087174133,0.0300353551274016,1.0,0.0,1.0,0.0,0.0,0.0,1.0,0.0,0.0,1.0,0.0,1.0,0.0,1.0,0.0,0.0,1.0,0.6150231530881705,0.3427231239049886,0.0046948161768591,0.0375589269621267,1.0,0.0,0.7653062034980819,0.2346937921237063
0.1742919389978213,0.2386013027082618,0.3777777777777777,0.1280306252658443,0.4615384615384616,0.6000000000000001,0.5,0.5934959349593496,0.7557251908396942,0.3870967741935484,0.824238631326772,0.3581560283687941,0.5185185185185184,0.125,0.7635467980295566,0.307344447212354,0.0,1.0,1.0,0.0,1.0,0.0,0.0,1.0,0.0,1.0,1.0,0.0,0.0,1.0,1.0,0.0,0.0,1.0,0.0,0.0,1.0,0.0,1.0,0.0,0.0,0.0,0.9020563563490412,0.08271413312100562,0.0057048798679191215,0.009524710800669856,1.0,0.0,0.0,0.0,1.0,0.0,0.7058823376776255,0.2445820509214479,0.04953561227360015,0.0,1.0,1.0,0.0,0.9952689451342577,0.004731055396418271,0.0,1.0,0.6150236640982647,0.3427230742240373,0.0046947063374602,0.037558540054734,0.8216936320493484,0.17830635524777416,0.7653062143376612,0.234693780597746
0.601851851851852,0.2567706547823105,0.5814814814814815,0.2396852403232666,0.0769230769230769,0.6000000000000001,0.7000000000000001,0.52811471985488,0.9236641221374042,0.4290322580645161,0.9120567375886524,0.2340425531914893,0.4938271604938269,0.1730769230769231,0.4458128078817733,0.8206521851270371,1.0,0.0,0.0,1.0,1.0,0.0,0.0,1.0,0.0,1.0,0.0,1.0,0.0,1.0,1.0,0.0,0.0,1.0,0.04722381813411214,0.6150820443579477,0.21862657052798395,0.11906757013576108,0.0,1.0,0.0,0.0,0.9020564048664775,0.08271413627580182,0.005704875189405989,0.009524697571766438,1.0,0.0,0.0,1.0,0.0,0.0,0.0,1.0,0.0,0.0,1.0,1.0,0.0,1.0,0.0,1.0,0.0,0.615023853291659,0.342722802436108,0.0046945184552791,0.0375588147721914,0.8215770693650635,0.1784229145662561,0.7653061366352036,0.2346938626468553
0.3115468409586057,0.228316763798423,0.5407407407407407,0.2024670353041258,0.7692307692307694,0.3,0.3,0.4146066635603546,1.0,0.1838709677419355,0.6212765957446807,0.1631205673758864,0.4074074074074074,0.1826923076923077,0.1822660098522167,0.3147993739468852,1.0,0.0,0.0,1.0,0.7131537488530857,0.2868462498067542,0.0,1.0,0.0,1.0,1.0,0.0,0.0,1.0,1.0,0.0,1.0,0.0,0.0,1.0,0.0,0.0,1.0,0.0,0.0,0.0,0.9020563240049635,0.08271412796257804,0.005704874019895945,0.00952473318185798,0.0,1.0,0.7380528113022673,0.11135703940419217,0.1505483570544992,4.3760283376381715e-05,1.0,0.0,0.0,0.31800996151834016,0.6819900385709889,1.0,0.0,1.0,0.0,0.0,1.0,0.6150233340969189,0.3427228080095691,0.0046943705709903,0.0375595220465957,0.8215770500487203,0.1784229348973947,0.7653061569971783,0.2346938410293796
0.4253812636165577,0.2371810212023753,0.5417876940710628,0.2024670353041258,0.6153846153846154,0.7967616736163013,0.7961999780798713,0.2682926829268293,0.6946564885496183,0.3354838709677419,0.8567375886524821,0.2907801418439717,0.5185185185185184,0.1730769230769231,0.768472906403941,0.0710702921964483,0.0,1.0,1.0,0.0,1.0,0.0,1.0,0.0,1.0,0.0,0.0,1.0,0.0,1.0,1.0,0.0,0.0,1.0,1.0,0.0,0.0,0.0,0.16293173681290174,0.8041675898179734,0.006151457866377608,0.026749187588700263,1.0,0.0,0.0,0.0,1.0,0.0,0.0,0.0,1.0,0.0,0.0,0.0,1.0,0.0,1.0,0.0,1.0,1.0,0.0,0.0,1.0,1.0,0.0,0.0,0.0,0.8216936120133969,0.17830639264601833,0.7653061955307867,0.2346938010975793
0.8442265795206972,0.4182379156667809,0.7777777777777779,0.4895789025946406,0.2847896669936943,0.5,0.4,0.5950446241332007,0.7862595419847329,0.5903225806451612,0.8482269503546099,0.2624113475177305,0.4567901234567901,0.4230769230769229,0.1822660098522167,0.8896321139243305,1.0,0.0,0.0,1.0,0.7131537558889591,0.2868462424420596,0.0,1.0,0.0,1.0,1.0,0.0,0.0,1.0,1.0,0.0,0.0,1.0,0.0,0.0,1.0,0.0,1.0,0.0,0.0,0.0,0.0,1.0,0.0,0.0,1.0,0.0,0.0,1.0,0.0,0.0,1.0,0.0,0.0,0.0,1.0,1.0,0.0,1.0,0.0,0.0,1.0,0.6150232364032808,0.3427228003160057,0.0046949476108084,0.0375590435699875,0.8215769714388134,0.1784230176611972,1.0,0.0
0.4673202614379085,0.3308193349331505,0.5777777777777778,0.2769034453424074,0.2307692307692307,0.416734162920963,0.4,0.4308943089430894,0.7099236641221376,0.3101267454826005,0.5219858156028369,0.4432624113475176,0.6666666666666665,0.1730769230769231,0.4236453201970444,0.2182274736306743,0.0,1.0,1.0,0.0,1.0,0.0,1.0,0.0,0.0,1.0,1.0,0.0,0.42225609700033606,0.5777439030206724,1.0,0.0,1.0,0.0,0.0,1.0,0.0,0.0,1.0,0.0,0.0,0.0,0.0,1.0,0.0,0.0,1.0,0.0,1.0,0.0,0.0,0.0,1.0,0.0,0.0,0.0,1.0,1.0,0.0,1.0,0.0,0.0,1.0,0.6263950792521568,0.34249608044025404,0.003282845676215951,0.02782603633100411,1.0,0.0,0.7653071972003141,0.2346927470278044
0.4389978213507626,0.2176894069249228,0.6592592592592592,0.2620161633347512,0.5384615384615385,0.8,0.7000000000000001,0.4734208103902192,0.8562130154421898,0.3935483870967742,0.7489361702127658,0.3617021276595742,0.5061728395061729,0.2403846153846152,0.2610837438423645,0.3094888162607935,0.0,1.0,1.0,0.0,1.0,0.0,1.0,0.0,0.0,1.0,1.0,0.0,0.0,1.0,1.0,0.0,0.0,1.0,0.0,0.0,1.0,0.0,0.0,1.0,0.0,0.0,1.0,0.0,0.0,0.0,1.0,0.0,1.0,0.0,0.0,0.0,0.7058823430110635,0.24458205070146655,0.04953560678005553,0.0,1.0,1.0,0.0,1.0,0.0,0.5718518452546664,0.4281481550924262,0.6150234292711751,0.3427229691370729,0.0046954291266105,0.0375581615683422,0.8215766875253983,0.1784233164396068,0.7653062520123419,0.2346937411333888
0.2554466230936819,0.2303736715803908,0.3888888888888889,0.1301573798383666,0.1538461538461538,0.5732471837003495,0.5,0.3619273637400169,0.8091603053435112,0.3838709677419354,0.5645390070921985,0.3262411347517728,0.2962962962962963,0.3846153846153846,0.5788177339901478,0.0756689541162678,1.0,0.0,0.6919504572969426,0.3080495430739062,1.0,0.0,1.0,0.0,0.0,1.0,1.0,0.0,0.0,1.0,1.0,0.0,1.0,0.0,0.047223820462528265,0.6150820420231344,0.21862655982668422,0.11906757738126739,0.0,1.0,0.0,0.0,1.0,0.0,0.0,0.0,1.0,0.0,1.0,0.0,0.0,0.0,0.0,1.0,0.0,1.0,0.0,1.0,0.0,1.0,0.0,0.0,1.0,0.6263950644597072,0.3424960751279261,0.0032832583754311973,0.02782563807420302,0.8216936348766476,0.1783063661931099,0.7664222110955324,0.23357778996235623
0.3877995642701525,0.2338018512170038,0.5555555555555556,0.2131008081667375,0.2307692307692307,0.8,0.6000000000000001,0.40978713352603435,0.7404580152671754,0.3387096774193548,0.8258361685292611,0.2021276595744681,0.4938271604938269,0.0480769230769231,0.3620689655172414,0.1628375726396833,1.0,0.0,1.0,0.0,0.0,1.0,1.0,0.0,1.0,0.0,1.0,0.0,1.0,0.0,1.0,0.0,0.0,1.0,0.0830388715399322,0.577738505730726,0.2102473544498604,0.1289752685244892,0.1553571202772778,0.7642857132177544,0.0285714441471757,0.0517857238343247,0.8621908010678129,0.0883392286578313,0.0194346209886678,0.0300353501065697,1.0,0.0,1.0,0.0,0.0,0.0,1.0,0.0,0.0,0.0,1.0,0.0,1.0,1.0,0.0,0.0,1.0,0.0,1.0,0.0,0.0,0.8215769688470963,0.1784230203018342,0.7653061232711464,0.2346938765776383
0.5234204793028322,0.2423723003085361,0.6444444444444444,0.2683964270523181,0.2307692307692307,0.610961463829297,0.395136747857308,0.5121951219512195,0.900763358778626,0.3774193548387097,0.7063933946575408,0.5531914893617018,0.706430540071084,0.1634615384615385,0.6133004926108374,0.3698889497562098,0.0,1.0,1.0,0.0,1.0,0.0,0.0,1.0,1.0,0.0,1.0,0.0,0.0,1.0,1.0,0.0,0.5115029160144058,0.4884970856693971,0.0,0.0,1.0,0.0,0.0,0.0,0.0,1.0,1.0,0.0,0.0,0.0,0.934497352765762,0.06550264760623659,0.7230113214734741,0.1178977332429578,0.1576704553464816,0.0014204929988695,0.0,1.0,0.0,1.0,0.0,1.0,0.0,1.0,0.0,0.5772971681706194,0.4227028319762395,1.0,0.0,0.0,0.0,0.8215769621471065,0.1784230273957757,0.7653061784862815,0.2346938186077429
0.2881263616557734,0.2070620500514226,0.3851851851851852,0.1173968524032326,0.31293138454771463,1.0,1.024945659408675,0.6915374511320753,0.8473282442748089,0.4952930280497495,0.8966961439218433,0.2411347517730493,0.4814814814814814,0.1538461538461539,0.5550938727080171,0.32287385762318005,1.0,0.0,0.0,1.0,0.0,1.0,1.0,0.0,0.38111264553144486,0.6188873537617571,0.0,1.0,0.0,1.0,1.0,0.0,0.0,1.0,0.0830388814565363,0.5777384900011174,0.2102473711614985,0.1289752572138567,0.1553571247343244,0.7642857035404483,0.0285714360756401,0.0517857375171045,0.8621908069674923,0.0883392422759326,0.0194346258525749,0.0300353244371653,1.0,0.0,0.0,1.0,0.0,0.0,0.0,0.0,1.0,0.0,1.0,0.9418139971111615,0.05818598820715237,1.0,0.0,0.0,1.0,1.0,0.0,0.0,0.0,0.8215769410311815,0.1784230496399548,0.7653060090685504,0.2346939968301664
0.678649237472767,0.392869386355845,0.8,0.48275125940310926,0.3076923076923077,0.9,0.8,0.5121951219512195,0.8244274809160306,0.3774193548387097,0.8127659574468086,0.3439716312056735,0.6049382716049381,0.125,0.3694581280788177,0.23957241816428815,0.0,1.0,0.6919504638818024,0.3080495361450014,1.0,0.0,1.0,0.0,1.0,0.0,0.0,1.0,0.0,1.0,1.0,0.0,0.5115029152693955,0.4884970864349688,0.0,0.0,1.0,0.0,0.0,1.0,0.0,0.0,1.0,0.0,0.0,0.0,1.0,0.0,1.0,0.0,0.0,0.0,1.0,0.0,0.0,0.0,1.0,1.0,0.0,1.0,0.0,0.5718518512605892,0.4281481487692298,0.6150235912777647,0.3427229833173412,0.0046948962067945,0.0375585188591333,1.0,0.0,0.7653062687714419,0.2346937235116771
0.6770152505446624,0.3712718546451834,0.7703703703703704,0.4470438111441939,0.4615384615384616,0.9,0.6640221171832497,0.4870817501212257,0.778625954198473,0.4451612903225805,0.8936170212765958,0.354609929078014,0.6543209876543208,0.1442307692307691,0.4064039408866995,0.27976121817322286,1.0,0.0,1.0,0.0,0.7131537204063595,0.2868462797764185,1.0,0.0,1.0,0.0,1.0,0.0,0.0,1.0,1.0,0.0,0.0,1.0,0.0,0.0,1.0,0.0,0.0,1.0,0.0,0.0,1.0,0.0,0.0,0.0,1.0,0.0,1.0,0.0,0.0,0.0,0.0,0.0,1.0,1.0,0.0,1.0,0.0,0.9952689657361078,0.004731033714672206,0.0,1.0,0.6263950902949479,0.34249608396713294,0.0032833562558753915,0.027825523467376434,1.0,0.0,0.7653069895530187,0.2346929655525113
0.394880174291939,0.2365443949262941,0.5666666666666667,0.2205444491705656,0.2307692307692307,0.8,0.9,0.461324313053237,0.8091603053435112,0.5322580645161291,0.7475177304964539,0.3510638297872339,0.4320987654320987,0.1923076923076923,0.6625615763546798,0.14689636969908992,0.0,1.0,0.0,1.0,0.7131537098946422,0.28684629086147906,1.0,0.0,0.0,1.0,0.0,1.0,0.0,1.0,1.0,0.0,0.5115029149071157,0.4884970868281998,0.0,1.0,0.0,0.0,0.0,1.0,0.0,0.0,0.90205629479096,0.08271412314952964,0.005704878394727109,0.009524711678737141,0.9344973507114928,0.06550264994384847,0.7380750975896373,0.11135702684137705,0.15054836156797358,1.9828448757919226e-05,0.7058823457512393,0.24458204838135789,0.049535606231182694,1.0,0.0,1.0,0.0,0.995268946147077,0.0047310543403564775,0.0,1.0,0.6150230764491044,0.3427229457848286,0.0046948430235059,0.0375591696866833,0.8215766805432132,0.1784233237947994,0.7653062429884696,0.2346937506240877
0.5364923747276689,0.2461432979088104,0.6370370370370371,0.2662696724797958,0.5384615384615385,0.8061827407226141,0.8725607305129078,0.3658536585365853,0.7557251908396942,0.5806451612903226,0.706422823447615,0.3945841929876532,0.6172839506172838,0.1153846153846154,0.7241379310344828,0.20728252845638317,0.0,1.0,1.0,0.0,0.0,1.0,1.0,0.0,0.0,1.0,0.0,1.0,0.0,1.0,1.0,0.0,0.5115029301348233,0.48849707072422177,0.0,0.0,1.0,0.0,0.0,1.0,0.0,0.0,1.0,0.0,0.0,0.0,1.0,0.0,1.0,0.0,0.0,0.0,0.0,1.0,0.0,0.0,1.0,1.0,0.0,1.0,0.0,1.0,0.0,0.6150235904211907,0.3427230902070471,0.0046955601789608,0.0375577255041577,0.8215768448059058,0.1784231509977226,0.7653062309909492,0.2346937627696953
0.789005944729533,0.6468710644238651,0.8666666666666667,0.7235219055720968,0.4615384615384616,0.8,0.6000000000000001,0.41587499170023334,0.7862595419847329,0.3967741935483871,0.6299794147340315,0.2659574468085104,0.4320987654320987,0.1634615384615385,0.3497536945812808,0.3193980358667047,1.0,0.0,1.0,0.0,1.0,0.0,1.0,0.0,1.0,0.0,1.0,0.0,0.4222560718961714,0.5777439295074032,1.0,0.0,1.0,0.0,0.0,1.0,0.0,0.0,0.0,1.0,0.0,0.0,1.0,0.0,0.0,0.0,1.0,0.0,1.0,0.0,0.0,0.0,1.0,0.0,0.0,0.0,1.0,1.0,0.0,1.0,0.0,0.5718518470769824,0.4281481531745266,0.6150234801307048,0.342723032589306,0.0046949662824555,0.0375585147818858,0.8215767378431679,0.1784232634608455,0.7653061041192031,0.234693896747447
0.5043572984749456,0.2135755913609873,0.634074074074074,0.2450021267545724,0.30900896410263856,0.6000000000000001,0.4,0.4445489818604623,0.7840611370899696,0.5290322580645161,0.9078014184397164,0.5744680851063828,0.8148148148148147,0.1346153846153845,0.4926108374384236,0.126254235234283,0.0,1.0,1.0,0.0,1.0,0.0,1.0,0.0,0.0,1.0,0.70645253452013,0.29354746144619537,1.0,0.0,1.0,0.0,0.0,1.0,0.0,0.0,1.0,0.0,0.16293175902514434,0.8041675773984086,0.006151266666114208,0.026749386436567768,1.0,0.0,0.0,0.0,1.0,0.0,0.738075957346886,0.11135702955992932,0.15054835863656013,1.8867738158623304e-05,0.0,1.0,0.0,1.0,0.0,0.0,1.0,1.0,0.0,0.5718518365670888,0.4281481642358644,0.6263950980570108,0.3424960821633971,0.0032825582623992045,0.027826318130727445,0.8215769660137737,0.1784230233621008,0.7653070684001783,0.2346928826266697
0.8229847494553377,0.587589989715461,0.8401503640075625,0.6644683515771055,0.3846153846153846,0.3,0.3,0.40269925651372107,0.7633587786259537,0.1387096774193548,0.6666666666666666,0.3262411347517728,0.6577633558680303,0.1057692307692308,0.1945812807881773,0.1630435305928395,0.0,1.0,1.0,0.0,1.0,0.0,1.0,0.0,0.0,1.0,1.0,0.0,1.0,0.0,1.0,0.0,1.0,0.0,0.0,0.0,0.0,1.0,0.0,1.0,0.0,0.0,0.9020562856522738,0.08271413426739671,0.005704841331924504,0.009524732050723461,1.0,0.0,1.0,0.0,0.0,0.0,1.0,0.0,0.0,0.0,1.0,1.0,0.0,1.0,0.0,0.5772971680659378,0.42270283212004767,1.0,0.0,0.0,0.0,0.8216936299601983,0.17830637475030708,0.7653063008155797,0.2346936897374982
0.4825708061002178,0.2505999314364072,0.6148148148148149,0.2556358996171842,0.1538461538461538,0.8,0.5,0.5121951219512195,0.7557251908396942,0.6967741935483871,0.8737588652482268,0.4964539007092194,0.8024691358024689,0.1634615384615385,0.6231527093596059,0.0388796587577113,0.0,1.0,1.0,0.0,1.0,0.0,1.0,0.0,1.0,0.0,1.0,0.0,0.0,1.0,0.0,1.0,0.0,1.0,0.0,0.0,1.0,0.0,0.0,1.0,0.0,0.0,1.0,0.0,0.0,0.0,1.0,0.0,1.0,0.0,0.0,0.0,0.0,1.0,0.0,1.0,0.0,1.0,0.0,1.0,0.0,0.0,1.0,0.0,1.0,0.0,0.0,1.0,0.0,0.7653060496172306,0.2346939542796067
0.3224400871459695,0.1748371614672608,0.4814814814814815,0.1492981709910676,0.2307692307692307,0.7000000000000001,0.8,0.5121951219512195,0.7709923664122136,0.4352962907560785,0.8354609929078013,0.5212765957446805,0.6172839506172838,0.25,0.5738916256157636,0.0388796587577113,0.475743927313541,0.5242560735209651,1.0,0.0,1.0,0.0,1.0,0.0,0.0,1.0,1.0,0.0,0.0,1.0,1.0,0.0,1.0,0.0,0.0,0.0,1.0,0.0,0.0,1.0,0.0,0.0,1.0,0.0,0.0,0.0,1.0,0.0,1.0,0.0,0.0,0.0,0.0,1.0,0.0,0.0,1.0,0.9369676386683168,0.0630323609751053,1.0,0.0,0.0,1.0,0.6263951855533352,0.34249607756159994,0.0032821673745151436,0.027826684786657507,0.8215768207322072,0.1784231762033489,0.7653062006294468,0.2346937951960576
0.477124183006536,0.2581419266369558,0.5645173668272743,0.2556358996171842,0.2307692307692307,0.7675663897970447,0.8911666697385446,0.45122922289403566,0.9236641221374042,0.3193548387096774,0.7213540267241036,0.2695035460992905,0.5432098765432098,0.1826923076923077,0.2881773399014778,0.1768395163522982,1.0,0.0,0.6919504692281899,0.3080495305387655,0.0,1.0,1.0,0.0,0.0,1.0,0.7064523947575516,0.293547609268754,0.0,1.0,1.0,0.0,0.5115029251252542,0.48849707609029824,0.04722383010142461,0.6150820358890483,0.2186265611439977,0.11906757213983432,0.0,1.0,0.0,0.0,1.0,0.0,0.0,0.0,1.0,0.0,1.0,0.0,0.0,0.0,0.0,1.0,0.0,0.31800995821517264,0.6819900420837195,0.936967621989898,0.0630323785163845,1.0,0.0,0.0,1.0,1.0,0.0,0.0,0.0,1.0,0.0,0.7653060929288001,0.2346939080899096
0.6492374727668846,0.2752828248200205,0.7662997802746752,0.3843045512547852,0.2307692307692307,0.9,0.9555589825374208,0.5121951219512195,0.7902889480246709,0.5451612903225806,0.7475177304964539,0.4609929078014183,0.6296296296296295,0.2019230769230768,0.5147783251231527,0.1124582494748243,0.0,1.0,1.0,0.0,0.0,1.0,1.0,0.0,0.0,1.0,0.0,1.0,0.0,1.0,1.0,0.0,0.0,1.0,0.0830388644515573,0.5777385110472383,0.2102473607570136,0.1289752640988125,0.1553571451621127,0.7642857169307042,0.0285714284303569,0.051785709142887,0.8621908255283766,0.0883392199859511,0.019434631903073,0.0300353216140513,1.0,0.0,1.0,0.0,0.0,0.0,0.705882348195963,0.2445820476724897,0.0495356042399937,0.0,1.0,0.936967637379395,0.063032362334194,1.0,0.0,0.5772971695058959,0.422702830595196,0.6150235200996936,0.342723085537561,0.0046950216595639,0.037558359305581,1.0,0.0,0.7653061228694179,0.234693877095413
0.4727668845315904,0.3006513541309564,0.5844444444444445,0.2614844746916206,0.2307692307692307,0.2,0.2,0.1382113821138211,0.6946564885496183,0.1870967741935484,0.6198581560283688,0.531914893617021,0.8148148148148147,0.1442307692307691,0.4426265028136559,0.0434783206775309,0.0,1.0,1.0,0.0,1.0,0.0,1.0,0.0,0.0,1.0,1.0,0.0,1.0,0.0,0.0,1.0,1.0,0.0,0.0,1.0,0.0,0.0,0.0,1.0,0.0,0.0,1.0,0.0,0.0,0.0,0.9344973794904335,0.06550261960881076,1.0,0.0,0.0,0.0,0.0,1.0,0.0,0.0,1.0,0.9418140565852132,0.05818595452220676,1.0,0.0,0.0,1.0,0.6150234469946245,0.3427229746806804,0.0046953601196644,0.0375582083259815,1.0,0.0,0.7653061959861658,0.2346938002551966
0.6252723311546842,0.7339732601988344,0.7777777777777779,0.7341556784347085,0.5384615384615385,0.9,0.90483298542713,0.6620642308004021,0.8473282442748089,0.6269553989399603,0.7489361702127658,0.3510638297872339,0.5308641975308641,0.221153846153846,0.4876847290640393,0.9402173950423456,0.4757439416743151,0.5242560584395011,1.0,0.0,1.0,0.0,1.0,0.0,0.381112644395623,0.6188873549767165,0.0,1.0,0.0,1.0,1.0,0.0,0.0,1.0,0.04722382294991234,0.6150820334329101,0.21862656695787952,0.11906757862472783,0.0,1.0,0.0,0.0,1.0,0.0,0.0,0.0,0.9344973679370947,0.06550263181773497,1.0,0.0,0.0,0.0,0.0,1.0,0.0,0.3180099580548138,0.6819900422082832,0.9369676150815968,0.0630323858127654,1.0,0.0,0.0,1.0,0.0,1.0,0.0,0.0,1.0,0.0,0.7664222021150533,0.23357780081514545
0.4945533769063181,0.3366472403153925,0.6666666666666667,0.3417694598043386,0.2307692307692307,0.8,0.6000000000000001,0.4843968476135646,0.8413500537471692,0.6064516129032258,0.8226950354609929,0.4219858156028366,0.679012345679012,0.125,0.4630541871921182,0.1492475448333808,0.0,1.0,0.0,1.0,1.0,0.0,1.0,0.0,0.0,1.0,0.7064524955895257,0.2935475026156148,0.0,1.0,0.0,1.0,0.0,1.0,0.047223820791809645,0.6150820398950497,0.21862656652464008,0.11906757287922953,0.0,1.0,0.0,0.0,1.0,0.0,0.0,0.0,1.0,0.0,1.0,0.0,0.0,0.0,0.0,1.0,0.0,0.0,1.0,0.93696763718498,0.0630323625400907,1.0,0.0,0.0,1.0,0.6150231658923047,0.3427228948141523,0.0046947480396782,0.037559224703397,0.8215766809594441,0.1784233233725808,0.7653060021471731,0.2346940042871089
0.7565359477124184,0.3496743229345218,0.7777777777777779,0.4364100382815822,0.2307692307692307,0.8,0.5,0.4308943089430894,0.8091603053435112,0.4258064516129032,0.832792438892064,0.354609929078014,0.6543209876543208,0.1538461538461539,0.4236453201970444,0.2872074024279678,1.0,0.0,1.0,0.0,0.0,1.0,1.0,0.0,1.0,0.0,1.0,0.0,1.0,0.0,0.0,1.0,0.0,1.0,0.0,1.0,0.0,0.0,0.0,1.0,0.0,0.0,1.0,0.0,0.0,0.0,0.9344973694215928,0.06550263023680081,1.0,0.0,0.0,0.0,0.0,1.0,0.0,0.0,1.0,0.0,1.0,1.0,0.0,0.0,1.0,1.0,0.0,0.0,0.0,0.8215768345565628,0.1784231617017989,0.7653060013391105,0.2346940050442283
0.5310457516339869,0.3654439492629413,0.6666666666666667,0.3598468736707783,0.2307692307692307,1.0,0.9540494069187816,0.5075953599718152,0.8091603053435112,0.4709677419354838,0.8482269503546099,0.3758865248226948,0.5802469135802468,0.125,0.4408866995073891,0.2458194451495917,1.0,0.0,1.0,0.0,0.0,1.0,1.0,0.0,1.0,0.0,0.0,1.0,0.0,1.0,1.0,0.0,0.0,1.0,0.0,0.0,1.0,0.0,0.0,1.0,0.0,0.0,1.0,0.0,0.0,0.0,1.0,0.0,1.0,0.0,0.0,0.0,0.0,1.0,0.0,0.0,1.0,0.9369676212716151,0.0630323792931122,1.0,0.0,0.0,1.0,0.6263950632702044,0.3424960876708385,0.0032827853600420065,0.02782608542568077,1.0,0.0,1.0,0.0
0.696078431372549,0.3455605073705862,0.8074074074074074,0.4576775840068056,0.2307692307692307,0.947810207172088,0.7507555848093317,0.6747967479674797,0.8625954198473282,0.435483870967742,0.8297872340425533,0.2411347517730493,0.4938271604938269,0.1288937701189438,0.3251231527093596,0.0480769825973504,1.0,0.0,0.691950465769763,0.3080495341606493,0.0,1.0,1.0,0.0,1.0,0.0,0.7064524576236335,0.293547542952612,0.4222560923779851,0.5777439080424644,1.0,0.0,0.0,1.0,0.0,0.0,0.0,1.0,0.0,1.0,0.0,0.0,1.0,0.0,0.0,0.0,1.0,0.0,1.0,0.0,0.0,0.0,0.0,1.0,0.0,0.0,1.0,0.0,1.0,1.0,0.0,0.0,1.0,0.0,1.0,0.0,0.0,1.0,0.0,1.0,0.0
0.593681917211329,0.4268083647583133,0.7703703703703704,0.4895789025946406,0.4615384615384616,0.9,0.5,0.6747967479674797,0.852712197301929,0.48569356041498,0.8865248226950354,0.3404255319148934,0.4814814814814814,0.24382244813757595,0.46203746782760896,0.3949370488782728,1.0,0.0,1.0,0.0,0.7131537379955131,0.28684626129575796,1.0,0.0,1.0,0.0,1.0,0.0,0.0,1.0,0.0,1.0,0.0,1.0,0.047223821080746964,0.615082027063452,0.21862657184572132,0.11906758014632168,1.0,0.0,0.0,0.0,1.0,0.0,0.0,0.0,0.9344973539219209,0.06550264653295235,1.0,0.0,0.0,0.0,0.7058823430730051,0.24458205200595928,0.04953560534386969,0.0,1.0,0.9369676119109972,0.0630323891421337,1.0,0.0,1.0,0.0,0.6150236093215427,0.3427230339657415,0.0046947730441929,0.0375585730174021,0.0,1.0,0.0,1.0
0.8398692810457516,0.3044223517312306,0.8888888888888888,0.4895789025946406,0.3076923076923077,0.6000000000000001,0.4,0.4594834333029051,0.7557251908396942,0.467741935483871,0.8368794326241135,0.4503546099290778,0.8641975308641974,0.0865384615384614,0.3226600985221675,0.0480769825973504,0.0,1.0,1.0,0.0,0.7131537362158189,0.2868462631411245,1.0,0.0,1.0,0.0,1.0,0.0,1.0,0.0,0.0,1.0,0.0,1.0,0.0830388686713629,0.5777385173993574,0.2102473515804135,0.1289752622719719,0.1553571365894849,0.7642857179024753,0.0285714279015466,0.0517857179321582,0.8621908173418698,0.0883392246155025,0.0194346293048534,0.0300353282375568,1.0,0.0,1.0,0.0,0.0,0.0,0.0,1.0,0.0,0.0,1.0,0.9369676192251531,0.0630323814425738,1.0,0.0,0.5772971627469964,0.422702837746309,1.0,0.0,0.0,0.0,1.0,0.0,0.7653060745048955,0.2346939279937744
0.567051066364336,0.3105930750771341,0.7259259259259259,0.3672905146746065,0.3076923076923077,0.7463789248412089,0.5,0.4308943089430894,0.7557251908396942,0.5225806451612903,0.8084576983412537,0.5141843971631206,0.6666666666666665,0.1634615384615385,0.6551724137931034,0.0572743064369896,0.0,1.0,0.6919504685653182,0.3080495312163374,1.0,0.0,1.0,0.0,1.0,0.0,1.0,0.0,1.0,0.0,1.0,0.0,0.0,1.0,0.0,0.0,0.0,1.0,0.0,1.0,0.0,0.0,1.0,0.0,0.0,0.0,1.0,0.0,1.0,0.0,0.0,0.0,1.0,0.0,0.0,0.0,1.0,0.9369675771003376,0.0630324257882564,1.0,0.0,0.0,1.0,0.6263950848097083,0.34249608613774263,0.0032838128979965076,0.027825071996432027,1.0,0.0,0.765307289328612,0.2346926500367739
0.9733115468409588,0.3383613301336989,0.9037037037037036,0.5342407486176095,0.2307692307692307,0.2,0.2,0.5934959349593496,0.7862595419847329,0.2129032258064516,0.6553191489361702,0.531914893617021,0.8641975308641974,0.2019230769230768,0.2684729064039409,0.05267564451717,0.0,1.0,1.0,0.0,1.0,0.0,1.0,0.0,0.0,1.0,1.0,0.0,1.0,0.0,0.0,1.0,1.0,0.0,0.0830388702697885,0.5777385254848686,0.210247341151497,0.1289752627343274,0.1553571349921327,0.7642857169519888,0.0285714293603194,0.0517857191759555,0.8621908092239515,0.0883392198961297,0.0194346164206569,0.0300353552238926,1.0,0.0,1.0,0.0,0.0,0.0,0.0,1.0,0.0,0.0,1.0,0.9369676325094898,0.063032367465405,1.0,0.0,1.0,0.0,0.6263951616378863,0.34249608653652375,0.003282546819561305,0.027826305040147714,1.0,0.0,0.0,1.0
0.9194478036999888,0.968362301258046,0.9000000000000001,1.0,0.3846153846153846,0.4,0.4,0.7560975609756098,0.7404580152671754,0.1580645161290322,0.4425531914893617,0.4822695035460993,0.7160493827160492,0.3269230769230768,0.4901477832512315,0.0388796587577113,0.0,1.0,1.0,0.0,0.0,1.0,1.0,0.0,0.0,1.0,1.0,0.0,0.0,1.0,0.0,1.0,1.0,0.0,0.0830388644830205,0.5777385183345879,0.2102473353516024,0.1289752824882918,0.1553571281143871,0.7642857187033993,0.028571438290308,0.0517857155916967,0.9020562474279445,0.08271412838664804,0.005704875932872833,0.009524730754541744,1.0,0.0,0.0,0.0,1.0,0.0,1.0,0.0,0.0,1.0,0.0,0.9369676332165084,0.0630323667240175,1.0,0.0,0.0,1.0,1.0,0.0,0.0,0.0,0.0,1.0,0.7653058557735499,0.2346941581512079
0.5898692810457516,0.221460404525197,0.6444444444444444,0.26095278604849,0.2307692307692307,0.9,0.8885367091709526,0.3495934959349593,0.8015267175572518,0.2709677419354839,0.6638297872340425,0.51063829787234,0.6716867206261715,0.1849667985936444,0.5763546798029556,0.2964047262676069,0.4761235939752739,0.5238764061005581,1.0,0.0,0.0,1.0,1.0,0.0,1.0,0.0,0.0,1.0,0.0,1.0,1.0,0.0,1.0,0.0,0.0830388684166559,0.5777385117652745,0.2102473599013659,0.1289752599278254,0.1553571463644364,0.7642857165701964,0.0285714152003006,0.0517857218072996,0.8621908077482259,0.0883392212297469,0.0194346304799645,0.0300353409934921,1.0,0.0,1.0,0.0,0.0,0.0,1.0,0.0,0.0,0.0,1.0,1.0,0.0,0.9952689751755962,0.004731023761988973,0.5772971728039996,0.42270282710036877,0.6150235759008368,0.34272298605768,0.0046948966238573,0.0375585319271565,1.0,0.0,1.0,0.0
0.6176470588235294,0.4778882413438463,0.7718518518518518,0.5299872394725648,0.2307692307692307,0.6088368680825796,0.5,0.3495934959349593,0.8625954198473282,0.3368046010943195,0.6865248226950355,0.2765957446808511,0.5061728395061729,0.125,0.3793103448275862,0.1216555733144635,1.0,0.0,1.0,0.0,1.0,0.0,1.0,0.0,0.0,1.0,1.0,0.0,1.0,0.0,0.0,1.0,0.0,1.0,0.04722382300700256,0.6150820392788767,0.21862655290833566,0.11906758496523884,0.0,1.0,0.0,0.0,0.9020562702375394,0.0827141283477919,0.0057049263906258085,0.009524674297017088,1.0,0.0,0.7380907783974672,0.11135703255139084,0.15054836301815122,2.967674951670496e-06,0.0,0.0,1.0,0.0,1.0,0.9418140443081404,0.05818595551976624,1.0,0.0,1.0,0.0,0.615023811786749,0.3427228413030977,0.0046948294824146,0.0375584987612647,0.8215767374592822,0.178423263872095,1.0,0.0
0.5724400871459695,0.24777674742855874,0.6037037037037037,0.2450021267545724,0.2307692307692307,0.8,0.5,0.5121951219512195,0.8015267175572518,0.3290322580645161,0.841769624818185,0.5,0.5308641975308641,0.2788461538461537,0.4802955665024631,0.0710702921964483,0.4757439370367246,0.5242560632771789,1.0,0.0,1.0,0.0,0.9509493696618695,0.049050630182199684,0.0,1.0,1.0,0.0,0.0,1.0,0.0,1.0,0.0,1.0,0.0,0.0,1.0,0.0,0.0,1.0,0.0,0.0,1.0,0.0,0.0,0.0,1.0,0.0,1.0,0.0,0.0,0.0,0.0,1.0,0.0,0.0,1.0,1.0,0.0,1.0,0.0,0.0,1.0,1.0,0.0,0.0,0.0,1.0,0.0,0.765305996511919,0.2346940102126106
0.6356209150326798,0.3092218032224889,0.6407407407407408,0.3066780093577201,0.2307692307692307,0.6000000000000001,0.6000000000000001,0.2682926829268293,0.8091603053435112,0.3806451612903226,0.8127659574468086,0.6737588652482267,0.8888888888888888,0.2115384615384614,0.4578687716402309,0.0342809968378918,1.0,0.0,1.0,0.0,0.0,1.0,1.0,0.0,1.0,0.0,0.706452451273343,0.29354754940296146,1.0,0.0,1.0,0.0,0.0,1.0,0.0830388615235089,0.5777385207364447,0.2102473559913127,0.1289752619510628,0.1553571392163031,0.764285711150044,0.028571439175653,0.0517857106459452,0.8621908078488697,0.0883392212884226,0.0194346139082381,0.0300353578304517,1.0,0.0,0.7380780767612691,0.11135703125590046,0.15054835546917855,1.6612836439722223e-05,1.0,0.0,0.0,1.0,0.0,1.0,0.0,0.9952689669643434,0.004731032443164973,1.0,0.0,0.0,1.0,0.0,0.0,0.821693635147179,0.1783063624911544,0.7653062089448825,0.2346937865599072
0.4553376906318083,0.2115186835790195,0.5037037037037038,0.1758826031475967,0.3076923076923077,0.7000000000000001,0.6364285089018963,0.5121951219512195,0.8320610687022896,0.3741935483870967,0.8024976773333972,0.3439716312056735,0.5432098765432098,0.17635730051609683,0.2364532019704433,0.2412207832297721,1.0,0.0,1.0,0.0,1.0,0.0,1.0,0.0,1.0,0.0,0.0,1.0,1.0,0.0,0.0,1.0,0.0,1.0,0.0830388709991213,0.5777385125630241,0.2102473612122305,0.1289752549562028,0.1553571400584144,0.7642857147691378,0.028571422581301,0.0517857229543874,0.8621908028169439,0.0883392303320308,0.019434643043532,0.0300353238119619,1.0,0.0,1.0,0.0,0.0,0.0,0.0,1.0,0.0,0.0,1.0,0.9418140109841551,0.058185981729066416,1.0,0.0,0.5772971637535178,0.4227028366762201,0.6150236229731914,0.3427231456405725,0.0046948058357989,0.0375584065805099,1.0,0.0,0.7653060516992571,0.2346939521447704
0.6971677559912854,0.4878299622900239,0.7555555555555555,0.5214802211824755,0.475514477826757,1.0605456469743724,1.0049349644713894,0.8373983739837398,0.8228440205490628,0.7225806451612903,0.7900709219858156,0.333333333333333,0.3086419753086418,0.3461538461538462,0.5496386543068289,0.4346451846760877,0.47574394384465046,0.5242560561085815,1.0,0.0,0.0,1.0,1.0,0.0,1.0,0.0,0.0,1.0,0.0,1.0,1.0,0.0,0.0,1.0,0.04722381800141473,0.6150820393154136,0.21862655727823688,0.119067586453516,0.0,1.0,0.0,0.0,1.0,0.0,0.0,0.0,1.0,0.0,1.0,0.0,0.0,0.0,0.0,0.0,1.0,0.3164005853689939,0.683599414376419,1.0,0.0,1.0,0.0,0.0,1.0,0.0,1.0,0.0,0.0,1.0,0.0,0.765306100375884,0.2346939007412944
0.6949891067538126,0.3513884127528281,0.7111111111111112,0.3848362398979157,0.2307692307692307,0.8,0.6000000000000001,0.4918257184130891,0.8585334217449361,0.2387096774193548,0.8539007092198582,0.5177304964539005,0.8271604938271604,0.125,0.2857142857142857,0.3193980358667047,0.0,1.0,1.0,0.0,1.0,0.0,1.0,0.0,0.0,1.0,1.0,0.0,0.0,1.0,0.0,1.0,0.0,1.0,0.0,0.0,1.0,0.0,0.0,1.0,0.0,0.0,1.0,0.0,0.0,0.0,1.0,0.0,1.0,0.0,0.0,0.0,0.0,1.0,0.0,0.3180099535436418,0.6819900469829239,0.9418140425248067,0.05818596346623128,0.9952689602355431,0.0047310394911950215,0.0,1.0,1.0,0.0,0.0,0.0,1.0,0.0,0.7653060202157748,0.2346939852745053
0.6693899782135077,0.36521835736979247,0.7185185185185186,0.4064867725170034,0.3076923076923077,0.7000000000000001,0.6000000000000001,0.42274445432583896,0.7862595419847329,0.5096774193548387,0.6851063829787233,0.5673758865248224,0.7450870985706382,0.1826923076923077,0.4236453201970444,0.0802676160360874,0.4757439371811556,0.5242560631343733,1.0,0.0,0.7131537146368596,0.28684628587261374,1.0,0.0,0.0,1.0,1.0,0.0,0.0,1.0,0.0,1.0,0.0,1.0,0.0,1.0,0.0,0.0,0.0,1.0,0.0,0.0,1.0,0.0,0.0,0.0,1.0,0.0,1.0,0.0,0.0,0.0,0.0,1.0,0.0,1.0,0.0,1.0,0.0,1.0,0.0,1.0,0.0,0.6150235075281099,0.3427231075019848,0.0046946301977376,0.0375587524622365,1.0,0.0,1.0,0.0
0.8649237472766885,0.4117243743572163,0.874074074074074,0.5746490854955337,0.3076923076923077,0.8,0.8253432831350519,0.4308943089430894,0.8273581922265371,0.3974255261995708,0.7418439716312056,0.333333333333333,0.6666666666666665,0.1346153846153845,0.3694581280788177,0.1681221066341479,1.0,0.0,1.0,0.0,0.7131537106936905,0.2868462900235914,1.0,0.0,0.0,1.0,0.0,1.0,0.0,1.0,0.5038639895415555,0.49613601031655163,0.0,1.0,0.0,0.0,1.0,0.0,0.0,1.0,0.0,0.0,1.0,0.0,0.0,0.0,1.0,0.0,0.0,0.0,1.0,0.0,0.0,1.0,0.0,0.31800996305037,0.6819900369424272,1.0,0.0,1.0,0.0,0.0,1.0,0.0,1.0,0.0,0.0,0.8216936418271141,0.1783063596768517,0.765306189533511,0.2346938068856888
0.5544662309368192,0.30778129310322866,0.7259259259259259,0.3610284788573619,0.2307692307692307,0.8,0.7000000000000001,0.3739837398373984,0.8625954198473282,0.4032258064516129,0.8279465262437111,0.531914893617021,0.7160493827160492,0.0865384615384614,0.4334975369458128,0.0710702921964483,0.0,1.0,1.0,0.0,1.0,0.0,1.0,0.0,1.0,0.0,0.0,1.0,0.4222560954105402,0.5777439046784576,0.0,1.0,0.0,1.0,0.0,0.0,1.0,0.0,0.0,1.0,0.0,0.0,1.0,0.0,0.0,0.0,1.0,0.0,0.0,1.0,0.0,0.0,0.0,1.0,0.0,0.3180099687729532,0.6819900309379985,1.0,0.0,1.0,0.0,0.0,1.0,0.6150235879864998,0.3427231464344615,0.0046953720120413,0.0375578624829135,0.8215766461445545,0.1784233599953456,0.7653059625874599,0.2346940459003103
0.5762527233115469,0.3088789852588275,0.6444444444444444,0.3088047639302424,0.4615384615384616,0.9,0.9,0.5934959349593496,0.8625954198473282,0.5548387096774193,0.7063829787234043,0.4148936170212765,0.6627440674954133,0.1057692307692308,0.4088669950738917,0.26190353911832265,0.0,1.0,1.0,0.0,1.0,0.0,1.0,0.0,1.0,0.0,0.0,1.0,0.0,1.0,1.0,0.0,0.0,1.0,0.0830388715701359,0.5777385115195158,0.2102473591184467,0.1289752575824495,0.1553571255002663,0.7642857032752242,0.028571412020289,0.0517857616535555,0.8621907900815913,0.0883392176903564,0.0194346369165412,0.0300353572013291,0.9395683443811848,0.0604316556674456,0.7230113632545598,0.117897728793941,0.1576704575467162,0.0014204502970115,0.0,1.0,0.0,1.0,0.0,1.0,0.0,1.0,0.0,0.0,1.0,0.0,1.0,0.0,0.0,1.0,0.0,1.0,0.0
0.0288671023965141,0.5030947507868122,0.9111111111111112,0.6288813270948532,0.1538461538461538,0.7000000000000001,0.4,0.5934959349593496,0.8091603053435112,0.3838709677419354,0.8010295307941664,0.5531914893617018,0.7777777777777777,0.0576923076923077,0.3472906403940886,0.0388796587577113,0.0,1.0,1.0,0.0,1.0,0.0,1.0,0.0,1.0,0.0,1.0,0.0,1.0,0.0,0.0,1.0,0.0,1.0,0.083038871416026,0.5777385053743361,0.2102473502272909,0.1289752733849704,0.1553571475679827,0.7642857140101252,0.0285714368446581,0.051785700948454,0.8621908121225028,0.0883392278200694,0.0194346348925837,0.0300353247532495,1.0,0.0,1.0,0.0,0.0,0.0,0.7058823620149595,0.244582038728958,0.04953559873866242,0.0,1.0,1.0,0.0,1.0,0.0,0.0,1.0,1.0,0.0,0.0,0.0,0.8215766696366147,0.1784233352810076,0.7653061101921806,0.2346938901119893
0.278322440087146,0.2197463147068906,0.3925925925925926,0.1280306252658443,0.5384615384615385,0.7993910794680479,0.6570376004648405,0.4796747967479674,0.8854961832061066,0.496774193548387,0.9063829787234042,0.0602836879432622,0.3950617283950617,0.1538461538461539,0.7192118226600985,0.0434783206775309,1.0,0.0,1.0,0.0,0.0,1.0,1.0,0.0,0.0,1.0,1.0,0.0,0.0,1.0,0.0,1.0,0.5115029023013868,0.4884971002128151,0.0,1.0,0.0,0.0,0.0,1.0,0.0,0.0,1.0,0.0,0.0,0.0,0.9344973553217145,0.06550264493191948,0.7230113304753385,0.117897726450414,0.15767045212588,0.0014204937500578,0.0,1.0,0.0,0.3180099674824145,0.6819900322895112,0.9369676386979884,0.0630323609459573,1.0,0.0,0.0,1.0,1.0,0.0,0.0,0.0,1.0,0.0,0.7653060955365508,0.2346939058054132
0.8267973856209151,0.2889955433664725,0.8666666666666667,0.4576775840068056,0.5384615384615385,0.6000000000000001,0.5,0.5745942596598697,0.9236641221374042,0.2258064516129032,0.8638297872340425,0.3687943262411346,0.6543209876543208,0.221153846153846,0.4334975369458128,0.24707497755566488,0.0,1.0,0.0,1.0,1.0,0.0,1.0,0.0,0.0,1.0,1.0,0.0,0.0,1.0,0.0,1.0,0.0,1.0,0.0,0.0,1.0,0.0,1.0,0.0,0.0,0.0,1.0,0.0,0.0,0.0,0.93956834770889,0.0604316521656027,0.7230113639237211,0.117897733676859,0.1576704583444751,0.0014204435724655,0.0,1.0,0.0,1.0,0.0,0.93696764230296,0.0630323571479735,1.0,0.0,0.0,1.0,0.6150232640799751,0.3427228712892641,0.0046945608887888,0.0375593358789499,0.8215768592761732,0.1784231356994224,1.0,0.0
0.9411764705882354,0.3997257456290709,0.874074074074074,0.564015312632922,0.1953819813897618,0.6000000000000001,0.4,0.3495934959349593,0.7557251908396942,0.3225806451612903,0.5132700499474788,0.5921985815602835,0.8103936725868524,0.1346153846153845,0.5935960591133005,0.0480769825973504,0.0,1.0,1.0,0.0,1.0,0.0,1.0,0.0,0.0,1.0,1.0,0.0,0.4222561008456881,0.5777438989902142,0.0,1.0,1.0,0.0,0.0,0.0,0.0,1.0,1.0,0.0,0.0,0.0,1.0,0.0,0.0,0.0,0.0,1.0,1.0,0.0,0.0,0.0,1.0,0.0,0.0,0.3180099647325798,0.6819900351894301,0.9369676466554726,0.0630323525741703,0.9952689664319505,0.004731032963048443,1.0,0.0,0.6150233958150704,0.3427230222541658,0.0046946142550406,0.0375589783202003,1.0,0.0,0.7653062134223034,0.2346937817971108
0.7962962962962963,0.1494686321563249,0.8444444444444446,0.3194385367928541,0.31365384573167554,0.7000000000000001,0.5,0.91869918699187,0.8320610687022896,0.2870967741935484,0.8341504677248324,0.333333333333333,0.7530864197530864,0.096153846153846,0.5073891625615764,0.2480738753352355,1.0,0.0,1.0,0.0,1.0,0.0,1.0,0.0,0.0,1.0,1.0,0.0,0.4222560941513276,0.5777439060134382,0.0,1.0,0.0,1.0,0.0472238214266153,0.6150820322318962,0.21862657387101347,0.11906757126561551,0.0,1.0,0.0,0.0,0.0,1.0,0.0,0.0,1.0,0.0,0.0,0.0,1.0,0.0,0.0,0.0,1.0,0.31800995338205795,0.6819900471499127,0.936967621393788,0.0630323791761893,1.0,0.0,0.0,1.0,1.0,0.0,0.0,0.0,1.0,0.0,0.7653062342358609,0.2346937598893662
0.7701405749272917,0.3736715803908125,0.8296296296296297,0.5195231713057765,0.3076923076923077,0.6000000000000001,0.3,0.3902439024390244,0.7709923664122136,0.267741935483871,0.535708383408174,0.354609929078014,0.5925925925925926,0.096153846153846,0.35568722447705314,0.8436454947261348,1.0,0.0,0.6919504704802457,0.3080495291893126,1.0,0.0,1.0,0.0,1.0,0.0,1.0,0.0,1.0,0.0,0.0,1.0,1.0,0.0,0.0,0.0,1.0,0.0,0.0,0.0,0.0,1.0,0.9020563054929349,0.08271414313856595,0.005704884254651432,0.00952471699620816,1.0,0.0,0.7380617976739885,0.11135703262808028,0.15054835908282715,3.411037835943098e-05,0.0,1.0,0.0,0.0,1.0,0.936967613473858,0.0630323875018,1.0,0.0,0.0,1.0,1.0,0.0,0.0,0.0,1.0,0.0,1.0,0.0
0.4438997821350763,0.2756256427836818,0.5555555555555556,0.2343683538919608,0.5384615384615385,0.2,0.4,0.3089430894308943,0.7862595419847329,0.2193548387096774,0.5063829787234042,0.4645390070921982,0.6172839506172838,0.3076923076923077,0.6921182266009852,0.2050357800169444,0.0,1.0,1.0,0.0,1.0,0.0,1.0,0.0,0.0,1.0,0.0,1.0,1.0,0.0,0.0,1.0,1.0,0.0,0.04722382885630527,0.6150820383576545,0.21862655440176748,0.11906757782130595,0.1553571456054674,0.7642857146633917,0.0285714163573438,0.0517857234726661,0.9020562519418062,0.0827141281911814,0.005704899289787901,0.009524714752855212,1.0,0.0,1.0,0.0,0.0,0.0,0.0,0.0,1.0,0.0,1.0,0.9369676334587382,0.0630323664664274,1.0,0.0,1.0,0.0,0.0,1.0,0.0,0.0,1.0,0.0,0.7653059828358726,0.2346940246006981
0.2766884531590414,0.3383613301336989,0.4518518518518518,0.2024670353041258,0.4615384615384616,0.6000000000000001,0.6000000000000001,0.5362772750449846,0.8602389835285946,0.26830621854483094,0.7458950672785233,0.50709219858156,0.7407407407407405,0.1826923076923077,0.2857142857142857,0.22226709355989632,1.0,0.0,0.0,1.0,1.0,0.0,1.0,0.0,1.0,0.0,0.0,1.0,0.0,1.0,0.0,1.0,0.0,1.0,0.0,0.0,1.0,0.0,0.0,1.0,0.0,0.0,0.9020562606134336,0.08271412709818271,0.005704875108728413,0.009524720409061382,1.0,0.0,0.0,0.0,1.0,0.0,0.0,1.0,0.0,0.3164005798730159,0.683599420169154,0.9418140286230652,0.058185974865823664,1.0,0.0,0.0,1.0,0.6150232065017218,0.3427230544138665,0.004695211913357,0.0375585377810199,0.8215767814835444,0.1784232176400036,0.765306133177529,0.2346938664291163
0.6595860566448801,0.4364072677408295,0.6911111111111112,0.4257762654189706,0.4615384615384616,0.8191918461818458,0.9143218600416375,0.7560975609756098,0.8778625954198471,0.5290322580645161,0.7286091782083991,0.2872340425531912,0.4814814814814814,0.0673076923076922,0.4310344827586206,0.2515862140445,0.0,1.0,1.0,0.0,0.0,1.0,1.0,0.0,0.0,1.0,0.0,1.0,0.0,1.0,1.0,0.0,0.5115029297975591,0.4884970712885489,0.0,1.0,0.0,0.0,0.0,1.0,0.0,0.0,1.0,0.0,0.0,0.0,1.0,0.0,1.0,0.0,0.0,0.0,0.0,1.0,0.0,0.31800996070327137,0.6819900394009715,0.9369676347825372,0.0630323650588533,1.0,0.0,0.0,1.0,0.0,1.0,0.0,0.0,1.0,0.0,0.7653061562176677,0.2346938413665342
0.5,0.2951662667123758,0.6407407407407408,0.2981709910676308,0.3076923076923077,0.7438896280878755,0.5,0.3495934959349593,0.8320610687022896,0.4129032258064516,0.8055054433243005,0.4574468085106382,0.6419753086419753,0.1826923076923077,0.2881773399014778,0.1860368401919374,1.0,0.0,1.0,0.0,1.0,0.0,1.0,0.0,1.0,0.0,0.7064524753851849,0.2935475239593379,0.42225610407086045,0.5777438955861327,0.0,1.0,0.0,1.0,0.0,0.0,1.0,0.0,0.1629317659219537,0.8041675816157164,0.006151128772783121,0.026749510755219696,1.0,0.0,0.0,0.0,1.0,0.0,0.7380688112309755,0.11135703273513109,0.15054835693249868,2.657804654260243e-05,0.0,1.0,0.0,1.0,0.0,1.0,0.0,1.0,0.0,0.0,1.0,1.0,0.0,0.0,0.0,1.0,0.0,0.7653059806523841,0.2346940268950917
0.7184095860566448,0.4580047994514913,0.8222222222222222,0.564015312632922,0.3076923076923077,0.6000000000000001,0.7000000000000001,0.4776608514530376,0.7709923664122136,0.4129032258064516,0.7556774379323036,0.44687045154900923,0.7037037037037037,0.1826923076923077,0.2832512315270936,0.0434783206775309,0.4757439382931884,0.5242560619622612,1.0,0.0,1.0,0.0,1.0,0.0,0.0,1.0,0.0,1.0,0.0,1.0,0.0,1.0,0.0,1.0,0.0,1.0,0.0,0.0,0.0,1.0,0.0,0.0,1.0,0.0,0.0,0.0,1.0,0.0,1.0,0.0,0.0,0.0,0.0,1.0,0.0,0.0,1.0,0.9369676393233964,0.0630323602941083,1.0,0.0,1.0,0.0,0.0,1.0,0.0,0.0,1.0,0.0,0.7653058965744552,0.2346941153529083
0.673202614379085,0.3753856702091189,0.8518518518518519,0.5214802211824755,0.4059074683940266,0.7000000000000001,0.7000000000000001,0.5203252032520325,0.8702290076335872,0.38741945335635886,0.538035945142412,0.3120567375886522,0.7037037037037037,0.1057692307692308,0.3571428571428571,0.5953177510558785,0.0,1.0,1.0,0.0,1.0,0.0,1.0,0.0,1.0,0.0,0.0,1.0,0.0,1.0,0.0,1.0,1.0,0.0,0.0830388687113866,0.577738521176143,0.2102473528421018,0.128975256945348,0.1553571503802042,0.7642857143924242,0.0285714299528995,0.0517857046056065,0.8621908253198312,0.0883392161797589,0.0194346218375883,0.0300353361889949,0.9344973624186995,0.06550263759780994,0.0,0.0,1.0,0.0,0.0,1.0,0.0,1.0,0.0,1.0,0.0,1.0,0.0,0.5772971674790794,0.42270283269740727,0.0,1.0,0.0,0.0,1.0,0.0,0.7653062525550688,0.2346937405440455
0.0,0.3177922523140213,0.8222222222222222,0.4470438111441939,0.29204673768207073,0.6000000000000001,0.4,0.6747967479674797,0.8412073953351423,0.4280210100886674,0.7702127659574468,0.5248226950354606,0.7407407407407405,0.13159812071575122,0.3719211822660099,0.05267564451717,0.0,1.0,1.0,0.0,1.0,0.0,1.0,0.0,0.0,1.0,1.0,0.0,1.0,0.0,0.0,1.0,0.0,1.0,0.083038878346903,0.5777385046336898,0.2102473543965938,0.1289752623882588,0.1553571507782666,0.7642857188111893,0.028571439801927,0.0517856893869075,0.8621908168031392,0.0883392267703617,0.0194346286501496,0.0300353272119036,1.0,0.0,1.0,0.0,0.0,0.0,0.0,1.0,0.0,0.3180099540750836,0.6819900464550972,0.9369676322738796,0.0630323676886116,1.0,0.0,0.0,1.0,0.6263951340480349,0.34249608879630755,0.003282046609994982,0.027826816896707296,0.8215768067912973,0.178423190901563,1.0,0.0
0.4362745098039216,0.2540281110730202,0.5370370370370371,0.2131008081667375,0.3846153846153846,0.2,0.4,0.4308943089430894,0.7709923664122136,0.1548387096774193,0.5418439716312057,0.38131958348120193,0.6172839506172838,0.1057692307692308,0.645320197044335,0.1032609256351852,0.0,1.0,1.0,0.0,1.0,0.0,1.0,0.0,0.0,1.0,0.0,1.0,1.0,0.0,0.0,1.0,1.0,0.0,0.0830388734077679,0.5777385225147929,0.210247347267828,0.1289752561920757,0.1553571469670948,0.7642857187436417,0.0285714244803344,0.0517857093559491,0.9020562732557736,0.08271412602084727,0.005704899207844671,0.009524716297394042,1.0,0.0,1.0,0.0,0.0,0.0,1.0,0.0,0.0,0.0,1.0,0.9369676288398038,0.0630323713327096,1.0,0.0,0.0,1.0,1.0,0.0,0.0,0.0,1.0,0.0,1.0,0.0
0.2086056644880174,0.2704833733287624,0.3777777777777777,0.1386643981284559,0.3076923076923077,0.8,0.8,0.5121951219512195,0.7709923664122136,0.4290322580645161,0.8180418703811062,0.3226950354609927,0.4567901234567901,0.2307692307692306,0.5640394088669951,0.1814381782721178,0.0,1.0,1.0,0.0,0.0,1.0,0.9509493726598058,0.049050627085741816,0.0,1.0,1.0,0.0,0.0,1.0,1.0,0.0,0.0,1.0,0.04722383367671379,0.6150820283804033,0.2186265651075363,0.11906757273248436,0.0,1.0,0.0,0.0,1.0,0.0,0.0,0.0,1.0,0.0,0.7380715954028062,0.11135703302865085,0.15054835937655686,2.3594437246865496e-05,0.0,1.0,0.0,0.0,1.0,0.9369676236716707,0.0630323767685944,1.0,0.0,0.0,1.0,1.0,0.0,0.0,0.0,1.0,0.0,0.7653060980412703,0.2346939032552827
0.6269063180827887,0.4813164209804593,0.7296296296296296,0.4917056571671629,0.5384615384615385,0.7000000000000001,0.6000000000000001,0.2682926829268293,0.8625954198473282,0.3741935483870967,0.7815602836879433,0.3510638297872339,0.5679012345679013,0.1730769230769231,0.603448275862069,0.4389632457820133,0.0,1.0,1.0,0.0,1.0,0.0,1.0,0.0,0.0,1.0,1.0,0.0,0.0,1.0,0.5038639875617461,0.4961360124245954,0.0,1.0,0.04722383046572676,0.615082029576135,0.21862656847441797,0.1190675719690375,0.1553571452399528,0.7642857174858672,0.0285714230643372,0.0517857139847958,0.8621908288404766,0.0883392148345451,0.0194346297552194,0.0300353256661195,1.0,0.0,1.0,0.0,0.0,0.0,0.0,1.0,0.0,0.0,1.0,1.0,0.0,1.0,0.0,1.0,0.0,0.6150235859063312,0.3427230563956968,0.004695050303607,0.0375582897667597,0.8215766771722877,0.1784233273557061,0.7653060602871656,0.2346939429703385
0.542483660130719,0.194720603359616,0.6925925925925926,0.2662696724797958,0.3076923076923077,0.7400115257095754,0.8,0.6747967479674797,0.7709923664122136,0.3870967741935484,0.8044322983484905,0.3617021276595742,0.6458091066268684,0.0865384615384614,0.4482758620689655,0.1078595875550048,0.0,1.0,1.0,0.0,0.0,1.0,1.0,0.0,0.0,1.0,0.0,1.0,0.0,1.0,1.0,0.0,0.0,1.0,0.0830388652127013,0.5777385072378713,0.2102473711017862,0.1289752566666659,0.16293179611081043,0.8041675917005405,0.006151172938013483,0.026749441726082623,0.8621908220015904,0.088339221048869,0.0194346200252596,0.0300353365027979,1.0,0.0,1.0,0.0,0.0,0.0,0.0,1.0,0.0,0.0,1.0,1.0,0.0,1.0,0.0,0.0,1.0,0.6263950857520837,0.3424960915141788,0.0032824168639681295,0.02782643319270306,0.8215769556592719,0.1784230341924646,0.7653060952845551,0.2346939061631614
0.7592592592592593,0.3462461432979088,0.8444444444444446,0.4895789025946406,0.1748667361790139,0.7000000000000001,0.6000000000000001,0.4390243902439024,0.8015267175572518,0.4387096774193548,0.7134751773049645,0.4397163120567375,0.5802469135802468,0.1923076923076923,0.5788177339901478,0.0342809968378918,0.0,1.0,1.0,0.0,1.0,0.0,1.0,0.0,0.38111264846421644,0.6188873505550749,0.0,1.0,1.0,0.0,0.5038639691296543,0.49613603191351474,0.0,1.0,0.0830388626942996,0.5777385192674676,0.2102473499539705,0.1289752684365062,0.155357141456743,0.7642857140674219,0.0285714294509598,0.0517857151214622,0.8621908238441316,0.0883392167213408,0.0194346393629987,0.0300353191981143,0.9344973563867782,0.06550264399684169,1.0,0.0,0.0,0.0,1.0,0.0,0.0,1.0,0.0,1.0,0.0,1.0,0.0,1.0,0.0,0.6150234364471201,0.3427230342725527,0.0046945445795839,0.0375589935464624,0.8215766991794341,0.1784233042025977,0.7653061481957343,0.2346938504020224
0.4967320261437908,0.2931093589304079,0.6666666666666667,0.3141216503615482,0.3076923076923077,0.5381087287505288,0.4,0.5121951219512195,0.7895651467151277,0.4874193548387097,0.3943262411347518,0.5619258950019914,0.7777777777777777,0.173369195857181,0.5270935960591133,0.1216555733144635,0.0,1.0,1.0,0.0,1.0,0.0,1.0,0.0,0.38111261797587137,0.6188873827323251,1.0,0.0,1.0,0.0,1.0,0.0,1.0,0.0,0.0,0.0,1.0,0.0,1.0,0.0,0.0,0.0,0.9020562177452044,0.0827141329361597,0.005704924550892887,0.009524718864752368,1.0,0.0,1.0,0.0,0.0,0.0,0.0,1.0,0.0,0.0,1.0,1.0,0.0,1.0,0.0,1.0,0.0,0.0,1.0,0.0,0.0,0.8215769713214838,0.1784230177829235,0.7653059252923533,0.2346940850035265
0.6405228758169935,0.2482002056907781,0.7037037037037037,0.3088047639302424,0.21867361829754223,0.4,0.4,0.1869918699186991,0.8091603053435112,0.1258064516129032,0.6468085106382978,0.3971631205673758,0.6172839506172838,0.1346153846153845,0.1921182266009852,0.0710702921964483,0.0,1.0,0.6919504662977553,0.3080495335968422,1.0,0.0,1.0,0.0,1.0,0.0,0.0,1.0,0.4222561132247381,0.5777438859041873,0.0,1.0,1.0,0.0,0.0,1.0,0.0,0.0,0.0,1.0,0.0,0.0,1.0,0.0,0.0,0.0,1.0,0.0,1.0,0.0,0.0,0.0,0.0,1.0,0.0,0.0,1.0,1.0,0.0,1.0,0.0,1.0,0.0,0.6150236036655882,0.3427230716679011,0.0046949119948962,0.0375583965178448,0.8215768244192898,0.178423172373472,0.7653061344501387,0.2346938649986027
0.8806903193751725,0.5965032567706547,0.9356561155951526,0.7288387920034027,0.6153846153846154,0.8331137428066651,0.6000000000000001,0.5333517309808127,0.8320610687022896,0.4516129032258065,0.8397163120567376,0.2482269503546099,0.6543209876543208,0.1057692307692308,0.5098522167487685,0.0894649398757265,1.0,0.0,0.0,1.0,0.0,1.0,1.0,0.0,1.0,0.0,1.0,0.0,0.0,1.0,0.0,1.0,0.0,1.0,0.0,1.0,0.0,0.0,0.0,1.0,0.0,0.0,1.0,0.0,0.0,0.0,1.0,0.0,0.0,1.0,0.0,0.0,1.0,0.0,0.0,1.0,0.0,1.0,0.0,1.0,0.0,0.0,1.0,0.6150230594728023,0.34272295478086,0.0046946445808564,0.0375593822233264,0.8215767142630627,0.1784232883156441,0.7653060600317441,0.2346939431820639
0.5054466230936819,0.288652725402811,0.662962962962963,0.3088047639302424,0.2307692307692307,0.5,0.4,0.3902439024390244,0.7709923664122136,0.4225806451612903,0.6765957446808512,0.3439716312056735,0.5679012345679013,0.1730769230769231,0.4630541871921182,0.0388796587577113,0.0,1.0,1.0,0.0,1.0,0.0,1.0,0.0,0.0,1.0,1.0,0.0,1.0,0.0,1.0,0.0,1.0,0.0,0.0,1.0,0.0,0.0,0.0,1.0,0.0,0.0,1.0,0.0,0.0,0.0,1.0,0.0,0.738077853107008,0.11135702873165643,0.15054835796016364,1.6852951196355548e-05,0.0,1.0,0.0,0.0,1.0,1.0,0.0,1.0,0.0,1.0,0.0,0.6150234138768812,0.3427230012139436,0.0046952205333486,0.0375583587420619,0.8215768329054702,0.1784231634163531,0.7653062180336928,0.234693776923785
0.8715114366061198,0.3513884127528281,0.9340856640204958,0.5533815397703105,0.3076923076923077,0.8,0.8,0.4433417117388294,0.7328244274809159,0.3161290322580645,0.7978101121478394,0.3439716312056735,0.7160493827160492,0.096153846153846,0.4187192118226601,0.16160469784695408,1.0,0.0,0.6919504675623829,0.3080495322532868,1.0,0.0,1.0,0.0,1.0,0.0,0.0,1.0,0.4222560801338391,0.5777439208361942,1.0,0.0,0.0,1.0,0.0830388663698162,0.5777385095570163,0.210247358799374,0.1289752656065843,0.1553571376777517,0.7642857163873245,0.0285714242518357,0.0517857220953931,0.8621908203121614,0.0883392323690996,0.0194346303422898,0.0300353158078038,1.0,0.0,1.0,0.0,0.0,0.0,0.0,1.0,0.0,0.0,1.0,0.9418140257245311,0.058185976201761136,1.0,0.0,1.0,0.0,0.6150233993048282,0.3427229944075588,0.0046948347348542,0.0375587777335185,1.0,0.0,0.765306060371627,0.234693942856654
0.5217864923747277,0.2176894069249228,0.5851851851851853,0.2342202784370362,0.5384615384615385,1.0,0.9779553151118734,0.3495934959349593,0.8837151357333612,0.3516129032258064,0.8329946648193505,0.465598800950994,0.7037037037037037,0.1826923076923077,0.458128078817734,0.3230803586602352,1.0,0.0,0.6919504805513796,0.30804951859735785,0.0,1.0,1.0,0.0,1.0,0.0,0.0,1.0,0.0,1.0,1.0,0.0,0.0,1.0,0.0,0.0,1.0,0.0,1.0,0.0,0.0,0.0,1.0,0.0,0.0,0.0,1.0,0.0,0.0,0.0,1.0,0.0,0.0,0.0,1.0,0.0,1.0,1.0,0.0,1.0,0.0,0.0,1.0,0.0,1.0,0.0,0.0,1.0,0.0,0.766422219813185,0.23357777889872855
0.9139433551198258,0.4370929036681521,0.8409727743145462,0.5321139940450871,0.6153846153846154,0.5,0.6000000000000001,0.4391783929638643,0.7938931297709919,0.1161290322580645,0.6326241134751772,0.4716312056737588,0.693419972969092,0.25,0.3472906403940886,0.2458194451495917,0.0,1.0,1.0,0.0,1.0,0.0,1.0,0.0,0.0,1.0,0.0,1.0,0.0,1.0,1.0,0.0,1.0,0.0,0.0,1.0,0.0,0.0,1.0,0.0,0.0,0.0,1.0,0.0,0.0,0.0,1.0,0.0,1.0,0.0,0.0,0.0,0.0,1.0,0.0,0.0,1.0,1.0,0.0,1.0,0.0,1.0,0.0,0.0,1.0,0.0,0.0,0.8216936399598532,0.17830635507656423,1.0,0.0
0.5261437908496732,0.2876242715118271,0.7111111111111112,0.3407060825180774,0.2307692307692307,1.0,0.9384313441895716,0.5121951219512195,0.8473282442748089,0.5580645161290322,0.7347517730496455,0.3581560283687941,0.6049382716049381,0.1318942291033678,0.4704433497536946,0.232023459390133,0.0,1.0,1.0,0.0,0.0,1.0,1.0,0.0,1.0,0.0,0.0,1.0,0.42225608246516355,0.5777439183772612,1.0,0.0,0.511502920213428,0.4884970812718047,0.04722382266841285,0.6150820350955704,0.21862656026157168,0.11906758235835058,0.0,1.0,0.0,0.0,1.0,0.0,0.0,0.0,1.0,0.0,1.0,0.0,0.0,0.0,0.7058823527111391,0.24458204816206885,0.049535598930847025,0.0,1.0,1.0,0.0,1.0,0.0,0.5772971694193489,0.42270283067458614,0.0,1.0,0.0,0.0,0.8215768713424193,0.1784231229863622,0.7653061517602434,0.2346938466934133
0.8055555555555556,0.5279396640383955,0.837037037037037,0.6384517226712036,0.2307692307692307,0.7000000000000001,0.8,0.5934959349593496,0.7557251908396942,0.5806451612903226,0.802836879432624,0.42483469997881,0.6691712277001342,0.1778140806549054,0.4664894272668561,0.0388796587577113,0.0,1.0,1.0,0.0,0.0,1.0,1.0,0.0,0.0,1.0,0.0,1.0,0.0,1.0,0.0,1.0,0.0,1.0,0.0,1.0,0.0,0.0,0.0,1.0,0.0,0.0,1.0,0.0,0.0,0.0,1.0,0.0,1.0,0.0,0.0,0.0,0.0,1.0,0.0,1.0,0.0,1.0,0.0,1.0,0.0,0.0,1.0,0.6150234730778872,0.3427231659378542,0.0046947736631434,0.0375585807399606,1.0,0.0,0.7653060088417305,0.2346939971836394
0.5561002178649238,0.2660267398011655,0.6851851851851851,0.3088047639302424,0.4615384615384616,0.9,0.8,0.5455256440755526,0.8778625954198471,0.464516129032258,0.892939364204759,0.4716312056737588,0.6543209876543208,0.1442307692307691,0.4556650246305419,0.6505016940937132,0.47574393537062143,0.52425606503673,0.0,1.0,0.0,1.0,0.9509493602323247,0.04905064012467619,0.0,1.0,1.0,0.0,0.0,1.0,1.0,0.0,0.0,1.0,0.0,0.0,1.0,0.0,0.1629318230261022,0.8041675830986934,0.006151043690191149,0.02674958149760187,1.0,0.0,0.0,0.0,1.0,0.0,1.0,0.0,0.0,0.0,0.0,1.0,0.0,0.0,1.0,1.0,0.0,1.0,0.0,1.0,0.0,0.6150232980419937,0.3427230735159128,0.0046949219888331,0.0375587146226095,0.8215767888552594,0.1784232097847368,0.765306142905777,0.2346938559332109
0.3910675381263616,0.2015769626328419,0.5111111111111112,0.1748192258613355,0.4615384615384616,1.0,1.0,0.5785752839618774,0.9465648854961826,0.5016821618115823,0.7347517730496455,0.3049645390070921,0.5432098765432098,0.096153846153846,0.5022693838589593,0.3386954315107399,0.0,1.0,0.6919504640805474,0.3080495359384795,0.7131537114812228,0.28684628918484223,1.0,0.0,1.0,0.0,0.0,1.0,0.0,1.0,1.0,0.0,0.0,1.0,0.0830388725711922,0.5777384989272883,0.2102473722067451,0.1289752563345125,0.1553571364570114,0.7642857126611293,0.0285714294364416,0.0517857220370983,0.8621908145688745,0.0883392262334162,0.0194346306943378,0.0300353281424093,0.9344973524585224,0.06550264810868078,0.0,1.0,0.0,0.0,0.0,1.0,0.0,0.3180099696213535,0.6819900300654675,1.0,0.0,1.0,0.0,1.0,0.0,0.6150233499507154,0.342723104616219,0.0046945434551164,0.03755901460307,0.8215768797974443,0.1784231141028613,0.7653060854152292,0.2346939164339584
0.5103485838779956,0.3757284881727801,0.6111111111111112,0.3247554232241599,0.2967293338234464,0.6000000000000001,0.7000000000000001,0.5040650406504066,0.7557251908396942,0.2354838709677419,0.7404255319148937,0.4645390070921982,0.5185185185185184,0.1346153846153845,0.2635467980295566,0.0434783206775309,0.47574393978901053,0.5242560603859547,1.0,0.0,0.0,1.0,1.0,0.0,1.0,0.0,0.0,1.0,0.0,1.0,0.0,1.0,0.0,1.0,0.0,1.0,0.0,0.0,0.0,1.0,0.0,0.0,1.0,0.0,0.0,0.0,1.0,0.0,0.0,1.0,0.0,0.0,0.0,1.0,0.0,0.0,1.0,0.9418140362774663,0.05818596160202183,1.0,0.0,1.0,0.0,0.0,1.0,0.0,0.0,1.0,0.0,0.766422205162409,0.2335778068981328
0.3327886710239652,0.2338018512170038,0.5555555555555556,0.2131008081667375,0.4615384615384616,0.8,0.7000000000000001,0.2682926829268293,0.8091603053435112,0.4161290322580645,0.7333333333333333,0.2978723404255317,0.5432098765432098,0.25,0.4931550639850995,0.0664716302766287,1.0,0.0,1.0,0.0,1.0,0.0,1.0,0.0,1.0,0.0,0.0,1.0,1.0,0.0,0.5038639803494391,0.49613602009474467,0.0,1.0,0.0830388698492153,0.5777385085592888,0.2102473607333737,0.1289752609098166,0.1553571414830832,0.7642857146271214,0.0285714325256942,0.051785711334257,0.8621908103163545,0.0883392282263546,0.0194346251739879,0.0300353362888885,1.0,0.0,1.0,0.0,0.0,0.0,0.0,1.0,0.0,0.0,1.0,0.9369676145513496,0.0630323863565907,1.0,0.0,0.0,1.0,0.0,1.0,0.0,0.0,1.0,0.0,0.7653061683318342,0.2346938292218612
0.0021786492374727,0.2149468632156324,0.0,0.0,0.2962414185666406,0.4,0.4,0.3804589121815818,0.8276592523607585,0.1967741935483871,0.502127659574468,0.3439716312056735,0.435718915283662,0.23422562607043523,0.49851140921538745,0.13862380464952279,0.0,1.0,1.0,0.0,1.0,0.0,1.0,0.0,0.0,1.0,1.0,0.0,1.0,0.0,1.0,0.0,0.5115029793336131,0.4884970188217591,0.0,1.0,0.0,0.0,0.16293181681938618,0.8041675951025021,0.006151243771909676,0.0267494030329416,1.0,0.0,0.0,0.0,0.9344973465813882,0.06550265439763103,0.0,0.0,1.0,0.0,0.0,1.0,0.0,0.0,1.0,0.9369675928594676,0.0630324092140932,1.0,0.0,0.0,1.0,0.6150237689572502,0.342723144718582,0.004695811572498,0.0375572165260339,0.8215767817908788,0.178423217219351,0.7653060664510942,0.2346939365533771
0.4929193899782135,0.24930694583551424,0.5444444444444445,0.2194810718843045,0.2307692307692307,0.7000000000000001,0.6000000000000001,0.4555782830095124,0.8931297709923665,0.4716423722671069,0.8070921985815601,0.3475177304964536,0.5432098765432098,0.2307692307692306,0.6009852216748769,0.3607859931450808,1.0,0.0,0.0,1.0,1.0,0.0,1.0,0.0,0.0,1.0,1.0,0.0,0.0,1.0,0.0,1.0,0.0,1.0,0.083038877136282,0.5777385119506333,0.2102473580786077,0.1289752521828766,0.1553571394469857,0.764285714304535,0.0285714260748723,0.0517857205220481,0.8621908067483596,0.0883392222128615,0.0194346333894347,0.030035338047288,1.0,0.0,0.7380750394271439,0.11135703293934696,0.15054835548305234,1.987575663764396e-05,0.0,1.0,0.0,0.0,1.0,0.9369676276775,0.0630323725525197,1.0,0.0,0.5772971705377248,0.42270282948411597,0.6150233195036945,0.3427229338029182,0.004694828439429,0.0375589348769098,1.0,0.0,0.7653060080335401,0.2346939980573076
0.5800653594771242,0.3160781624957147,0.6911111111111112,0.3460229689493832,0.2307692307692307,0.8,0.6000000000000001,0.4715447154471545,0.7709923664122136,0.267741935483871,0.6851063829787233,0.5390070921985812,0.728395061728395,0.1826923076923077,0.3300492610837439,0.1373480507220866,1.0,0.0,1.0,0.0,0.0,1.0,1.0,0.0,1.0,0.0,1.0,0.0,1.0,0.0,1.0,0.0,0.0,1.0,0.0830388701483201,0.5777385083975486,0.2102473577036135,0.12897526386899,0.1629317782715367,0.8041675858899324,0.006151118075712003,0.026749503870363123,0.8621908011889424,0.0883392281948596,0.0194346334187561,0.0300353377142712,1.0,0.0,1.0,0.0,0.0,0.0,0.7058823557761269,0.2445820378731547,0.049535606356848394,0.0,1.0,1.0,0.0,0.9952689715327776,0.00473102759805788,0.0,1.0,0.6150234776832708,0.3427230803950258,0.0046947498396613,0.0375586901283377,0.8215768919823919,0.1784231012428644,0.7653061200454017,0.2346938800953176
0.5974945533769064,0.3231567887610851,0.6074074074074074,0.3088047639302424,0.2307692307692307,0.9,0.6000000000000001,0.2682926829268293,0.8320610687022896,0.5,0.7602836879432623,0.3049645390070921,0.5679012345679013,0.1057692307692308,0.3497536945812808,0.0894649398757265,0.0,1.0,1.0,0.0,0.0,1.0,1.0,0.0,0.3811126439161644,0.6188873553405188,1.0,0.0,0.0,1.0,0.0,1.0,0.0,1.0,0.0830388668528212,0.5777385165324531,0.2102473557034977,0.1289752609066961,0.1553571499767941,0.7642857145757677,0.0285714265539079,0.051785708357315,0.8621908217769958,0.0883392172139945,0.0194346345068062,0.0300353259174496,1.0,0.0,0.0,0.0,1.0,0.0,0.0,1.0,0.0,0.0,1.0,1.0,0.0,1.0,0.0,1.0,0.0,0.615023438753082,0.3427230367876395,0.0046947692235637,0.0375587586880339,1.0,0.0,0.765306165303842,0.2346938325047848
0.6167713570093504,0.1635241686664381,0.7333333333333334,0.267333049766057,0.2307692307692307,0.8,0.8,0.4308943089430894,0.9083969465648848,0.3967741935483871,0.9361702127659574,0.3297872340425529,0.728395061728395,0.125,0.3325123152709359,0.0802676160360874,1.0,0.0,1.0,0.0,1.0,0.0,1.0,0.0,1.0,0.0,0.0,1.0,0.42225609356990634,0.57774390664761,0.0,1.0,0.0,1.0,0.0830388709651307,0.5777385177511711,0.2102473552182913,0.1289752556824854,0.1553571477700134,0.7642857139328743,0.0285714183050199,0.0517857198868287,0.8621908099223456,0.08833922133361,0.019434643530293,0.0300353251119431,1.0,0.0,1.0,0.0,0.0,0.0,1.0,0.0,0.0,0.0,1.0,1.0,0.0,1.0,0.0,0.5718518487837985,0.4281481513783611,0.6150237252397355,0.3427230156547745,0.0046942812930202,0.0375589717765083,0.8215768162454319,0.1784231809772686,0.765306117134546,0.2346938832046238
0.5321350762527233,0.3025972189081409,0.6533333333333333,0.3258188005104211,0.4615384615384616,0.7304805980466054,0.6000000000000001,0.48259170489461034,0.7862595419847329,0.4398210789437303,0.7375886524822696,0.528368794326241,0.7901234567901232,0.25,0.6773399014778325,0.5033445126594872,1.0,0.0,1.0,0.0,1.0,0.0,0.9509493360813682,0.049050665525830484,1.0,0.0,0.7064524768325917,0.2935475223621514,0.0,1.0,1.0,0.0,0.0,1.0,0.0,1.0,0.0,0.0,1.0,0.0,0.0,0.0,1.0,0.0,0.0,0.0,1.0,0.0,1.0,0.0,0.0,0.0,0.0,0.0,1.0,0.0,1.0,0.9418140196285257,0.05818598322035884,1.0,0.0,0.0,1.0,0.615023321318611,0.3427230970221429,0.0046947136414984,0.0375588791987038,1.0,0.0,0.7664222080963978,0.23357779553301428
0.7619825708061003,0.3829276654096674,0.8925925925925926,0.5661420672054445,0.4615384615384616,0.8,0.8889303677763967,0.5934959349593496,0.7862595419847329,0.435483870967742,0.775886524822695,0.2978723404255317,0.5061728395061729,0.221153846153846,0.4261083743842364,0.0388796587577113,1.0,0.0,0.6919504644214867,0.3080495355722984,0.0,1.0,1.0,0.0,0.0,1.0,0.0,1.0,0.0,1.0,1.0,0.0,0.0,1.0,0.0,1.0,0.0,0.0,0.0,1.0,0.0,0.0,1.0,0.0,0.0,0.0,1.0,0.0,1.0,0.0,0.0,0.0,0.0,1.0,0.0,0.0,1.0,0.9369676339342816,0.0630323659571673,1.0,0.0,0.0,1.0,0.6150235032264664,0.3427231375664535,0.0046951262867948,0.037558215362227,1.0,0.0,0.7653061054212013,0.2346938954219026
0.2440087145969499,0.2290023997257456,0.3851851851851852,0.1280306252658443,0.3076923076923077,0.6000000000000001,0.5,0.6747967479674797,0.8167938931297707,0.5193548387096774,0.6265591842538579,0.1737588652482269,0.3333333333333332,0.2307692307692306,0.547302753777757,0.2504181070694112,0.0,1.0,1.0,0.0,0.0,1.0,1.0,0.0,0.0,1.0,1.0,0.0,1.0,0.0,0.0,1.0,1.0,0.0,0.0830388789912235,0.57773851329339,0.2102473451750008,0.128975262019561,0.1553571390904995,0.7642857216948947,0.028571439119976,0.051785699716077,0.862190797899113,0.0883392242030592,0.0194346220663522,0.0300353571347686,1.0,0.0,1.0,0.0,0.0,0.0,0.7058823524937289,0.2445820497450999,0.049535597568682754,0.0,1.0,1.0,0.0,1.0,0.0,0.0,1.0,1.0,0.0,0.0,0.0,1.0,0.0,0.7664222082308897,0.23357778956683906
0.6215379942433362,0.3637298594446349,0.7185185185185186,0.3991918332624415,0.2307692307692307,0.9,0.7000000000000001,0.4308943089430894,0.8549618320610688,0.364516129032258,0.7673758865248227,0.3049645390070921,0.5308641975308641,0.1538461538461539,0.2881773399014778,0.3239966977865243,1.0,0.0,0.6919504615923047,0.30804953856019635,0.0,1.0,1.0,0.0,1.0,0.0,1.0,0.0,0.0,1.0,1.0,0.0,0.5115029200248,0.48849708145104476,0.0,1.0,0.0,0.0,0.0,1.0,0.0,0.0,1.0,0.0,0.0,0.0,1.0,0.0,1.0,0.0,0.0,0.0,0.0,1.0,0.0,0.0,1.0,0.9418140217176936,0.05818598086699445,1.0,0.0,0.0,1.0,0.6150234597977989,0.342723071957085,0.0046946595655186,0.03755881143013,0.8215768708756542,0.1784231234767759,0.7653060962651281,0.2346939050903066
0.7091503267973857,0.3630442235173123,0.6851851851851851,0.3726074011059123,0.2307692307692307,0.2,0.2,0.3495934959349593,0.7557251908396942,0.0806451612903225,0.3815602836879432,0.2943262411347516,0.5185185185185184,0.2115384615384614,0.3916256157635468,0.0342809968378918,0.0,1.0,1.0,0.0,1.0,0.0,1.0,0.0,0.0,1.0,1.0,0.0,1.0,0.0,0.0,1.0,1.0,0.0,0.0830388671118756,0.5777385310145302,0.2102473374336504,0.1289752641324346,0.1553571382678513,0.7642857171166296,0.0285714200780982,0.0517857250027122,0.8621908123235776,0.0883392136533455,0.019434627941236,0.0300353466310661,1.0,0.0,1.0,0.0,0.0,0.0,0.7058823586490114,0.24458204127342742,0.049535599735550884,0.0,1.0,0.9369676431560836,0.0630323562629874,1.0,0.0,0.0,1.0,0.6263950916674516,0.3424960784469687,0.0032828046550170686,0.02782607141802762,0.8215766909717809,0.1784233128831084,0.7653060706634807,0.2346939321647039
0.6704793028322441,0.4322934521768941,0.7185185185185186,0.4470438111441939,0.2307692307692307,0.7000000000000001,0.8,0.468208780802548,0.8854961832061066,0.4741935483870968,0.8624113475177305,0.4822695035460993,0.7901234567901232,0.125,0.4507389162561576,0.05267564451717,1.0,0.0,0.0,1.0,0.0,1.0,1.0,0.0,0.0,1.0,0.0,1.0,1.0,0.0,0.5038639774208828,0.4961360231497466,0.0,1.0,0.0,1.0,0.0,0.0,0.0,1.0,0.0,0.0,1.0,0.0,0.0,0.0,1.0,0.0,1.0,0.0,0.0,0.0,1.0,0.0,0.0,1.0,0.0,1.0,0.0,0.9952689471993501,0.004731053236145866,1.0,0.0,0.6150233235512013,0.3427229730621774,0.0046943481090628,0.0375593822801669,0.8215767148644186,0.1784232876802041,0.7653061369243657,0.2346938623097741
1.0001967193696397,0.4439492629413781,1.1098223340630686,0.7554232241599318,0.3707271092228069,1.0124555768661965,1.0,0.2195121951219512,0.8167938931297707,0.43964404470467705,0.9205673758865248,0.5921985815602835,0.8271604938271604,0.1826923076923077,0.6600985221674877,0.1078595875550048,0.0,1.0,1.0,0.0,0.0,1.0,1.0,0.0,1.0,0.0,0.0,1.0,0.0,1.0,1.0,0.0,0.0,1.0,0.0,0.0,0.0,1.0,0.0,1.0,0.0,0.0,1.0,0.0,0.0,0.0,1.0,0.0,1.0,0.0,0.0,0.0,0.0,0.0,1.0,0.0,1.0,0.9369676179968808,0.063032382719666,1.0,0.0,0.0,1.0,0.0,1.0,0.0,0.0,0.8215767903613869,0.1784232081921632,0.7653061439350379,0.2346938547847682
0.9161220043572984,0.3688721288995543,0.8222222222222222,0.4895789025946406,0.3076923076923077,0.6000000000000001,0.5,0.6747967479674797,0.8167938931297707,0.2612903225806451,0.6312056737588653,0.5709219858156027,0.8260725206752515,0.1442307692307691,0.3990147783251231,0.0986622637153656,1.0,0.0,1.0,0.0,1.0,0.0,1.0,0.0,0.0,1.0,0.0,1.0,1.0,0.0,0.0,1.0,1.0,0.0,0.0,0.0,0.0,1.0,0.0,1.0,0.0,0.0,0.9020562459365162,0.0827141324390116,0.005704880810901591,0.009524726389837257,1.0,0.0,1.0,0.0,0.0,0.0,0.0,1.0,0.0,0.0,1.0,0.941814046224647,0.05818596247195951,1.0,0.0,0.5772971707343344,0.4227028293256955,0.6150236970582579,0.3427231228112273,0.0046948681682942,0.0375582855777169,0.8215768503131375,0.1784231450739258,0.7653060614792512,0.2346939418598238
0.5631808278867103,0.3976688378471031,0.6296296296296298,0.351339855380689,0.3846153846153846,0.7000000000000001,0.6000000000000001,0.5255996729712297,0.9083969465648848,0.5293729890908988,0.8624113475177305,0.4184397163120565,0.5925925925925926,0.3173076923076923,0.6527093596059114,0.3239966977865243,0.0,1.0,0.691950458076485,0.30804954226336734,1.0,0.0,1.0,0.0,0.0,1.0,1.0,0.0,0.0,1.0,0.0,1.0,0.0,1.0,0.0,1.0,0.0,0.0,1.0,0.0,0.0,0.0,1.0,0.0,0.0,0.0,0.0,1.0,0.7380630181201431,0.11135703892103499,0.15054835628774788,3.279814775825063e-05,0.0,1.0,0.0,1.0,0.0,0.9369676378198608,0.0630323618790995,1.0,0.0,0.0,1.0,0.6150230775278427,0.3427230118263044,0.0046945804798453,0.0375593697940603,0.8215767678249677,0.1784232319618602,0.7653061041180902,0.2346938968985075
0.1944444444444444,0.1203291052451148,0.4592592592592592,0.1173968524032326,0.2999972529751331,0.8,0.9,0.4482161228450847,0.8625954198473282,0.3774193548387097,0.802836879432624,0.4113475177304964,0.5308641975308641,0.1730769230769231,0.3300492610837439,0.0480769825973504,0.4757439324282786,0.5242560681297417,0.6919504622381571,0.3080495378754331,1.0,0.0,1.0,0.0,0.0,1.0,0.0,1.0,0.0,1.0,0.5038640157250036,0.4961359827780103,0.0,1.0,0.0,0.0,1.0,0.0,0.0,1.0,0.0,0.0,1.0,0.0,0.0,0.0,0.9344973656137345,0.065502634223505,0.0,0.0,1.0,0.0,0.0,0.0,1.0,0.0,1.0,0.936967628998084,0.0630323711546148,1.0,0.0,1.0,0.0,0.6150232329870198,0.3427230209317203,0.0046954148872874,0.0375583335502907,1.0,0.0,1.0,0.0
0.7273068171768631,0.4322934521768941,0.8444444444444446,0.564015312632922,0.4615384615384616,0.8,0.7407411674349986,0.512972823905189,0.8186553285698541,0.6225806451612903,0.825531914893617,0.6453900709219857,0.8856571299404852,0.125,0.2931034482758621,0.0388796587577113,0.0,1.0,0.0,1.0,1.0,0.0,1.0,0.0,1.0,0.0,0.0,1.0,0.0,1.0,0.0,1.0,0.0,1.0,0.0,1.0,0.0,0.0,0.0,1.0,0.0,0.0,1.0,0.0,0.0,0.0,1.0,0.0,1.0,0.0,0.0,0.0,0.0,1.0,0.0,0.3180099705142211,0.6819900290898812,1.0,0.0,1.0,0.0,0.0,1.0,0.6150232452128912,0.3427231199697992,0.0046947344306738,0.0375589158550163,0.8215768258801913,0.1784231708501095,0.7653059557111025,0.2346940531743435
0.7739651416122005,0.6105587932807679,0.7777777777777779,0.6447936081485388,0.4615384615384616,0.4,0.4,0.3656149361331151,0.8625954198473282,0.0,0.4065025244050033,0.4751773049645389,0.3703703703703702,0.40468619701813635,0.105911330049261,0.1676421925126591,1.0,0.0,0.0,1.0,0.0,1.0,1.0,0.0,0.0,1.0,1.0,0.0,1.0,0.0,0.0,1.0,1.0,0.0,0.0,1.0,0.0,0.0,0.0,1.0,0.0,0.0,1.0,0.0,0.0,0.0,1.0,0.0,0.7380764814354485,0.11135702815085746,0.1505483639897106,1.8336971679855374e-05,1.0,0.0,0.0,1.0,0.0,1.0,0.0,1.0,0.0,0.0,1.0,0.6150230558649603,0.3427229866610912,0.0046948612468606,0.0375591305805332,0.8215765859748041,0.1784234233588907,0.7664222197795134,0.2335777850201679
0.5642701525054467,0.3225917038052793,0.6925925925925926,0.351339855380689,0.3846153846153846,0.7000000000000001,0.5,0.5126980905332365,0.725190839694656,0.332258064516129,0.8170212765957446,0.3956171510314664,0.6543209876543208,0.1153846153846154,0.4852216748768473,0.0802676160360874,0.0,1.0,1.0,0.0,1.0,0.0,1.0,0.0,0.0,1.0,1.0,0.0,0.42225609039126755,0.577743910004418,0.0,1.0,0.0,1.0,0.0,0.0,1.0,0.0,0.0,1.0,0.0,0.0,1.0,0.0,0.0,0.0,1.0,0.0,1.0,0.0,0.0,0.0,0.0,1.0,0.0,0.0,1.0,1.0,0.0,1.0,0.0,0.0,1.0,0.0,1.0,0.0,0.0,1.0,0.0,0.7664222094771342,0.23357779220251418
0.7734204793028322,0.4148097360301679,0.7651851851851854,0.4757549978732454,0.7692307692307694,0.5,0.3,0.3149328559785102,0.7862595419847329,0.1774193548387097,0.2312056737588652,0.4148936170212765,0.7160493827160492,0.0288461538461539,0.3571428571428571,0.28565026111003683,1.0,0.0,0.0,1.0,1.0,0.0,1.0,0.0,1.0,0.0,1.0,0.0,0.0,1.0,0.0,1.0,1.0,0.0,0.0,0.0,1.0,0.0,0.0,1.0,0.0,0.0,1.0,0.0,0.0,0.0,1.0,0.0,0.0,1.0,0.0,0.0,0.0,1.0,0.0,1.0,0.0,0.936967628719954,0.0630323714542876,1.0,0.0,1.0,0.0,0.6150231783333264,0.3427230207996664,0.0046954006274412,0.0375584078342779,0.8215766659449807,0.1784233392272516,0.7653059647228009,0.2346940435867284
0.4901960784313726,0.3376756942063763,0.6962962962962964,0.3641003828158231,0.3076923076923077,0.8,0.7569772167273041,0.5934959349593496,0.8625954198473282,0.3677419354838709,0.8496453900709219,0.3120567375886522,0.5685198795026329,0.143222495115706,0.4532019704433497,0.126254235234283,0.0,1.0,1.0,0.0,1.0,0.0,1.0,0.0,0.38111263936518824,0.6188873601970173,0.0,1.0,0.0,1.0,0.0,1.0,0.0,1.0,0.08303887162136,0.5777385143322046,0.2102473508652258,0.1289752630482733,0.1553571480133762,0.764285716391859,0.0285714204105264,0.0517857148685834,0.8621908242821517,0.0883392174669115,0.0194346416339613,0.0300353156080663,1.0,0.0,1.0,0.0,0.0,0.0,0.0,1.0,0.0,0.31800996354173106,0.6819900364310567,0.936967622787966,0.063032377698223,1.0,0.0,1.0,0.0,0.6150236964166305,0.3427231059917123,0.004694717310414,0.037558459901548,0.8215768200459626,0.1784231769640145,0.7653060026822096,0.2346940036238667
0.2222222222222222,0.2320877613986972,0.3829629629629629,0.1280306252658443,0.3846153846153846,0.5897883347871279,0.4,0.5573414396035284,0.8320610687022896,0.4419354838709677,0.8992907801418438,0.3794326241134751,0.0,1.0,0.5576808433185801,0.9770066904009022,0.0,1.0,0.0,1.0,1.0,0.0,1.0,0.0,0.0,1.0,1.0,0.0,1.0,0.0,0.0,1.0,0.5115029185691322,0.4884970828632822,0.0,0.0,1.0,0.0,0.0,1.0,0.0,0.0,1.0,0.0,0.0,0.0,1.0,0.0,1.0,0.0,0.0,0.0,0.0,0.0,1.0,0.0,1.0,0.9369676210120014,0.0630323795656702,1.0,0.0,1.0,0.0,0.615023335137391,0.3427226996872718,0.0046964106878303,0.0375575386157566,0.8215768296210689,0.1784231668535223,0.7653058908354863,0.2346941214462754
0.5294117647058825,0.334933150497086,0.6518518518518519,0.3300723096554657,0.4615384615384616,0.7000000000000001,0.6000000000000001,1.0,0.8320610687022896,0.5322580645161291,0.7631205673758864,0.2872340425531912,0.4814814814814814,0.1923076923076923,0.5541871921182266,0.31933236365517775,0.4757439354741969,0.5242560649271234,1.0,0.0,1.0,0.0,1.0,0.0,0.0,1.0,1.0,0.0,0.0,1.0,1.0,0.0,0.0,1.0,0.0830388773161888,0.5777385051345307,0.2102473643835184,0.1289752527028734,0.1553571313916545,0.7642857156135637,0.0285714410399534,0.0517857124896656,0.8621907965950976,0.0883392379008392,0.0194346263338081,0.0300353397114091,1.0,0.0,1.0,0.0,0.0,0.0,0.0,1.0,0.0,0.0,1.0,0.9369676289290406,0.0630323712456926,1.0,0.0,0.5718518428500907,0.4281481576178034,0.6150235339818071,0.3427231506777889,0.0046946493654563,0.0375586587239753,1.0,0.0,1.0,0.0
0.8349673202614379,0.4384641755227974,0.8889507205594449,0.5693321990642279,0.2307692307692307,0.9,0.8,0.3495934959349593,0.8320610687022896,0.4451612903225805,0.6950354609929078,0.4343798318454409,0.7042144063684068,0.1346153846153845,0.3251231527093596,0.1078595875550048,0.0,1.0,1.0,0.0,1.0,0.0,1.0,0.0,1.0,0.0,0.0,1.0,0.0,1.0,1.0,0.0,0.0,1.0,0.0830388623073058,0.5777385096989042,0.2102473647163737,0.1289752637702562,0.1553571412898934,0.7642857111245943,0.0285714216745203,0.0517857263929354,0.8621908234380207,0.0883392197427681,0.0194346303562085,0.0300353257134822,1.0,0.0,1.0,0.0,0.0,0.0,1.0,0.0,0.0,1.0,0.0,1.0,0.0,1.0,0.0,0.0,1.0,1.0,0.0,0.0,0.0,0.8215766674807204,0.1784233375577467,0.7653061225530271,0.2346938774945423
0.4842047930283225,0.3243057936235858,0.6370370370370371,0.3130582730752871,0.2307692307692307,0.9,0.8,0.5062159803755317,0.8244274809160306,0.4548387096774193,0.8070921985815601,0.3262411347517728,0.5679012345679013,0.1923076923076923,0.4556650246305419,0.1032609256351852,1.0,0.0,1.0,0.0,1.0,0.0,1.0,0.0,1.0,0.0,0.0,1.0,0.0,1.0,1.0,0.0,0.0,1.0,0.0830388680058347,0.5777385100021332,0.2102473615074478,0.1289752605877493,0.16293177122934188,0.8041675838282163,0.006151152103596069,0.026749476202932554,0.8621908057060002,0.0883392315661957,0.0194346337382812,0.0300353289453724,0.9344973714228766,0.0655026281211446,1.0,0.0,0.0,0.0,0.0,1.0,0.0,0.0,1.0,1.0,0.0,1.0,0.0,0.0,1.0,0.0,1.0,0.0,0.0,1.0,0.0,0.7653059935511479,0.2346940132966658
0.5757080610021788,0.3400754199520054,0.5703703703703704,0.2769034453424074,0.5384615384615385,0.7000000000000001,0.6000000000000001,0.44576884364598457,0.8702290076335872,0.0290322580645161,0.7914893617021276,0.41157982202767146,0.6543209876543208,0.14240219651533675,0.4359605911330049,0.1538462067532004,1.0,0.0,1.0,0.0,1.0,0.0,1.0,0.0,1.0,0.0,1.0,0.0,0.0,1.0,1.0,0.0,0.0,1.0,0.04722382678860071,0.6150820279551747,0.218626572203387,0.11906757202370044,0.1553571306412108,0.7642857180737953,0.0285714314651649,0.0517857205507319,0.8621908000273593,0.0883392213771202,0.0194346246621743,0.030035355132995,1.0,0.0,1.0,0.0,0.0,0.0,0.0,1.0,0.0,0.31800996598706943,0.6819900338820362,0.9418140312503432,0.05818597720542007,1.0,0.0,0.0,1.0,0.6150234087053632,0.3427232194482358,0.0046942005540098,0.0375591826030892,1.0,0.0,0.7653060930834411,0.234693908538819
0.4019607843137255,0.2883099074391497,0.5555555555555556,0.2407486176095278,0.3076923076923077,0.7000000000000001,0.5,0.7560975609756098,0.8625954198473282,0.5322580645161291,0.8439716312056739,0.3936170212765957,0.5555555555555554,0.17994926314001908,0.5812807881773399,0.24555934428404042,0.0,1.0,1.0,0.0,1.0,0.0,1.0,0.0,1.0,0.0,1.0,0.0,1.0,0.0,0.0,1.0,0.0,1.0,0.0830388771427294,0.5777385107523547,0.2102473538444077,0.1289752577955473,0.1553571344438599,0.7642857154515018,0.028571437036217,0.0517857134665301,0.8621908068384496,0.0883392235206836,0.0194346356101043,0.0300353342614136,1.0,0.0,1.0,0.0,0.0,0.0,0.0,1.0,0.0,1.0,0.0,1.0,0.0,1.0,0.0,0.5772971681833199,0.4227028320205293,0.6150235020992607,0.3427231081595198,0.0046943008758495,0.037559095611069,0.82157691790182,0.178423073985899,1.0,0.0
0.278322440087146,0.2920809050394241,0.4666666666666667,0.1918332624415142,0.3846153846153846,0.9,0.6000000000000001,0.3495934959349593,0.8644726047841597,0.5419354838709677,0.8890106382540914,0.3297872340425529,0.5679012345679013,0.1730769230769231,0.5501365716245631,0.0710702921964483,0.47574393502760326,0.5242560653947532,1.0,0.0,1.0,0.0,1.0,0.0,1.0,0.0,1.0,0.0,0.0,1.0,0.0,1.0,0.0,1.0,0.0,0.0,1.0,0.0,0.1629317876438987,0.8041675831681467,0.0061511173191826085,0.026749509321240317,1.0,0.0,0.0,0.0,1.0,0.0,1.0,0.0,0.0,0.0,0.0,1.0,0.0,0.0,1.0,0.9418140324191303,0.058185965531740935,1.0,0.0,1.0,0.0,0.6150236019983623,0.342722867513201,0.0046950377142666,0.0375584843201223,1.0,0.0,1.0,0.0
0.3954248366013072,0.2091189578333904,0.5170370370370371,0.1811994895789025,0.3076923076923077,0.8,0.7000000000000001,0.7560975609756098,0.8320610687022896,0.5217040090155353,0.8056737588652482,0.4893617021276593,0.6666666666666665,0.3269230769230768,0.3916256157635468,0.3929766265838177,0.0,1.0,1.0,0.0,1.0,0.0,1.0,0.0,1.0,0.0,0.0,1.0,1.0,0.0,1.0,0.0,0.0,1.0,0.0,1.0,0.0,0.0,0.0,1.0,0.0,0.0,0.0,1.0,0.0,0.0,1.0,0.0,1.0,0.0,0.0,0.0,0.70588232577548,0.24458206053837006,0.04953561499102821,1.0,0.0,1.0,0.0,1.0,0.0,0.0,1.0,0.0,1.0,0.0,0.0,1.0,0.0,1.0,0.0
0.8225517507792056,0.3880699348645868,0.9185185185185184,0.5728496560372702,0.6923076923076923,1.0481767583264423,0.9837719314290126,0.5934959349593496,0.8625954198473282,0.5741935483870967,0.8783825506204241,0.3669257512990585,0.5185185185185184,0.2692307692307691,0.5541871921182266,0.3303746814672603,1.0,0.0,1.0,0.0,0.0,1.0,0.9509493767642069,0.04905062241571023,1.0,0.0,0.0,1.0,0.0,1.0,1.0,0.0,0.0,1.0,0.047223823368124807,0.6150820343280039,0.21862656456470242,0.11906757733758433,0.0,1.0,0.0,0.0,1.0,0.0,0.0,0.0,0.0,1.0,1.0,0.0,0.0,0.0,0.0,1.0,0.0,0.0,1.0,1.0,0.0,1.0,0.0,0.0,1.0,0.0,1.0,0.0,0.0,1.0,0.0,0.7653061762586972,0.2346938208594925
0.6486928104575164,0.2790538224202948,0.625925925925926,0.2790301999149298,0.3846153846153846,0.8,0.5,0.2276422764227642,0.8091603053435112,0.4405661092085094,0.7427325769456016,0.3936170212765957,0.6296296296296295,0.1057692307692308,0.7955665024630542,0.0342809968378918,0.0,1.0,1.0,0.0,1.0,0.0,1.0,0.0,1.0,0.0,1.0,0.0,0.0,1.0,0.0,1.0,0.0,1.0,0.0,1.0,0.0,0.0,0.0,1.0,0.0,0.0,1.0,0.0,0.0,0.0,1.0,0.0,1.0,0.0,0.0,0.0,1.0,0.0,0.0,1.0,0.0,1.0,0.0,0.9952689613252081,0.004731038350400563,1.0,0.0,0.6150232209942341,0.3427230025947807,0.0046947844992238,0.037559014029439,1.0,0.0,0.7653062241040451,0.2346937705799555
0.6982570806100219,0.3136784367500856,0.7777777777777779,0.408762228838792,0.3076923076923077,0.4,0.6000000000000001,0.4308943089430894,0.7709923664122136,0.1225806451612903,0.5643065752370949,0.4702798957203771,0.7044750842342102,0.1852133529143638,0.3859814310387824,0.1630435305928395,0.0,1.0,1.0,0.0,1.0,0.0,0.9509493719160469,0.04905062782865943,0.0,1.0,0.0,1.0,1.0,0.0,1.0,0.0,0.5086206985823808,0.4913793009288617,0.0,0.0,1.0,0.0,0.1629317726903038,0.8041675848061568,0.006151165603228925,0.026749457808802224,1.0,0.0,0.0,0.0,1.0,0.0,0.0,0.0,1.0,0.0,0.0,1.0,0.0,1.0,0.0,1.0,0.0,1.0,0.0,0.0,1.0,1.0,0.0,0.0,0.0,1.0,0.0,1.0,0.0
0.792483660130719,0.359273225917038,0.9703703703703704,0.6171841769459804,0.2307692307692307,0.5,0.4,0.480342051981943,0.9541984732824424,0.3612903225806452,0.574468085106383,0.602836879432624,0.8518518518518516,0.1997532413084931,0.1970443349753694,0.7332776086504653,0.0,1.0,0.0,1.0,0.7131537415348893,0.2868462575524189,0.9509493393681293,0.04905066207028708,0.3811126352516988,0.6188873645006894,0.7064525002925853,0.29354749771513944,1.0,0.0,0.0,1.0,1.0,0.0,0.0830388707534355,0.5777385142089099,0.2102473555849398,0.1289752592679236,0.1553571391660004,0.7642857121848139,0.0285714299313289,0.0517857190815443,0.8621908161835775,0.0883392206224641,0.0194346351580834,0.0300353277099972,1.0,0.0,0.0,0.0,1.0,0.0,0.7058823417922209,0.2445820482347083,0.04953561061493317,0.0,1.0,0.9369676361244812,0.0630323636457449,1.0,0.0,0.0,1.0,0.6150232372070127,0.3427229298767075,0.0046946758294913,0.0375591847738092,0.8215767480677735,0.1784232527302537,1.0,0.0
0.5582788671023965,0.3105930750771341,0.6888888888888889,0.3407060825180774,0.333262977796151,0.5,0.4,0.5121951219512195,0.7557251908396942,0.4387096774193548,0.6633454750590719,0.3085106382978722,0.5432098765432098,0.1538461538461539,0.3349753694581281,0.4619565553811112,0.0,1.0,1.0,0.0,1.0,0.0,1.0,0.0,0.0,1.0,1.0,0.0,1.0,0.0,0.0,1.0,0.5115029368076783,0.48849706375613344,0.0830388711291109,0.5777385210072887,0.2102473537229275,0.1289752536077696,0.155357142670479,0.764285715933602,0.028571425521485,0.0517857158793333,0.8621908171964706,0.088339223267139,0.0194346316737027,0.0300353273841486,0.0,1.0,0.0,1.0,0.0,0.0,0.0,1.0,0.0,1.0,0.0,0.9369676365841808,0.0630323631763729,1.0,0.0,0.5772971707124865,0.4227028293146088,0.6150233957616331,0.3427230656104606,0.0046945099631773,0.0375590405998191,1.0,0.0,1.0,0.0
0.6514161220043574,0.5838189921151867,0.8592592592592594,0.6520557658850586,0.2307692307692307,0.9,0.6000000000000001,0.4308943089430894,0.7633587786259537,0.3387096774193548,0.7917223547591182,0.4113475177304964,0.4938271604938269,0.3076923076923077,0.3891625615763546,0.1906355021117569,0.0,1.0,1.0,0.0,0.0,1.0,1.0,0.0,1.0,0.0,1.0,0.0,0.0,1.0,1.0,0.0,0.0,1.0,0.04722380986788488,0.6150820437117236,0.21862656119351664,0.1190675858938437,0.0,1.0,0.0,0.0,1.0,0.0,0.0,0.0,1.0,0.0,1.0,0.0,0.0,0.0,0.0,1.0,0.0,1.0,0.0,1.0,0.0,1.0,0.0,1.0,0.0,0.6150234019686356,0.3427229638536305,0.0046949483603261,0.0375586906472137,1.0,0.0,0.7653060615783078,0.2346939415668718
0.5729847494553377,0.4953719574905725,0.6,0.383241173968524,0.3076923076923077,0.7044263368667693,0.5,0.3495934959349593,0.8320610687022896,0.3984350681061955,0.8581560283687942,0.2482269503546099,0.4938271604938269,0.0384615384615385,0.4137931034482759,0.0940636017955461,0.0,1.0,1.0,0.0,1.0,0.0,0.9509493673324291,0.04905063264842291,1.0,0.0,1.0,0.0,1.0,0.0,1.0,0.0,0.0,1.0,0.0830388751800728,0.5777385053029522,0.2102473581116593,0.1289752612661903,0.1553571427408343,0.7642857159422773,0.0285714390639909,0.0517857018966921,0.862190821959759,0.0883392237349376,0.0194346289893773,0.0300353245056654,1.0,0.0,0.7380687737219453,0.11135703549305753,0.1505483524008676,2.658536537258893e-05,0.0,1.0,0.0,1.0,0.0,1.0,0.0,1.0,0.0,1.0,0.0,0.6150231992519393,0.3427230944573143,0.0046946239083229,0.0375591058269978,0.8215767970537233,0.1784232011678624,0.7664222008768515,0.23357779118622513
0.5920479302832244,0.2392869386355844,0.625925925925926,0.2556358996171842,0.3076923076923077,0.6000000000000001,0.4,0.3970188113324654,0.8167938931297707,0.2483870967741935,0.5801418439716312,0.3798304460947634,0.6658073401648226,0.096153846153846,0.3251231527093596,0.0618729683568091,0.0,1.0,1.0,0.0,0.0,1.0,1.0,0.0,1.0,0.0,1.0,0.0,0.0,1.0,0.503863974831174,0.49613602592782846,1.0,0.0,0.0,1.0,0.0,0.0,0.0,1.0,0.0,0.0,1.0,0.0,0.0,0.0,1.0,0.0,1.0,0.0,0.0,0.0,0.0,1.0,0.0,0.0,1.0,1.0,0.0,1.0,0.0,0.0,1.0,0.6150233790174371,0.3427231344922783,0.0046947457274766,0.0375587444284726,1.0,0.0,0.7653060593778137,0.2346939440596643
0.7734204793028322,0.4501199862872814,0.8074074074074074,0.5371890491770545,0.3822240976000526,0.9,0.6000000000000001,0.6092554345794216,0.7862595419847329,0.467741935483871,0.858354545037312,0.0,0.2222222222222221,0.2884615384615383,0.8669950738916256,0.15844486867302,1.0,0.0,1.0,0.0,0.0,1.0,0.9509493231933926,0.04905067911056482,0.38111263472686907,0.6188873650217519,1.0,0.0,0.0,1.0,1.0,0.0,0.0,1.0,0.0,0.0,1.0,0.0,0.1629317852445571,0.8041675868118258,0.006150875207674322,0.02674975373431543,1.0,0.0,0.0,0.0,1.0,0.0,1.0,0.0,0.0,0.0,0.0,1.0,0.0,0.0,1.0,1.0,0.0,1.0,0.0,0.0,1.0,0.6150230975780526,0.3427231736608859,0.0046961966889049,0.0375575164229197,1.0,0.0,0.7653062697067142,0.2346937225077057
0.7336601307189543,0.5065525208323859,0.7555555555555555,0.5533815397703105,0.5384615384615385,0.9,0.7000000000000001,0.7560975609756098,0.8778625954198471,0.7967741935483871,0.729078014184397,0.6099290780141842,0.91358024691358,0.13758412692560373,0.458128078817734,0.2458194451495917,0.0,1.0,1.0,0.0,0.0,1.0,1.0,0.0,0.0,1.0,1.0,0.0,0.0,1.0,1.0,0.0,0.511502927068594,0.48849707397268904,0.0,0.0,1.0,0.0,0.1629318096803558,0.8041675818949066,0.006150930431046864,0.02674969278024797,1.0,0.0,0.0,0.0,0.9344973583279593,0.06550264190924526,1.0,0.0,0.0,0.0,0.0,1.0,0.0,0.0,1.0,1.0,0.0,1.0,0.0,0.0,1.0,0.6150234091107694,0.3427230251056324,0.0046949689756652,0.0375585979836763,1.0,0.0,0.7664221982997059,0.2335778019972018
0.8660130718954249,0.39548896733693817,0.7851851851851852,0.4736282433007231,0.27856939711264844,0.6000000000000001,0.7000000000000001,0.3554344778739562,0.7862595419847329,0.1612903225806451,0.5276595744680852,0.3652482269503545,0.691358024691358,0.125,0.6650246305418719,0.0342809968378918,1.0,0.0,1.0,0.0,0.0,1.0,1.0,0.0,1.0,0.0,0.0,1.0,0.0,1.0,1.0,0.0,1.0,0.0,0.0,1.0,0.0,0.0,0.0,1.0,0.0,0.0,1.0,0.0,0.0,0.0,1.0,0.0,1.0,0.0,0.0,0.0,0.0,1.0,0.0,1.0,0.0,1.0,0.0,1.0,0.0,1.0,0.0,0.6150235769952865,0.3427230911667868,0.0046948878385055,0.0375584296765404,0.82157683662006,0.1784231595494784,0.7653061254490876,0.234693874401743
0.6432461873638344,0.4360644497771683,0.7629629629629631,0.4895789025946406,0.3076923076923077,0.6000000000000001,0.4,0.4308943089430894,0.8015267175572518,0.3548387096774193,0.7593780772428664,0.4964539007092194,0.691358024691358,0.1730769230769231,0.4950738916256157,0.0572743064369896,1.0,0.0,1.0,0.0,1.0,0.0,1.0,0.0,0.0,1.0,1.0,0.0,1.0,0.0,0.0,1.0,0.0,1.0,0.0,1.0,0.0,0.0,0.0,1.0,0.0,0.0,0.9020562579565297,0.08271412460739347,0.005704905580830921,0.009524699151012617,1.0,0.0,1.0,0.0,0.0,0.0,0.0,1.0,0.0,0.31800996339384346,0.681990036601148,0.9369676358761784,0.0630323639202172,1.0,0.0,1.0,0.0,0.6150235959096718,0.3427230717713119,0.0046949907894691,0.037558323425818,1.0,0.0,0.7653059864818051,0.2346940206822101
0.3224400871459695,0.2821391840932464,0.5185185185185185,0.216290940025521,0.6153846153846154,0.6000000000000001,0.6000000000000001,0.4508083764831859,0.9236641221374042,0.2967741935483871,0.7886524822695035,0.6063829787234041,0.5802469135802468,0.3365384615384614,0.4724244910355578,0.126254235234283,0.0,1.0,1.0,0.0,0.713153729777517,0.28684626989020034,1.0,0.0,0.0,1.0,1.0,0.0,0.0,1.0,1.0,0.0,0.0,1.0,0.0830388665815181,0.5777385191060852,0.2102473557825783,0.1289752584166662,0.155357145657991,0.7642857160286252,0.028571440739097,0.0517856969364417,0.8621908190048544,0.0883392076270477,0.0194346130971125,0.0300353610078267,1.0,0.0,1.0,0.0,0.0,0.0,0.0,1.0,0.0,1.0,0.0,1.0,0.0,1.0,0.0,0.0,1.0,0.0,1.0,0.0,0.0,1.0,0.0,0.76642220961585,0.23357778930917905
0.661764705882353,0.2259170380527939,0.8333333333333333,0.3779242875372182,0.3076923076923077,0.5,0.4,0.4227642276422765,0.7557251908396942,0.3193548387096774,0.6765957446808512,0.4361702127659572,0.6666666666666665,0.16408796770158587,0.4729064039408867,0.0894649398757265,0.0,1.0,1.0,0.0,0.7131537296210173,0.28684627009112373,1.0,0.0,0.0,1.0,1.0,0.0,0.0,1.0,0.0,1.0,0.5115029399816737,0.488497060408546,0.0,1.0,0.0,0.0,0.0,1.0,0.0,0.0,1.0,0.0,0.0,0.0,1.0,0.0,1.0,0.0,0.0,0.0,0.0,1.0,0.0,0.0,1.0,0.9369676403247408,0.0630323592270066,1.0,0.0,1.0,0.0,1.0,0.0,0.0,0.0,0.8216936174077346,0.17830638739146887,0.0,1.0
0.6198257080610022,0.4542338018512168,0.7481481481481482,0.4895789025946406,0.2307692307692307,0.8,0.8624993603095552,0.5348198656973563,0.8052526656510781,0.5704169313666313,0.8340425531914893,0.4219858156028366,0.6666666666666665,0.125,0.6674876847290641,0.2090301497910351,0.0,1.0,1.0,0.0,1.0,0.0,0.95094937108475,0.04905062869405419,0.0,1.0,0.0,1.0,0.0,1.0,1.0,0.0,0.0,1.0,0.0,1.0,0.0,0.0,0.0,1.0,0.0,0.0,1.0,0.0,0.0,0.0,1.0,0.0,1.0,0.0,0.0,0.0,0.0,1.0,0.0,0.0,1.0,0.9369676385777264,0.0630323610813646,1.0,0.0,1.0,0.0,0.0,1.0,0.0,0.0,1.0,0.0,0.765305987282533,0.2346940198018233
0.8142701525054467,0.4278368186492971,0.7925925925925925,0.5108464483198638,0.6923076923076923,0.5,0.4,0.3902439024390244,0.7022900763358777,0.1709677419354838,0.3489361702127659,0.5,0.7530864197530864,0.15656813053629193,0.2807881773399014,0.0342809968378918,1.0,0.0,1.0,0.0,0.0,1.0,1.0,0.0,0.38111263930167516,0.6188873602714469,1.0,0.0,1.0,0.0,0.0,1.0,1.0,0.0,0.0,0.0,0.0,1.0,0.0,1.0,0.0,0.0,1.0,0.0,0.0,0.0,1.0,0.0,1.0,0.0,0.0,0.0,1.0,0.0,0.0,1.0,0.0,0.941814043889522,0.05818596146861388,1.0,0.0,0.0,1.0,0.615023335903645,0.342723080879125,0.0046948242166776,0.0375587664303229,0.8215767175155504,0.1784232849139027,1.0,0.0
0.69880174291939,0.3873842989372642,0.8518518518518519,0.5321139940450871,0.4615384615384616,0.8,0.7000000000000001,0.5934959349593496,0.8625954198473282,0.3387096774193548,0.7319148936170211,0.407801418439716,0.7407407407407405,0.0480769230769231,0.2487684729064039,0.0388796587577113,1.0,0.0,1.0,0.0,0.0,1.0,1.0,0.0,0.0,1.0,0.7064524901738025,0.2935475081956326,0.4222560869154598,0.5777439135888678,1.0,0.0,0.0,1.0,0.0,1.0,0.0,0.0,0.1629317865123433,0.8041675892301314,0.006151057311081898,0.02674956606505019,1.0,0.0,0.0,0.0,1.0,0.0,1.0,0.0,0.0,0.0,0.7058823467770894,0.24458205273659017,0.04953560060011819,0.0,1.0,0.9418140390373579,0.058185964387473255,0.9957865254062432,0.0042134741531364,0.0,1.0,0.0,1.0,0.0,0.0,1.0,0.0,0.7653061206403826,0.2346938792752521
0.7378357206657626,0.8065229017454878,0.7555555555555555,0.7713738834538493,0.1538461538461538,0.4,0.5,0.2682926829268293,0.7938931297709919,0.1870967741935484,0.3730496453900709,0.3794326241134751,0.6419753086419753,0.1730769230769231,0.6157635467980296,0.0664716302766287,0.47574394673175446,0.5242560530641043,1.0,0.0,0.0,1.0,0.9509493528849324,0.049050647914563594,1.0,0.0,0.0,1.0,1.0,0.0,0.0,1.0,1.0,0.0,0.0,1.0,0.0,0.0,0.0,1.0,0.0,0.0,1.0,0.0,0.0,0.0,1.0,0.0,0.0,0.0,1.0,0.0,1.0,0.0,0.0,0.0,1.0,0.9418140346425979,0.05818596106830698,1.0,0.0,1.0,0.0,0.6150237023307892,0.3427230127252488,0.0046950149592089,0.0375582471740717,0.8215765973672483,0.1784234114119521,0.7653060487507902,0.2346939552419271
0.7946623093681917,0.7007255033701918,0.7629629629629631,0.6937473415567843,0.4615384615384616,0.4,0.3,0.5934959349593496,0.7328244274809159,0.1677419354838709,0.3333333333333333,0.3510638297872339,0.633957368527353,0.1346153846153845,0.4753694581280788,0.0940636017955461,1.0,0.0,1.0,0.0,0.0,1.0,1.0,0.0,1.0,0.0,1.0,0.0,1.0,0.0,0.0,1.0,1.0,0.0,0.0,1.0,0.0,0.0,0.0,1.0,0.0,0.0,0.9020562682367532,0.08271412921630694,0.005704900075587993,0.009524705988184001,1.0,0.0,1.0,0.0,0.0,0.0,1.0,0.0,0.0,0.0,1.0,1.0,0.0,1.0,0.0,1.0,0.0,0.0,1.0,0.0,0.0,0.8215767491041877,0.1784232516930153,0.7653058983705964,0.2346941134237069
0.2728758169934641,0.2420294823448748,0.3703703703703703,0.1259038706933219,0.3076923076923077,0.3,0.3,0.4428385810035639,0.7938931297709919,0.3387096774193548,0.5843971631205674,0.2304964539007088,0.4074074074074074,0.1346153846153845,0.4137931034482759,0.4481605696216524,0.0,1.0,0.6919504703940529,0.308049529287046,1.0,0.0,0.9509492934541804,0.04905071044764686,0.0,1.0,1.0,0.0,0.42225611952864994,0.5777438792583582,0.5038639763111744,0.4961360243272851,0.5115029753436519,0.48849702308607124,0.0,1.0,0.0,0.0,0.0,1.0,0.0,0.0,1.0,0.0,0.0,0.0,1.0,0.0,0.0,1.0,0.0,0.0,0.0,1.0,0.0,0.0,1.0,0.9369676220889024,0.0630323784422693,0.9952689655301011,0.00473103394158414,0.0,1.0,1.0,0.0,0.0,0.0,1.0,0.0,0.7653059519646473,0.2346940570607426
0.6791938997821352,0.258484744600617,0.6592592592592592,0.2875372182050191,0.3076923076923077,0.9,0.6000000000000001,0.3495934959349593,0.8396946564885495,0.3096774193548386,0.7092198581560284,0.5460992907801416,0.7990277297163121,0.0865384615384614,0.3842364532019704,0.0342809968378918,1.0,0.0,1.0,0.0,0.0,1.0,1.0,0.0,1.0,0.0,1.0,0.0,0.0,1.0,0.0,1.0,0.0,1.0,0.0,1.0,0.0,0.0,0.0,1.0,0.0,0.0,1.0,0.0,0.0,0.0,1.0,0.0,1.0,0.0,0.0,0.0,0.0,1.0,0.0,1.0,0.0,1.0,0.0,1.0,0.0,0.5772971664255796,0.42270283382536267,1.0,0.0,0.0,0.0,0.8215768108275171,0.1784231866641665,0.76530601713579,0.2346939884345652
0.6007625272331155,0.5755913609873157,0.7296296296296296,0.5586984262016162,0.6923076923076923,0.6000000000000001,0.4,0.5121951219512195,0.8320610687022896,0.2709677419354839,0.7517730496453902,0.4361702127659572,0.679012345679012,0.1634615384615385,0.4236453201970444,0.1538462067532004,0.0,1.0,1.0,0.0,1.0,0.0,0.9509493913566756,0.04905060735842848,0.0,1.0,1.0,0.0,1.0,0.0,0.0,1.0,0.0,1.0,0.0,1.0,0.0,0.0,0.0,1.0,0.0,0.0,1.0,0.0,0.0,0.0,1.0,0.0,1.0,0.0,0.0,0.0,0.0,1.0,0.0,0.0,1.0,0.9418140445360195,0.05818595989983699,1.0,0.0,0.0,1.0,0.6150233503202924,0.3427231499888428,0.0046951475560053,0.0375583458762731,1.0,0.0,0.7653060819807502,0.2346939202168322
0.5958605664488017,0.2715118272197463,0.6296296296296298,0.2769034453424074,0.2307692307692307,0.7000000000000001,0.5,0.5934959349593496,0.7557251908396942,0.435483870967742,0.8269503546099289,0.4184397163120565,0.7160493827160492,0.1730769230769231,0.6133004926108374,0.0434783206775309,0.0,1.0,1.0,0.0,1.0,0.0,1.0,0.0,0.38111262584598427,0.6188873744177923,1.0,0.0,0.0,1.0,0.0,1.0,0.0,1.0,0.0830388670193016,0.5777385195732601,0.2102473506017745,0.1289752627694392,0.1553571365287863,0.7642857153404192,0.0285714204213877,0.0517857283955135,0.862190815772607,0.0883392192891537,0.0194346245393048,0.0300353404425242,1.0,0.0,1.0,0.0,0.0,0.0,0.0,1.0,0.0,0.0,1.0,1.0,0.0,1.0,0.0,1.0,0.0,0.0,1.0,0.0,0.0,0.8215768849449483,0.1784231086832215,0.7653059130860309,0.234694097993596
0.477124183006536,0.4106959204662324,0.5777777777777778,0.3194385367928541,0.2307692307692307,0.7000000000000001,0.5,0.5934959349593496,0.7633587786259537,0.5709677419354838,0.8581560283687942,0.3794326241134751,0.5802469135802468,0.0673076923076922,0.3571428571428571,0.05267564451717,0.0,1.0,1.0,0.0,1.0,0.0,1.0,0.0,1.0,0.0,0.7064524745495772,0.29354752484006297,0.0,1.0,0.0,1.0,0.0,1.0,0.0,1.0,0.0,0.0,0.0,1.0,0.0,0.0,1.0,0.0,0.0,0.0,0.9395683506274088,0.0604316490918501,0.7380778379210478,0.1113570337712867,0.1505483519523949,1.6852782770304664e-05,0.0,1.0,0.0,0.0,1.0,1.0,0.0,0.9952689514582446,0.0047310487571431414,1.0,0.0,0.6150234278357096,0.3427231264964896,0.0046945426365806,0.0375589087967451,1.0,0.0,0.0,1.0
0.5887799564270153,0.3527596846074734,0.6296296296296298,0.3247554232241599,0.3076923076923077,0.8,0.5,0.465110376978141,0.8091603053435112,0.4428520014045451,0.7262411347517731,0.3475177304964536,0.5802469135802468,0.096153846153846,0.5640394088669951,0.3883779646639981,1.0,0.0,1.0,0.0,1.0,0.0,1.0,0.0,1.0,0.0,0.7064524973936885,0.2935475006231031,0.42225609918677,0.5777439006648406,0.0,1.0,0.0,1.0,0.0830388723831957,0.5777385136228863,0.210247351940415,0.128975261863611,0.1553571349708957,0.76428570827841,0.0285714166279231,0.0517857414234094,0.862190803603082,0.0883392285809501,0.0194346472333203,0.0300353205185384,0.939568353980268,0.0604316455636491,0.738091657183604,0.11135703525848106,0.15054835310984316,2.0054519147549854e-06,0.0,0.0,1.0,0.3164005808359229,0.6835994191491548,1.0,0.0,0.9952689784374487,0.004731020320882906,0.0,1.0,0.6150233868929054,0.3427230127509904,0.004694383968563,0.0375592353222087,1.0,0.0,0.0,1.0
0.7184095860566448,0.5745629070963317,0.7740740740740741,0.6065504040833687,0.3846153846153846,0.6000000000000001,0.5,0.49087766561869983,0.7984054898497914,0.5129032258064516,0.8127659574468086,0.5141843971631206,0.6543209876543208,0.1346153846153845,0.6305418719211823,0.1308528971541026,0.4757439413293729,0.5242560587661634,1.0,0.0,1.0,0.0,0.9509493663548461,0.049050633691249734,0.0,1.0,1.0,0.0,1.0,0.0,0.503863983862779,0.49613601631451976,0.0,1.0,0.0,1.0,0.0,0.0,0.0,1.0,0.0,0.0,1.0,0.0,0.0,0.0,0.9344973544734939,0.06550264601015054,0.0,1.0,0.0,0.0,0.0,1.0,0.0,0.318009965417265,0.6819900344653154,0.941814046059705,0.058185949965883,1.0,0.0,0.577297168902146,0.422702831244119,0.626395036592871,0.3424960918568679,0.0032839080101779716,0.027824942128547248,1.0,0.0,1.0,0.0
0.3529411764705882,0.1480973603016798,0.4962962962962963,0.1439812845597617,0.5384615384615385,0.6000000000000001,0.4,0.5121951219512195,0.7557251908396942,0.461290322580645,0.7262411347517731,0.3936170212765957,0.5925925925925926,0.1459445228829647,0.4605911330049261,0.1308528971541026,0.47574394041227364,0.524256059724235,1.0,0.0,1.0,0.0,1.0,0.0,0.0,1.0,1.0,0.0,1.0,0.0,0.5038639796985565,0.496136020781042,0.0,1.0,1.0,0.0,0.0,0.0,0.0,0.0,0.0,1.0,1.0,0.0,0.0,0.0,0.0,1.0,0.0,0.0,1.0,0.0,0.0,1.0,0.0,0.31800995362918083,0.6819900468644086,0.9369676167803154,0.0630323840165961,1.0,0.0,0.5772971637972162,0.4227028365726404,0.0,1.0,0.0,0.0,0.8216936328253863,0.17830637333311605,0.0,1.0
0.2788671023965142,0.2591703805279396,0.4518518518518518,0.1705657167162909,0.4615384615384616,0.6699346815020784,0.5,0.5580603817257795,0.8091603053435112,0.5225806451612903,0.7653723693071284,0.280141843971631,0.5185185185185184,0.125,0.6280788177339901,0.0894649398757265,0.0,1.0,0.6919504785306743,0.3080495207291448,1.0,0.0,1.0,0.0,0.0,1.0,1.0,0.0,0.0,1.0,0.0,1.0,0.0,1.0,0.0830388731628852,0.5777385155042509,0.2102473530354366,0.1289752579151262,0.1553571445632979,0.7642857129337353,0.028571429681733,0.0517857127291506,0.8621908166742328,0.0883392164368626,0.0194346125801992,0.0300353547787669,0.9395683453976872,0.0604316545959706,1.0,0.0,0.0,0.0,0.0,1.0,0.0,0.3180099519697085,0.6819900486206375,0.9369676344597392,0.0630323654085638,1.0,0.0,0.0,1.0,0.0,1.0,0.0,0.0,1.0,0.0,0.0,1.0
0.4564270152505447,0.2293452176894069,0.5888888888888889,0.229051467460655,0.1538461538461538,0.8,0.6000000000000001,0.2682926829268293,0.9389312977099236,0.3161290322580645,0.7744680851063829,0.2765957446808511,0.4691358024691356,0.1854584527667588,0.5270935960591133,0.126254235234283,1.0,0.0,1.0,0.0,0.7131537227795286,0.28684627729525847,1.0,0.0,1.0,0.0,1.0,0.0,0.0,1.0,0.0,1.0,0.0,1.0,0.0830388825636665,0.5777385082835624,0.2102473465238666,0.1289752620495712,0.1553571399479811,0.764285712246872,0.0285714248646348,0.0517857233786807,0.8621908068439244,0.0883392169304524,0.0194346342519359,0.0300353426163849,0.9395683470306926,0.0604316528792392,1.0,0.0,0.0,0.0,0.0,1.0,0.0,0.3164005806186948,0.6835994193771211,1.0,0.0,1.0,0.0,0.0,1.0,0.615023617762327,0.3427229949625714,0.0046945571238948,0.0375588266831259,0.0,1.0,0.0,1.0
0.7347494553376906,0.3633870414809735,0.7777777777777779,0.4470438111441939,0.2307692307692307,0.2,0.2,0.6666666666666667,0.7862595419847329,0.1387096774193548,0.3375886524822694,0.2943262411347516,0.6543209876543208,0.0769230769230768,0.5197044334975369,0.0572743064369896,1.0,0.0,1.0,0.0,1.0,0.0,1.0,0.0,0.38111261381724726,0.618887387119368,0.7064524646902226,0.2935475353185659,1.0,0.0,0.0,1.0,1.0,0.0,0.0,1.0,0.0,0.0,0.0,1.0,0.0,0.0,1.0,0.0,0.0,0.0,0.9395683503625576,0.0604316493743463,1.0,0.0,0.0,0.0,0.0,1.0,0.0,0.0,1.0,1.0,0.0,1.0,0.0,1.0,0.0,1.0,0.0,0.0,0.0,1.0,0.0,0.0,1.0
0.3681917211328976,0.501885498800137,0.6555555555555557,0.4364100382815822,0.3610882132997602,0.6000000000000001,0.4,0.45413531264778767,0.9236641221374042,0.3032258064516129,0.5829787234042553,0.4360437460795857,0.6049382716049381,0.221153846153846,0.270935960591133,0.4987458507396676,0.0,1.0,1.0,0.0,1.0,0.0,1.0,0.0,1.0,0.0,1.0,0.0,1.0,0.0,0.5038639767587951,0.49613602379086463,1.0,0.0,0.0830388781369203,0.5777385108441104,0.2102473507193603,0.1289752598256479,0.1553571487823511,0.7642857160862921,0.0285714329086778,0.0517857015296152,0.8621908126416091,0.0883392204417649,0.0194346348235425,0.0300353320709325,1.0,0.0,1.0,0.0,0.0,0.0,0.0,1.0,0.0,0.0,1.0,1.0,0.0,1.0,0.0,0.0,1.0,0.6150234081132377,0.3427231280063795,0.0046950656636564,0.0375583909730451,0.8215768245722277,0.1784231722042067,0.7653061432223028,0.234693855701756
0.7034120789291559,0.3637298594446349,0.7824132187551716,0.4661846022968949,0.5384615384615385,0.7000000000000001,0.6000000000000001,0.2682926829268293,0.931297709923664,0.3225806451612903,0.750354609929078,0.2234042553191488,0.6296296296296295,0.0865384615384614,0.2881773399014778,0.1768395163522982,1.0,0.0,1.0,0.0,1.0,0.0,1.0,0.0,0.0,1.0,1.0,0.0,0.0,1.0,0.0,1.0,0.0,1.0,0.0,1.0,0.0,0.0,0.0,1.0,0.0,0.0,1.0,0.0,0.0,0.0,0.939568352636356,0.0604316469762331,1.0,0.0,0.0,0.0,0.0,0.0,1.0,1.0,0.0,1.0,0.0,1.0,0.0,0.0,1.0,0.6150234027251817,0.3427230262312754,0.0046943107236131,0.0375592789799424,0.821693638992299,0.17830636288420354,1.0,0.0
0.6252723311546842,0.3764141241001028,0.674074074074074,0.3726074011059123,0.6153846153846154,0.37500224483702965,0.3,0.1951219512195121,0.8931297709923665,0.0580645161290322,0.4387692584880471,0.4184397163120565,0.7160493827160492,0.1538461538461539,0.5467980295566502,0.05267564451717,1.0,0.0,1.0,0.0,1.0,0.0,1.0,0.0,0.0,1.0,1.0,0.0,1.0,0.0,0.0,1.0,1.0,0.0,0.0,0.0,1.0,0.0,0.16293177591010288,0.8041675816662908,0.006150963984097979,0.02674965185357936,1.0,0.0,0.0,0.0,1.0,0.0,1.0,0.0,0.0,0.0,1.0,0.0,0.0,0.0,1.0,0.9369676414052958,0.0630323581038477,1.0,0.0,0.0,1.0,0.6150234565333,0.3427229678866499,0.0046955382189435,0.0375580215924409,0.8216936372638262,0.1783063655132009,1.0,0.0
0.5996732026143791,0.2015769626328419,0.8111111111111111,0.3428328370905997,0.6153846153846154,0.6000000000000001,0.5,0.7560975609756098,0.8099573014410235,0.6161290322580645,0.7347517730496455,0.5248226950354606,0.5679012345679013,0.28196319937684367,0.3078817733990148,0.3956374857045857,0.47574392771519003,0.5242560731128982,1.0,0.0,1.0,0.0,1.0,0.0,0.0,1.0,1.0,0.0,0.0,1.0,1.0,0.0,0.0,1.0,0.0,0.0,1.0,0.0,1.0,0.0,0.0,0.0,1.0,0.0,0.0,0.0,1.0,0.0,0.0,0.0,1.0,0.0,0.0,1.0,0.0,0.31800995770411744,0.6819900425895021,0.9369676245520164,0.0630323758345849,1.0,0.0,0.0,1.0,0.6263950796692331,0.3424960993411371,0.003282087489126617,0.02782681683902888,1.0,0.0,0.0,1.0
0.55119825708061,0.2598560164552622,0.6444444444444444,0.2932987718765695,0.38459342452310996,0.882879489212496,0.8703633538398602,0.5418848984655291,0.9847328244274808,0.3612903225806452,0.7347517730496455,0.333333333333333,0.5802469135802468,0.096153846153846,0.3817733990147783,0.38485716335817877,0.0,1.0,0.0,1.0,1.0,0.0,1.0,0.0,1.0,0.0,0.0,1.0,0.0,1.0,1.0,0.0,0.0,1.0,0.0,0.0,1.0,0.0,0.16293180266325358,0.8041675842296759,0.0061509701765487534,0.02674966115711952,1.0,0.0,0.0,0.0,1.0,0.0,0.0,1.0,0.0,0.0,0.0,0.0,1.0,0.0,1.0,0.9418140127440959,0.05818597944090964,0.995268966382602,0.00473103295807753,0.0,1.0,0.6150231938931368,0.3427231104515004,0.0046944866731938,0.0375592354232036,1.0,0.0,1.0,0.0
0.6263616557734205,0.2591703805279396,0.7481481481481482,0.3460229689493832,0.3846153846153846,0.9,0.8345555853573375,0.5934959349593496,0.8015267175572518,0.5612903225806452,0.8269503546099289,0.429078014184397,0.6419753086419753,0.0865384615384614,0.4310344827586206,0.1216555733144635,0.0,1.0,1.0,0.0,1.0,0.0,1.0,0.0,0.38111265229909363,0.6188873465958566,0.0,1.0,0.0,1.0,1.0,0.0,0.0,1.0,0.0830388653278776,0.5777385088363978,0.2102473568527769,0.1289752694922898,0.1553571401639594,0.7642857052165328,0.0285714361460265,0.0517857189690103,0.8621908325761993,0.0883392185836999,0.0194346198601188,0.0300353278399548,1.0,0.0,0.7380821305652752,0.11135702381765356,0.15054836194505328,1.2236156595624159e-05,0.0,1.0,0.0,0.0,1.0,0.0,1.0,0.9952689738002136,0.00473102522307689,1.0,0.0,0.6263950450007678,0.3424960922937238,0.0032823218398085885,0.02782656234737746,0.8216936246550393,0.17830637756538803,0.0,1.0
0.553921568627451,0.289681179293795,0.6777777777777778,0.3194385367928541,0.23633460122770467,0.7000000000000001,0.6000000000000001,0.3495934959349593,0.7709923664122136,0.4580645161290323,0.8496453900709219,0.3900709219858154,0.5925925925925926,0.1923076923076923,0.5073891625615764,0.0388796587577113,1.0,0.0,1.0,0.0,0.0,1.0,1.0,0.0,0.0,1.0,1.0,0.0,0.0,1.0,0.5038639814408375,0.49613601890468295,0.0,1.0,0.0,1.0,0.0,0.0,0.0,1.0,0.0,0.0,1.0,0.0,0.0,0.0,1.0,0.0,0.0,1.0,0.0,0.0,0.0,1.0,0.0,0.3180099611764974,0.6819900389344359,0.9369676355088532,0.0630323643001369,1.0,0.0,1.0,0.0,0.6150235864422325,0.3427230076445312,0.0046948942879332,0.0375585005707619,1.0,0.0,0.0,1.0
0.928649237472767,0.5718203633870415,0.8592592592592594,0.7022543598468736,0.3076923076923077,0.7000000000000001,0.6000000000000001,0.4308943089430894,0.8473282442748089,0.2774193548387096,0.574468085106383,0.1524822695035459,0.6296296296296295,0.0576923076923077,0.3743842364532019,0.1676421925126591,1.0,0.0,1.0,0.0,0.0,1.0,1.0,0.0,0.0,1.0,0.7064524739226596,0.29354752550253593,0.4222560852471886,0.5777439153748967,0.0,1.0,1.0,0.0,0.0,1.0,0.0,0.0,0.0,1.0,0.0,0.0,1.0,0.0,0.0,0.0,0.0,1.0,0.0,1.0,0.0,0.0,0.0,1.0,0.0,0.0,1.0,0.936967633161704,0.0630323667786342,1.0,0.0,0.0,1.0,0.6263950695746033,0.3424960812097779,0.0032826717929723692,0.02782622877430374,0.0,1.0,0.0,1.0
0.6704793028322441,0.5755913609873157,0.7733333333333334,0.6065504040833687,0.22331726989810152,0.9178459315053797,0.8191309870260798,0.5201715470551828,0.8473282442748089,0.4935483870967742,0.798581560283688,0.5780141843971629,0.7777777777777777,0.2019230769230768,0.396551724137931,0.1722408544324787,1.0,0.0,0.0,1.0,0.0,1.0,1.0,0.0,1.0,0.0,0.0,1.0,0.0,1.0,0.0,1.0,0.0,1.0,0.04722380814292759,0.6150820358848584,0.21862656160389649,0.1190675951772604,1.0,0.0,0.0,0.0,0.0,1.0,0.0,0.0,1.0,0.0,1.0,0.0,0.0,0.0,0.0,1.0,0.0,1.0,0.0,0.0,1.0,1.0,0.0,1.0,0.0,0.6150232116389008,0.3427229827054813,0.0046946388555458,0.0375591945806823,0.0,1.0,0.0,1.0
0.46878296739587977,0.4638327048337332,0.6148148148148149,0.3779242875372182,0.3076923076923077,0.9,0.7946334469886046,0.4689488658011144,0.864946701744272,0.4258064516129032,0.7793869303473666,0.5400721310853933,0.6401198200894164,0.2884615384615383,0.6379310344827587,0.3193980358667047,0.0,1.0,0.6919504579481501,0.3080495423969829,1.0,0.0,1.0,0.0,1.0,0.0,0.0,1.0,0.0,1.0,0.5038639886623786,0.4961360112473462,0.0,1.0,0.0,0.0,0.0,1.0,1.0,0.0,0.0,0.0,1.0,0.0,0.0,0.0,1.0,0.0,0.0,1.0,0.0,0.0,0.0,1.0,0.0,0.3164005844932127,0.6835994152996637,1.0,0.0,1.0,0.0,1.0,0.0,0.6150234817622009,0.3427230615095443,0.0046946961439959,0.0375587606613943,0.0,1.0,0.0,1.0
0.4117647058823529,0.1635241686664381,0.5074074074074074,0.1556784347086346,0.3871013076739436,0.7000000000000001,0.5124004639008644,0.5203252032520325,0.8702290076335872,0.5193548387096774,0.9177304964539008,0.407801418439716,0.5679012345679013,0.1826923076923077,0.3029556650246305,0.4067726123432764,1.0,0.0,1.0,0.0,1.0,0.0,1.0,0.0,1.0,0.0,0.7064524661105582,0.2935475337392719,1.0,0.0,0.0,1.0,0.0,1.0,0.0830388742733735,0.5777385147005336,0.2102473521127682,0.1289752585096801,0.16293176227785555,0.8041675832554167,0.006151379694325221,0.026749270380209467,0.8621907977990554,0.0883392252480524,0.019434628889145,0.0300353491355088,1.0,0.0,0.7380807384521335,0.11135703239225425,0.15054835289609136,1.3781951185287689e-05,0.0,1.0,0.0,0.0,1.0,0.9369676111286952,0.0630323899658005,1.0,0.0,0.0,1.0,0.0,1.0,0.0,0.0,1.0,0.0,0.0,1.0
0.9645969498910676,0.4710318820706204,1.0191956715229895,0.7011909825606125,0.2307692307692307,0.8,0.6000000000000001,0.6504065040650406,0.8396946564885495,0.5193548387096774,0.8056737588652482,0.473840189137772,0.7879398718108424,0.096153846153846,0.6182266009852216,0.0618729683568091,0.0,1.0,1.0,0.0,1.0,0.0,1.0,0.0,0.0,1.0,1.0,0.0,0.0,1.0,1.0,0.0,0.0,1.0,0.0830388562103279,0.5777385116372609,0.2102473615930356,0.1289752715324041,0.1553571277879688,0.7642857117176026,0.0285714193822528,0.0517857427238209,0.8621908236426885,0.0883392243773315,0.0194346303244331,0.0300353206316977,1.0,0.0,0.0,0.0,1.0,0.0,0.0,0.0,1.0,0.0,1.0,0.936967637501489,0.0630323622126851,1.0,0.0,0.0,1.0,0.6150232932115872,0.3427230316365517,0.0046945677711488,0.0375591277311078,1.0,0.0,0.765306060577033,0.2346939426811094
0.9183006535947712,0.40236468134443804,0.8798128972979169,0.5479021830264869,0.2307692307692307,0.8247476639714386,0.7000000000000001,0.5199268509328214,0.8094235945511791,0.4709677419354838,0.7304964539007092,0.6170212765957446,0.8752803267775888,0.125,0.2881773399014778,0.2826087405081482,0.0,1.0,0.0,1.0,0.713153713836316,0.2868462867124455,1.0,0.0,0.3811126383527115,0.618887361218231,1.0,0.0,0.0,1.0,1.0,0.0,0.0,1.0,0.083038857522083,0.5777385054945596,0.2102473606257211,0.1289752775776824,0.1553571233234381,0.7642857081846164,0.0285714362342022,0.0517857339628758,0.8621908369957705,0.0883392209906325,0.0194346252762732,0.0300353149722475,1.0,0.0,0.7380810814205987,0.11135702870646147,0.15054836538268157,1.335748832254069e-05,0.0,1.0,0.0,0.0,1.0,0.0,1.0,0.9952689438485276,0.004731056687356294,1.0,0.0,0.6150232225717531,0.3427229183294591,0.0046948337014528,0.037559050191694,0.8216936264054184,0.17830637441358732,1.0,0.0
0.7532679738562092,0.5485087418580733,0.7925925925925925,0.6065504040833687,0.3076923076923077,0.6000000000000001,0.4,0.4130533328283112,0.8091603053435112,0.332258064516129,0.6113475177304963,0.3510638297872339,0.6296296296296295,0.14994894751695417,0.3694581280788177,0.05267564451717,0.0,1.0,1.0,0.0,1.0,0.0,1.0,0.0,0.0,1.0,1.0,0.0,0.0,1.0,0.0,1.0,0.5115029463466858,0.488497053694096,0.0,1.0,0.0,0.0,0.0,1.0,0.0,0.0,1.0,0.0,0.0,0.0,1.0,0.0,1.0,0.0,0.0,0.0,0.0,1.0,0.0,1.0,0.0,1.0,0.0,1.0,0.0,1.0,0.0,0.6150234897409512,0.3427230354266088,0.0046948301968536,0.0375586412850076,1.0,0.0,0.7653059664167108,0.234694041843515
0.797930283224401,0.3431607816249571,0.8096296296296297,0.4576775840068056,0.3076923076923077,0.6000000000000001,0.5,0.5934959349593496,0.8473282442748089,0.3870967741935484,0.6765957446808512,0.3404255319148934,0.5679012345679013,0.16572371102521208,0.45599911679738186,0.0664716302766287,1.0,0.0,1.0,0.0,0.7131537123632096,0.28684628825080016,1.0,0.0,0.0,1.0,1.0,0.0,0.0,1.0,0.0,1.0,1.0,0.0,0.0,1.0,0.0,0.0,0.0,1.0,0.0,0.0,1.0,0.0,0.0,0.0,1.0,0.0,1.0,0.0,0.0,0.0,0.0,1.0,0.0,0.0,1.0,0.9369676444819268,0.0630323548613343,1.0,0.0,0.0,1.0,0.0,1.0,0.0,0.0,1.0,0.0,0.7653059795274717,0.2346940280359261
0.5501089324618736,0.3842989372643126,0.7333333333333334,0.4257762654189706,0.3076923076923077,0.7786010789765618,0.8298450367846015,0.5142092500916335,0.8167938931297707,0.3612903225806452,0.8425531914893617,0.2730496453900706,0.5173491273330585,0.1634615384615385,0.6650246305418719,0.0480769825973504,1.0,0.0,0.6919504745043487,0.30804952497809135,0.0,1.0,1.0,0.0,0.0,1.0,0.0,1.0,0.0,1.0,0.0,1.0,0.0,1.0,0.083038867614822,0.5777385195052969,0.2102473538134335,0.1289752588998581,0.1553571380139496,0.7642857190909155,0.028571427872433,0.0517857151762343,0.86219081124815,0.0883392214951535,0.0194346258715524,0.0300353416449643,1.0,0.0,1.0,0.0,0.0,0.0,0.0,1.0,0.0,0.31800996217767497,0.6819900378667018,1.0,0.0,1.0,0.0,0.0,1.0,0.0,1.0,0.0,0.0,0.8216936436478555,0.17830635478175216,0.7664222028343621,0.23357780393141314
0.5866013071895425,0.4785738772711689,0.7185185185185186,0.4789451297320289,0.4615384615384616,0.9,0.9,0.6747967479674797,0.8320610687022896,0.6419354838709678,0.798581560283688,0.6248846530676839,0.8271604938271604,0.2115384615384614,0.4162561576354679,0.8666388043252327,0.0,1.0,1.0,0.0,0.0,1.0,1.0,0.0,0.0,1.0,0.0,1.0,0.0,1.0,1.0,0.0,0.0,1.0,0.047223820204819855,0.6150820373576773,0.21862657217440618,0.11906757195825135,0.0,1.0,0.0,0.0,1.0,0.0,0.0,0.0,1.0,0.0,0.0,0.0,1.0,0.0,0.0,1.0,0.0,0.0,1.0,0.9418140064425131,0.05818597516341306,1.0,0.0,1.0,0.0,0.6150235993835065,0.3427231456606309,0.0046953673496289,0.0375578560180891,1.0,0.0,0.7653061828140657,0.2346938140721234
0.7532679738562092,0.4772026054165238,0.6962962962962964,0.4576775840068056,0.3076923076923077,0.3,0.2,0.6747967479674797,0.8396946564885495,0.2193548387096774,0.6226950354609927,0.4609929078014183,0.6172839506172838,0.1442307692307691,0.3522167487684728,0.0756689541162678,0.0,1.0,1.0,0.0,1.0,0.0,1.0,0.0,0.0,1.0,1.0,0.0,1.0,0.0,0.0,1.0,1.0,0.0,0.0830388615083829,0.57773852740298,0.2102473492662164,0.12897526184368,0.1553571387527528,0.7642857158161659,0.0285714244758018,0.0517857213362306,0.8621908128812379,0.0883392164529968,0.0194346216208454,0.0300353495595105,1.0,0.0,0.0,1.0,0.0,0.0,0.0,1.0,0.0,0.0,1.0,0.9369676377598544,0.06303236195185,1.0,0.0,0.0,1.0,0.0,1.0,0.0,0.0,1.0,0.0,0.7653059947199752,0.234694012142366
0.7843137254901962,0.3157353445320534,0.8059259259259259,0.4321565291365376,0.1538461538461538,0.2,0.4,0.2959065872491314,0.7862595419847329,0.132258064516129,0.4099290780141844,0.5851063829787231,0.9382716049382716,0.1346153846153845,0.5517241379310345,0.0342809968378918,1.0,0.0,0.0,1.0,0.7131537350867034,0.28684626432839255,1.0,0.0,0.0,1.0,0.0,1.0,1.0,0.0,0.0,1.0,1.0,0.0,0.0,1.0,0.0,0.0,0.0,1.0,0.0,0.0,1.0,0.0,0.0,0.0,1.0,0.0,1.0,0.0,0.0,0.0,0.0,1.0,0.0,0.0,1.0,0.9369676335244096,0.0630323663948405,1.0,0.0,0.0,1.0,0.6263951280466691,0.3424960863538298,0.003285201546851524,0.027823623081162485,0.8216936343955107,0.1783063668281457,0.765305997558664,0.2346940091343717
0.4825708061002178,0.2715118272197463,0.4888888888888889,0.1950233943002977,0.1538461538461538,0.7000000000000001,0.6000000000000001,1.0,0.7709923664122136,0.3096774193548386,0.7163120567375886,0.404255319148936,0.6543209876543208,0.1634615384615385,0.3916256157635468,0.0986622637153656,1.0,0.0,1.0,0.0,0.7131537072737119,0.28684629363610614,1.0,0.0,0.0,1.0,1.0,0.0,0.0,1.0,0.0,1.0,0.0,1.0,0.0830388710993546,0.5777385187826826,0.2102473525133364,0.1289752572317712,0.1553571297211883,0.7642857191098598,0.0285714296085298,0.051785722363657,0.8621907942160423,0.0883392248118407,0.0194346289417456,0.0300353534000447,1.0,0.0,1.0,0.0,0.0,0.0,0.7058823470140796,0.2445820503190803,0.04953560282971081,1.0,0.0,1.0,0.0,1.0,0.0,0.0,1.0,0.6150235771905699,0.3427231060780631,0.0046942221502225,0.0375590975079767,1.0,0.0,0.7664222048155855,0.23357780398653472
0.1813725490196078,0.2564278368186493,0.3207407407407407,0.1088898341131433,0.3596004919292188,0.6000000000000001,0.7000000000000001,0.4308943089430894,0.8854961832061066,0.3991740331866688,0.7460992907801417,0.2836879432624111,0.5802469135802468,0.221153846153846,0.5886699507389163,0.2044314878712156,0.0,1.0,1.0,0.0,0.7131537314888671,0.28684626808697855,1.0,0.0,0.38111260654817813,0.6188873948256626,0.7064524325418071,0.2935475692308659,0.0,1.0,1.0,0.0,0.0,1.0,0.04722383025105725,0.6150820353393284,0.21862655843907552,0.11906757638305254,0.1553571492348563,0.7642857082272998,0.0285714433117104,0.0517856986515806,0.8621908135901355,0.0883392313814553,0.0194346158416085,0.0300353390045893,1.0,0.0,1.0,0.0,0.0,0.0,0.0,1.0,0.0,0.0,1.0,0.936967626510946,0.0630323737797408,1.0,0.0,1.0,0.0,0.0,1.0,0.0,0.0,1.0,0.0,0.7664222053225836,0.23357780030499853
0.4351851851851852,0.1960918752142612,0.5555555555555556,0.1928966397277754,0.3076923076923077,0.5,0.4,0.1869918699186991,0.7328244274809159,0.1419354838709677,0.4283687943262411,0.3936170212765957,0.691358024691358,0.0865384615384614,0.3940886699507389,0.0342809968378918,1.0,0.0,1.0,0.0,1.0,0.0,0.9509493600806509,0.049050640290952074,1.0,0.0,1.0,0.0,0.0,1.0,1.0,0.0,1.0,0.0,0.0,0.0,1.0,0.0,0.0,1.0,0.0,0.0,1.0,0.0,0.0,0.0,1.0,0.0,0.7380774541017285,0.11135702881436449,0.15054836143948092,1.728348380258815e-05,1.0,0.0,0.0,0.0,1.0,1.0,0.0,1.0,0.0,1.0,0.0,0.6263950352444179,0.34249607619528244,0.0032838820420991732,0.027824998801161294,0.821576731014287,0.1784232707131379,1.0,0.0
0.6557734204793029,0.2533424751456976,0.8696296296296298,0.427903019991493,0.3846153846153846,0.7657396172191472,0.6000000000000001,0.5316758666865298,0.8446685992954617,0.5419354838709677,0.8340425531914893,0.404255319148936,0.5679012345679013,0.1923076923076923,0.4802955665024631,0.5907190891360589,1.0,0.0,0.0,1.0,1.0,0.0,1.0,0.0,0.0,1.0,1.0,0.0,0.0,1.0,0.0,1.0,0.0,1.0,0.047223819472045125,0.6150820366864806,0.2186265683022237,0.1190675765596515,0.0,1.0,0.0,0.0,0.0,1.0,0.0,0.0,0.9344973594420919,0.06550264074866863,1.0,0.0,0.0,0.0,0.0,1.0,0.0,0.31800995847033664,0.6819900418013556,0.9369676403933916,0.0630323591508912,1.0,0.0,1.0,0.0,0.6150232834179286,0.3427228567128531,0.0046946512574314,0.0375592366168062,0.8215767006377988,0.178423302642445,1.0,0.0
0.5985838779956427,0.3887555707919095,0.7037037037037037,0.4045087196937473,0.2307692307692307,0.704904721119086,0.6000000000000001,0.4308943089430894,0.8091603053435112,0.5129032258064516,0.7007092198581558,0.6702127659574466,0.8765432098765431,0.2019230769230768,0.3226600985221675,0.0388796587577113,0.0,1.0,1.0,0.0,1.0,0.0,1.0,0.0,0.0,1.0,1.0,0.0,0.0,1.0,0.5038639909467242,0.496136008849018,0.0,1.0,0.0,1.0,0.0,0.0,0.0,1.0,0.0,0.0,1.0,0.0,0.0,0.0,1.0,0.0,0.0,0.0,1.0,0.0,0.0,1.0,0.0,0.316400580540253,0.6835994194584225,0.9369676442559396,0.0630323551055059,1.0,0.0,1.0,0.0,0.6150234848317263,0.3427230541480788,0.0046951365988988,0.037558312849919,0.8215767375780308,0.1784232637610194,1.0,0.0
0.8865806537746128,0.5149125814192663,0.9555555555555556,0.76286686516376,0.2307692307692307,0.8,0.6000000000000001,0.3495934959349593,0.9236641221374042,0.5193548387096774,0.8517326817259786,0.6312056737588652,0.8395061728395061,0.1442307692307691,0.4532019704433497,0.6321070464144349,0.47574393347513744,0.524256067012901,1.0,0.0,1.0,0.0,1.0,0.0,0.0,1.0,1.0,0.0,0.0,1.0,0.0,1.0,0.5115029121235148,0.48849708972071704,0.0,0.0,1.0,0.0,0.0,1.0,0.0,0.0,0.9020563125130496,0.08271412666325084,0.005704885028469331,0.009524718504177132,1.0,0.0,0.0,0.0,1.0,0.0,0.0,1.0,0.0,0.0,1.0,0.936967637577177,0.0630323621168692,1.0,0.0,1.0,0.0,0.6150236457538982,0.3427230234752551,0.0046950568409815,0.0375582527805251,0.8215766245242495,0.1784233828037521,0.766422208632547,0.23357779243387566
0.6290849673202615,0.332533424751457,0.7333333333333334,0.3885580603998298,0.3846153846153846,0.9,0.7000000000000001,0.48004598452601,0.8320610687022896,0.3225806451612903,0.8212765957446807,0.5035460992907799,0.8024691358024689,0.1057692307692308,0.4039408866995073,0.0572743064369896,1.0,0.0,1.0,0.0,1.0,0.0,1.0,0.0,1.0,0.0,0.0,1.0,0.0,1.0,0.5038639821143742,0.4961360182575958,0.0,1.0,0.0,0.0,1.0,0.0,1.0,0.0,0.0,0.0,1.0,0.0,0.0,0.0,1.0,0.0,0.0,0.0,1.0,0.0,0.0,1.0,0.0,0.0,1.0,1.0,0.0,0.9952689827326636,0.004731015795372273,0.0,1.0,0.6150236255597086,0.3427231653842041,0.0046948800872385,0.0375583068186313,1.0,0.0,0.7653060624060515,0.2346939408065997
0.4869281045751634,0.2427151182721975,0.6333333333333333,0.2620161633347512,0.2576693801716758,0.4,0.3,0.4878048780487805,0.7328244274809159,0.3580645161290322,0.6212765957446807,0.5638297872340423,0.679012345679012,0.2403846153846152,0.4901477832512315,0.0618729683568091,0.47574393152385586,0.5242560690914034,1.0,0.0,1.0,0.0,0.9509493555923633,0.04905064497634981,0.0,1.0,0.7064524969430406,0.2935475012331886,0.4222561182092235,0.5777438806883003,0.0,1.0,1.0,0.0,0.0830388706253987,0.5777385198453866,0.2102473455241502,0.1289752637994922,0.1553571473617807,0.7642857172382993,0.0285714271774104,0.0517857077333784,0.8621908111645924,0.0883392240319284,0.0194346302810635,0.0300353345342602,0.9344973671564324,0.06550263262909206,1.0,0.0,0.0,0.0,0.0,1.0,0.0,0.0,1.0,0.9369676434310594,0.0630323559672172,1.0,0.0,1.0,0.0,0.6150235601852135,0.3427229998779083,0.0046951549772741,0.0375582693264666,1.0,0.0,1.0,0.0
0.7952069716775599,0.4562064871981413,0.9362962962962964,0.661052987083966,0.3168152429140948,0.7000000000000001,0.4,0.5492075341364232,0.8626633070038158,0.4387096774193548,0.7191489361702129,0.4549817759408717,0.6048185660812696,0.2692307692307691,0.3497536945812808,1.0,0.0,1.0,0.0,1.0,1.0,0.0,0.0,1.0,1.0,0.0,1.0,0.0,0.0,1.0,0.5038640046375433,0.4961359944592866,0.0,1.0,0.0,0.0,0.0,1.0,0.0,0.0,0.0,1.0,0.9020564119604388,0.08271413995259436,0.005704869641178778,0.0095246945116777,1.0,0.0,1.0,0.0,0.0,0.0,0.7058823253818546,0.24458205535831934,0.04953562087284269,0.0,1.0,0.0,1.0,1.0,0.0,0.0,1.0,0.6150232226126677,0.3427230329708424,0.0046945992620289,0.0375591703557021,1.0,0.0,0.7653059211234456,0.2346940892843912
0.3872549019607843,0.3171066163866985,0.5037037037037038,0.2237345810293492,0.2850204729842313,0.7000000000000001,0.6000000000000001,0.7560975609756098,0.8625954198473282,0.4483870967741935,0.7602836879432623,0.407801418439716,0.6296296296296295,0.1538461538461539,0.6798029556650247,0.1400502209937417,0.4757439398989599,0.5242560602648878,1.0,0.0,1.0,0.0,1.0,0.0,0.0,1.0,0.7064524748795895,0.29354752442526144,0.0,1.0,0.0,1.0,0.0,1.0,0.0830388648534918,0.5777385172298608,0.2102473540254765,0.1289752640669579,0.1553571414400969,0.7642857140429091,0.0285714221356224,0.051785722699145,0.8621908159664622,0.0883392141102562,0.0194346278635327,0.0300353422712595,1.0,0.0,0.0,1.0,0.0,0.0,0.7058823351633422,0.2445820623459073,0.04953560308704619,0.31800995594640524,0.6819900444349383,0.9369676373006616,0.0630323624326807,1.0,0.0,1.0,0.0,0.0,1.0,0.0,0.0,0.8215767543510935,0.1784232461274915,0.7653059302754875,0.2346940798466177
0.8208061002178649,0.3770997600274253,0.7777777777777779,0.4576775840068056,0.2307692307692307,0.5,0.6783510457750258,0.4271306378403297,0.7862595419847329,0.1935483870967742,0.802836879432624,0.3262411347517728,0.7160493827160492,0.096153846153846,0.20935960591133,0.0342809968378918,0.47574394616904336,0.524256053672363,0.0,1.0,1.0,0.0,1.0,0.0,0.0,1.0,0.0,1.0,0.42225609206361514,0.5777439082387832,1.0,0.0,0.0,1.0,0.0,1.0,0.0,0.0,0.0,1.0,0.0,0.0,1.0,0.0,0.0,0.0,1.0,0.0,1.0,0.0,0.0,0.0,0.0,1.0,0.0,0.3164005834833253,0.6835994163616554,0.936967628035072,0.0630323721795369,1.0,0.0,0.0,1.0,0.6263951136537538,0.34249608783043173,0.003285562687325272,0.02782325074069536,0.8215767989728968,0.1784231991893669,0.7653060539093466,0.2346939498298803
0.429193899782135,0.3726431264998285,0.5703703703703704,0.2939174819225861,0.4615384615384616,0.7000000000000001,0.6000000000000001,0.5934959349593496,0.8625954198473282,0.47135446887545385,0.8978723404255319,0.40337352133866194,0.6543209876543208,0.1057692307692308,0.5507111349917235,0.2834011383573552,0.0,1.0,1.0,0.0,1.0,0.0,1.0,0.0,0.0,1.0,1.0,0.0,0.0,1.0,0.0,1.0,0.0,1.0,0.0830388735045576,0.5777385124699235,0.2102473487280562,0.1289752651717653,0.1553571430538395,0.7642857131140196,0.0285714235691881,0.0517857204596632,0.8621908205884439,0.0883392214461923,0.0194346361035211,0.0300353210842808,0.9344973772816565,0.06550262189481892,1.0,0.0,0.0,0.0,0.0,0.0,1.0,0.0,1.0,0.936967635896029,0.0630323639100074,1.0,0.0,1.0,0.0,0.6150234406162163,0.3427230797677353,0.0046946321562897,0.037558851920263,0.8215768233224625,0.1784231735290191,0.7653059734221811,0.2346940344408209
0.7815904139433552,0.4082961947206033,0.7259259259259259,0.4364100382815822,0.4615384615384616,0.4,0.6000000000000001,0.3436531512003019,0.8473282442748089,0.2,0.4439716312056737,0.3085106382978722,0.691358024691358,0.096153846153846,0.3817733990147783,0.0342809968378918,1.0,0.0,0.0,1.0,1.0,0.0,1.0,0.0,0.0,1.0,0.0,1.0,0.0,1.0,1.0,0.0,1.0,0.0,0.0,1.0,0.0,0.0,0.0,1.0,0.0,0.0,1.0,0.0,0.0,0.0,1.0,0.0,0.7380635107638501,0.11135703384390072,0.1505483547837867,3.2274264771259276e-05,0.0,1.0,0.0,1.0,0.0,0.936967637552721,0.0630323621630289,1.0,0.0,1.0,0.0,0.6150232558978688,0.3427230165896484,0.0046950507261658,0.037558688571716,0.82157668017302,0.1784233242440628,0.7653061727116954,0.2346938247219173
0.6759259259259259,0.5971888926979774,0.8407407407407408,0.7022543598468736,0.2307692307692307,0.8,0.7000000000000001,0.3902439024390244,0.9541984732824424,0.2838709677419355,0.7007092198581558,0.4716312056737588,0.679012345679012,0.2115384615384614,0.3743842364532019,0.3607859931450808,1.0,0.0,1.0,0.0,0.0,1.0,1.0,0.0,0.0,1.0,1.0,0.0,1.0,0.0,0.5038639884151761,0.4961360115209059,0.0,1.0,0.0830388659709461,0.577738511799231,0.2102473529786819,0.1289752696494244,0.16293177709308249,0.8041675842094341,0.0061513070022785055,0.02674933626636089,0.8621908190188163,0.088339217664451,0.0194346338449473,0.0300353291016732,1.0,0.0,0.0,0.0,1.0,0.0,0.0,1.0,0.0,1.0,0.0,0.9369676318088772,0.0630323681940897,1.0,0.0,1.0,0.0,0.0,1.0,0.0,0.0,0.8215766633386843,0.178423341904053,0.7653061363142929,0.234693862761664
0.6468515414764142,0.4141241001028454,0.7333333333333334,0.4470438111441939,0.2307692307692307,0.5,0.3,0.3811161898720226,0.7938931297709919,0.3870967741935484,0.5858156028368794,0.3085106382978722,0.5555555555555554,0.1538461538461539,0.583743842364532,0.0434783206775309,1.0,0.0,0.0,1.0,1.0,0.0,1.0,0.0,0.0,1.0,1.0,0.0,1.0,0.0,0.5038639653758529,0.49613603587766664,1.0,0.0,0.0,1.0,0.0,0.0,0.0,1.0,0.0,0.0,1.0,0.0,0.0,0.0,0.0,1.0,1.0,0.0,0.0,0.0,1.0,0.0,0.0,0.0,1.0,1.0,0.0,1.0,0.0,0.577297175004094,0.42270282476781484,0.615023146256201,0.3427228360406541,0.0046949492490743,0.0375591006329379,0.8216936314111585,0.1783063708253868,0.7653061346678043,0.2346938647972073
0.3921568627450981,0.2218032224888584,0.5651851851851853,0.2120374308804763,0.3076923076923077,0.9,0.8516954692708002,0.91869918699187,0.8091603053435112,0.4903225806451613,0.7063829787234043,0.4787234042553188,0.7530864197530864,0.1442307692307691,0.625615763546798,0.0710702921964483,0.0,1.0,1.0,0.0,0.0,1.0,1.0,0.0,0.0,1.0,0.0,1.0,0.0,1.0,0.0,1.0,0.0,1.0,0.0,0.0,1.0,0.0,0.0,1.0,0.0,0.0,1.0,0.0,0.0,0.0,1.0,0.0,1.0,0.0,0.0,0.0,0.0,1.0,0.0,0.0,1.0,1.0,0.0,1.0,0.0,0.0,1.0,0.6150235391286624,0.3427231118720545,0.0046951009335678,0.0375582293010774,1.0,0.0,0.0,1.0
0.6269063180827887,0.35447377442578,0.6925925925925926,0.3726074011059123,0.2307692307692307,0.2,0.2,0.4308943089430894,0.7557251908396942,0.2161290322580645,0.6070921985815603,0.3813446544479904,0.6172839506172838,0.1442307692307691,0.45464184334391416,0.0388796587577113,0.0,1.0,1.0,0.0,1.0,0.0,1.0,0.0,0.0,1.0,1.0,0.0,1.0,0.0,0.0,1.0,1.0,0.0,0.0,1.0,0.0,0.0,0.0,1.0,0.0,0.0,1.0,0.0,0.0,0.0,0.934497370845077,0.06550262872802293,1.0,0.0,0.0,0.0,0.0,1.0,0.0,0.0,1.0,0.9369676430649256,0.0630323563556093,1.0,0.0,1.0,0.0,0.0,1.0,0.0,0.0,1.0,0.0,1.0,0.0
